game_id,season_type,week,posteam,field_goal_result,kick_distance,extra_point_result,extra_point_attempt,field_goal_attempt,kicker_player_name,kicker_player_id
2022_01_BAL_NYJ,REG,1,BAL,made,24.0,,0.0,1.0,J.Tucker,00-0029597
2022_01_BAL_NYJ,REG,1,NYJ,missed,45.0,,0.0,1.0,G.Zuerlein,00-0029621
2022_01_BAL_NYJ,REG,1,BAL,,33.0,good,1.0,0.0,J.Tucker,00-0029597
2022_01_BAL_NYJ,REG,1,NYJ,made,45.0,,0.0,1.0,G.Zuerlein,00-0029621
2022_01_BAL_NYJ,REG,1,BAL,,33.0,good,1.0,0.0,J.Tucker,00-0029597
2022_01_BAL_NYJ,REG,1,BAL,,33.0,good,1.0,0.0,J.Tucker,00-0029597
2022_01_BAL_NYJ,REG,1,NYJ,,33.0,failed,1.0,0.0,G.Zuerlein,00-0029621
2022_01_BUF_LA,REG,1,BUF,,33.0,good,1.0,0.0,T.Bass,00-0036162
2022_01_BUF_LA,REG,1,BUF,made,41.0,,0.0,1.0,T.Bass,00-0036162
2022_01_BUF_LA,REG,1,LAR,,33.0,good,1.0,0.0,M.Gay,00-0035269
2022_01_BUF_LA,REG,1,LAR,made,57.0,,0.0,1.0,M.Gay,00-0035269
2022_01_BUF_LA,REG,1,BUF,,33.0,good,1.0,0.0,T.Bass,00-0036162
2022_01_BUF_LA,REG,1,BUF,,33.0,good,1.0,0.0,T.Bass,00-0036162
2022_01_BUF_LA,REG,1,BUF,,33.0,good,1.0,0.0,T.Bass,00-0036162
2022_01_CLE_CAR,REG,1,CLE,,33.0,good,1.0,0.0,C.York,00-0038097
2022_01_CLE_CAR,REG,1,CLE,,33.0,good,1.0,0.0,C.York,00-0038097
2022_01_CLE_CAR,REG,1,CAR,,33.0,good,1.0,0.0,E.Pineiro,00-0034173
2022_01_CLE_CAR,REG,1,CLE,made,26.0,,0.0,1.0,C.York,00-0038097
2022_01_CLE_CAR,REG,1,CLE,made,34.0,,0.0,1.0,C.York,00-0038097
2022_01_CLE_CAR,REG,1,CAR,,33.0,good,1.0,0.0,E.Pineiro,00-0034173
2022_01_CLE_CAR,REG,1,CLE,made,36.0,,0.0,1.0,C.York,00-0038097
2022_01_CLE_CAR,REG,1,CAR,,33.0,good,1.0,0.0,E.Pineiro,00-0034173
2022_01_CLE_CAR,REG,1,CAR,made,34.0,,0.0,1.0,E.Pineiro,00-0034173
2022_01_CLE_CAR,REG,1,CLE,made,58.0,,0.0,1.0,C.York,00-0038097
2022_01_DEN_SEA,REG,1,SEA,,33.0,good,1.0,0.0,J.Myers,00-0031492
2022_01_DEN_SEA,REG,1,DEN,made,30.0,,0.0,1.0,B.McManus,00-0029822
2022_01_DEN_SEA,REG,1,SEA,made,49.0,,0.0,1.0,J.Myers,00-0031492
2022_01_DEN_SEA,REG,1,DEN,,33.0,good,1.0,0.0,B.McManus,00-0029822
2022_01_DEN_SEA,REG,1,SEA,,33.0,good,1.0,0.0,J.Myers,00-0031492
2022_01_DEN_SEA,REG,1,DEN,made,40.0,,0.0,1.0,B.McManus,00-0029822
2022_01_DEN_SEA,REG,1,DEN,made,26.0,,0.0,1.0,B.McManus,00-0029822
2022_01_DEN_SEA,REG,1,DEN,missed,64.0,,0.0,1.0,B.McManus,00-0029822
2022_01_GB_MIN,REG,1,MIN,,33.0,good,1.0,0.0,G.Joseph,00-0034450
2022_01_GB_MIN,REG,1,MIN,made,28.0,,0.0,1.0,G.Joseph,00-0034450
2022_01_GB_MIN,REG,1,MIN,,33.0,good,1.0,0.0,G.Joseph,00-0034450
2022_01_GB_MIN,REG,1,MIN,made,56.0,,0.0,1.0,G.Joseph,00-0034450
2022_01_GB_MIN,REG,1,GB,,33.0,good,1.0,0.0,M.Crosby,00-0025580
2022_01_GB_MIN,REG,1,MIN,made,29.0,,0.0,1.0,G.Joseph,00-0034450
2022_01_IND_HOU,REG,1,IND,made,45.0,,0.0,1.0,R.Blankenship,00-0035849
2022_01_IND_HOU,REG,1,HOU,made,45.0,,0.0,1.0,K.Fairbairn,00-0032726
2022_01_IND_HOU,REG,1,HOU,,33.0,good,1.0,0.0,K.Fairbairn,00-0032726
2022_01_IND_HOU,REG,1,HOU,made,43.0,,0.0,1.0,K.Fairbairn,00-0032726
2022_01_IND_HOU,REG,1,HOU,,33.0,good,1.0,0.0,K.Fairbairn,00-0032726
2022_01_IND_HOU,REG,1,IND,made,27.0,,0.0,1.0,R.Blankenship,00-0035849
2022_01_IND_HOU,REG,1,IND,,33.0,good,1.0,0.0,R.Blankenship,00-0035849
2022_01_IND_HOU,REG,1,IND,,33.0,good,1.0,0.0,R.Blankenship,00-0035849
2022_01_IND_HOU,REG,1,IND,missed,42.0,,0.0,1.0,R.Blankenship,00-0035849
2022_01_JAX_WAS,REG,1,JAX,made,33.0,,0.0,1.0,R.Patterson,00-0036816
2022_01_JAX_WAS,REG,1,WAS,,33.0,good,1.0,0.0,J.Slye,00-0035192
2022_01_JAX_WAS,REG,1,WAS,,33.0,good,1.0,0.0,J.Slye,00-0035192
2022_01_JAX_WAS,REG,1,JAX,missed,37.0,,0.0,1.0,R.Patterson,00-0036816
2022_01_JAX_WAS,REG,1,JAX,made,43.0,,0.0,1.0,R.Patterson,00-0036816
2022_01_JAX_WAS,REG,1,JAX,made,45.0,,0.0,1.0,R.Patterson,00-0036816
2022_01_JAX_WAS,REG,1,JAX,,33.0,good,1.0,0.0,R.Patterson,00-0036816
2022_01_KC_ARI,REG,1,KC,,33.0,good,1.0,0.0,H.Butker,00-0033303
2022_01_KC_ARI,REG,1,KC,,33.0,good,1.0,0.0,J.Reid,00-0034361
2022_01_KC_ARI,REG,1,ARI,,33.0,good,1.0,0.0,M.Prater,00-0023853
2022_01_KC_ARI,REG,1,KC,,33.0,failed,1.0,0.0,J.Reid,00-0034361
2022_01_KC_ARI,REG,1,KC,made,54.0,,0.0,1.0,H.Butker,00-0033303
2022_01_KC_ARI,REG,1,KC,,33.0,good,1.0,0.0,H.Butker,00-0033303
2022_01_KC_ARI,REG,1,KC,,33.0,good,1.0,0.0,H.Butker,00-0033303
2022_01_KC_ARI,REG,1,KC,,33.0,good,1.0,0.0,H.Butker,00-0033303
2022_01_LV_LAC,REG,1,LAC,made,43.0,,0.0,1.0,D.Hopkins,00-0030098
2022_01_LV_LAC,REG,1,LV,made,23.0,,0.0,1.0,D.Carlson,00-0034161
2022_01_LV_LAC,REG,1,LAC,,33.0,good,1.0,0.0,D.Hopkins,00-0030098
2022_01_LV_LAC,REG,1,LAC,,33.0,good,1.0,0.0,D.Hopkins,00-0030098
2022_01_LV_LAC,REG,1,LV,,33.0,good,1.0,0.0,D.Carlson,00-0034161
2022_01_LV_LAC,REG,1,LAC,,33.0,good,1.0,0.0,D.Hopkins,00-0030098
2022_01_LV_LAC,REG,1,LV,made,55.0,,0.0,1.0,D.Carlson,00-0034161
2022_01_LV_LAC,REG,1,LAC,missed,49.0,,0.0,1.0,D.Hopkins,00-0030098
2022_01_NE_MIA,REG,1,MIA,made,43.0,,0.0,1.0,J.Sanders,00-0034794
2022_01_NE_MIA,REG,1,MIA,,33.0,good,1.0,0.0,J.Sanders,00-0034794
2022_01_NE_MIA,REG,1,MIA,,33.0,good,1.0,0.0,J.Sanders,00-0034794
2022_01_NE_MIA,REG,1,NE,,33.0,good,1.0,0.0,N.Folk,00-0025565
2022_01_NE_MIA,REG,1,MIA,made,49.0,,0.0,1.0,J.Sanders,00-0034794
2022_01_NO_ATL,REG,1,ATL,made,54.0,,0.0,1.0,Y.Koo,00-0033702
2022_01_NO_ATL,REG,1,NO,,38.0,good,1.0,0.0,W.Lutz,00-0032569
2022_01_NO_ATL,REG,1,NO,missed,44.0,,0.0,1.0,W.Lutz,00-0032569
2022_01_NO_ATL,REG,1,ATL,,33.0,good,1.0,0.0,Y.Koo,00-0033702
2022_01_NO_ATL,REG,1,ATL,made,50.0,,0.0,1.0,Y.Koo,00-0033702
2022_01_NO_ATL,REG,1,ATL,made,40.0,,0.0,1.0,Y.Koo,00-0033702
2022_01_NO_ATL,REG,1,NO,made,49.0,,0.0,1.0,W.Lutz,00-0032569
2022_01_NO_ATL,REG,1,ATL,,33.0,good,1.0,0.0,Y.Koo,00-0033702
2022_01_NO_ATL,REG,1,ATL,made,27.0,,0.0,1.0,Y.Koo,00-0033702
2022_01_NO_ATL,REG,1,NO,made,51.0,,0.0,1.0,W.Lutz,00-0032569
2022_01_NO_ATL,REG,1,ATL,blocked,63.0,,0.0,1.0,Y.Koo,00-0033702
2022_01_NYG_TEN,REG,1,TEN,,33.0,good,1.0,0.0,R.Bullock,00-0029421
2022_01_NYG_TEN,REG,1,TEN,made,46.0,,0.0,1.0,R.Bullock,00-0029421
2022_01_NYG_TEN,REG,1,TEN,made,23.0,,0.0,1.0,R.Bullock,00-0029421
2022_01_NYG_TEN,REG,1,NYG,,33.0,good,1.0,0.0,G.Gano,00-0026858
2022_01_NYG_TEN,REG,1,TEN,,33.0,good,1.0,0.0,R.Bullock,00-0029421
2022_01_NYG_TEN,REG,1,TEN,missed,47.0,,0.0,1.0,R.Bullock,00-0029421
2022_01_PHI_DET,REG,1,DET,,33.0,good,1.0,0.0,A.Seibert,00-0035145
2022_01_PHI_DET,REG,1,PHI,,33.0,good,1.0,0.0,J.Elliott,00-0033787
2022_01_PHI_DET,REG,1,PHI,,33.0,good,1.0,0.0,J.Elliott,00-0033787
2022_01_PHI_DET,REG,1,PHI,,33.0,good,1.0,0.0,J.Elliott,00-0033787
2022_01_PHI_DET,REG,1,DET,,33.0,good,1.0,0.0,A.Seibert,00-0035145
2022_01_PHI_DET,REG,1,PHI,made,23.0,,0.0,1.0,J.Elliott,00-0033787
2022_01_PHI_DET,REG,1,PHI,,33.0,good,1.0,0.0,J.Elliott,00-0033787
2022_01_PHI_DET,REG,1,DET,,33.0,good,1.0,0.0,A.Seibert,00-0035145
2022_01_PHI_DET,REG,1,PHI,,33.0,good,1.0,0.0,J.Elliott,00-0033787
2022_01_PHI_DET,REG,1,DET,,33.0,good,1.0,0.0,A.Seibert,00-0035145
2022_01_PHI_DET,REG,1,DET,,33.0,good,1.0,0.0,A.Seibert,00-0035145
2022_01_PIT_CIN,REG,1,PIT,,33.0,good,1.0,0.0,C.Boswell,00-0031136
2022_01_PIT_CIN,REG,1,CIN,made,59.0,,0.0,1.0,E.McPherson,00-0036854
2022_01_PIT_CIN,REG,1,PIT,made,20.0,,0.0,1.0,C.Boswell,00-0031136
2022_01_PIT_CIN,REG,1,PIT,,33.0,good,1.0,0.0,C.Boswell,00-0031136
2022_01_PIT_CIN,REG,1,CIN,made,26.0,,0.0,1.0,E.McPherson,00-0036854
2022_01_PIT_CIN,REG,1,PIT,made,48.0,,0.0,1.0,C.Boswell,00-0031136
2022_01_PIT_CIN,REG,1,CIN,,33.0,blocked,1.0,0.0,E.McPherson,00-0036854
2022_01_PIT_CIN,REG,1,CIN,missed,29.0,,0.0,1.0,E.McPherson,00-0036854
2022_01_PIT_CIN,REG,1,PIT,missed,55.0,,0.0,1.0,C.Boswell,00-0031136
2022_01_PIT_CIN,REG,1,PIT,made,53.0,,0.0,1.0,C.Boswell,00-0031136
2022_01_SF_CHI,REG,1,SF,,33.0,good,1.0,0.0,R.Gould,00-0023252
2022_01_SF_CHI,REG,1,SF,made,25.0,,0.0,1.0,R.Gould,00-0023252
2022_01_SF_CHI,REG,1,CHI,,33.0,good,1.0,0.0,C.Santos,00-0031203
2022_01_SF_CHI,REG,1,CHI,,33.0,failed,1.0,0.0,C.Santos,00-0031203
2022_01_SF_CHI,REG,1,CHI,,33.0,failed,1.0,0.0,C.Santos,00-0031203
2022_01_TB_DAL,REG,1,DAL,made,51.0,,0.0,1.0,B.Maher,00-0030332
2022_01_TB_DAL,REG,1,TB,made,44.0,,0.0,1.0,R.Succop,00-0026968
2022_01_TB_DAL,REG,1,TB,made,38.0,,0.0,1.0,R.Succop,00-0026968
2022_01_TB_DAL,REG,1,TB,missed,36.0,,0.0,1.0,R.Succop,00-0026968
2022_01_TB_DAL,REG,1,TB,made,29.0,,0.0,1.0,R.Succop,00-0026968
2022_01_TB_DAL,REG,1,TB,made,47.0,,0.0,1.0,R.Succop,00-0026968
2022_01_TB_DAL,REG,1,TB,,33.0,good,1.0,0.0,R.Succop,00-0026968
2022_02_ARI_LV,REG,2,LV,,33.0,good,1.0,0.0,D.Carlson,00-0034161
2022_02_ARI_LV,REG,2,LV,made,32.0,,0.0,1.0,D.Carlson,00-0034161
2022_02_ARI_LV,REG,2,LV,,33.0,good,1.0,0.0,D.Carlson,00-0034161
2022_02_ARI_LV,REG,2,LV,made,55.0,,0.0,1.0,D.Carlson,00-0034161
2022_02_ARI_LV,REG,2,ARI,,33.0,good,1.0,0.0,M.Prater,00-0023853
2022_02_ARI_LV,REG,2,LV,made,25.0,,0.0,1.0,D.Carlson,00-0034161
2022_02_ATL_LA,REG,2,ATL,missed,44.0,,0.0,1.0,Y.Koo,00-0033702
2022_02_ATL_LA,REG,2,LAR,,33.0,good,1.0,0.0,M.Gay,00-0035269
2022_02_ATL_LA,REG,2,LAR,,33.0,good,1.0,0.0,M.Gay,00-0035269
2022_02_ATL_LA,REG,2,ATL,made,26.0,,0.0,1.0,Y.Koo,00-0033702
2022_02_ATL_LA,REG,2,LAR,,33.0,good,1.0,0.0,M.Gay,00-0035269
2022_02_ATL_LA,REG,2,LAR,,33.0,good,1.0,0.0,M.Gay,00-0035269
2022_02_ATL_LA,REG,2,ATL,,33.0,good,1.0,0.0,Y.Koo,00-0033702
2022_02_ATL_LA,REG,2,LAR,made,20.0,,0.0,1.0,M.Gay,00-0035269
2022_02_ATL_LA,REG,2,ATL,,33.0,good,1.0,0.0,Y.Koo,00-0033702
2022_02_CAR_NYG,REG,2,NYG,made,36.0,,0.0,1.0,G.Gano,00-0026858
2022_02_CAR_NYG,REG,2,NYG,made,33.0,,0.0,1.0,G.Gano,00-0026858
2022_02_CAR_NYG,REG,2,CAR,made,31.0,,0.0,1.0,E.Pineiro,00-0034173
2022_02_CAR_NYG,REG,2,CAR,made,32.0,,0.0,1.0,E.Pineiro,00-0034173
2022_02_CAR_NYG,REG,2,CAR,,33.0,good,1.0,0.0,E.Pineiro,00-0034173
2022_02_CAR_NYG,REG,2,NYG,,33.0,good,1.0,0.0,G.Gano,00-0026858
2022_02_CAR_NYG,REG,2,NYG,made,52.0,,0.0,1.0,G.Gano,00-0026858
2022_02_CAR_NYG,REG,2,CAR,made,38.0,,0.0,1.0,E.Pineiro,00-0034173
2022_02_CAR_NYG,REG,2,NYG,made,56.0,,0.0,1.0,G.Gano,00-0026858
2022_02_CHI_GB,REG,2,GB,made,40.0,,0.0,1.0,M.Crosby,00-0025580
2022_02_CHI_GB,REG,2,CHI,,33.0,good,1.0,0.0,C.Santos,00-0031203
2022_02_CHI_GB,REG,2,GB,,33.0,good,1.0,0.0,M.Crosby,00-0025580
2022_02_CHI_GB,REG,2,GB,,33.0,good,1.0,0.0,M.Crosby,00-0025580
2022_02_CHI_GB,REG,2,GB,,33.0,good,1.0,0.0,M.Crosby,00-0025580
2022_02_CHI_GB,REG,2,CHI,made,44.0,,0.0,1.0,C.Santos,00-0031203
2022_02_CHI_GB,REG,2,GB,made,28.0,,0.0,1.0,M.Crosby,00-0025580
2022_02_CIN_DAL,REG,2,DAL,,33.0,good,1.0,0.0,B.Maher,00-0030332
2022_02_CIN_DAL,REG,2,CIN,made,43.0,,0.0,1.0,E.McPherson,00-0036854
2022_02_CIN_DAL,REG,2,DAL,,33.0,good,1.0,0.0,B.Maher,00-0030332
2022_02_CIN_DAL,REG,2,DAL,made,54.0,,0.0,1.0,B.Maher,00-0030332
2022_02_CIN_DAL,REG,2,CIN,made,50.0,,0.0,1.0,E.McPherson,00-0036854
2022_02_CIN_DAL,REG,2,CIN,made,46.0,,0.0,1.0,E.McPherson,00-0036854
2022_02_CIN_DAL,REG,2,DAL,made,50.0,,0.0,1.0,B.Maher,00-0030332
2022_02_HOU_DEN,REG,2,DEN,made,20.0,,0.0,1.0,B.McManus,00-0029822
2022_02_HOU_DEN,REG,2,HOU,made,40.0,,0.0,1.0,K.Fairbairn,00-0032726
2022_02_HOU_DEN,REG,2,HOU,made,44.0,,0.0,1.0,K.Fairbairn,00-0032726
2022_02_HOU_DEN,REG,2,DEN,made,24.0,,0.0,1.0,B.McManus,00-0029822
2022_02_HOU_DEN,REG,2,HOU,made,24.0,,0.0,1.0,K.Fairbairn,00-0032726
2022_02_HOU_DEN,REG,2,DEN,,33.0,good,1.0,0.0,B.McManus,00-0029822
2022_02_HOU_DEN,REG,2,DEN,made,50.0,,0.0,1.0,B.McManus,00-0029822
2022_02_IND_JAX,REG,2,JAX,,33.0,good,1.0,0.0,R.Patterson,00-0036816
2022_02_IND_JAX,REG,2,JAX,,33.0,good,1.0,0.0,R.Patterson,00-0036816
2022_02_IND_JAX,REG,2,JAX,made,52.0,,0.0,1.0,R.Patterson,00-0036816
2022_02_IND_JAX,REG,2,JAX,,33.0,good,1.0,0.0,R.Patterson,00-0036816
2022_02_LAC_KC,REG,2,LAC,made,31.0,,0.0,1.0,D.Hopkins,00-0030098
2022_02_LAC_KC,REG,2,LAC,,33.0,good,1.0,0.0,D.Hopkins,00-0030098
2022_02_LAC_KC,REG,2,KC,,33.0,good,1.0,0.0,M.Ammendola,00-0036469
2022_02_LAC_KC,REG,2,LAC,,33.0,good,1.0,0.0,D.Hopkins,00-0030098
2022_02_LAC_KC,REG,2,KC,,33.0,good,1.0,0.0,M.Ammendola,00-0036469
2022_02_LAC_KC,REG,2,KC,made,19.0,,0.0,1.0,M.Ammendola,00-0036469
2022_02_LAC_KC,REG,2,KC,,33.0,good,1.0,0.0,M.Ammendola,00-0036469
2022_02_LAC_KC,REG,2,KC,made,31.0,,0.0,1.0,M.Ammendola,00-0036469
2022_02_LAC_KC,REG,2,LAC,,33.0,good,1.0,0.0,D.Hopkins,00-0030098
2022_02_MIA_BAL,REG,2,BAL,,33.0,good,1.0,0.0,J.Tucker,00-0029597
2022_02_MIA_BAL,REG,2,MIA,,33.0,good,1.0,0.0,J.Sanders,00-0034794
2022_02_MIA_BAL,REG,2,BAL,,33.0,good,1.0,0.0,J.Tucker,00-0029597
2022_02_MIA_BAL,REG,2,BAL,,33.0,good,1.0,0.0,J.Tucker,00-0029597
2022_02_MIA_BAL,REG,2,BAL,,33.0,good,1.0,0.0,J.Tucker,00-0029597
2022_02_MIA_BAL,REG,2,MIA,,33.0,good,1.0,0.0,J.Sanders,00-0034794
2022_02_MIA_BAL,REG,2,BAL,,33.0,good,1.0,0.0,J.Tucker,00-0029597
2022_02_MIA_BAL,REG,2,MIA,,33.0,good,1.0,0.0,J.Sanders,00-0034794
2022_02_MIA_BAL,REG,2,MIA,,33.0,good,1.0,0.0,J.Sanders,00-0034794
2022_02_MIA_BAL,REG,2,MIA,,33.0,good,1.0,0.0,J.Sanders,00-0034794
2022_02_MIA_BAL,REG,2,BAL,made,51.0,,0.0,1.0,J.Tucker,00-0029597
2022_02_MIA_BAL,REG,2,MIA,,33.0,good,1.0,0.0,J.Sanders,00-0034794
2022_02_MIN_PHI,REG,2,PHI,,33.0,good,1.0,0.0,J.Elliott,00-0033787
2022_02_MIN_PHI,REG,2,PHI,,33.0,good,1.0,0.0,J.Elliott,00-0033787
2022_02_MIN_PHI,REG,2,MIN,,33.0,good,1.0,0.0,G.Joseph,00-0034450
2022_02_MIN_PHI,REG,2,PHI,,33.0,good,1.0,0.0,J.Elliott,00-0033787
2022_02_MIN_PHI,REG,2,PHI,made,38.0,,0.0,1.0,J.Elliott,00-0033787
2022_02_MIN_PHI,REG,2,PHI,blocked,41.0,,0.0,1.0,J.Elliott,00-0033787
2022_02_NE_PIT,REG,2,NE,made,28.0,,0.0,1.0,N.Folk,00-0025565
2022_02_NE_PIT,REG,2,PIT,made,36.0,,0.0,1.0,C.Boswell,00-0031136
2022_02_NE_PIT,REG,2,NE,,33.0,good,1.0,0.0,N.Folk,00-0025565
2022_02_NE_PIT,REG,2,NE,missed,52.0,,0.0,1.0,N.Folk,00-0025565
2022_02_NE_PIT,REG,2,PIT,made,52.0,,0.0,1.0,C.Boswell,00-0031136
2022_02_NE_PIT,REG,2,NE,,33.0,good,1.0,0.0,N.Folk,00-0025565
2022_02_NYJ_CLE,REG,2,CLE,,33.0,good,1.0,0.0,C.York,00-0038097
2022_02_NYJ_CLE,REG,2,NYJ,,33.0,good,1.0,0.0,G.Zuerlein,00-0029621
2022_02_NYJ_CLE,REG,2,CLE,,33.0,good,1.0,0.0,C.York,00-0038097
2022_02_NYJ_CLE,REG,2,NYJ,,33.0,good,1.0,0.0,G.Zuerlein,00-0029621
2022_02_NYJ_CLE,REG,2,CLE,made,22.0,,0.0,1.0,C.York,00-0038097
2022_02_NYJ_CLE,REG,2,NYJ,made,57.0,,0.0,1.0,G.Zuerlein,00-0029621
2022_02_NYJ_CLE,REG,2,CLE,,33.0,good,1.0,0.0,C.York,00-0038097
2022_02_NYJ_CLE,REG,2,CLE,,33.0,failed,1.0,0.0,C.York,00-0038097
2022_02_NYJ_CLE,REG,2,NYJ,,33.0,good,1.0,0.0,G.Zuerlein,00-0029621
2022_02_NYJ_CLE,REG,2,NYJ,,33.0,good,1.0,0.0,G.Zuerlein,00-0029621
2022_02_SEA_SF,REG,2,SF,made,20.0,,0.0,1.0,R.Gould,00-0023252
2022_02_SEA_SF,REG,2,SF,made,33.0,,0.0,1.0,R.Gould,00-0023252
2022_02_SEA_SF,REG,2,SF,,33.0,good,1.0,0.0,R.Gould,00-0023252
2022_02_SEA_SF,REG,2,SF,,33.0,good,1.0,0.0,R.Gould,00-0023252
2022_02_SEA_SF,REG,2,SF,blocked,20.0,,0.0,1.0,R.Gould,00-0023252
2022_02_SEA_SF,REG,2,SEA,,33.0,good,1.0,0.0,J.Myers,00-0031492
2022_02_SEA_SF,REG,2,SF,,33.0,good,1.0,0.0,R.Gould,00-0023252
2022_02_TB_NO,REG,2,NO,made,31.0,,0.0,1.0,W.Lutz,00-0032569
2022_02_TB_NO,REG,2,TB,made,47.0,,0.0,1.0,R.Succop,00-0026968
2022_02_TB_NO,REG,2,TB,,33.0,good,1.0,0.0,R.Succop,00-0026968
2022_02_TB_NO,REG,2,TB,made,47.0,,0.0,1.0,R.Succop,00-0026968
2022_02_TB_NO,REG,2,TB,,33.0,good,1.0,0.0,R.Succop,00-0026968
2022_02_TB_NO,REG,2,NO,,33.0,good,1.0,0.0,W.Lutz,00-0032569
2022_02_TEN_BUF,REG,2,BUF,,33.0,good,1.0,0.0,T.Bass,00-0036162
2022_02_TEN_BUF,REG,2,TEN,,33.0,good,1.0,0.0,R.Bullock,00-0029421
2022_02_TEN_BUF,REG,2,BUF,made,49.0,,0.0,1.0,T.Bass,00-0036162
2022_02_TEN_BUF,REG,2,BUF,,33.0,good,1.0,0.0,T.Bass,00-0036162
2022_02_TEN_BUF,REG,2,BUF,,33.0,good,1.0,0.0,T.Bass,00-0036162
2022_02_TEN_BUF,REG,2,BUF,made,37.0,,0.0,1.0,T.Bass,00-0036162
2022_02_TEN_BUF,REG,2,BUF,,33.0,good,1.0,0.0,T.Bass,00-0036162
2022_02_TEN_BUF,REG,2,BUF,,33.0,good,1.0,0.0,T.Bass,00-0036162
2022_02_WAS_DET,REG,2,DET,made,35.0,,0.0,1.0,A.Seibert,00-0035145
2022_02_WAS_DET,REG,2,DET,,33.0,good,1.0,0.0,A.Seibert,00-0035145
2022_02_WAS_DET,REG,2,DET,made,48.0,,0.0,1.0,A.Seibert,00-0035145
2022_02_WAS_DET,REG,2,DET,,33.0,good,1.0,0.0,A.Seibert,00-0035145
2022_02_WAS_DET,REG,2,WAS,,33.0,good,1.0,0.0,J.Slye,00-0035192
2022_02_WAS_DET,REG,2,DET,,33.0,good,1.0,0.0,A.Seibert,00-0035145
2022_02_WAS_DET,REG,2,DET,,33.0,good,1.0,0.0,A.Seibert,00-0035145
2022_02_WAS_DET,REG,2,WAS,,33.0,failed,1.0,0.0,J.Slye,00-0035192
2022_03_ATL_SEA,REG,3,SEA,made,32.0,,0.0,1.0,J.Myers,00-0031492
2022_03_ATL_SEA,REG,3,ATL,,33.0,good,1.0,0.0,Y.Koo,00-0033702
2022_03_ATL_SEA,REG,3,SEA,,33.0,good,1.0,0.0,J.Myers,00-0031492
2022_03_ATL_SEA,REG,3,ATL,made,41.0,,0.0,1.0,Y.Koo,00-0033702
2022_03_ATL_SEA,REG,3,ATL,,33.0,good,1.0,0.0,Y.Koo,00-0033702
2022_03_ATL_SEA,REG,3,SEA,,33.0,good,1.0,0.0,J.Myers,00-0031492
2022_03_ATL_SEA,REG,3,SEA,made,31.0,,0.0,1.0,J.Myers,00-0031492
2022_03_ATL_SEA,REG,3,ATL,made,54.0,,0.0,1.0,Y.Koo,00-0033702
2022_03_ATL_SEA,REG,3,SEA,made,25.0,,0.0,1.0,J.Myers,00-0031492
2022_03_ATL_SEA,REG,3,ATL,,33.0,good,1.0,0.0,Y.Koo,00-0033702
2022_03_BAL_NE,REG,3,BAL,,33.0,good,1.0,0.0,J.Tucker,00-0029597
2022_03_BAL_NE,REG,3,NE,made,35.0,,0.0,1.0,N.Folk,00-0025565
2022_03_BAL_NE,REG,3,NE,,33.0,good,1.0,0.0,N.Folk,00-0025565
2022_03_BAL_NE,REG,3,BAL,,33.0,good,1.0,0.0,J.Tucker,00-0029597
2022_03_BAL_NE,REG,3,NE,made,50.0,,0.0,1.0,N.Folk,00-0025565
2022_03_BAL_NE,REG,3,NE,,33.0,good,1.0,0.0,N.Folk,00-0025565
2022_03_BAL_NE,REG,3,BAL,,33.0,good,1.0,0.0,J.Tucker,00-0029597
2022_03_BAL_NE,REG,3,BAL,,33.0,good,1.0,0.0,J.Tucker,00-0029597
2022_03_BAL_NE,REG,3,BAL,made,56.0,,0.0,1.0,J.Tucker,00-0029597
2022_03_BAL_NE,REG,3,BAL,,33.0,failed,1.0,0.0,J.Tucker,00-0029597
2022_03_BUF_MIA,REG,3,BUF,,33.0,good,1.0,0.0,T.Bass,00-0036162
2022_03_BUF_MIA,REG,3,MIA,,33.0,good,1.0,0.0,J.Sanders,00-0034794
2022_03_BUF_MIA,REG,3,BUF,,33.0,good,1.0,0.0,T.Bass,00-0036162
2022_03_BUF_MIA,REG,3,MIA,,33.0,good,1.0,0.0,J.Sanders,00-0034794
2022_03_BUF_MIA,REG,3,BUF,made,30.0,,0.0,1.0,T.Bass,00-0036162
2022_03_BUF_MIA,REG,3,BUF,blocked,38.0,,0.0,1.0,T.Bass,00-0036162
2022_03_BUF_MIA,REG,3,MIA,,33.0,good,1.0,0.0,J.Sanders,00-0034794
2022_03_CIN_NYJ,REG,3,CIN,,33.0,good,1.0,0.0,E.McPherson,00-0036854
2022_03_CIN_NYJ,REG,3,NYJ,made,50.0,,0.0,1.0,G.Zuerlein,00-0029621
2022_03_CIN_NYJ,REG,3,NYJ,made,40.0,,0.0,1.0,G.Zuerlein,00-0029621
2022_03_CIN_NYJ,REG,3,CIN,,33.0,good,1.0,0.0,E.McPherson,00-0036854
2022_03_CIN_NYJ,REG,3,CIN,made,22.0,,0.0,1.0,E.McPherson,00-0036854
2022_03_CIN_NYJ,REG,3,CIN,made,43.0,,0.0,1.0,E.McPherson,00-0036854
2022_03_CIN_NYJ,REG,3,NYJ,made,52.0,,0.0,1.0,G.Zuerlein,00-0029621
2022_03_CIN_NYJ,REG,3,CIN,,33.0,good,1.0,0.0,E.McPherson,00-0036854
2022_03_CIN_NYJ,REG,3,NYJ,made,43.0,,0.0,1.0,G.Zuerlein,00-0029621
2022_03_CIN_NYJ,REG,3,CIN,missed,41.0,,0.0,1.0,E.McPherson,00-0036854
2022_03_DAL_NYG,REG,3,NYG,blocked,47.0,,0.0,1.0,G.Gano,00-0026858
2022_03_DAL_NYG,REG,3,DAL,made,26.0,,0.0,1.0,B.Maher,00-0030332
2022_03_DAL_NYG,REG,3,NYG,made,42.0,,0.0,1.0,G.Gano,00-0026858
2022_03_DAL_NYG,REG,3,DAL,made,28.0,,0.0,1.0,B.Maher,00-0030332
2022_03_DAL_NYG,REG,3,DAL,missed,59.0,,0.0,1.0,B.Maher,00-0030332
2022_03_DAL_NYG,REG,3,NYG,made,51.0,,0.0,1.0,G.Gano,00-0026858
2022_03_DAL_NYG,REG,3,NYG,,33.0,good,1.0,0.0,G.Gano,00-0026858
2022_03_DAL_NYG,REG,3,DAL,,33.0,good,1.0,0.0,B.Maher,00-0030332
2022_03_DAL_NYG,REG,3,DAL,,33.0,good,1.0,0.0,B.Maher,00-0030332
2022_03_DAL_NYG,REG,3,DAL,made,44.0,,0.0,1.0,B.Maher,00-0030332
2022_03_DAL_NYG,REG,3,NYG,made,51.0,,0.0,1.0,G.Gano,00-0026858
2022_03_DET_MIN,REG,3,DET,missed,48.0,,0.0,1.0,A.Seibert,00-0035145
2022_03_DET_MIN,REG,3,MIN,missed,56.0,,0.0,1.0,G.Joseph,00-0034450
2022_03_DET_MIN,REG,3,DET,,33.0,good,1.0,0.0,A.Seibert,00-0035145
2022_03_DET_MIN,REG,3,DET,,33.0,good,1.0,0.0,A.Seibert,00-0035145
2022_03_DET_MIN,REG,3,MIN,,33.0,good,1.0,0.0,G.Joseph,00-0034450
2022_03_DET_MIN,REG,3,MIN,,33.0,good,1.0,0.0,G.Joseph,00-0034450
2022_03_DET_MIN,REG,3,DET,made,40.0,,0.0,1.0,A.Seibert,00-0035145
2022_03_DET_MIN,REG,3,MIN,missed,56.0,,0.0,1.0,G.Joseph,00-0034450
2022_03_DET_MIN,REG,3,DET,,33.0,good,1.0,0.0,A.Seibert,00-0035145
2022_03_DET_MIN,REG,3,MIN,,33.0,good,1.0,0.0,G.Joseph,00-0034450
2022_03_DET_MIN,REG,3,DET,missed,54.0,,0.0,1.0,A.Seibert,00-0035145
2022_03_DET_MIN,REG,3,MIN,,33.0,good,1.0,0.0,G.Joseph,00-0034450
2022_03_GB_TB,REG,3,TB,made,45.0,,0.0,1.0,R.Succop,00-0026968
2022_03_GB_TB,REG,3,GB,,33.0,good,1.0,0.0,M.Crosby,00-0025580
2022_03_GB_TB,REG,3,GB,,33.0,good,1.0,0.0,M.Crosby,00-0025580
2022_03_GB_TB,REG,3,TB,made,45.0,,0.0,1.0,R.Succop,00-0026968
2022_03_HOU_CHI,REG,3,CHI,made,47.0,,0.0,1.0,C.Santos,00-0031203
2022_03_HOU_CHI,REG,3,CHI,,33.0,good,1.0,0.0,C.Santos,00-0031203
2022_03_HOU_CHI,REG,3,HOU,,33.0,good,1.0,0.0,K.Fairbairn,00-0032726
2022_03_HOU_CHI,REG,3,HOU,,33.0,good,1.0,0.0,K.Fairbairn,00-0032726
2022_03_HOU_CHI,REG,3,CHI,made,50.0,,0.0,1.0,C.Santos,00-0031203
2022_03_HOU_CHI,REG,3,HOU,made,39.0,,0.0,1.0,K.Fairbairn,00-0032726
2022_03_HOU_CHI,REG,3,CHI,,33.0,good,1.0,0.0,C.Santos,00-0031203
2022_03_HOU_CHI,REG,3,HOU,made,23.0,,0.0,1.0,K.Fairbairn,00-0032726
2022_03_HOU_CHI,REG,3,CHI,made,30.0,,0.0,1.0,C.Santos,00-0031203
2022_03_JAX_LAC,REG,3,JAX,made,22.0,,0.0,1.0,R.Patterson,00-0036816
2022_03_JAX_LAC,REG,3,JAX,made,23.0,,0.0,1.0,R.Patterson,00-0036816
2022_03_JAX_LAC,REG,3,JAX,,33.0,good,1.0,0.0,R.Patterson,00-0036816
2022_03_JAX_LAC,REG,3,LAC,,33.0,good,1.0,0.0,D.Hopkins,00-0030098
2022_03_JAX_LAC,REG,3,JAX,made,23.0,,0.0,1.0,R.Patterson,00-0036816
2022_03_JAX_LAC,REG,3,LAC,made,25.0,,0.0,1.0,D.Hopkins,00-0030098
2022_03_JAX_LAC,REG,3,JAX,,33.0,good,1.0,0.0,R.Patterson,00-0036816
2022_03_JAX_LAC,REG,3,JAX,,33.0,good,1.0,0.0,R.Patterson,00-0036816
2022_03_KC_IND,REG,3,IND,,33.0,good,1.0,0.0,C.McLaughlin,00-0035358
2022_03_KC_IND,REG,3,KC,,33.0,failed,1.0,0.0,M.Ammendola,00-0036469
2022_03_KC_IND,REG,3,IND,made,43.0,,0.0,1.0,C.McLaughlin,00-0035358
2022_03_KC_IND,REG,3,KC,made,26.0,,0.0,1.0,M.Ammendola,00-0036469
2022_03_KC_IND,REG,3,IND,made,51.0,,0.0,1.0,C.McLaughlin,00-0035358
2022_03_KC_IND,REG,3,KC,missed,34.0,,0.0,1.0,M.Ammendola,00-0036469
2022_03_KC_IND,REG,3,IND,,33.0,good,1.0,0.0,C.McLaughlin,00-0035358
2022_03_LA_ARI,REG,3,LAR,made,22.0,,0.0,1.0,M.Gay,00-0035269
2022_03_LA_ARI,REG,3,LAR,,33.0,good,1.0,0.0,M.Gay,00-0035269
2022_03_LA_ARI,REG,3,LAR,made,40.0,,0.0,1.0,M.Gay,00-0035269
2022_03_LA_ARI,REG,3,ARI,made,23.0,,0.0,1.0,M.Prater,00-0023853
2022_03_LA_ARI,REG,3,ARI,made,43.0,,0.0,1.0,M.Prater,00-0023853
2022_03_LA_ARI,REG,3,ARI,made,49.0,,0.0,1.0,M.Prater,00-0023853
2022_03_LA_ARI,REG,3,LAR,,33.0,good,1.0,0.0,M.Gay,00-0035269
2022_03_LA_ARI,REG,3,ARI,made,31.0,,0.0,1.0,M.Prater,00-0023853
2022_03_LV_TEN,REG,3,TEN,,33.0,good,1.0,0.0,R.Bullock,00-0029421
2022_03_LV_TEN,REG,3,LV,made,21.0,,0.0,1.0,D.Carlson,00-0034161
2022_03_LV_TEN,REG,3,TEN,,33.0,good,1.0,0.0,R.Bullock,00-0029421
2022_03_LV_TEN,REG,3,LV,,33.0,good,1.0,0.0,D.Carlson,00-0034161
2022_03_LV_TEN,REG,3,TEN,,33.0,good,1.0,0.0,R.Bullock,00-0029421
2022_03_LV_TEN,REG,3,TEN,made,48.0,,0.0,1.0,R.Bullock,00-0029421
2022_03_LV_TEN,REG,3,LV,made,32.0,,0.0,1.0,D.Carlson,00-0034161
2022_03_LV_TEN,REG,3,LV,made,35.0,,0.0,1.0,D.Carlson,00-0034161
2022_03_NO_CAR,REG,3,CAR,,33.0,good,1.0,0.0,E.Pineiro,00-0034173
2022_03_NO_CAR,REG,3,CAR,made,45.0,,0.0,1.0,E.Pineiro,00-0034173
2022_03_NO_CAR,REG,3,CAR,made,48.0,,0.0,1.0,E.Pineiro,00-0034173
2022_03_NO_CAR,REG,3,NO,blocked,30.0,,0.0,1.0,W.Lutz,00-0032569
2022_03_NO_CAR,REG,3,NO,missed,48.0,,0.0,1.0,W.Lutz,00-0032569
2022_03_NO_CAR,REG,3,NO,,33.0,good,1.0,0.0,W.Lutz,00-0032569
2022_03_NO_CAR,REG,3,CAR,made,34.0,,0.0,1.0,E.Pineiro,00-0034173
2022_03_NO_CAR,REG,3,NO,,33.0,good,1.0,0.0,W.Lutz,00-0032569
2022_03_PHI_WAS,REG,3,PHI,made,32.0,,0.0,1.0,J.Elliott,00-0033787
2022_03_PHI_WAS,REG,3,PHI,,33.0,good,1.0,0.0,J.Elliott,00-0033787
2022_03_PHI_WAS,REG,3,PHI,,33.0,good,1.0,0.0,J.Elliott,00-0033787
2022_03_PHI_WAS,REG,3,PHI,,33.0,good,1.0,0.0,J.Elliott,00-0033787
2022_03_PIT_CLE,REG,3,PIT,missed,49.0,,0.0,1.0,C.Boswell,00-0031136
2022_03_PIT_CLE,REG,3,CLE,,33.0,good,1.0,0.0,C.York,00-0038097
2022_03_PIT_CLE,REG,3,PIT,,33.0,good,1.0,0.0,C.Boswell,00-0031136
2022_03_PIT_CLE,REG,3,CLE,,33.0,failed,1.0,0.0,C.York,00-0038097
2022_03_PIT_CLE,REG,3,PIT,,33.0,good,1.0,0.0,C.Boswell,00-0031136
2022_03_PIT_CLE,REG,3,CLE,made,34.0,,0.0,1.0,C.York,00-0038097
2022_03_PIT_CLE,REG,3,CLE,,33.0,good,1.0,0.0,C.York,00-0038097
2022_03_PIT_CLE,REG,3,PIT,made,34.0,,0.0,1.0,C.Boswell,00-0031136
2022_03_SF_DEN,REG,3,SF,,33.0,good,1.0,0.0,R.Gould,00-0023252
2022_03_SF_DEN,REG,3,DEN,made,55.0,,0.0,1.0,B.McManus,00-0029822
2022_03_SF_DEN,REG,3,DEN,missed,53.0,,0.0,1.0,B.McManus,00-0029822
2022_03_SF_DEN,REG,3,SF,made,51.0,,0.0,1.0,R.Gould,00-0023252
2022_04_ARI_CAR,REG,4,CAR,,33.0,good,1.0,0.0,E.Pineiro,00-0034173
2022_04_ARI_CAR,REG,4,ARI,made,33.0,,0.0,1.0,M.Prater,00-0023853
2022_04_ARI_CAR,REG,4,CAR,made,54.0,,0.0,1.0,E.Pineiro,00-0034173
2022_04_ARI_CAR,REG,4,ARI,,33.0,good,1.0,0.0,M.Prater,00-0023853
2022_04_ARI_CAR,REG,4,ARI,made,39.0,,0.0,1.0,M.Prater,00-0023853
2022_04_ARI_CAR,REG,4,ARI,,33.0,good,1.0,0.0,M.Prater,00-0023853
2022_04_BUF_BAL,REG,4,BAL,,33.0,good,1.0,0.0,J.Tucker,00-0029597
2022_04_BUF_BAL,REG,4,BUF,made,38.0,,0.0,1.0,T.Bass,00-0036162
2022_04_BUF_BAL,REG,4,BAL,,33.0,good,1.0,0.0,J.Tucker,00-0029597
2022_04_BUF_BAL,REG,4,BAL,made,42.0,,0.0,1.0,J.Tucker,00-0029597
2022_04_BUF_BAL,REG,4,BAL,made,51.0,,0.0,1.0,J.Tucker,00-0029597
2022_04_BUF_BAL,REG,4,BUF,,33.0,good,1.0,0.0,T.Bass,00-0036162
2022_04_BUF_BAL,REG,4,BUF,made,39.0,,0.0,1.0,T.Bass,00-0036162
2022_04_BUF_BAL,REG,4,BUF,,33.0,good,1.0,0.0,T.Bass,00-0036162
2022_04_BUF_BAL,REG,4,BUF,made,21.0,,0.0,1.0,T.Bass,00-0036162
2022_04_CHI_NYG,REG,4,CHI,made,29.0,,0.0,1.0,M.Badgley,00-0034084
2022_04_CHI_NYG,REG,4,NYG,,33.0,good,1.0,0.0,G.Gano,00-0026858
2022_04_CHI_NYG,REG,4,CHI,made,22.0,,0.0,1.0,M.Badgley,00-0034084
2022_04_CHI_NYG,REG,4,NYG,,33.0,good,1.0,0.0,G.Gano,00-0026858
2022_04_CHI_NYG,REG,4,CHI,made,40.0,,0.0,1.0,M.Badgley,00-0034084
2022_04_CHI_NYG,REG,4,CHI,made,35.0,,0.0,1.0,M.Badgley,00-0034084
2022_04_CHI_NYG,REG,4,NYG,made,44.0,,0.0,1.0,G.Gano,00-0026858
2022_04_CHI_NYG,REG,4,NYG,made,43.0,,0.0,1.0,G.Gano,00-0026858
2022_04_CHI_NYG,REG,4,NYG,missed,37.0,,0.0,1.0,G.Gano,00-0026858
2022_04_CLE_ATL,REG,4,ATL,made,30.0,,0.0,1.0,Y.Koo,00-0033702
2022_04_CLE_ATL,REG,4,ATL,,33.0,good,1.0,0.0,Y.Koo,00-0033702
2022_04_CLE_ATL,REG,4,CLE,,33.0,good,1.0,0.0,C.York,00-0038097
2022_04_CLE_ATL,REG,4,CLE,made,29.0,,0.0,1.0,C.York,00-0038097
2022_04_CLE_ATL,REG,4,CLE,made,45.0,,0.0,1.0,C.York,00-0038097
2022_04_CLE_ATL,REG,4,ATL,,33.0,good,1.0,0.0,Y.Koo,00-0033702
2022_04_CLE_ATL,REG,4,CLE,,33.0,good,1.0,0.0,C.York,00-0038097
2022_04_CLE_ATL,REG,4,ATL,made,21.0,,0.0,1.0,Y.Koo,00-0033702
2022_04_CLE_ATL,REG,4,ATL,made,45.0,,0.0,1.0,Y.Koo,00-0033702
2022_04_DEN_LV,REG,4,LV,made,26.0,,0.0,1.0,D.Carlson,00-0034161
2022_04_DEN_LV,REG,4,DEN,,33.0,good,1.0,0.0,B.McManus,00-0029822
2022_04_DEN_LV,REG,4,LV,,33.0,good,1.0,0.0,D.Carlson,00-0034161
2022_04_DEN_LV,REG,4,DEN,made,28.0,,0.0,1.0,B.McManus,00-0029822
2022_04_DEN_LV,REG,4,LV,,33.0,failed,1.0,0.0,D.Carlson,00-0034161
2022_04_DEN_LV,REG,4,DEN,,33.0,failed,1.0,0.0,B.McManus,00-0029822
2022_04_DEN_LV,REG,4,LV,made,39.0,,0.0,1.0,D.Carlson,00-0034161
2022_04_DEN_LV,REG,4,LV,made,22.0,,0.0,1.0,D.Carlson,00-0034161
2022_04_DEN_LV,REG,4,LV,made,30.0,,0.0,1.0,D.Carlson,00-0034161
2022_04_DEN_LV,REG,4,DEN,,33.0,good,1.0,0.0,B.McManus,00-0029822
2022_04_DEN_LV,REG,4,LV,,33.0,good,1.0,0.0,D.Carlson,00-0034161
2022_04_JAX_PHI,REG,4,JAX,,33.0,good,1.0,0.0,R.Patterson,00-0036816
2022_04_JAX_PHI,REG,4,JAX,,33.0,good,1.0,0.0,R.Patterson,00-0036816
2022_04_JAX_PHI,REG,4,PHI,,33.0,good,1.0,0.0,J.Elliott,00-0033787
2022_04_JAX_PHI,REG,4,PHI,,33.0,good,1.0,0.0,J.Elliott,00-0033787
2022_04_JAX_PHI,REG,4,PHI,,33.0,failed,1.0,0.0,J.Elliott,00-0033787
2022_04_JAX_PHI,REG,4,PHI,made,28.0,,0.0,1.0,J.Elliott,00-0033787
2022_04_JAX_PHI,REG,4,JAX,,33.0,good,1.0,0.0,R.Patterson,00-0036816
2022_04_KC_TB,REG,4,KC,,33.0,good,1.0,0.0,M.Wright,00-0035189
2022_04_KC_TB,REG,4,TB,made,45.0,,0.0,1.0,R.Succop,00-0026968
2022_04_KC_TB,REG,4,KC,,33.0,good,1.0,0.0,M.Wright,00-0035189
2022_04_KC_TB,REG,4,KC,,33.0,good,1.0,0.0,M.Wright,00-0035189
2022_04_KC_TB,REG,4,TB,,33.0,good,1.0,0.0,R.Succop,00-0026968
2022_04_KC_TB,REG,4,KC,,33.0,good,1.0,0.0,M.Wright,00-0035189
2022_04_KC_TB,REG,4,TB,,33.0,good,1.0,0.0,R.Succop,00-0026968
2022_04_KC_TB,REG,4,KC,made,44.0,,0.0,1.0,M.Wright,00-0035189
2022_04_KC_TB,REG,4,KC,,33.0,good,1.0,0.0,M.Wright,00-0035189
2022_04_KC_TB,REG,4,TB,,33.0,good,1.0,0.0,R.Succop,00-0026968
2022_04_KC_TB,REG,4,KC,made,32.0,,0.0,1.0,M.Wright,00-0035189
2022_04_KC_TB,REG,4,TB,,33.0,good,1.0,0.0,R.Succop,00-0026968
2022_04_LAC_HOU,REG,4,LAC,,33.0,good,1.0,0.0,D.Hopkins,00-0030098
2022_04_LAC_HOU,REG,4,HOU,missed,46.0,,0.0,1.0,K.Fairbairn,00-0032726
2022_04_LAC_HOU,REG,4,LAC,,33.0,good,1.0,0.0,D.Hopkins,00-0030098
2022_04_LAC_HOU,REG,4,LAC,,33.0,good,1.0,0.0,D.Hopkins,00-0030098
2022_04_LAC_HOU,REG,4,HOU,,33.0,good,1.0,0.0,K.Fairbairn,00-0032726
2022_04_LAC_HOU,REG,4,LAC,made,23.0,,0.0,1.0,D.Hopkins,00-0030098
2022_04_LAC_HOU,REG,4,LAC,made,37.0,,0.0,1.0,D.Hopkins,00-0030098
2022_04_LAC_HOU,REG,4,HOU,,33.0,good,1.0,0.0,K.Fairbairn,00-0032726
2022_04_LAC_HOU,REG,4,HOU,,33.0,good,1.0,0.0,K.Fairbairn,00-0032726
2022_04_LAC_HOU,REG,4,HOU,made,40.0,,0.0,1.0,K.Fairbairn,00-0032726
2022_04_LAC_HOU,REG,4,LAC,,33.0,good,1.0,0.0,D.Hopkins,00-0030098
2022_04_LA_SF,REG,4,LAR,made,39.0,,0.0,1.0,M.Gay,00-0035269
2022_04_LA_SF,REG,4,SF,,33.0,good,1.0,0.0,R.Gould,00-0023252
2022_04_LA_SF,REG,4,LAR,made,29.0,,0.0,1.0,M.Gay,00-0035269
2022_04_LA_SF,REG,4,SF,,33.0,good,1.0,0.0,R.Gould,00-0023252
2022_04_LA_SF,REG,4,LAR,made,26.0,,0.0,1.0,M.Gay,00-0035269
2022_04_LA_SF,REG,4,SF,made,25.0,,0.0,1.0,R.Gould,00-0023252
2022_04_LA_SF,REG,4,SF,missed,42.0,,0.0,1.0,R.Gould,00-0023252
2022_04_LA_SF,REG,4,SF,,33.0,good,1.0,0.0,R.Gould,00-0023252
2022_04_MIA_CIN,REG,4,CIN,,33.0,good,1.0,0.0,E.McPherson,00-0036854
2022_04_MIA_CIN,REG,4,MIA,made,23.0,,0.0,1.0,J.Sanders,00-0034794
2022_04_MIA_CIN,REG,4,MIA,made,48.0,,0.0,1.0,J.Sanders,00-0034794
2022_04_MIA_CIN,REG,4,MIA,blocked,52.0,,0.0,1.0,J.Sanders,00-0034794
2022_04_MIA_CIN,REG,4,CIN,,33.0,good,1.0,0.0,E.McPherson,00-0036854
2022_04_MIA_CIN,REG,4,MIA,,33.0,failed,1.0,0.0,J.Sanders,00-0034794
2022_04_MIA_CIN,REG,4,MIA,made,20.0,,0.0,1.0,J.Sanders,00-0034794
2022_04_MIA_CIN,REG,4,CIN,made,19.0,,0.0,1.0,E.McPherson,00-0036854
2022_04_MIA_CIN,REG,4,CIN,made,57.0,,0.0,1.0,E.McPherson,00-0036854
2022_04_MIA_CIN,REG,4,CIN,,33.0,good,1.0,0.0,E.McPherson,00-0036854
2022_04_MIN_NO,REG,4,MIN,,33.0,good,1.0,0.0,G.Joseph,00-0034450
2022_04_MIN_NO,REG,4,NO,,33.0,good,1.0,0.0,W.Lutz,00-0032569
2022_04_MIN_NO,REG,4,MIN,made,28.0,,0.0,1.0,G.Joseph,00-0034450
2022_04_MIN_NO,REG,4,MIN,made,36.0,,0.0,1.0,G.Joseph,00-0034450
2022_04_MIN_NO,REG,4,MIN,made,24.0,,0.0,1.0,G.Joseph,00-0034450
2022_04_MIN_NO,REG,4,NO,,33.0,good,1.0,0.0,W.Lutz,00-0032569
2022_04_MIN_NO,REG,4,MIN,made,46.0,,0.0,1.0,G.Joseph,00-0034450
2022_04_MIN_NO,REG,4,MIN,,33.0,failed,1.0,0.0,G.Joseph,00-0034450
2022_04_MIN_NO,REG,4,NO,made,60.0,,0.0,1.0,W.Lutz,00-0032569
2022_04_MIN_NO,REG,4,MIN,made,47.0,,0.0,1.0,G.Joseph,00-0034450
2022_04_MIN_NO,REG,4,NO,missed,61.0,,0.0,1.0,W.Lutz,00-0032569
2022_04_NE_GB,REG,4,NE,made,37.0,,0.0,1.0,N.Folk,00-0025565
2022_04_NE_GB,REG,4,GB,,33.0,good,1.0,0.0,M.Crosby,00-0025580
2022_04_NE_GB,REG,4,NE,,33.0,good,1.0,0.0,N.Folk,00-0025565
2022_04_NE_GB,REG,4,GB,,33.0,good,1.0,0.0,M.Crosby,00-0025580
2022_04_NE_GB,REG,4,NE,,33.0,good,1.0,0.0,N.Folk,00-0025565
2022_04_NE_GB,REG,4,GB,made,38.0,,0.0,1.0,M.Crosby,00-0025580
2022_04_NE_GB,REG,4,NE,,33.0,good,1.0,0.0,N.Folk,00-0025565
2022_04_NE_GB,REG,4,GB,,33.0,good,1.0,0.0,M.Crosby,00-0025580
2022_04_NE_GB,REG,4,GB,made,31.0,,0.0,1.0,M.Crosby,00-0025580
2022_04_NYJ_PIT,REG,4,NYJ,made,38.0,,0.0,1.0,G.Zuerlein,00-0029621
2022_04_NYJ_PIT,REG,4,NYJ,,33.0,good,1.0,0.0,G.Zuerlein,00-0029621
2022_04_NYJ_PIT,REG,4,PIT,made,51.0,,0.0,1.0,C.Boswell,00-0031136
2022_04_NYJ_PIT,REG,4,PIT,made,59.0,,0.0,1.0,C.Boswell,00-0031136
2022_04_NYJ_PIT,REG,4,PIT,,33.0,good,1.0,0.0,C.Boswell,00-0031136
2022_04_NYJ_PIT,REG,4,PIT,,33.0,good,1.0,0.0,C.Boswell,00-0031136
2022_04_NYJ_PIT,REG,4,NYJ,,33.0,good,1.0,0.0,G.Zuerlein,00-0029621
2022_04_NYJ_PIT,REG,4,NYJ,,33.0,good,1.0,0.0,G.Zuerlein,00-0029621
2022_04_SEA_DET,REG,4,SEA,,33.0,good,1.0,0.0,J.Myers,00-0031492
2022_04_SEA_DET,REG,4,DET,,33.0,failed,1.0,0.0,D.Eberle,00-0036168
2022_04_SEA_DET,REG,4,SEA,,33.0,good,1.0,0.0,J.Myers,00-0031492
2022_04_SEA_DET,REG,4,DET,made,49.0,,0.0,1.0,D.Eberle,00-0036168
2022_04_SEA_DET,REG,4,SEA,made,56.0,,0.0,1.0,J.Myers,00-0031492
2022_04_SEA_DET,REG,4,SEA,,33.0,good,1.0,0.0,J.Myers,00-0031492
2022_04_SEA_DET,REG,4,DET,,33.0,failed,1.0,0.0,D.Eberle,00-0036168
2022_04_SEA_DET,REG,4,SEA,,33.0,good,1.0,0.0,J.Myers,00-0031492
2022_04_SEA_DET,REG,4,SEA,missed,39.0,,0.0,1.0,J.Myers,00-0031492
2022_04_SEA_DET,REG,4,SEA,,33.0,good,1.0,0.0,J.Myers,00-0031492
2022_04_SEA_DET,REG,4,SEA,made,25.0,,0.0,1.0,J.Myers,00-0031492
2022_04_SEA_DET,REG,4,DET,,33.0,good,1.0,0.0,D.Eberle,00-0036168
2022_04_SEA_DET,REG,4,SEA,,33.0,good,1.0,0.0,J.Myers,00-0031492
2022_04_SEA_DET,REG,4,DET,,33.0,good,1.0,0.0,D.Eberle,00-0036168
2022_04_TEN_IND,REG,4,TEN,,33.0,good,1.0,0.0,R.Bullock,00-0029421
2022_04_TEN_IND,REG,4,TEN,,33.0,good,1.0,0.0,R.Bullock,00-0029421
2022_04_TEN_IND,REG,4,IND,made,27.0,,0.0,1.0,C.McLaughlin,00-0035358
2022_04_TEN_IND,REG,4,TEN,made,44.0,,0.0,1.0,R.Bullock,00-0029421
2022_04_TEN_IND,REG,4,TEN,,33.0,good,1.0,0.0,R.Bullock,00-0029421
2022_04_TEN_IND,REG,4,IND,,33.0,good,1.0,0.0,C.McLaughlin,00-0035358
2022_04_TEN_IND,REG,4,IND,,33.0,good,1.0,0.0,C.McLaughlin,00-0035358
2022_04_TEN_IND,REG,4,IND,missed,51.0,,0.0,1.0,C.McLaughlin,00-0035358
2022_04_WAS_DAL,REG,4,DAL,made,53.0,,0.0,1.0,B.Maher,00-0030332
2022_04_WAS_DAL,REG,4,DAL,made,45.0,,0.0,1.0,B.Maher,00-0030332
2022_04_WAS_DAL,REG,4,WAS,,33.0,good,1.0,0.0,J.Slye,00-0035192
2022_04_WAS_DAL,REG,4,DAL,,33.0,blocked,1.0,0.0,B.Maher,00-0030332
2022_04_WAS_DAL,REG,4,DAL,made,28.0,,0.0,1.0,B.Maher,00-0030332
2022_04_WAS_DAL,REG,4,WAS,made,45.0,,0.0,1.0,J.Slye,00-0035192
2022_04_WAS_DAL,REG,4,DAL,,33.0,good,1.0,0.0,B.Maher,00-0030332
2022_04_WAS_DAL,REG,4,DAL,made,29.0,,0.0,1.0,B.Maher,00-0030332
2022_05_ATL_TB,REG,5,TB,,33.0,good,1.0,0.0,R.Succop,00-0026968
2022_05_ATL_TB,REG,5,TB,made,21.0,,0.0,1.0,R.Succop,00-0026968
2022_05_ATL_TB,REG,5,ATL,missed,52.0,,0.0,1.0,Y.Koo,00-0033702
2022_05_ATL_TB,REG,5,TB,made,44.0,,0.0,1.0,R.Succop,00-0026968
2022_05_ATL_TB,REG,5,ATL,,33.0,good,1.0,0.0,Y.Koo,00-0033702
2022_05_CHI_MIN,REG,5,MIN,,33.0,good,1.0,0.0,G.Joseph,00-0034450
2022_05_CHI_MIN,REG,5,CHI,made,50.0,,0.0,1.0,C.Santos,00-0031203
2022_05_CHI_MIN,REG,5,MIN,,33.0,good,1.0,0.0,G.Joseph,00-0034450
2022_05_CHI_MIN,REG,5,MIN,,33.0,good,1.0,0.0,G.Joseph,00-0034450
2022_05_CHI_MIN,REG,5,CHI,,33.0,good,1.0,0.0,C.Santos,00-0031203
2022_05_CHI_MIN,REG,5,MIN,missed,53.0,,0.0,1.0,G.Joseph,00-0034450
2022_05_CHI_MIN,REG,5,MIN,blocked,51.0,,0.0,1.0,G.Joseph,00-0034450
2022_05_CHI_MIN,REG,5,CHI,made,43.0,,0.0,1.0,C.Santos,00-0031203
2022_05_CHI_MIN,REG,5,CHI,made,51.0,,0.0,1.0,C.Santos,00-0031203
2022_05_CIN_BAL,REG,5,BAL,made,37.0,,0.0,1.0,J.Tucker,00-0029597
2022_05_CIN_BAL,REG,5,BAL,,33.0,good,1.0,0.0,J.Tucker,00-0029597
2022_05_CIN_BAL,REG,5,CIN,,33.0,good,1.0,0.0,E.McPherson,00-0036854
2022_05_CIN_BAL,REG,5,CIN,made,40.0,,0.0,1.0,E.McPherson,00-0036854
2022_05_CIN_BAL,REG,5,BAL,made,58.0,,0.0,1.0,J.Tucker,00-0029597
2022_05_CIN_BAL,REG,5,BAL,made,25.0,,0.0,1.0,J.Tucker,00-0029597
2022_05_CIN_BAL,REG,5,CIN,,33.0,good,1.0,0.0,E.McPherson,00-0036854
2022_05_CIN_BAL,REG,5,BAL,made,43.0,,0.0,1.0,J.Tucker,00-0029597
2022_05_DAL_LA,REG,5,DAL,made,33.0,,0.0,1.0,B.Maher,00-0030332
2022_05_DAL_LA,REG,5,LAR,made,29.0,,0.0,1.0,M.Gay,00-0035269
2022_05_DAL_LA,REG,5,LAR,,33.0,good,1.0,0.0,M.Gay,00-0035269
2022_05_DAL_LA,REG,5,DAL,,33.0,good,1.0,0.0,B.Maher,00-0030332
2022_05_DAL_LA,REG,5,DAL,made,40.0,,0.0,1.0,B.Maher,00-0030332
2022_05_DAL_LA,REG,5,LAR,missed,51.0,,0.0,1.0,M.Gay,00-0035269
2022_05_DAL_LA,REG,5,DAL,made,36.0,,0.0,1.0,B.Maher,00-0030332
2022_05_DET_NE,REG,5,NE,made,37.0,,0.0,1.0,N.Folk,00-0025565
2022_05_DET_NE,REG,5,NE,made,32.0,,0.0,1.0,N.Folk,00-0025565
2022_05_DET_NE,REG,5,NE,,33.0,good,1.0,0.0,N.Folk,00-0025565
2022_05_DET_NE,REG,5,NE,made,44.0,,0.0,1.0,N.Folk,00-0025565
2022_05_DET_NE,REG,5,NE,made,37.0,,0.0,1.0,N.Folk,00-0025565
2022_05_DET_NE,REG,5,NE,,33.0,good,1.0,0.0,N.Folk,00-0025565
2022_05_DET_NE,REG,5,NE,made,29.0,,0.0,1.0,N.Folk,00-0025565
2022_05_HOU_JAX,REG,5,JAX,made,26.0,,0.0,1.0,R.Patterson,00-0036816
2022_05_HOU_JAX,REG,5,HOU,made,50.0,,0.0,1.0,K.Fairbairn,00-0032726
2022_05_HOU_JAX,REG,5,HOU,made,51.0,,0.0,1.0,K.Fairbairn,00-0032726
2022_05_HOU_JAX,REG,5,JAX,made,45.0,,0.0,1.0,R.Patterson,00-0036816
2022_05_HOU_JAX,REG,5,HOU,,33.0,good,1.0,0.0,K.Fairbairn,00-0032726
2022_05_IND_DEN,REG,5,DEN,made,33.0,,0.0,1.0,B.McManus,00-0029822
2022_05_IND_DEN,REG,5,DEN,made,44.0,,0.0,1.0,B.McManus,00-0029822
2022_05_IND_DEN,REG,5,IND,made,52.0,,0.0,1.0,C.McLaughlin,00-0035358
2022_05_IND_DEN,REG,5,IND,made,51.0,,0.0,1.0,C.McLaughlin,00-0035358
2022_05_IND_DEN,REG,5,DEN,blocked,34.0,,0.0,1.0,B.McManus,00-0029822
2022_05_IND_DEN,REG,5,DEN,made,45.0,,0.0,1.0,B.McManus,00-0029822
2022_05_IND_DEN,REG,5,IND,made,31.0,,0.0,1.0,C.McLaughlin,00-0035358
2022_05_IND_DEN,REG,5,IND,made,48.0,,0.0,1.0,C.McLaughlin,00-0035358
2022_05_LAC_CLE,REG,5,CLE,,33.0,good,1.0,0.0,C.York,00-0038097
2022_05_LAC_CLE,REG,5,CLE,,33.0,good,1.0,0.0,C.York,00-0038097
2022_05_LAC_CLE,REG,5,LAC,made,28.0,,0.0,1.0,T.Bertolet,00-0032669
2022_05_LAC_CLE,REG,5,LAC,,33.0,good,1.0,0.0,T.Bertolet,00-0032669
2022_05_LAC_CLE,REG,5,LAC,,33.0,good,1.0,0.0,T.Bertolet,00-0032669
2022_05_LAC_CLE,REG,5,CLE,,33.0,good,1.0,0.0,C.York,00-0038097
2022_05_LAC_CLE,REG,5,CLE,missed,45.0,,0.0,1.0,C.York,00-0038097
2022_05_LAC_CLE,REG,5,LAC,,33.0,good,1.0,0.0,T.Bertolet,00-0032669
2022_05_LAC_CLE,REG,5,LAC,made,25.0,,0.0,1.0,T.Bertolet,00-0032669
2022_05_LAC_CLE,REG,5,CLE,,33.0,good,1.0,0.0,C.York,00-0038097
2022_05_LAC_CLE,REG,5,LAC,made,27.0,,0.0,1.0,T.Bertolet,00-0032669
2022_05_LAC_CLE,REG,5,CLE,missed,54.0,,0.0,1.0,C.York,00-0038097
2022_05_LV_KC,REG,5,LV,,33.0,good,1.0,0.0,D.Carlson,00-0034161
2022_05_LV_KC,REG,5,KC,missed,41.0,,0.0,1.0,M.Wright,00-0035189
2022_05_LV_KC,REG,5,LV,,33.0,good,1.0,0.0,D.Carlson,00-0034161
2022_05_LV_KC,REG,5,LV,made,53.0,,0.0,1.0,D.Carlson,00-0034161
2022_05_LV_KC,REG,5,KC,,33.0,good,1.0,0.0,M.Wright,00-0035189
2022_05_LV_KC,REG,5,LV,made,50.0,,0.0,1.0,D.Carlson,00-0034161
2022_05_LV_KC,REG,5,KC,made,59.0,,0.0,1.0,M.Wright,00-0035189
2022_05_LV_KC,REG,5,KC,,33.0,good,1.0,0.0,M.Wright,00-0035189
2022_05_LV_KC,REG,5,KC,,33.0,good,1.0,0.0,M.Wright,00-0035189
2022_05_LV_KC,REG,5,LV,made,47.0,,0.0,1.0,D.Carlson,00-0034161
2022_05_MIA_NYJ,REG,5,NYJ,made,34.0,,0.0,1.0,G.Zuerlein,00-0029621
2022_05_MIA_NYJ,REG,5,NYJ,,33.0,good,1.0,0.0,G.Zuerlein,00-0029621
2022_05_MIA_NYJ,REG,5,MIA,,33.0,good,1.0,0.0,J.Sanders,00-0034794
2022_05_MIA_NYJ,REG,5,NYJ,,33.0,good,1.0,0.0,G.Zuerlein,00-0029621
2022_05_MIA_NYJ,REG,5,MIA,,33.0,good,1.0,0.0,J.Sanders,00-0034794
2022_05_MIA_NYJ,REG,5,MIA,made,46.0,,0.0,1.0,J.Sanders,00-0034794
2022_05_MIA_NYJ,REG,5,MIA,missed,54.0,,0.0,1.0,J.Sanders,00-0034794
2022_05_MIA_NYJ,REG,5,NYJ,,33.0,good,1.0,0.0,G.Zuerlein,00-0029621
2022_05_MIA_NYJ,REG,5,NYJ,,33.0,good,1.0,0.0,G.Zuerlein,00-0029621
2022_05_MIA_NYJ,REG,5,NYJ,,33.0,good,1.0,0.0,G.Zuerlein,00-0029621
2022_05_NYG_GB,REG,5,GB,made,46.0,,0.0,1.0,M.Crosby,00-0025580
2022_05_NYG_GB,REG,5,GB,,33.0,good,1.0,0.0,M.Crosby,00-0025580
2022_05_NYG_GB,REG,5,NYG,made,48.0,,0.0,1.0,G.Gano,00-0026858
2022_05_NYG_GB,REG,5,GB,,33.0,good,1.0,0.0,M.Crosby,00-0025580
2022_05_NYG_GB,REG,5,NYG,,33.0,good,1.0,0.0,G.Gano,00-0026858
2022_05_NYG_GB,REG,5,GB,made,48.0,,0.0,1.0,M.Crosby,00-0025580
2022_05_NYG_GB,REG,5,NYG,made,37.0,,0.0,1.0,G.Gano,00-0026858
2022_05_NYG_GB,REG,5,NYG,,33.0,good,1.0,0.0,G.Gano,00-0026858
2022_05_NYG_GB,REG,5,NYG,,33.0,good,1.0,0.0,G.Gano,00-0026858
2022_05_PHI_ARI,REG,5,PHI,,33.0,good,1.0,0.0,C.Dicker,00-0037224
2022_05_PHI_ARI,REG,5,PHI,,33.0,good,1.0,0.0,C.Dicker,00-0037224
2022_05_PHI_ARI,REG,5,ARI,,33.0,good,1.0,0.0,M.Ammendola,00-0036469
2022_05_PHI_ARI,REG,5,ARI,made,20.0,,0.0,1.0,M.Ammendola,00-0036469
2022_05_PHI_ARI,REG,5,PHI,made,42.0,,0.0,1.0,C.Dicker,00-0037224
2022_05_PHI_ARI,REG,5,ARI,,33.0,good,1.0,0.0,M.Ammendola,00-0036469
2022_05_PHI_ARI,REG,5,PHI,made,23.0,,0.0,1.0,C.Dicker,00-0037224
2022_05_PHI_ARI,REG,5,ARI,missed,43.0,,0.0,1.0,M.Ammendola,00-0036469
2022_05_PIT_BUF,REG,5,BUF,,33.0,good,1.0,0.0,T.Bass,00-0036162
2022_05_PIT_BUF,REG,5,BUF,blocked,49.0,,0.0,1.0,T.Bass,00-0036162
2022_05_PIT_BUF,REG,5,PIT,made,29.0,,0.0,1.0,C.Boswell,00-0031136
2022_05_PIT_BUF,REG,5,BUF,made,35.0,,0.0,1.0,T.Bass,00-0036162
2022_05_PIT_BUF,REG,5,BUF,,33.0,good,1.0,0.0,T.Bass,00-0036162
2022_05_PIT_BUF,REG,5,BUF,,33.0,good,1.0,0.0,T.Bass,00-0036162
2022_05_PIT_BUF,REG,5,PIT,missed,33.0,,0.0,1.0,C.Boswell,00-0031136
2022_05_PIT_BUF,REG,5,BUF,,33.0,good,1.0,0.0,T.Bass,00-0036162
2022_05_PIT_BUF,REG,5,PIT,missed,45.0,,0.0,1.0,C.Boswell,00-0031136
2022_05_PIT_BUF,REG,5,BUF,,33.0,good,1.0,0.0,T.Bass,00-0036162
2022_05_SEA_NO,REG,5,NO,made,56.0,,0.0,1.0,W.Lutz,00-0032569
2022_05_SEA_NO,REG,5,SEA,,33.0,good,1.0,0.0,J.Myers,00-0031492
2022_05_SEA_NO,REG,5,SEA,made,56.0,,0.0,1.0,J.Myers,00-0031492
2022_05_SEA_NO,REG,5,NO,,33.0,good,1.0,0.0,W.Lutz,00-0032569
2022_05_SEA_NO,REG,5,NO,,33.0,good,1.0,0.0,W.Lutz,00-0032569
2022_05_SEA_NO,REG,5,SEA,made,31.0,,0.0,1.0,J.Myers,00-0031492
2022_05_SEA_NO,REG,5,SEA,,33.0,failed,1.0,0.0,J.Myers,00-0031492
2022_05_SEA_NO,REG,5,NO,,33.0,good,1.0,0.0,W.Lutz,00-0032569
2022_05_SEA_NO,REG,5,NO,,33.0,good,1.0,0.0,W.Lutz,00-0032569
2022_05_SEA_NO,REG,5,SEA,,33.0,good,1.0,0.0,J.Myers,00-0031492
2022_05_SF_CAR,REG,5,SF,,33.0,good,1.0,0.0,R.Gould,00-0023252
2022_05_SF_CAR,REG,5,CAR,missed,41.0,,0.0,1.0,E.Pineiro,00-0034173
2022_05_SF_CAR,REG,5,SF,made,49.0,,0.0,1.0,R.Gould,00-0023252
2022_05_SF_CAR,REG,5,CAR,made,43.0,,0.0,1.0,E.Pineiro,00-0034173
2022_05_SF_CAR,REG,5,SF,blocked,43.0,,0.0,1.0,R.Gould,00-0023252
2022_05_SF_CAR,REG,5,SF,,33.0,good,1.0,0.0,R.Gould,00-0023252
2022_05_SF_CAR,REG,5,SF,,33.0,good,1.0,0.0,R.Gould,00-0023252
2022_05_SF_CAR,REG,5,CAR,made,37.0,,0.0,1.0,E.Pineiro,00-0034173
2022_05_SF_CAR,REG,5,SF,,43.0,failed,1.0,0.0,M.Wishnowsky,00-0034941
2022_05_SF_CAR,REG,5,CAR,made,34.0,,0.0,1.0,E.Pineiro,00-0034173
2022_05_SF_CAR,REG,5,SF,,33.0,good,1.0,0.0,M.Wishnowsky,00-0034941
2022_05_TEN_WAS,REG,5,TEN,,33.0,good,1.0,0.0,R.Bullock,00-0029421
2022_05_TEN_WAS,REG,5,WAS,made,50.0,,0.0,1.0,J.Slye,00-0035192
2022_05_TEN_WAS,REG,5,WAS,,33.0,good,1.0,0.0,J.Slye,00-0035192
2022_05_TEN_WAS,REG,5,TEN,,33.0,good,1.0,0.0,R.Bullock,00-0029421
2022_05_TEN_WAS,REG,5,WAS,,33.0,good,1.0,0.0,J.Slye,00-0035192
2022_05_TEN_WAS,REG,5,TEN,,33.0,good,1.0,0.0,R.Bullock,00-0029421
2022_06_ARI_SEA,REG,6,ARI,made,23.0,,0.0,1.0,M.Ammendola,00-0036469
2022_06_ARI_SEA,REG,6,SEA,made,39.0,,0.0,1.0,J.Myers,00-0031492
2022_06_ARI_SEA,REG,6,SEA,made,27.0,,0.0,1.0,J.Myers,00-0031492
2022_06_ARI_SEA,REG,6,SEA,made,34.0,,0.0,1.0,J.Myers,00-0031492
2022_06_ARI_SEA,REG,6,SEA,made,32.0,,0.0,1.0,J.Myers,00-0031492
2022_06_ARI_SEA,REG,6,ARI,,33.0,failed,1.0,0.0,M.Ammendola,00-0036469
2022_06_ARI_SEA,REG,6,SEA,,33.0,good,1.0,0.0,J.Myers,00-0031492
2022_06_BAL_NYG,REG,6,BAL,missed,56.0,,0.0,1.0,J.Tucker,00-0029597
2022_06_BAL_NYG,REG,6,BAL,,33.0,good,1.0,0.0,J.Tucker,00-0029597
2022_06_BAL_NYG,REG,6,NYG,,33.0,good,1.0,0.0,G.Gano,00-0026858
2022_06_BAL_NYG,REG,6,BAL,made,34.0,,0.0,1.0,J.Tucker,00-0029597
2022_06_BAL_NYG,REG,6,BAL,made,23.0,,0.0,1.0,J.Tucker,00-0029597
2022_06_BAL_NYG,REG,6,NYG,made,34.0,,0.0,1.0,G.Gano,00-0026858
2022_06_BAL_NYG,REG,6,BAL,,33.0,good,1.0,0.0,J.Tucker,00-0029597
2022_06_BAL_NYG,REG,6,NYG,,33.0,good,1.0,0.0,G.Gano,00-0026858
2022_06_BAL_NYG,REG,6,NYG,,33.0,good,1.0,0.0,G.Gano,00-0026858
2022_06_BUF_KC,REG,6,BUF,made,39.0,,0.0,1.0,T.Bass,00-0036162
2022_06_BUF_KC,REG,6,KC,,33.0,good,1.0,0.0,H.Butker,00-0033303
2022_06_BUF_KC,REG,6,BUF,,33.0,good,1.0,0.0,T.Bass,00-0036162
2022_06_BUF_KC,REG,6,KC,made,62.0,,0.0,1.0,H.Butker,00-0033303
2022_06_BUF_KC,REG,6,KC,missed,51.0,,0.0,1.0,H.Butker,00-0033303
2022_06_BUF_KC,REG,6,BUF,,33.0,good,1.0,0.0,T.Bass,00-0036162
2022_06_BUF_KC,REG,6,KC,,33.0,good,1.0,0.0,H.Butker,00-0033303
2022_06_BUF_KC,REG,6,KC,made,44.0,,0.0,1.0,H.Butker,00-0033303
2022_06_BUF_KC,REG,6,BUF,,33.0,good,1.0,0.0,T.Bass,00-0036162
2022_06_CAR_LA,REG,6,CAR,made,42.0,,0.0,1.0,E.Pineiro,00-0034173
2022_06_CAR_LA,REG,6,LAR,,33.0,good,1.0,0.0,M.Gay,00-0035269
2022_06_CAR_LA,REG,6,CAR,,33.0,good,1.0,0.0,E.Pineiro,00-0034173
2022_06_CAR_LA,REG,6,LAR,made,21.0,,0.0,1.0,M.Gay,00-0035269
2022_06_CAR_LA,REG,6,LAR,,33.0,good,1.0,0.0,M.Gay,00-0035269
2022_06_CAR_LA,REG,6,LAR,,33.0,good,1.0,0.0,M.Gay,00-0035269
2022_06_CIN_NO,REG,6,NO,,33.0,good,1.0,0.0,W.Lutz,00-0032569
2022_06_CIN_NO,REG,6,CIN,,33.0,good,1.0,0.0,E.McPherson,00-0036854
2022_06_CIN_NO,REG,6,NO,,33.0,good,1.0,0.0,W.Lutz,00-0032569
2022_06_CIN_NO,REG,6,NO,made,35.0,,0.0,1.0,W.Lutz,00-0032569
2022_06_CIN_NO,REG,6,CIN,,33.0,good,1.0,0.0,E.McPherson,00-0036854
2022_06_CIN_NO,REG,6,NO,made,30.0,,0.0,1.0,W.Lutz,00-0032569
2022_06_CIN_NO,REG,6,NO,made,37.0,,0.0,1.0,W.Lutz,00-0032569
2022_06_CIN_NO,REG,6,CIN,,33.0,good,1.0,0.0,E.McPherson,00-0036854
2022_06_CIN_NO,REG,6,NO,made,31.0,,0.0,1.0,W.Lutz,00-0032569
2022_06_CIN_NO,REG,6,CIN,made,52.0,,0.0,1.0,E.McPherson,00-0036854
2022_06_DAL_PHI,REG,6,PHI,,33.0,good,1.0,0.0,J.Elliott,00-0033787
2022_06_DAL_PHI,REG,6,PHI,,33.0,good,1.0,0.0,J.Elliott,00-0033787
2022_06_DAL_PHI,REG,6,PHI,made,51.0,,0.0,1.0,J.Elliott,00-0033787
2022_06_DAL_PHI,REG,6,PHI,made,34.0,,0.0,1.0,J.Elliott,00-0033787
2022_06_DAL_PHI,REG,6,DAL,made,30.0,,0.0,1.0,B.Maher,00-0030332
2022_06_DAL_PHI,REG,6,DAL,,33.0,good,1.0,0.0,B.Maher,00-0030332
2022_06_DAL_PHI,REG,6,DAL,,33.0,good,1.0,0.0,B.Maher,00-0030332
2022_06_DAL_PHI,REG,6,DAL,missed,59.0,,0.0,1.0,B.Maher,00-0030332
2022_06_DEN_LAC,REG,6,DEN,made,51.0,,0.0,1.0,B.McManus,00-0029822
2022_06_DEN_LAC,REG,6,DEN,,33.0,good,1.0,0.0,B.McManus,00-0029822
2022_06_DEN_LAC,REG,6,LAC,,33.0,good,1.0,0.0,D.Hopkins,00-0030098
2022_06_DEN_LAC,REG,6,LAC,made,37.0,,0.0,1.0,D.Hopkins,00-0030098
2022_06_DEN_LAC,REG,6,DEN,made,27.0,,0.0,1.0,B.McManus,00-0029822
2022_06_DEN_LAC,REG,6,LAC,made,31.0,,0.0,1.0,D.Hopkins,00-0030098
2022_06_DEN_LAC,REG,6,DEN,made,48.0,,0.0,1.0,B.McManus,00-0029822
2022_06_DEN_LAC,REG,6,LAC,made,35.0,,0.0,1.0,D.Hopkins,00-0030098
2022_06_DEN_LAC,REG,6,LAC,made,39.0,,0.0,1.0,D.Hopkins,00-0030098
2022_06_JAX_IND,REG,6,JAX,,33.0,good,1.0,0.0,R.Patterson,00-0036816
2022_06_JAX_IND,REG,6,IND,made,28.0,,0.0,1.0,C.McLaughlin,00-0035358
2022_06_JAX_IND,REG,6,JAX,,33.0,good,1.0,0.0,R.Patterson,00-0036816
2022_06_JAX_IND,REG,6,IND,,33.0,good,1.0,0.0,C.McLaughlin,00-0035358
2022_06_JAX_IND,REG,6,IND,made,42.0,,0.0,1.0,C.McLaughlin,00-0035358
2022_06_JAX_IND,REG,6,JAX,,33.0,good,1.0,0.0,R.Patterson,00-0036816
2022_06_JAX_IND,REG,6,IND,,33.0,good,1.0,0.0,C.McLaughlin,00-0035358
2022_06_MIN_MIA,REG,6,MIA,made,44.0,,0.0,1.0,J.Sanders,00-0034794
2022_06_MIN_MIA,REG,6,MIN,,33.0,good,1.0,0.0,G.Joseph,00-0034450
2022_06_MIN_MIA,REG,6,MIA,missed,52.0,,0.0,1.0,J.Sanders,00-0034794
2022_06_MIN_MIA,REG,6,MIN,made,34.0,,0.0,1.0,G.Joseph,00-0034450
2022_06_MIN_MIA,REG,6,MIN,,33.0,failed,1.0,0.0,G.Joseph,00-0034450
2022_06_MIN_MIA,REG,6,MIA,,33.0,good,1.0,0.0,J.Sanders,00-0034794
2022_06_NE_CLE,REG,6,NE,made,19.0,,0.0,1.0,N.Folk,00-0025565
2022_06_NE_CLE,REG,6,CLE,made,39.0,,0.0,1.0,C.York,00-0038097
2022_06_NE_CLE,REG,6,NE,,33.0,good,1.0,0.0,N.Folk,00-0025565
2022_06_NE_CLE,REG,6,CLE,made,48.0,,0.0,1.0,C.York,00-0038097
2022_06_NE_CLE,REG,6,NE,,33.0,good,1.0,0.0,N.Folk,00-0025565
2022_06_NE_CLE,REG,6,NE,,33.0,good,1.0,0.0,N.Folk,00-0025565
2022_06_NE_CLE,REG,6,CLE,made,51.0,,0.0,1.0,C.York,00-0038097
2022_06_NE_CLE,REG,6,NE,missed,45.0,,0.0,1.0,N.Folk,00-0025565
2022_06_NE_CLE,REG,6,NE,,33.0,good,1.0,0.0,N.Folk,00-0025565
2022_06_NE_CLE,REG,6,NE,,33.0,good,1.0,0.0,N.Folk,00-0025565
2022_06_NYJ_GB,REG,6,GB,blocked,47.0,,0.0,1.0,M.Crosby,00-0025580
2022_06_NYJ_GB,REG,6,NYJ,made,32.0,,0.0,1.0,G.Zuerlein,00-0029621
2022_06_NYJ_GB,REG,6,NYJ,missed,53.0,,0.0,1.0,G.Zuerlein,00-0029621
2022_06_NYJ_GB,REG,6,GB,made,29.0,,0.0,1.0,M.Crosby,00-0025580
2022_06_NYJ_GB,REG,6,NYJ,,33.0,good,1.0,0.0,G.Zuerlein,00-0029621
2022_06_NYJ_GB,REG,6,NYJ,,33.0,good,1.0,0.0,G.Zuerlein,00-0029621
2022_06_NYJ_GB,REG,6,GB,,33.0,good,1.0,0.0,M.Crosby,00-0025580
2022_06_NYJ_GB,REG,6,NYJ,,33.0,good,1.0,0.0,G.Zuerlein,00-0029621
2022_06_NYJ_GB,REG,6,NYJ,made,23.0,,0.0,1.0,G.Zuerlein,00-0029621
2022_06_SF_ATL,REG,6,ATL,,33.0,good,1.0,0.0,Y.Koo,00-0033702
2022_06_SF_ATL,REG,6,ATL,,33.0,good,1.0,0.0,Y.Koo,00-0033702
2022_06_SF_ATL,REG,6,SF,,33.0,good,1.0,0.0,R.Gould,00-0023252
2022_06_SF_ATL,REG,6,SF,,33.0,good,1.0,0.0,R.Gould,00-0023252
2022_06_SF_ATL,REG,6,ATL,,33.0,good,1.0,0.0,Y.Koo,00-0033702
2022_06_SF_ATL,REG,6,ATL,,33.0,good,1.0,0.0,Y.Koo,00-0033702
2022_06_TB_PIT,REG,6,PIT,,33.0,good,1.0,0.0,C.Boswell,00-0031136
2022_06_TB_PIT,REG,6,TB,made,30.0,,0.0,1.0,R.Succop,00-0026968
2022_06_TB_PIT,REG,6,TB,made,27.0,,0.0,1.0,R.Succop,00-0026968
2022_06_TB_PIT,REG,6,PIT,made,55.0,,0.0,1.0,C.Boswell,00-0031136
2022_06_TB_PIT,REG,6,TB,made,54.0,,0.0,1.0,R.Succop,00-0026968
2022_06_TB_PIT,REG,6,PIT,made,25.0,,0.0,1.0,C.Boswell,00-0031136
2022_06_TB_PIT,REG,6,TB,made,24.0,,0.0,1.0,R.Succop,00-0026968
2022_06_TB_PIT,REG,6,PIT,,33.0,good,1.0,0.0,C.Boswell,00-0031136
2022_06_WAS_CHI,REG,6,WAS,made,38.0,,0.0,1.0,J.Slye,00-0035192
2022_06_WAS_CHI,REG,6,CHI,,33.0,good,1.0,0.0,C.Santos,00-0031203
2022_06_WAS_CHI,REG,6,WAS,made,28.0,,0.0,1.0,J.Slye,00-0035192
2022_06_WAS_CHI,REG,6,WAS,missed,48.0,,0.0,1.0,J.Slye,00-0035192
2022_07_ATL_CIN,REG,7,CIN,,33.0,good,1.0,0.0,E.McPherson,00-0036854
2022_07_ATL_CIN,REG,7,CIN,,33.0,good,1.0,0.0,E.McPherson,00-0036854
2022_07_ATL_CIN,REG,7,CIN,,33.0,good,1.0,0.0,E.McPherson,00-0036854
2022_07_ATL_CIN,REG,7,ATL,,33.0,good,1.0,0.0,Y.Koo,00-0033702
2022_07_ATL_CIN,REG,7,CIN,,33.0,good,1.0,0.0,E.McPherson,00-0036854
2022_07_ATL_CIN,REG,7,ATL,,33.0,good,1.0,0.0,Y.Koo,00-0033702
2022_07_ATL_CIN,REG,7,ATL,made,43.0,,0.0,1.0,Y.Koo,00-0033702
2022_07_ATL_CIN,REG,7,CIN,,33.0,good,1.0,0.0,E.McPherson,00-0036854
2022_07_CHI_NE,REG,7,CHI,made,42.0,,0.0,1.0,C.Santos,00-0031203
2022_07_CHI_NE,REG,7,CHI,,33.0,good,1.0,0.0,C.Santos,00-0031203
2022_07_CHI_NE,REG,7,NE,,33.0,good,1.0,0.0,N.Folk,00-0025565
2022_07_CHI_NE,REG,7,NE,,33.0,good,1.0,0.0,N.Folk,00-0025565
2022_07_CHI_NE,REG,7,CHI,,33.0,good,1.0,0.0,C.Santos,00-0031203
2022_07_CHI_NE,REG,7,CHI,made,23.0,,0.0,1.0,C.Santos,00-0031203
2022_07_CHI_NE,REG,7,CHI,made,38.0,,0.0,1.0,C.Santos,00-0031203
2022_07_CHI_NE,REG,7,CHI,made,50.0,,0.0,1.0,C.Santos,00-0031203
2022_07_CHI_NE,REG,7,CHI,,33.0,good,1.0,0.0,C.Santos,00-0031203
2022_07_CLE_BAL,REG,7,CLE,,33.0,good,1.0,0.0,C.York,00-0038097
2022_07_CLE_BAL,REG,7,BAL,made,32.0,,0.0,1.0,J.Tucker,00-0029597
2022_07_CLE_BAL,REG,7,CLE,made,41.0,,0.0,1.0,C.York,00-0038097
2022_07_CLE_BAL,REG,7,BAL,made,34.0,,0.0,1.0,J.Tucker,00-0029597
2022_07_CLE_BAL,REG,7,BAL,,33.0,good,1.0,0.0,J.Tucker,00-0029597
2022_07_CLE_BAL,REG,7,BAL,,33.0,good,1.0,0.0,J.Tucker,00-0029597
2022_07_CLE_BAL,REG,7,CLE,made,37.0,,0.0,1.0,C.York,00-0038097
2022_07_CLE_BAL,REG,7,BAL,made,55.0,,0.0,1.0,J.Tucker,00-0029597
2022_07_CLE_BAL,REG,7,CLE,,33.0,good,1.0,0.0,C.York,00-0038097
2022_07_CLE_BAL,REG,7,CLE,blocked,60.0,,0.0,1.0,C.York,00-0038097
2022_07_DET_DAL,REG,7,DET,made,40.0,,0.0,1.0,M.Badgley,00-0034084
2022_07_DET_DAL,REG,7,DAL,made,22.0,,0.0,1.0,B.Maher,00-0030332
2022_07_DET_DAL,REG,7,DET,made,53.0,,0.0,1.0,M.Badgley,00-0034084
2022_07_DET_DAL,REG,7,DAL,,33.0,good,1.0,0.0,B.Maher,00-0030332
2022_07_DET_DAL,REG,7,DAL,,33.0,good,1.0,0.0,B.Maher,00-0030332
2022_07_DET_DAL,REG,7,DAL,,33.0,good,1.0,0.0,B.Maher,00-0030332
2022_07_GB_WAS,REG,7,GB,,33.0,good,1.0,0.0,M.Crosby,00-0025580
2022_07_GB_WAS,REG,7,WAS,made,22.0,,0.0,1.0,J.Slye,00-0035192
2022_07_GB_WAS,REG,7,GB,,33.0,good,1.0,0.0,M.Crosby,00-0025580
2022_07_GB_WAS,REG,7,WAS,,33.0,good,1.0,0.0,J.Slye,00-0035192
2022_07_GB_WAS,REG,7,WAS,missed,47.0,,0.0,1.0,J.Slye,00-0035192
2022_07_GB_WAS,REG,7,WAS,,33.0,good,1.0,0.0,J.Slye,00-0035192
2022_07_GB_WAS,REG,7,WAS,made,31.0,,0.0,1.0,J.Slye,00-0035192
2022_07_GB_WAS,REG,7,WAS,made,19.0,,0.0,1.0,J.Slye,00-0035192
2022_07_GB_WAS,REG,7,GB,,33.0,good,1.0,0.0,M.Crosby,00-0025580
2022_07_HOU_LV,REG,7,LV,made,50.0,,0.0,1.0,D.Carlson,00-0034161
2022_07_HOU_LV,REG,7,HOU,missed,39.0,,0.0,1.0,K.Fairbairn,00-0032726
2022_07_HOU_LV,REG,7,HOU,,33.0,good,1.0,0.0,K.Fairbairn,00-0032726
2022_07_HOU_LV,REG,7,HOU,made,55.0,,0.0,1.0,K.Fairbairn,00-0032726
2022_07_HOU_LV,REG,7,LV,,33.0,good,1.0,0.0,D.Carlson,00-0034161
2022_07_HOU_LV,REG,7,HOU,made,35.0,,0.0,1.0,K.Fairbairn,00-0032726
2022_07_HOU_LV,REG,7,LV,,33.0,good,1.0,0.0,D.Carlson,00-0034161
2022_07_HOU_LV,REG,7,HOU,,33.0,good,1.0,0.0,K.Fairbairn,00-0032726
2022_07_HOU_LV,REG,7,LV,,33.0,good,1.0,0.0,D.Carlson,00-0034161
2022_07_HOU_LV,REG,7,LV,,33.0,good,1.0,0.0,D.Carlson,00-0034161
2022_07_HOU_LV,REG,7,LV,,33.0,good,1.0,0.0,D.Carlson,00-0034161
2022_07_IND_TEN,REG,7,TEN,made,27.0,,0.0,1.0,R.Bullock,00-0029421
2022_07_IND_TEN,REG,7,TEN,,33.0,good,1.0,0.0,R.Bullock,00-0029421
2022_07_IND_TEN,REG,7,TEN,made,28.0,,0.0,1.0,R.Bullock,00-0029421
2022_07_IND_TEN,REG,7,IND,,33.0,good,1.0,0.0,C.McLaughlin,00-0035358
2022_07_IND_TEN,REG,7,TEN,made,38.0,,0.0,1.0,R.Bullock,00-0029421
2022_07_IND_TEN,REG,7,IND,made,50.0,,0.0,1.0,C.McLaughlin,00-0035358
2022_07_IND_TEN,REG,7,TEN,made,48.0,,0.0,1.0,R.Bullock,00-0029421
2022_07_KC_SF,REG,7,SF,made,30.0,,0.0,1.0,R.Gould,00-0023252
2022_07_KC_SF,REG,7,SF,,33.0,good,1.0,0.0,R.Gould,00-0023252
2022_07_KC_SF,REG,7,KC,,33.0,good,1.0,0.0,H.Butker,00-0033303
2022_07_KC_SF,REG,7,SF,made,50.0,,0.0,1.0,R.Gould,00-0023252
2022_07_KC_SF,REG,7,KC,,33.0,good,1.0,0.0,H.Butker,00-0033303
2022_07_KC_SF,REG,7,KC,missed,39.0,,0.0,1.0,H.Butker,00-0033303
2022_07_KC_SF,REG,7,KC,,33.0,good,1.0,0.0,H.Butker,00-0033303
2022_07_KC_SF,REG,7,SF,made,49.0,,0.0,1.0,R.Gould,00-0023252
2022_07_KC_SF,REG,7,KC,,33.0,good,1.0,0.0,H.Butker,00-0033303
2022_07_KC_SF,REG,7,SF,,33.0,good,1.0,0.0,R.Gould,00-0023252
2022_07_KC_SF,REG,7,KC,,33.0,good,1.0,0.0,H.Butker,00-0033303
2022_07_KC_SF,REG,7,KC,,33.0,good,1.0,0.0,H.Butker,00-0033303
2022_07_NO_ARI,REG,7,NO,,33.0,good,1.0,0.0,W.Lutz,00-0032569
2022_07_NO_ARI,REG,7,ARI,made,50.0,,0.0,1.0,R.Blankenship,00-0035849
2022_07_NO_ARI,REG,7,ARI,made,28.0,,0.0,1.0,R.Blankenship,00-0035849
2022_07_NO_ARI,REG,7,NO,,33.0,good,1.0,0.0,W.Lutz,00-0032569
2022_07_NO_ARI,REG,7,ARI,,33.0,failed,1.0,0.0,R.Blankenship,00-0035849
2022_07_NO_ARI,REG,7,NO,made,25.0,,0.0,1.0,W.Lutz,00-0032569
2022_07_NO_ARI,REG,7,ARI,,33.0,good,1.0,0.0,R.Blankenship,00-0035849
2022_07_NO_ARI,REG,7,NO,,33.0,good,1.0,0.0,W.Lutz,00-0032569
2022_07_NO_ARI,REG,7,ARI,,33.0,good,1.0,0.0,R.Blankenship,00-0035849
2022_07_NO_ARI,REG,7,NO,,33.0,good,1.0,0.0,W.Lutz,00-0032569
2022_07_NO_ARI,REG,7,NO,made,45.0,,0.0,1.0,W.Lutz,00-0032569
2022_07_NYG_JAX,REG,7,NYG,,33.0,good,1.0,0.0,G.Gano,00-0026858
2022_07_NYG_JAX,REG,7,JAX,made,27.0,,0.0,1.0,R.Patterson,00-0036816
2022_07_NYG_JAX,REG,7,NYG,made,33.0,,0.0,1.0,G.Gano,00-0026858
2022_07_NYG_JAX,REG,7,NYG,made,33.0,,0.0,1.0,G.Gano,00-0026858
2022_07_NYG_JAX,REG,7,JAX,,38.0,blocked,1.0,0.0,R.Patterson,00-0036816
2022_07_NYG_JAX,REG,7,NYG,,33.0,good,1.0,0.0,G.Gano,00-0026858
2022_07_NYG_JAX,REG,7,NYG,made,34.0,,0.0,1.0,G.Gano,00-0026858
2022_07_NYJ_DEN,REG,7,NYJ,,33.0,good,1.0,0.0,G.Zuerlein,00-0029621
2022_07_NYJ_DEN,REG,7,DEN,,33.0,failed,1.0,0.0,B.McManus,00-0029822
2022_07_NYJ_DEN,REG,7,DEN,missed,56.0,,0.0,1.0,B.McManus,00-0029822
2022_07_NYJ_DEN,REG,7,DEN,made,44.0,,0.0,1.0,B.McManus,00-0029822
2022_07_NYJ_DEN,REG,7,NYJ,made,45.0,,0.0,1.0,G.Zuerlein,00-0029621
2022_07_NYJ_DEN,REG,7,NYJ,made,33.0,,0.0,1.0,G.Zuerlein,00-0029621
2022_07_NYJ_DEN,REG,7,NYJ,made,40.0,,0.0,1.0,G.Zuerlein,00-0029621
2022_07_PIT_MIA,REG,7,MIA,,33.0,good,1.0,0.0,J.Sanders,00-0034794
2022_07_PIT_MIA,REG,7,MIA,made,24.0,,0.0,1.0,J.Sanders,00-0034794
2022_07_PIT_MIA,REG,7,MIA,made,42.0,,0.0,1.0,J.Sanders,00-0034794
2022_07_PIT_MIA,REG,7,PIT,made,45.0,,0.0,1.0,C.Boswell,00-0031136
2022_07_PIT_MIA,REG,7,PIT,,33.0,good,1.0,0.0,C.Boswell,00-0031136
2022_07_PIT_MIA,REG,7,MIA,made,47.0,,0.0,1.0,J.Sanders,00-0034794
2022_07_SEA_LAC,REG,7,SEA,,33.0,good,1.0,0.0,J.Myers,00-0031492
2022_07_SEA_LAC,REG,7,SEA,,33.0,good,1.0,0.0,J.Myers,00-0031492
2022_07_SEA_LAC,REG,7,SEA,made,46.0,,0.0,1.0,J.Myers,00-0031492
2022_07_SEA_LAC,REG,7,LAC,,33.0,good,1.0,0.0,T.Bertolet,00-0032669
2022_07_SEA_LAC,REG,7,LAC,,33.0,good,1.0,0.0,T.Bertolet,00-0032669
2022_07_SEA_LAC,REG,7,SEA,,33.0,good,1.0,0.0,J.Myers,00-0031492
2022_07_SEA_LAC,REG,7,SEA,made,34.0,,0.0,1.0,J.Myers,00-0031492
2022_07_SEA_LAC,REG,7,SEA,made,50.0,,0.0,1.0,J.Myers,00-0031492
2022_07_SEA_LAC,REG,7,SEA,,33.0,good,1.0,0.0,J.Myers,00-0031492
2022_07_SEA_LAC,REG,7,LAC,,33.0,good,1.0,0.0,T.Bertolet,00-0032669
2022_07_TB_CAR,REG,7,CAR,,33.0,good,1.0,0.0,E.Pineiro,00-0034173
2022_07_TB_CAR,REG,7,CAR,,33.0,good,1.0,0.0,E.Pineiro,00-0034173
2022_07_TB_CAR,REG,7,TB,made,27.0,,0.0,1.0,R.Succop,00-0026968
2022_07_TB_CAR,REG,7,CAR,,33.0,good,1.0,0.0,E.Pineiro,00-0034173
2022_08_ARI_MIN,REG,8,MIN,,33.0,good,1.0,0.0,G.Joseph,00-0034450
2022_08_ARI_MIN,REG,8,ARI,made,44.0,,0.0,1.0,M.Prater,00-0023853
2022_08_ARI_MIN,REG,8,MIN,,33.0,good,1.0,0.0,G.Joseph,00-0034450
2022_08_ARI_MIN,REG,8,ARI,,33.0,good,1.0,0.0,M.Prater,00-0023853
2022_08_ARI_MIN,REG,8,MIN,blocked,56.0,,0.0,1.0,G.Joseph,00-0034450
2022_08_ARI_MIN,REG,8,ARI,,33.0,good,1.0,0.0,M.Prater,00-0023853
2022_08_ARI_MIN,REG,8,MIN,,33.0,good,1.0,0.0,G.Joseph,00-0034450
2022_08_ARI_MIN,REG,8,MIN,,33.0,good,1.0,0.0,G.Joseph,00-0034450
2022_08_ARI_MIN,REG,8,ARI,made,34.0,,0.0,1.0,M.Prater,00-0023853
2022_08_ARI_MIN,REG,8,MIN,,33.0,failed,1.0,0.0,G.Joseph,00-0034450
2022_08_BAL_TB,REG,8,BAL,made,22.0,,0.0,1.0,J.Tucker,00-0029597
2022_08_BAL_TB,REG,8,TB,,33.0,good,1.0,0.0,R.Succop,00-0026968
2022_08_BAL_TB,REG,8,TB,made,31.0,,0.0,1.0,R.Succop,00-0026968
2022_08_BAL_TB,REG,8,BAL,blocked,61.0,,0.0,1.0,J.Tucker,00-0029597
2022_08_BAL_TB,REG,8,BAL,,33.0,good,1.0,0.0,J.Tucker,00-0029597
2022_08_BAL_TB,REG,8,BAL,,33.0,good,1.0,0.0,J.Tucker,00-0029597
2022_08_BAL_TB,REG,8,TB,made,30.0,,0.0,1.0,R.Succop,00-0026968
2022_08_BAL_TB,REG,8,BAL,,33.0,good,1.0,0.0,J.Tucker,00-0029597
2022_08_BAL_TB,REG,8,TB,made,26.0,,0.0,1.0,R.Succop,00-0026968
2022_08_BAL_TB,REG,8,BAL,made,30.0,,0.0,1.0,J.Tucker,00-0029597
2022_08_CAR_ATL,REG,8,CAR,made,37.0,,0.0,1.0,E.Pineiro,00-0034173
2022_08_CAR_ATL,REG,8,ATL,,33.0,good,1.0,0.0,Y.Koo,00-0033702
2022_08_CAR_ATL,REG,8,CAR,,33.0,good,1.0,0.0,E.Pineiro,00-0034173
2022_08_CAR_ATL,REG,8,ATL,,33.0,good,1.0,0.0,Y.Koo,00-0033702
2022_08_CAR_ATL,REG,8,CAR,made,42.0,,0.0,1.0,E.Pineiro,00-0034173
2022_08_CAR_ATL,REG,8,ATL,,33.0,good,1.0,0.0,Y.Koo,00-0033702
2022_08_CAR_ATL,REG,8,ATL,made,30.0,,0.0,1.0,Y.Koo,00-0033702
2022_08_CAR_ATL,REG,8,CAR,,33.0,good,1.0,0.0,E.Pineiro,00-0034173
2022_08_CAR_ATL,REG,8,ATL,,33.0,good,1.0,0.0,Y.Koo,00-0033702
2022_08_CAR_ATL,REG,8,ATL,made,34.0,,0.0,1.0,Y.Koo,00-0033702
2022_08_CAR_ATL,REG,8,CAR,,48.0,failed,1.0,0.0,E.Pineiro,00-0034173
2022_08_CAR_ATL,REG,8,CAR,missed,32.0,,0.0,1.0,E.Pineiro,00-0034173
2022_08_CAR_ATL,REG,8,ATL,made,41.0,,0.0,1.0,Y.Koo,00-0033702
2022_08_CHI_DAL,REG,8,DAL,,33.0,good,1.0,0.0,B.Maher,00-0030332
2022_08_CHI_DAL,REG,8,DAL,,33.0,good,1.0,0.0,B.Maher,00-0030332
2022_08_CHI_DAL,REG,8,CHI,,33.0,good,1.0,0.0,C.Santos,00-0031203
2022_08_CHI_DAL,REG,8,DAL,,33.0,good,1.0,0.0,B.Maher,00-0030332
2022_08_CHI_DAL,REG,8,DAL,,33.0,good,1.0,0.0,B.Maher,00-0030332
2022_08_CHI_DAL,REG,8,CHI,,33.0,good,1.0,0.0,C.Santos,00-0031203
2022_08_CHI_DAL,REG,8,CHI,made,36.0,,0.0,1.0,C.Santos,00-0031203
2022_08_CHI_DAL,REG,8,DAL,,33.0,good,1.0,0.0,B.Maher,00-0030332
2022_08_CHI_DAL,REG,8,DAL,,33.0,good,1.0,0.0,B.Maher,00-0030332
2022_08_CHI_DAL,REG,8,DAL,,33.0,good,1.0,0.0,B.Maher,00-0030332
2022_08_CIN_CLE,REG,8,CLE,blocked,53.0,,0.0,1.0,C.York,00-0038097
2022_08_CIN_CLE,REG,8,CIN,missed,47.0,,0.0,1.0,E.McPherson,00-0036854
2022_08_CIN_CLE,REG,8,CLE,made,55.0,,0.0,1.0,C.York,00-0038097
2022_08_CIN_CLE,REG,8,CLE,,33.0,good,1.0,0.0,C.York,00-0038097
2022_08_CIN_CLE,REG,8,CLE,,33.0,good,1.0,0.0,C.York,00-0038097
2022_08_CIN_CLE,REG,8,CIN,,33.0,failed,1.0,0.0,E.McPherson,00-0036854
2022_08_CIN_CLE,REG,8,CLE,,33.0,good,1.0,0.0,C.York,00-0038097
2022_08_CIN_CLE,REG,8,CIN,,33.0,good,1.0,0.0,E.McPherson,00-0036854
2022_08_DEN_JAX,REG,8,JAX,,33.0,good,1.0,0.0,R.Patterson,00-0036816
2022_08_DEN_JAX,REG,8,JAX,made,37.0,,0.0,1.0,R.Patterson,00-0036816
2022_08_DEN_JAX,REG,8,DEN,,33.0,good,1.0,0.0,B.McManus,00-0029822
2022_08_DEN_JAX,REG,8,DEN,,33.0,good,1.0,0.0,B.McManus,00-0029822
2022_08_DEN_JAX,REG,8,JAX,,33.0,good,1.0,0.0,R.Patterson,00-0036816
2022_08_DEN_JAX,REG,8,DEN,,33.0,good,1.0,0.0,B.McManus,00-0029822
2022_08_GB_BUF,REG,8,BUF,,33.0,good,1.0,0.0,T.Bass,00-0036162
2022_08_GB_BUF,REG,8,BUF,,33.0,good,1.0,0.0,T.Bass,00-0036162
2022_08_GB_BUF,REG,8,GB,,33.0,good,1.0,0.0,M.Crosby,00-0025580
2022_08_GB_BUF,REG,8,BUF,,33.0,good,1.0,0.0,T.Bass,00-0036162
2022_08_GB_BUF,REG,8,BUF,made,42.0,,0.0,1.0,T.Bass,00-0036162
2022_08_GB_BUF,REG,8,GB,made,38.0,,0.0,1.0,M.Crosby,00-0025580
2022_08_GB_BUF,REG,8,BUF,made,38.0,,0.0,1.0,T.Bass,00-0036162
2022_08_GB_BUF,REG,8,GB,,33.0,good,1.0,0.0,M.Crosby,00-0025580
2022_08_GB_BUF,REG,8,GB,missed,55.0,,0.0,1.0,M.Crosby,00-0025580
2022_08_LV_NO,REG,8,NO,,33.0,good,1.0,0.0,W.Lutz,00-0032569
2022_08_LV_NO,REG,8,NO,made,37.0,,0.0,1.0,W.Lutz,00-0032569
2022_08_LV_NO,REG,8,NO,,33.0,good,1.0,0.0,W.Lutz,00-0032569
2022_08_LV_NO,REG,8,NO,missed,38.0,,0.0,1.0,W.Lutz,00-0032569
2022_08_LV_NO,REG,8,NO,,33.0,good,1.0,0.0,W.Lutz,00-0032569
2022_08_MIA_DET,REG,8,DET,,33.0,good,1.0,0.0,M.Badgley,00-0034084
2022_08_MIA_DET,REG,8,DET,,33.0,good,1.0,0.0,M.Badgley,00-0034084
2022_08_MIA_DET,REG,8,MIA,,33.0,good,1.0,0.0,J.Sanders,00-0034794
2022_08_MIA_DET,REG,8,DET,,33.0,good,1.0,0.0,M.Badgley,00-0034084
2022_08_MIA_DET,REG,8,MIA,,33.0,good,1.0,0.0,J.Sanders,00-0034794
2022_08_MIA_DET,REG,8,DET,made,42.0,,0.0,1.0,M.Badgley,00-0034084
2022_08_MIA_DET,REG,8,MIA,made,45.0,,0.0,1.0,J.Sanders,00-0034794
2022_08_MIA_DET,REG,8,DET,made,26.0,,0.0,1.0,M.Badgley,00-0034084
2022_08_MIA_DET,REG,8,MIA,,33.0,good,1.0,0.0,J.Sanders,00-0034794
2022_08_MIA_DET,REG,8,MIA,,33.0,good,1.0,0.0,J.Sanders,00-0034794
2022_08_NE_NYJ,REG,8,NYJ,made,28.0,,0.0,1.0,G.Zuerlein,00-0029621
2022_08_NE_NYJ,REG,8,NE,made,31.0,,0.0,1.0,N.Folk,00-0025565
2022_08_NE_NYJ,REG,8,NYJ,,33.0,good,1.0,0.0,G.Zuerlein,00-0029621
2022_08_NE_NYJ,REG,8,NE,made,42.0,,0.0,1.0,N.Folk,00-0025565
2022_08_NE_NYJ,REG,8,NE,,33.0,good,1.0,0.0,N.Folk,00-0025565
2022_08_NE_NYJ,REG,8,NYJ,missed,45.0,,0.0,1.0,G.Zuerlein,00-0029621
2022_08_NE_NYJ,REG,8,NE,made,49.0,,0.0,1.0,N.Folk,00-0025565
2022_08_NE_NYJ,REG,8,NE,made,45.0,,0.0,1.0,N.Folk,00-0025565
2022_08_NE_NYJ,REG,8,NE,made,52.0,,0.0,1.0,N.Folk,00-0025565
2022_08_NE_NYJ,REG,8,NYJ,,33.0,good,1.0,0.0,G.Zuerlein,00-0029621
2022_08_NYG_SEA,REG,8,SEA,,33.0,good,1.0,0.0,J.Myers,00-0031492
2022_08_NYG_SEA,REG,8,NYG,,33.0,good,1.0,0.0,G.Gano,00-0026858
2022_08_NYG_SEA,REG,8,SEA,made,35.0,,0.0,1.0,J.Myers,00-0031492
2022_08_NYG_SEA,REG,8,NYG,made,31.0,,0.0,1.0,G.Gano,00-0026858
2022_08_NYG_SEA,REG,8,SEA,made,51.0,,0.0,1.0,J.Myers,00-0031492
2022_08_NYG_SEA,REG,8,NYG,made,45.0,,0.0,1.0,G.Gano,00-0026858
2022_08_NYG_SEA,REG,8,SEA,,33.0,good,1.0,0.0,J.Myers,00-0031492
2022_08_NYG_SEA,REG,8,SEA,,33.0,good,1.0,0.0,J.Myers,00-0031492
2022_08_PIT_PHI,REG,8,PHI,,33.0,good,1.0,0.0,J.Elliott,00-0033787
2022_08_PIT_PHI,REG,8,PIT,,33.0,good,1.0,0.0,N.Sciba,00-0037645
2022_08_PIT_PHI,REG,8,PHI,,33.0,good,1.0,0.0,J.Elliott,00-0033787
2022_08_PIT_PHI,REG,8,PHI,,33.0,good,1.0,0.0,J.Elliott,00-0033787
2022_08_PIT_PHI,REG,8,PIT,made,38.0,,0.0,1.0,N.Sciba,00-0037645
2022_08_PIT_PHI,REG,8,PHI,,33.0,good,1.0,0.0,J.Elliott,00-0033787
2022_08_PIT_PHI,REG,8,PIT,made,29.0,,0.0,1.0,N.Sciba,00-0037645
2022_08_PIT_PHI,REG,8,PHI,,33.0,good,1.0,0.0,J.Elliott,00-0033787
2022_08_SF_LA,REG,8,LAR,,33.0,good,1.0,0.0,M.Gay,00-0035269
2022_08_SF_LA,REG,8,SF,,33.0,good,1.0,0.0,R.Gould,00-0023252
2022_08_SF_LA,REG,8,LAR,,33.0,good,1.0,0.0,M.Gay,00-0035269
2022_08_SF_LA,REG,8,SF,made,29.0,,0.0,1.0,R.Gould,00-0023252
2022_08_SF_LA,REG,8,SF,,33.0,good,1.0,0.0,R.Gould,00-0023252
2022_08_SF_LA,REG,8,SF,,33.0,good,1.0,0.0,R.Gould,00-0023252
2022_08_SF_LA,REG,8,SF,,33.0,good,1.0,0.0,R.Gould,00-0023252
2022_08_TEN_HOU,REG,8,TEN,missed,48.0,,0.0,1.0,R.Bullock,00-0029421
2022_08_TEN_HOU,REG,8,HOU,made,43.0,,0.0,1.0,K.Fairbairn,00-0032726
2022_08_TEN_HOU,REG,8,TEN,,33.0,good,1.0,0.0,R.Bullock,00-0029421
2022_08_TEN_HOU,REG,8,TEN,,33.0,good,1.0,0.0,R.Bullock,00-0029421
2022_08_TEN_HOU,REG,8,TEN,made,29.0,,0.0,1.0,R.Bullock,00-0029421
2022_08_TEN_HOU,REG,8,HOU,,33.0,good,1.0,0.0,K.Fairbairn,00-0032726
2022_08_WAS_IND,REG,8,IND,made,46.0,,0.0,1.0,C.McLaughlin,00-0035358
2022_08_WAS_IND,REG,8,WAS,,33.0,good,1.0,0.0,J.Slye,00-0035192
2022_08_WAS_IND,REG,8,IND,made,39.0,,0.0,1.0,C.McLaughlin,00-0035358
2022_08_WAS_IND,REG,8,IND,made,20.0,,0.0,1.0,C.McLaughlin,00-0035358
2022_08_WAS_IND,REG,8,IND,,33.0,good,1.0,0.0,C.McLaughlin,00-0035358
2022_08_WAS_IND,REG,8,WAS,made,28.0,,0.0,1.0,J.Slye,00-0035192
2022_08_WAS_IND,REG,8,WAS,,33.0,good,1.0,0.0,J.Slye,00-0035192
2022_09_BAL_NO,REG,9,BAL,,33.0,good,1.0,0.0,J.Tucker,00-0029597
2022_09_BAL_NO,REG,9,BAL,,33.0,good,1.0,0.0,J.Tucker,00-0029597
2022_09_BAL_NO,REG,9,NO,made,33.0,,0.0,1.0,W.Lutz,00-0032569
2022_09_BAL_NO,REG,9,BAL,made,32.0,,0.0,1.0,J.Tucker,00-0029597
2022_09_BAL_NO,REG,9,NO,made,37.0,,0.0,1.0,W.Lutz,00-0032569
2022_09_BAL_NO,REG,9,BAL,made,41.0,,0.0,1.0,J.Tucker,00-0029597
2022_09_BAL_NO,REG,9,BAL,,33.0,good,1.0,0.0,J.Tucker,00-0029597
2022_09_BAL_NO,REG,9,NO,,33.0,good,1.0,0.0,W.Lutz,00-0032569
2022_09_BUF_NYJ,REG,9,BUF,,33.0,good,1.0,0.0,T.Bass,00-0036162
2022_09_BUF_NYJ,REG,9,NYJ,made,53.0,,0.0,1.0,G.Zuerlein,00-0029621
2022_09_BUF_NYJ,REG,9,BUF,,33.0,good,1.0,0.0,T.Bass,00-0036162
2022_09_BUF_NYJ,REG,9,NYJ,,33.0,good,1.0,0.0,G.Zuerlein,00-0029621
2022_09_BUF_NYJ,REG,9,BUF,missed,55.0,,0.0,1.0,T.Bass,00-0036162
2022_09_BUF_NYJ,REG,9,NYJ,,33.0,good,1.0,0.0,G.Zuerlein,00-0029621
2022_09_BUF_NYJ,REG,9,BUF,made,51.0,,0.0,1.0,T.Bass,00-0036162
2022_09_BUF_NYJ,REG,9,NYJ,made,28.0,,0.0,1.0,G.Zuerlein,00-0029621
2022_09_CAR_CIN,REG,9,CIN,,33.0,good,1.0,0.0,E.McPherson,00-0036854
2022_09_CAR_CIN,REG,9,CIN,,33.0,good,1.0,0.0,E.McPherson,00-0036854
2022_09_CAR_CIN,REG,9,CIN,,33.0,good,1.0,0.0,E.McPherson,00-0036854
2022_09_CAR_CIN,REG,9,CIN,,33.0,good,1.0,0.0,E.McPherson,00-0036854
2022_09_CAR_CIN,REG,9,CIN,,33.0,good,1.0,0.0,E.McPherson,00-0036854
2022_09_CAR_CIN,REG,9,CAR,,33.0,good,1.0,0.0,E.Pineiro,00-0034173
2022_09_CAR_CIN,REG,9,CIN,,33.0,good,1.0,0.0,E.McPherson,00-0036854
2022_09_CAR_CIN,REG,9,CAR,,33.0,good,1.0,0.0,E.Pineiro,00-0034173
2022_09_CAR_CIN,REG,9,CIN,missed,48.0,,0.0,1.0,E.McPherson,00-0036854
2022_09_CAR_CIN,REG,9,CAR,,33.0,good,1.0,0.0,E.Pineiro,00-0034173
2022_09_GB_DET,REG,9,DET,,33.0,good,1.0,0.0,M.Badgley,00-0034084
2022_09_GB_DET,REG,9,GB,made,25.0,,0.0,1.0,M.Crosby,00-0025580
2022_09_IND_NE,REG,9,NE,made,49.0,,0.0,1.0,N.Folk,00-0025565
2022_09_IND_NE,REG,9,NE,made,43.0,,0.0,1.0,N.Folk,00-0025565
2022_09_IND_NE,REG,9,NE,,33.0,good,1.0,0.0,N.Folk,00-0025565
2022_09_IND_NE,REG,9,IND,missed,39.0,,0.0,1.0,C.McLaughlin,00-0035358
2022_09_IND_NE,REG,9,IND,made,40.0,,0.0,1.0,C.McLaughlin,00-0035358
2022_09_IND_NE,REG,9,NE,made,43.0,,0.0,1.0,N.Folk,00-0025565
2022_09_IND_NE,REG,9,NE,made,28.0,,0.0,1.0,N.Folk,00-0025565
2022_09_IND_NE,REG,9,NE,,33.0,good,1.0,0.0,N.Folk,00-0025565
2022_09_LAC_ATL,REG,9,ATL,,33.0,good,1.0,0.0,Y.Koo,00-0033702
2022_09_LAC_ATL,REG,9,ATL,made,29.0,,0.0,1.0,Y.Koo,00-0033702
2022_09_LAC_ATL,REG,9,LAC,,33.0,good,1.0,0.0,C.Dicker,00-0037224
2022_09_LAC_ATL,REG,9,LAC,,33.0,good,1.0,0.0,C.Dicker,00-0037224
2022_09_LAC_ATL,REG,9,ATL,,33.0,good,1.0,0.0,Y.Koo,00-0033702
2022_09_LAC_ATL,REG,9,ATL,missed,50.0,,0.0,1.0,Y.Koo,00-0033702
2022_09_LAC_ATL,REG,9,LAC,made,31.0,,0.0,1.0,C.Dicker,00-0037224
2022_09_LAC_ATL,REG,9,LAC,made,37.0,,0.0,1.0,C.Dicker,00-0037224
2022_09_LA_TB,REG,9,TB,made,20.0,,0.0,1.0,R.Succop,00-0026968
2022_09_LA_TB,REG,9,LAR,,33.0,good,1.0,0.0,M.Gay,00-0035269
2022_09_LA_TB,REG,9,TB,blocked,52.0,,0.0,1.0,R.Succop,00-0026968
2022_09_LA_TB,REG,9,TB,made,38.0,,0.0,1.0,R.Succop,00-0026968
2022_09_LA_TB,REG,9,LAR,made,26.0,,0.0,1.0,M.Gay,00-0035269
2022_09_LA_TB,REG,9,LAR,made,35.0,,0.0,1.0,M.Gay,00-0035269
2022_09_LA_TB,REG,9,TB,made,50.0,,0.0,1.0,R.Succop,00-0026968
2022_09_LA_TB,REG,9,TB,,33.0,good,1.0,0.0,R.Succop,00-0026968
2022_09_LV_JAX,REG,9,LV,,33.0,good,1.0,0.0,D.Carlson,00-0034161
2022_09_LV_JAX,REG,9,LV,made,38.0,,0.0,1.0,D.Carlson,00-0034161
2022_09_LV_JAX,REG,9,LV,,33.0,good,1.0,0.0,D.Carlson,00-0034161
2022_09_LV_JAX,REG,9,JAX,,33.0,good,1.0,0.0,R.Patterson,00-0036816
2022_09_LV_JAX,REG,9,LV,made,38.0,,0.0,1.0,D.Carlson,00-0034161
2022_09_LV_JAX,REG,9,JAX,made,44.0,,0.0,1.0,R.Patterson,00-0036816
2022_09_LV_JAX,REG,9,JAX,,33.0,good,1.0,0.0,R.Patterson,00-0036816
2022_09_LV_JAX,REG,9,JAX,,33.0,good,1.0,0.0,R.Patterson,00-0036816
2022_09_LV_JAX,REG,9,JAX,missed,41.0,,0.0,1.0,R.Patterson,00-0036816
2022_09_LV_JAX,REG,9,JAX,made,48.0,,0.0,1.0,R.Patterson,00-0036816
2022_09_MIA_CHI,REG,9,CHI,made,32.0,,0.0,1.0,C.Santos,00-0031203
2022_09_MIA_CHI,REG,9,MIA,,33.0,good,1.0,0.0,J.Sanders,00-0034794
2022_09_MIA_CHI,REG,9,CHI,,33.0,good,1.0,0.0,C.Santos,00-0031203
2022_09_MIA_CHI,REG,9,MIA,,33.0,good,1.0,0.0,J.Sanders,00-0034794
2022_09_MIA_CHI,REG,9,MIA,,33.0,good,1.0,0.0,J.Sanders,00-0034794
2022_09_MIA_CHI,REG,9,CHI,,33.0,good,1.0,0.0,C.Santos,00-0031203
2022_09_MIA_CHI,REG,9,MIA,missed,29.0,,0.0,1.0,J.Sanders,00-0034794
2022_09_MIA_CHI,REG,9,MIA,,33.0,good,1.0,0.0,J.Sanders,00-0034794
2022_09_MIA_CHI,REG,9,MIA,,33.0,good,1.0,0.0,J.Sanders,00-0034794
2022_09_MIA_CHI,REG,9,CHI,,33.0,good,1.0,0.0,C.Santos,00-0031203
2022_09_MIN_WAS,REG,9,MIN,,33.0,good,1.0,0.0,G.Joseph,00-0034450
2022_09_MIN_WAS,REG,9,WAS,made,44.0,,0.0,1.0,J.Slye,00-0035192
2022_09_MIN_WAS,REG,9,WAS,,33.0,good,1.0,0.0,J.Slye,00-0035192
2022_09_MIN_WAS,REG,9,WAS,,33.0,good,1.0,0.0,J.Slye,00-0035192
2022_09_MIN_WAS,REG,9,MIN,made,25.0,,0.0,1.0,G.Joseph,00-0034450
2022_09_MIN_WAS,REG,9,MIN,,33.0,good,1.0,0.0,G.Joseph,00-0034450
2022_09_MIN_WAS,REG,9,MIN,made,28.0,,0.0,1.0,G.Joseph,00-0034450
2022_09_PHI_HOU,REG,9,HOU,,33.0,good,1.0,0.0,K.Fairbairn,00-0032726
2022_09_PHI_HOU,REG,9,PHI,,33.0,good,1.0,0.0,J.Elliott,00-0033787
2022_09_PHI_HOU,REG,9,PHI,,33.0,good,1.0,0.0,J.Elliott,00-0033787
2022_09_PHI_HOU,REG,9,HOU,,33.0,good,1.0,0.0,K.Fairbairn,00-0032726
2022_09_PHI_HOU,REG,9,PHI,missed,54.0,,0.0,1.0,J.Elliott,00-0033787
2022_09_PHI_HOU,REG,9,PHI,,33.0,good,1.0,0.0,J.Elliott,00-0033787
2022_09_PHI_HOU,REG,9,HOU,made,30.0,,0.0,1.0,K.Fairbairn,00-0032726
2022_09_SEA_ARI,REG,9,SEA,made,49.0,,0.0,1.0,J.Myers,00-0031492
2022_09_SEA_ARI,REG,9,ARI,,33.0,good,1.0,0.0,M.Prater,00-0023853
2022_09_SEA_ARI,REG,9,SEA,,33.0,good,1.0,0.0,J.Myers,00-0031492
2022_09_SEA_ARI,REG,9,ARI,,33.0,good,1.0,0.0,M.Prater,00-0023853
2022_09_SEA_ARI,REG,9,SEA,,33.0,good,1.0,0.0,J.Myers,00-0031492
2022_09_SEA_ARI,REG,9,SEA,,33.0,good,1.0,0.0,J.Myers,00-0031492
2022_09_SEA_ARI,REG,9,ARI,,33.0,good,1.0,0.0,M.Prater,00-0023853
2022_09_SEA_ARI,REG,9,SEA,,33.0,good,1.0,0.0,J.Myers,00-0031492
2022_09_TEN_KC,REG,9,KC,made,23.0,,0.0,1.0,H.Butker,00-0033303
2022_09_TEN_KC,REG,9,KC,,33.0,failed,1.0,0.0,H.Butker,00-0033303
2022_09_TEN_KC,REG,9,TEN,,33.0,good,1.0,0.0,R.Bullock,00-0029421
2022_09_TEN_KC,REG,9,TEN,,33.0,good,1.0,0.0,R.Bullock,00-0029421
2022_09_TEN_KC,REG,9,TEN,made,44.0,,0.0,1.0,R.Bullock,00-0029421
2022_09_TEN_KC,REG,9,KC,missed,47.0,,0.0,1.0,H.Butker,00-0033303
2022_09_TEN_KC,REG,9,KC,made,28.0,,0.0,1.0,H.Butker,00-0033303
2022_10_ARI_LA,REG,10,LAR,made,36.0,,0.0,1.0,M.Gay,00-0035269
2022_10_ARI_LA,REG,10,ARI,made,36.0,,0.0,1.0,T.Vizcaino,00-0034909
2022_10_ARI_LA,REG,10,ARI,,38.0,good,1.0,0.0,T.Vizcaino,00-0034909
2022_10_ARI_LA,REG,10,ARI,,33.0,good,1.0,0.0,T.Vizcaino,00-0034909
2022_10_ARI_LA,REG,10,LAR,,33.0,good,1.0,0.0,M.Gay,00-0035269
2022_10_ARI_LA,REG,10,ARI,,33.0,good,1.0,0.0,T.Vizcaino,00-0034909
2022_10_ARI_LA,REG,10,ARI,made,46.0,,0.0,1.0,T.Vizcaino,00-0034909
2022_10_ARI_LA,REG,10,LAR,,33.0,good,1.0,0.0,M.Gay,00-0035269
2022_10_ATL_CAR,REG,10,CAR,made,46.0,,0.0,1.0,E.Pineiro,00-0034173
2022_10_ATL_CAR,REG,10,CAR,,33.0,good,1.0,0.0,E.Pineiro,00-0034173
2022_10_ATL_CAR,REG,10,CAR,made,49.0,,0.0,1.0,E.Pineiro,00-0034173
2022_10_ATL_CAR,REG,10,ATL,made,33.0,,0.0,1.0,Y.Koo,00-0033702
2022_10_ATL_CAR,REG,10,ATL,,33.0,failed,1.0,0.0,Y.Koo,00-0033702
2022_10_ATL_CAR,REG,10,CAR,,33.0,failed,1.0,0.0,E.Pineiro,00-0034173
2022_10_ATL_CAR,REG,10,CAR,made,40.0,,0.0,1.0,E.Pineiro,00-0034173
2022_10_ATL_CAR,REG,10,ATL,,33.0,blocked,1.0,0.0,Y.Koo,00-0033702
2022_10_ATL_CAR,REG,10,CAR,made,37.0,,0.0,1.0,E.Pineiro,00-0034173
2022_10_CLE_MIA,REG,10,CLE,,33.0,good,1.0,0.0,C.York,00-0038097
2022_10_CLE_MIA,REG,10,MIA,,33.0,good,1.0,0.0,J.Sanders,00-0034794
2022_10_CLE_MIA,REG,10,MIA,made,39.0,,0.0,1.0,J.Sanders,00-0034794
2022_10_CLE_MIA,REG,10,MIA,,33.0,good,1.0,0.0,J.Sanders,00-0034794
2022_10_CLE_MIA,REG,10,MIA,,33.0,good,1.0,0.0,J.Sanders,00-0034794
2022_10_CLE_MIA,REG,10,CLE,made,37.0,,0.0,1.0,C.York,00-0038097
2022_10_CLE_MIA,REG,10,MIA,,33.0,failed,1.0,0.0,J.Sanders,00-0034794
2022_10_CLE_MIA,REG,10,CLE,,33.0,good,1.0,0.0,C.York,00-0038097
2022_10_CLE_MIA,REG,10,MIA,made,33.0,,0.0,1.0,J.Sanders,00-0034794
2022_10_CLE_MIA,REG,10,MIA,,33.0,failed,1.0,0.0,J.Sanders,00-0034794
2022_10_DAL_GB,REG,10,GB,missed,54.0,,0.0,1.0,M.Crosby,00-0025580
2022_10_DAL_GB,REG,10,DAL,,33.0,good,1.0,0.0,B.Maher,00-0030332
2022_10_DAL_GB,REG,10,GB,,33.0,good,1.0,0.0,M.Crosby,00-0025580
2022_10_DAL_GB,REG,10,GB,,33.0,good,1.0,0.0,M.Crosby,00-0025580
2022_10_DAL_GB,REG,10,DAL,,33.0,good,1.0,0.0,B.Maher,00-0030332
2022_10_DAL_GB,REG,10,DAL,,33.0,good,1.0,0.0,B.Maher,00-0030332
2022_10_DAL_GB,REG,10,DAL,,33.0,good,1.0,0.0,B.Maher,00-0030332
2022_10_DAL_GB,REG,10,GB,,33.0,good,1.0,0.0,M.Crosby,00-0025580
2022_10_DAL_GB,REG,10,GB,,33.0,good,1.0,0.0,M.Crosby,00-0025580
2022_10_DAL_GB,REG,10,GB,made,28.0,,0.0,1.0,M.Crosby,00-0025580
2022_10_DEN_TEN,REG,10,DEN,,33.0,good,1.0,0.0,B.McManus,00-0029822
2022_10_DEN_TEN,REG,10,DEN,made,39.0,,0.0,1.0,B.McManus,00-0029822
2022_10_DEN_TEN,REG,10,TEN,,33.0,good,1.0,0.0,R.Bullock,00-0029421
2022_10_DEN_TEN,REG,10,TEN,,33.0,good,1.0,0.0,R.Bullock,00-0029421
2022_10_DEN_TEN,REG,10,TEN,made,35.0,,0.0,1.0,R.Bullock,00-0029421
2022_10_DET_CHI,REG,10,CHI,made,33.0,,0.0,1.0,C.Santos,00-0031203
2022_10_DET_CHI,REG,10,DET,made,25.0,,0.0,1.0,M.Badgley,00-0034084
2022_10_DET_CHI,REG,10,DET,,33.0,good,1.0,0.0,M.Badgley,00-0034084
2022_10_DET_CHI,REG,10,CHI,,33.0,good,1.0,0.0,C.Santos,00-0031203
2022_10_DET_CHI,REG,10,CHI,,33.0,good,1.0,0.0,C.Santos,00-0031203
2022_10_DET_CHI,REG,10,CHI,,33.0,good,1.0,0.0,C.Santos,00-0031203
2022_10_DET_CHI,REG,10,DET,,33.0,good,1.0,0.0,M.Badgley,00-0034084
2022_10_DET_CHI,REG,10,DET,,33.0,good,1.0,0.0,M.Badgley,00-0034084
2022_10_DET_CHI,REG,10,CHI,,33.0,failed,1.0,0.0,C.Santos,00-0031203
2022_10_DET_CHI,REG,10,DET,,33.0,good,1.0,0.0,M.Badgley,00-0034084
2022_10_HOU_NYG,REG,10,NYG,,33.0,good,1.0,0.0,G.Gano,00-0026858
2022_10_HOU_NYG,REG,10,HOU,made,38.0,,0.0,1.0,K.Fairbairn,00-0032726
2022_10_HOU_NYG,REG,10,NYG,,33.0,good,1.0,0.0,G.Gano,00-0026858
2022_10_HOU_NYG,REG,10,HOU,,33.0,good,1.0,0.0,K.Fairbairn,00-0032726
2022_10_HOU_NYG,REG,10,NYG,,33.0,good,1.0,0.0,G.Gano,00-0026858
2022_10_HOU_NYG,REG,10,HOU,made,34.0,,0.0,1.0,K.Fairbairn,00-0032726
2022_10_HOU_NYG,REG,10,NYG,made,49.0,,0.0,1.0,G.Gano,00-0026858
2022_10_HOU_NYG,REG,10,HOU,made,46.0,,0.0,1.0,K.Fairbairn,00-0032726
2022_10_IND_LV,REG,10,IND,,33.0,good,1.0,0.0,C.McLaughlin,00-0035358
2022_10_IND_LV,REG,10,IND,made,48.0,,0.0,1.0,C.McLaughlin,00-0035358
2022_10_IND_LV,REG,10,LV,,33.0,good,1.0,0.0,D.Carlson,00-0034161
2022_10_IND_LV,REG,10,IND,made,48.0,,0.0,1.0,C.McLaughlin,00-0035358
2022_10_IND_LV,REG,10,IND,missed,48.0,,0.0,1.0,C.McLaughlin,00-0035358
2022_10_IND_LV,REG,10,LV,,33.0,good,1.0,0.0,D.Carlson,00-0034161
2022_10_JAX_KC,REG,10,KC,,33.0,good,1.0,0.0,H.Butker,00-0033303
2022_10_JAX_KC,REG,10,JAX,missed,51.0,,0.0,1.0,R.Patterson,00-0036816
2022_10_JAX_KC,REG,10,KC,,33.0,good,1.0,0.0,H.Butker,00-0033303
2022_10_JAX_KC,REG,10,KC,,33.0,failed,1.0,0.0,H.Butker,00-0033303
2022_10_JAX_KC,REG,10,JAX,,33.0,good,1.0,0.0,R.Patterson,00-0036816
2022_10_JAX_KC,REG,10,JAX,missed,41.0,,0.0,1.0,R.Patterson,00-0036816
2022_10_JAX_KC,REG,10,JAX,made,35.0,,0.0,1.0,R.Patterson,00-0036816
2022_10_JAX_KC,REG,10,KC,,33.0,good,1.0,0.0,H.Butker,00-0033303
2022_10_JAX_KC,REG,10,JAX,,33.0,good,1.0,0.0,R.Patterson,00-0036816
2022_10_LAC_SF,REG,10,LAC,,33.0,good,1.0,0.0,C.Dicker,00-0037224
2022_10_LAC_SF,REG,10,SF,made,20.0,,0.0,1.0,R.Gould,00-0023252
2022_10_LAC_SF,REG,10,LAC,made,47.0,,0.0,1.0,C.Dicker,00-0037224
2022_10_LAC_SF,REG,10,LAC,made,25.0,,0.0,1.0,C.Dicker,00-0037224
2022_10_LAC_SF,REG,10,SF,,33.0,good,1.0,0.0,R.Gould,00-0023252
2022_10_LAC_SF,REG,10,LAC,made,40.0,,0.0,1.0,C.Dicker,00-0037224
2022_10_LAC_SF,REG,10,SF,made,26.0,,0.0,1.0,R.Gould,00-0023252
2022_10_LAC_SF,REG,10,SF,,33.0,failed,1.0,0.0,R.Gould,00-0023252
2022_10_LAC_SF,REG,10,SF,made,20.0,,0.0,1.0,R.Gould,00-0023252
2022_10_MIN_BUF,REG,10,MIN,,33.0,good,1.0,0.0,G.Joseph,00-0034450
2022_10_MIN_BUF,REG,10,BUF,,33.0,good,1.0,0.0,T.Bass,00-0036162
2022_10_MIN_BUF,REG,10,BUF,,33.0,good,1.0,0.0,T.Bass,00-0036162
2022_10_MIN_BUF,REG,10,BUF,made,34.0,,0.0,1.0,T.Bass,00-0036162
2022_10_MIN_BUF,REG,10,MIN,made,27.0,,0.0,1.0,G.Joseph,00-0034450
2022_10_MIN_BUF,REG,10,BUF,,33.0,good,1.0,0.0,T.Bass,00-0036162
2022_10_MIN_BUF,REG,10,BUF,made,45.0,,0.0,1.0,T.Bass,00-0036162
2022_10_MIN_BUF,REG,10,MIN,,33.0,good,1.0,0.0,G.Joseph,00-0034450
2022_10_MIN_BUF,REG,10,MIN,,33.0,failed,1.0,0.0,G.Joseph,00-0034450
2022_10_MIN_BUF,REG,10,MIN,,33.0,good,1.0,0.0,G.Joseph,00-0034450
2022_10_MIN_BUF,REG,10,BUF,made,29.0,,0.0,1.0,T.Bass,00-0036162
2022_10_MIN_BUF,REG,10,MIN,made,33.0,,0.0,1.0,G.Joseph,00-0034450
2022_10_NO_PIT,REG,10,PIT,,33.0,good,1.0,0.0,M.Wright,00-0035189
2022_10_NO_PIT,REG,10,PIT,made,33.0,,0.0,1.0,M.Wright,00-0035189
2022_10_NO_PIT,REG,10,NO,made,44.0,,0.0,1.0,W.Lutz,00-0032569
2022_10_NO_PIT,REG,10,NO,,33.0,good,1.0,0.0,W.Lutz,00-0032569
2022_10_NO_PIT,REG,10,PIT,missed,39.0,,0.0,1.0,M.Wright,00-0035189
2022_10_NO_PIT,REG,10,PIT,made,33.0,,0.0,1.0,M.Wright,00-0035189
2022_10_NO_PIT,REG,10,PIT,,33.0,good,1.0,0.0,M.Wright,00-0035189
2022_10_NO_PIT,REG,10,PIT,missed,48.0,,0.0,1.0,M.Wright,00-0035189
2022_10_SEA_TB,REG,10,TB,missed,52.0,,0.0,1.0,R.Succop,00-0026968
2022_10_SEA_TB,REG,10,TB,,33.0,good,1.0,0.0,R.Succop,00-0026968
2022_10_SEA_TB,REG,10,TB,,33.0,good,1.0,0.0,R.Succop,00-0026968
2022_10_SEA_TB,REG,10,SEA,made,55.0,,0.0,1.0,J.Myers,00-0031492
2022_10_SEA_TB,REG,10,TB,,33.0,good,1.0,0.0,R.Succop,00-0026968
2022_10_SEA_TB,REG,10,SEA,,33.0,good,1.0,0.0,J.Myers,00-0031492
2022_10_WAS_PHI,REG,10,PHI,,33.0,good,1.0,0.0,J.Elliott,00-0033787
2022_10_WAS_PHI,REG,10,WAS,,33.0,good,1.0,0.0,J.Slye,00-0035192
2022_10_WAS_PHI,REG,10,PHI,,33.0,good,1.0,0.0,J.Elliott,00-0033787
2022_10_WAS_PHI,REG,10,WAS,made,44.0,,0.0,1.0,J.Slye,00-0035192
2022_10_WAS_PHI,REG,10,WAS,,33.0,good,1.0,0.0,J.Slye,00-0035192
2022_10_WAS_PHI,REG,10,WAS,made,58.0,,0.0,1.0,J.Slye,00-0035192
2022_10_WAS_PHI,REG,10,WAS,made,32.0,,0.0,1.0,J.Slye,00-0035192
2022_10_WAS_PHI,REG,10,PHI,,33.0,good,1.0,0.0,J.Elliott,00-0033787
2022_10_WAS_PHI,REG,10,WAS,made,55.0,,0.0,1.0,J.Slye,00-0035192
2022_11_CAR_BAL,REG,11,BAL,made,32.0,,0.0,1.0,J.Tucker,00-0029597
2022_11_CAR_BAL,REG,11,CAR,made,32.0,,0.0,1.0,E.Pineiro,00-0034173
2022_11_CAR_BAL,REG,11,BAL,made,37.0,,0.0,1.0,J.Tucker,00-0029597
2022_11_CAR_BAL,REG,11,BAL,,33.0,good,1.0,0.0,J.Tucker,00-0029597
2022_11_CHI_ATL,REG,11,ATL,,33.0,good,1.0,0.0,Y.Koo,00-0033702
2022_11_CHI_ATL,REG,11,CHI,,33.0,good,1.0,0.0,C.Santos,00-0031203
2022_11_CHI_ATL,REG,11,CHI,made,41.0,,0.0,1.0,C.Santos,00-0031203
2022_11_CHI_ATL,REG,11,CHI,,33.0,good,1.0,0.0,C.Santos,00-0031203
2022_11_CHI_ATL,REG,11,ATL,,33.0,good,1.0,0.0,Y.Koo,00-0033702
2022_11_CHI_ATL,REG,11,CHI,missed,56.0,,0.0,1.0,C.Santos,00-0031203
2022_11_CHI_ATL,REG,11,ATL,made,40.0,,0.0,1.0,Y.Koo,00-0033702
2022_11_CHI_ATL,REG,11,ATL,,33.0,good,1.0,0.0,Y.Koo,00-0033702
2022_11_CHI_ATL,REG,11,CHI,,33.0,good,1.0,0.0,C.Santos,00-0031203
2022_11_CHI_ATL,REG,11,ATL,made,53.0,,0.0,1.0,Y.Koo,00-0033702
2022_11_CIN_PIT,REG,11,CIN,made,45.0,,0.0,1.0,E.McPherson,00-0036854
2022_11_CIN_PIT,REG,11,PIT,made,42.0,,0.0,1.0,M.Wright,00-0035189
2022_11_CIN_PIT,REG,11,CIN,,33.0,good,1.0,0.0,E.McPherson,00-0036854
2022_11_CIN_PIT,REG,11,PIT,,33.0,good,1.0,0.0,M.Wright,00-0035189
2022_11_CIN_PIT,REG,11,CIN,,33.0,good,1.0,0.0,E.McPherson,00-0036854
2022_11_CIN_PIT,REG,11,PIT,,38.0,good,1.0,0.0,M.Wright,00-0035189
2022_11_CIN_PIT,REG,11,PIT,made,30.0,,0.0,1.0,M.Wright,00-0035189
2022_11_CIN_PIT,REG,11,CIN,,33.0,good,1.0,0.0,E.McPherson,00-0036854
2022_11_CIN_PIT,REG,11,PIT,made,34.0,,0.0,1.0,M.Wright,00-0035189
2022_11_CIN_PIT,REG,11,CIN,made,54.0,,0.0,1.0,E.McPherson,00-0036854
2022_11_CIN_PIT,REG,11,CIN,,33.0,good,1.0,0.0,E.McPherson,00-0036854
2022_11_CIN_PIT,REG,11,CIN,made,44.0,,0.0,1.0,E.McPherson,00-0036854
2022_11_CIN_PIT,REG,11,PIT,,33.0,good,1.0,0.0,M.Wright,00-0035189
2022_11_CLE_BUF,REG,11,CLE,,33.0,good,1.0,0.0,C.York,00-0038097
2022_11_CLE_BUF,REG,11,BUF,made,42.0,,0.0,1.0,T.Bass,00-0036162
2022_11_CLE_BUF,REG,11,CLE,made,32.0,,0.0,1.0,C.York,00-0038097
2022_11_CLE_BUF,REG,11,BUF,made,36.0,,0.0,1.0,T.Bass,00-0036162
2022_11_CLE_BUF,REG,11,BUF,,33.0,good,1.0,0.0,T.Bass,00-0036162
2022_11_CLE_BUF,REG,11,BUF,made,56.0,,0.0,1.0,T.Bass,00-0036162
2022_11_CLE_BUF,REG,11,CLE,blocked,34.0,,0.0,1.0,C.York,00-0038097
2022_11_CLE_BUF,REG,11,BUF,made,49.0,,0.0,1.0,T.Bass,00-0036162
2022_11_CLE_BUF,REG,11,BUF,made,28.0,,0.0,1.0,T.Bass,00-0036162
2022_11_CLE_BUF,REG,11,BUF,made,39.0,,0.0,1.0,T.Bass,00-0036162
2022_11_CLE_BUF,REG,11,CLE,,33.0,good,1.0,0.0,C.York,00-0038097
2022_11_DAL_MIN,REG,11,DAL,made,27.0,,0.0,1.0,B.Maher,00-0030332
2022_11_DAL_MIN,REG,11,MIN,made,25.0,,0.0,1.0,G.Joseph,00-0034450
2022_11_DAL_MIN,REG,11,DAL,,33.0,good,1.0,0.0,B.Maher,00-0030332
2022_11_DAL_MIN,REG,11,DAL,made,53.0,,0.0,1.0,B.Maher,00-0030332
2022_11_DAL_MIN,REG,11,DAL,,33.0,good,1.0,0.0,B.Maher,00-0030332
2022_11_DAL_MIN,REG,11,DAL,made,60.0,,0.0,1.0,B.Maher,00-0030332
2022_11_DAL_MIN,REG,11,DAL,,33.0,good,1.0,0.0,B.Maher,00-0030332
2022_11_DAL_MIN,REG,11,DAL,,33.0,good,1.0,0.0,B.Maher,00-0030332
2022_11_DAL_MIN,REG,11,DAL,made,50.0,,0.0,1.0,B.Maher,00-0030332
2022_11_DET_NYG,REG,11,DET,made,24.0,,0.0,1.0,M.Badgley,00-0034084
2022_11_DET_NYG,REG,11,NYG,,33.0,blocked,1.0,0.0,G.Gano,00-0026858
2022_11_DET_NYG,REG,11,DET,,33.0,good,1.0,0.0,M.Badgley,00-0034084
2022_11_DET_NYG,REG,11,DET,,33.0,good,1.0,0.0,M.Badgley,00-0034084
2022_11_DET_NYG,REG,11,DET,,33.0,good,1.0,0.0,M.Badgley,00-0034084
2022_11_DET_NYG,REG,11,NYG,,33.0,failed,1.0,0.0,G.Gano,00-0026858
2022_11_DET_NYG,REG,11,DET,,33.0,good,1.0,0.0,M.Badgley,00-0034084
2022_11_KC_LAC,REG,11,KC,made,33.0,,0.0,1.0,H.Butker,00-0033303
2022_11_KC_LAC,REG,11,LAC,,33.0,good,1.0,0.0,C.Dicker,00-0037224
2022_11_KC_LAC,REG,11,KC,made,52.0,,0.0,1.0,H.Butker,00-0033303
2022_11_KC_LAC,REG,11,LAC,made,46.0,,0.0,1.0,C.Dicker,00-0037224
2022_11_KC_LAC,REG,11,KC,,33.0,good,1.0,0.0,H.Butker,00-0033303
2022_11_KC_LAC,REG,11,LAC,,33.0,good,1.0,0.0,C.Dicker,00-0037224
2022_11_KC_LAC,REG,11,LAC,made,21.0,,0.0,1.0,C.Dicker,00-0037224
2022_11_KC_LAC,REG,11,KC,made,30.0,,0.0,1.0,H.Butker,00-0033303
2022_11_KC_LAC,REG,11,KC,,33.0,good,1.0,0.0,H.Butker,00-0033303
2022_11_KC_LAC,REG,11,LAC,,33.0,good,1.0,0.0,C.Dicker,00-0037224
2022_11_KC_LAC,REG,11,KC,,33.0,good,1.0,0.0,H.Butker,00-0033303
2022_11_LA_NO,REG,11,NO,made,46.0,,0.0,1.0,W.Lutz,00-0032569
2022_11_LA_NO,REG,11,LAR,,33.0,good,1.0,0.0,M.Gay,00-0035269
2022_11_LA_NO,REG,11,NO,,33.0,good,1.0,0.0,W.Lutz,00-0032569
2022_11_LA_NO,REG,11,LAR,,33.0,good,1.0,0.0,M.Gay,00-0035269
2022_11_LA_NO,REG,11,NO,,33.0,good,1.0,0.0,W.Lutz,00-0032569
2022_11_LA_NO,REG,11,NO,,33.0,good,1.0,0.0,W.Lutz,00-0032569
2022_11_LA_NO,REG,11,LAR,made,33.0,,0.0,1.0,M.Gay,00-0035269
2022_11_LA_NO,REG,11,NO,made,25.0,,0.0,1.0,W.Lutz,00-0032569
2022_11_LA_NO,REG,11,LAR,made,58.0,,0.0,1.0,M.Gay,00-0035269
2022_11_LV_DEN,REG,11,DEN,,33.0,good,1.0,0.0,B.McManus,00-0029822
2022_11_LV_DEN,REG,11,LV,missed,46.0,,0.0,1.0,D.Carlson,00-0034161
2022_11_LV_DEN,REG,11,DEN,made,48.0,,0.0,1.0,B.McManus,00-0029822
2022_11_LV_DEN,REG,11,LV,,33.0,good,1.0,0.0,D.Carlson,00-0034161
2022_11_LV_DEN,REG,11,DEN,blocked,25.0,,0.0,1.0,B.McManus,00-0029822
2022_11_LV_DEN,REG,11,LV,made,52.0,,0.0,1.0,D.Carlson,00-0034161
2022_11_LV_DEN,REG,11,DEN,made,52.0,,0.0,1.0,B.McManus,00-0029822
2022_11_LV_DEN,REG,11,LV,made,57.0,,0.0,1.0,D.Carlson,00-0034161
2022_11_LV_DEN,REG,11,DEN,made,48.0,,0.0,1.0,B.McManus,00-0029822
2022_11_LV_DEN,REG,11,LV,made,25.0,,0.0,1.0,D.Carlson,00-0034161
2022_11_NYJ_NE,REG,11,NE,made,24.0,,0.0,1.0,N.Folk,00-0025565
2022_11_NYJ_NE,REG,11,NYJ,made,45.0,,0.0,1.0,G.Zuerlein,00-0029621
2022_11_NYJ_NE,REG,11,NE,missed,44.0,,0.0,1.0,N.Folk,00-0025565
2022_11_NYJ_NE,REG,11,NE,missed,43.0,,0.0,1.0,N.Folk,00-0025565
2022_11_NYJ_NE,REG,11,NE,,33.0,good,1.0,0.0,N.Folk,00-0025565
2022_11_PHI_IND,REG,11,IND,,33.0,good,1.0,0.0,C.McLaughlin,00-0035358
2022_11_PHI_IND,REG,11,PHI,made,22.0,,0.0,1.0,J.Elliott,00-0033787
2022_11_PHI_IND,REG,11,IND,made,51.0,,0.0,1.0,C.McLaughlin,00-0035358
2022_11_PHI_IND,REG,11,IND,made,36.0,,0.0,1.0,C.McLaughlin,00-0035358
2022_11_PHI_IND,REG,11,IND,missed,50.0,,0.0,1.0,C.McLaughlin,00-0035358
2022_11_PHI_IND,REG,11,PHI,,33.0,good,1.0,0.0,J.Elliott,00-0033787
2022_11_PHI_IND,REG,11,IND,made,37.0,,0.0,1.0,C.McLaughlin,00-0035358
2022_11_PHI_IND,REG,11,PHI,,33.0,good,1.0,0.0,J.Elliott,00-0033787
2022_11_SF_ARI,REG,11,ARI,made,40.0,,0.0,1.0,M.Prater,00-0023853
2022_11_SF_ARI,REG,11,SF,,33.0,good,1.0,0.0,R.Gould,00-0023252
2022_11_SF_ARI,REG,11,SF,,33.0,good,1.0,0.0,R.Gould,00-0023252
2022_11_SF_ARI,REG,11,ARI,,33.0,good,1.0,0.0,M.Prater,00-0023853
2022_11_SF_ARI,REG,11,SF,made,39.0,,0.0,1.0,R.Gould,00-0023252
2022_11_SF_ARI,REG,11,SF,,33.0,good,1.0,0.0,R.Gould,00-0023252
2022_11_SF_ARI,REG,11,SF,,33.0,good,1.0,0.0,R.Gould,00-0023252
2022_11_SF_ARI,REG,11,SF,,33.0,good,1.0,0.0,R.Gould,00-0023252
2022_11_TEN_GB,REG,11,TEN,,33.0,good,1.0,0.0,J.Lambo,00-0032087
2022_11_TEN_GB,REG,11,GB,,33.0,blocked,1.0,0.0,M.Crosby,00-0025580
2022_11_TEN_GB,REG,11,TEN,,33.0,good,1.0,0.0,J.Lambo,00-0032087
2022_11_TEN_GB,REG,11,GB,made,39.0,,0.0,1.0,M.Crosby,00-0025580
2022_11_TEN_GB,REG,11,TEN,,33.0,failed,1.0,0.0,J.Lambo,00-0032087
2022_11_TEN_GB,REG,11,TEN,,33.0,good,1.0,0.0,J.Lambo,00-0032087
2022_11_WAS_HOU,REG,11,WAS,,38.0,good,1.0,0.0,J.Slye,00-0035192
2022_11_WAS_HOU,REG,11,WAS,,33.0,good,1.0,0.0,J.Slye,00-0035192
2022_11_WAS_HOU,REG,11,WAS,made,25.0,,0.0,1.0,J.Slye,00-0035192
2022_11_WAS_HOU,REG,11,WAS,made,24.0,,0.0,1.0,J.Slye,00-0035192
2022_11_WAS_HOU,REG,11,HOU,made,29.0,,0.0,1.0,K.Fairbairn,00-0032726
2022_11_WAS_HOU,REG,11,WAS,made,44.0,,0.0,1.0,J.Slye,00-0035192
2022_11_WAS_HOU,REG,11,HOU,,33.0,good,1.0,0.0,K.Fairbairn,00-0032726
2022_12_ATL_WAS,REG,12,ATL,made,47.0,,0.0,1.0,Y.Koo,00-0033702
2022_12_ATL_WAS,REG,12,WAS,,33.0,good,1.0,0.0,J.Slye,00-0035192
2022_12_ATL_WAS,REG,12,ATL,,33.0,good,1.0,0.0,Y.Koo,00-0033702
2022_12_ATL_WAS,REG,12,WAS,made,30.0,,0.0,1.0,J.Slye,00-0035192
2022_12_ATL_WAS,REG,12,ATL,missed,58.0,,0.0,1.0,Y.Koo,00-0033702
2022_12_ATL_WAS,REG,12,WAS,,33.0,failed,1.0,0.0,J.Slye,00-0035192
2022_12_ATL_WAS,REG,12,ATL,made,48.0,,0.0,1.0,Y.Koo,00-0033702
2022_12_ATL_WAS,REG,12,WAS,made,45.0,,0.0,1.0,J.Slye,00-0035192
2022_12_BAL_JAX,REG,12,BAL,made,27.0,,0.0,1.0,J.Tucker,00-0029597
2022_12_BAL_JAX,REG,12,BAL,made,29.0,,0.0,1.0,J.Tucker,00-0029597
2022_12_BAL_JAX,REG,12,JAX,,33.0,good,1.0,0.0,R.Patterson,00-0036816
2022_12_BAL_JAX,REG,12,BAL,made,55.0,,0.0,1.0,J.Tucker,00-0029597
2022_12_BAL_JAX,REG,12,JAX,made,22.0,,0.0,1.0,R.Patterson,00-0036816
2022_12_BAL_JAX,REG,12,BAL,made,24.0,,0.0,1.0,J.Tucker,00-0029597
2022_12_BAL_JAX,REG,12,BAL,,33.0,good,1.0,0.0,J.Tucker,00-0029597
2022_12_BAL_JAX,REG,12,JAX,,33.0,good,1.0,0.0,R.Patterson,00-0036816
2022_12_BAL_JAX,REG,12,JAX,made,29.0,,0.0,1.0,R.Patterson,00-0036816
2022_12_BAL_JAX,REG,12,BAL,missed,67.0,,0.0,1.0,J.Tucker,00-0029597
2022_12_BUF_DET,REG,12,DET,,33.0,good,1.0,0.0,M.Badgley,00-0034084
2022_12_BUF_DET,REG,12,BUF,,33.0,good,1.0,0.0,T.Bass,00-0036162
2022_12_BUF_DET,REG,12,BUF,,33.0,good,1.0,0.0,T.Bass,00-0036162
2022_12_BUF_DET,REG,12,DET,,33.0,good,1.0,0.0,M.Badgley,00-0034084
2022_12_BUF_DET,REG,12,BUF,made,47.0,,0.0,1.0,T.Bass,00-0036162
2022_12_BUF_DET,REG,12,DET,missed,29.0,,0.0,1.0,M.Badgley,00-0034084
2022_12_BUF_DET,REG,12,BUF,,33.0,failed,1.0,0.0,T.Bass,00-0036162
2022_12_BUF_DET,REG,12,DET,made,51.0,,0.0,1.0,M.Badgley,00-0034084
2022_12_BUF_DET,REG,12,BUF,made,45.0,,0.0,1.0,T.Bass,00-0036162
2022_12_CHI_NYJ,REG,12,NYJ,,33.0,good,1.0,0.0,G.Zuerlein,00-0029621
2022_12_CHI_NYJ,REG,12,CHI,made,22.0,,0.0,1.0,C.Santos,00-0031203
2022_12_CHI_NYJ,REG,12,CHI,,33.0,good,1.0,0.0,C.Santos,00-0031203
2022_12_CHI_NYJ,REG,12,NYJ,,33.0,good,1.0,0.0,G.Zuerlein,00-0029621
2022_12_CHI_NYJ,REG,12,NYJ,made,57.0,,0.0,1.0,G.Zuerlein,00-0029621
2022_12_CHI_NYJ,REG,12,NYJ,,33.0,good,1.0,0.0,G.Zuerlein,00-0029621
2022_12_CHI_NYJ,REG,12,NYJ,,33.0,good,1.0,0.0,G.Zuerlein,00-0029621
2022_12_CHI_NYJ,REG,12,NYJ,missed,53.0,,0.0,1.0,G.Zuerlein,00-0029621
2022_12_CIN_TEN,REG,12,TEN,made,33.0,,0.0,1.0,C.Shudak,00-0037606
2022_12_CIN_TEN,REG,12,CIN,made,47.0,,0.0,1.0,E.McPherson,00-0036854
2022_12_CIN_TEN,REG,12,TEN,,33.0,good,1.0,0.0,C.Shudak,00-0037606
2022_12_CIN_TEN,REG,12,CIN,,33.0,good,1.0,0.0,E.McPherson,00-0036854
2022_12_CIN_TEN,REG,12,TEN,missed,35.0,,0.0,1.0,C.Shudak,00-0037606
2022_12_CIN_TEN,REG,12,CIN,made,38.0,,0.0,1.0,E.McPherson,00-0036854
2022_12_CIN_TEN,REG,12,TEN,made,24.0,,0.0,1.0,C.Shudak,00-0037606
2022_12_CIN_TEN,REG,12,CIN,,33.0,good,1.0,0.0,E.McPherson,00-0036854
2022_12_CIN_TEN,REG,12,TEN,made,38.0,,0.0,1.0,C.Shudak,00-0037606
2022_12_DEN_CAR,REG,12,CAR,,33.0,good,1.0,0.0,E.Pineiro,00-0034173
2022_12_DEN_CAR,REG,12,DEN,made,27.0,,0.0,1.0,B.McManus,00-0029822
2022_12_DEN_CAR,REG,12,CAR,made,42.0,,0.0,1.0,E.Pineiro,00-0034173
2022_12_DEN_CAR,REG,12,DEN,missed,56.0,,0.0,1.0,B.McManus,00-0029822
2022_12_DEN_CAR,REG,12,CAR,,33.0,good,1.0,0.0,E.Pineiro,00-0034173
2022_12_DEN_CAR,REG,12,CAR,made,26.0,,0.0,1.0,E.Pineiro,00-0034173
2022_12_DEN_CAR,REG,12,CAR,made,36.0,,0.0,1.0,E.Pineiro,00-0034173
2022_12_DEN_CAR,REG,12,DEN,,33.0,good,1.0,0.0,B.McManus,00-0029822
2022_12_GB_PHI,REG,12,PHI,,33.0,good,1.0,0.0,J.Elliott,00-0033787
2022_12_GB_PHI,REG,12,PHI,,33.0,failed,1.0,0.0,J.Elliott,00-0033787
2022_12_GB_PHI,REG,12,GB,,33.0,good,1.0,0.0,M.Crosby,00-0025580
2022_12_GB_PHI,REG,12,GB,,33.0,good,1.0,0.0,M.Crosby,00-0025580
2022_12_GB_PHI,REG,12,PHI,,33.0,good,1.0,0.0,J.Elliott,00-0033787
2022_12_GB_PHI,REG,12,GB,,33.0,failed,1.0,0.0,M.Crosby,00-0025580
2022_12_GB_PHI,REG,12,PHI,,33.0,good,1.0,0.0,J.Elliott,00-0033787
2022_12_GB_PHI,REG,12,PHI,,33.0,good,1.0,0.0,J.Elliott,00-0033787
2022_12_GB_PHI,REG,12,GB,made,29.0,,0.0,1.0,M.Crosby,00-0025580
2022_12_GB_PHI,REG,12,PHI,made,31.0,,0.0,1.0,J.Elliott,00-0033787
2022_12_GB_PHI,REG,12,GB,,33.0,good,1.0,0.0,M.Crosby,00-0025580
2022_12_GB_PHI,REG,12,PHI,made,54.0,,0.0,1.0,J.Elliott,00-0033787
2022_12_GB_PHI,REG,12,GB,made,33.0,,0.0,1.0,M.Crosby,00-0025580
2022_12_HOU_MIA,REG,12,MIA,made,45.0,,0.0,1.0,J.Sanders,00-0034794
2022_12_HOU_MIA,REG,12,MIA,,33.0,good,1.0,0.0,J.Sanders,00-0034794
2022_12_HOU_MIA,REG,12,MIA,,33.0,good,1.0,0.0,J.Sanders,00-0034794
2022_12_HOU_MIA,REG,12,MIA,made,23.0,,0.0,1.0,J.Sanders,00-0034794
2022_12_HOU_MIA,REG,12,MIA,,33.0,good,1.0,0.0,J.Sanders,00-0034794
2022_12_HOU_MIA,REG,12,MIA,made,35.0,,0.0,1.0,J.Sanders,00-0034794
2022_12_HOU_MIA,REG,12,HOU,made,28.0,,0.0,1.0,K.Fairbairn,00-0032726
2022_12_LAC_ARI,REG,12,ARI,,33.0,good,1.0,0.0,M.Prater,00-0023853
2022_12_LAC_ARI,REG,12,ARI,made,43.0,,0.0,1.0,M.Prater,00-0023853
2022_12_LAC_ARI,REG,12,LAC,,33.0,good,1.0,0.0,C.Dicker,00-0037224
2022_12_LAC_ARI,REG,12,LAC,,33.0,good,1.0,0.0,C.Dicker,00-0037224
2022_12_LAC_ARI,REG,12,ARI,,33.0,good,1.0,0.0,M.Prater,00-0023853
2022_12_LAC_ARI,REG,12,ARI,missed,49.0,,0.0,1.0,M.Prater,00-0023853
2022_12_LAC_ARI,REG,12,LAC,made,26.0,,0.0,1.0,C.Dicker,00-0037224
2022_12_LAC_ARI,REG,12,ARI,,33.0,good,1.0,0.0,M.Prater,00-0023853
2022_12_LA_KC,REG,12,KC,,33.0,good,1.0,0.0,H.Butker,00-0033303
2022_12_LA_KC,REG,12,LAR,made,47.0,,0.0,1.0,M.Gay,00-0035269
2022_12_LA_KC,REG,12,KC,made,27.0,,0.0,1.0,H.Butker,00-0033303
2022_12_LA_KC,REG,12,KC,made,32.0,,0.0,1.0,H.Butker,00-0033303
2022_12_LA_KC,REG,12,KC,,33.0,good,1.0,0.0,H.Butker,00-0033303
2022_12_LA_KC,REG,12,LAR,,33.0,good,1.0,0.0,M.Gay,00-0035269
2022_12_LA_KC,REG,12,KC,made,22.0,,0.0,1.0,H.Butker,00-0033303
2022_12_LA_KC,REG,12,KC,made,22.0,,0.0,1.0,H.Butker,00-0033303
2022_12_LV_SEA,REG,12,SEA,,33.0,good,1.0,0.0,J.Myers,00-0031492
2022_12_LV_SEA,REG,12,LV,,33.0,good,1.0,0.0,D.Carlson,00-0034161
2022_12_LV_SEA,REG,12,SEA,made,24.0,,0.0,1.0,J.Myers,00-0031492
2022_12_LV_SEA,REG,12,SEA,made,34.0,,0.0,1.0,J.Myers,00-0031492
2022_12_LV_SEA,REG,12,LV,,33.0,good,1.0,0.0,D.Carlson,00-0034161
2022_12_LV_SEA,REG,12,LV,,33.0,good,1.0,0.0,D.Carlson,00-0034161
2022_12_LV_SEA,REG,12,SEA,,33.0,good,1.0,0.0,J.Myers,00-0031492
2022_12_LV_SEA,REG,12,LV,made,36.0,,0.0,1.0,D.Carlson,00-0034161
2022_12_LV_SEA,REG,12,SEA,,33.0,good,1.0,0.0,J.Myers,00-0031492
2022_12_LV_SEA,REG,12,LV,made,25.0,,0.0,1.0,D.Carlson,00-0034161
2022_12_LV_SEA,REG,12,SEA,,33.0,good,1.0,0.0,J.Myers,00-0031492
2022_12_LV_SEA,REG,12,LV,,33.0,good,1.0,0.0,D.Carlson,00-0034161
2022_12_LV_SEA,REG,12,LV,missed,56.0,,0.0,1.0,D.Carlson,00-0034161
2022_12_NE_MIN,REG,12,MIN,,33.0,good,1.0,0.0,G.Joseph,00-0034450
2022_12_NE_MIN,REG,12,NE,,33.0,good,1.0,0.0,N.Folk,00-0025565
2022_12_NE_MIN,REG,12,NE,made,34.0,,0.0,1.0,N.Folk,00-0025565
2022_12_NE_MIN,REG,12,MIN,made,30.0,,0.0,1.0,G.Joseph,00-0034450
2022_12_NE_MIN,REG,12,NE,made,46.0,,0.0,1.0,N.Folk,00-0025565
2022_12_NE_MIN,REG,12,MIN,,33.0,failed,1.0,0.0,G.Joseph,00-0034450
2022_12_NE_MIN,REG,12,NE,made,23.0,,0.0,1.0,N.Folk,00-0025565
2022_12_NE_MIN,REG,12,NE,,33.0,good,1.0,0.0,N.Folk,00-0025565
2022_12_NE_MIN,REG,12,MIN,,33.0,good,1.0,0.0,G.Joseph,00-0034450
2022_12_NE_MIN,REG,12,NE,made,25.0,,0.0,1.0,N.Folk,00-0025565
2022_12_NE_MIN,REG,12,MIN,made,36.0,,0.0,1.0,G.Joseph,00-0034450
2022_12_NE_MIN,REG,12,MIN,,33.0,good,1.0,0.0,G.Joseph,00-0034450
2022_12_NO_SF,REG,12,SF,made,24.0,,0.0,1.0,R.Gould,00-0023252
2022_12_NO_SF,REG,12,SF,,33.0,good,1.0,0.0,R.Gould,00-0023252
2022_12_NO_SF,REG,12,SF,made,46.0,,0.0,1.0,R.Gould,00-0023252
2022_12_NO_SF,REG,12,NO,missed,48.0,,0.0,1.0,W.Lutz,00-0032569
2022_12_NYG_DAL,REG,12,NYG,made,57.0,,0.0,1.0,G.Gano,00-0026858
2022_12_NYG_DAL,REG,12,DAL,,33.0,good,1.0,0.0,B.Maher,00-0030332
2022_12_NYG_DAL,REG,12,NYG,,33.0,good,1.0,0.0,G.Gano,00-0026858
2022_12_NYG_DAL,REG,12,NYG,made,47.0,,0.0,1.0,G.Gano,00-0026858
2022_12_NYG_DAL,REG,12,DAL,,33.0,good,1.0,0.0,B.Maher,00-0030332
2022_12_NYG_DAL,REG,12,DAL,,33.0,good,1.0,0.0,B.Maher,00-0030332
2022_12_NYG_DAL,REG,12,DAL,,33.0,good,1.0,0.0,B.Maher,00-0030332
2022_12_NYG_DAL,REG,12,DAL,missed,46.0,,0.0,1.0,B.Maher,00-0030332
2022_12_NYG_DAL,REG,12,NYG,,33.0,good,1.0,0.0,G.Gano,00-0026858
2022_12_PIT_IND,REG,12,PIT,made,45.0,,0.0,1.0,M.Wright,00-0035189
2022_12_PIT_IND,REG,12,PIT,made,52.0,,0.0,1.0,M.Wright,00-0035189
2022_12_PIT_IND,REG,12,PIT,,33.0,good,1.0,0.0,M.Wright,00-0035189
2022_12_PIT_IND,REG,12,IND,made,51.0,,0.0,1.0,C.McLaughlin,00-0035358
2022_12_PIT_IND,REG,12,PIT,made,25.0,,0.0,1.0,M.Wright,00-0035189
2022_12_PIT_IND,REG,12,IND,blocked,59.0,,0.0,1.0,C.McLaughlin,00-0035358
2022_12_PIT_IND,REG,12,IND,,33.0,good,1.0,0.0,C.McLaughlin,00-0035358
2022_12_PIT_IND,REG,12,IND,,33.0,good,1.0,0.0,C.McLaughlin,00-0035358
2022_12_TB_CLE,REG,12,CLE,,33.0,good,1.0,0.0,C.York,00-0038097
2022_12_TB_CLE,REG,12,TB,,33.0,good,1.0,0.0,R.Succop,00-0026968
2022_12_TB_CLE,REG,12,CLE,made,51.0,,0.0,1.0,C.York,00-0038097
2022_12_TB_CLE,REG,12,CLE,missed,39.0,,0.0,1.0,C.York,00-0038097
2022_12_TB_CLE,REG,12,TB,made,42.0,,0.0,1.0,R.Succop,00-0026968
2022_12_TB_CLE,REG,12,TB,,33.0,good,1.0,0.0,R.Succop,00-0026968
2022_12_TB_CLE,REG,12,CLE,,33.0,good,1.0,0.0,C.York,00-0038097
2022_13_BUF_NE,REG,13,BUF,made,48.0,,0.0,1.0,T.Bass,00-0036162
2022_13_BUF_NE,REG,13,NE,,33.0,good,1.0,0.0,N.Folk,00-0025565
2022_13_BUF_NE,REG,13,BUF,,33.0,good,1.0,0.0,T.Bass,00-0036162
2022_13_BUF_NE,REG,13,BUF,,33.0,good,1.0,0.0,T.Bass,00-0036162
2022_13_BUF_NE,REG,13,NE,missed,48.0,,0.0,1.0,N.Folk,00-0025565
2022_13_BUF_NE,REG,13,BUF,,33.0,good,1.0,0.0,T.Bass,00-0036162
2022_13_BUF_NE,REG,13,NE,made,39.0,,0.0,1.0,N.Folk,00-0025565
2022_13_CLE_HOU,REG,13,HOU,made,44.0,,0.0,1.0,K.Fairbairn,00-0032726
2022_13_CLE_HOU,REG,13,CLE,,33.0,good,1.0,0.0,C.York,00-0038097
2022_13_CLE_HOU,REG,13,CLE,,33.0,good,1.0,0.0,C.York,00-0038097
2022_13_CLE_HOU,REG,13,HOU,made,35.0,,0.0,1.0,K.Fairbairn,00-0032726
2022_13_CLE_HOU,REG,13,CLE,made,43.0,,0.0,1.0,C.York,00-0038097
2022_13_CLE_HOU,REG,13,CLE,,33.0,good,1.0,0.0,C.York,00-0038097
2022_13_CLE_HOU,REG,13,CLE,made,42.0,,0.0,1.0,C.York,00-0038097
2022_13_DEN_BAL,REG,13,DEN,made,52.0,,0.0,1.0,B.McManus,00-0029822
2022_13_DEN_BAL,REG,13,BAL,made,26.0,,0.0,1.0,J.Tucker,00-0029597
2022_13_DEN_BAL,REG,13,DEN,made,41.0,,0.0,1.0,B.McManus,00-0029822
2022_13_DEN_BAL,REG,13,DEN,made,50.0,,0.0,1.0,B.McManus,00-0029822
2022_13_DEN_BAL,REG,13,BAL,,33.0,good,1.0,0.0,J.Tucker,00-0029597
2022_13_DEN_BAL,REG,13,DEN,missed,63.0,,0.0,1.0,B.McManus,00-0029822
2022_13_GB_CHI,REG,13,CHI,made,40.0,,0.0,1.0,C.Santos,00-0031203
2022_13_GB_CHI,REG,13,CHI,,33.0,good,1.0,0.0,C.Santos,00-0031203
2022_13_GB_CHI,REG,13,GB,made,24.0,,0.0,1.0,M.Crosby,00-0025580
2022_13_GB_CHI,REG,13,CHI,,33.0,failed,1.0,0.0,C.Santos,00-0031203
2022_13_GB_CHI,REG,13,GB,,33.0,good,1.0,0.0,M.Crosby,00-0025580
2022_13_GB_CHI,REG,13,CHI,made,28.0,,0.0,1.0,C.Santos,00-0031203
2022_13_GB_CHI,REG,13,GB,,33.0,good,1.0,0.0,M.Crosby,00-0025580
2022_13_GB_CHI,REG,13,CHI,blocked,40.0,,0.0,1.0,C.Santos,00-0031203
2022_13_GB_CHI,REG,13,GB,made,32.0,,0.0,1.0,M.Crosby,00-0025580
2022_13_IND_DAL,REG,13,IND,made,52.0,,0.0,1.0,C.McLaughlin,00-0035358
2022_13_IND_DAL,REG,13,DAL,,33.0,good,1.0,0.0,B.Maher,00-0030332
2022_13_IND_DAL,REG,13,IND,,33.0,good,1.0,0.0,C.McLaughlin,00-0035358
2022_13_IND_DAL,REG,13,DAL,,33.0,good,1.0,0.0,B.Maher,00-0030332
2022_13_IND_DAL,REG,13,IND,made,34.0,,0.0,1.0,C.McLaughlin,00-0035358
2022_13_IND_DAL,REG,13,DAL,,33.0,good,1.0,0.0,B.Maher,00-0030332
2022_13_IND_DAL,REG,13,DAL,,33.0,good,1.0,0.0,B.Maher,00-0030332
2022_13_IND_DAL,REG,13,DAL,,33.0,blocked,1.0,0.0,B.Maher,00-0030332
2022_13_IND_DAL,REG,13,DAL,,33.0,good,1.0,0.0,B.Maher,00-0030332
2022_13_IND_DAL,REG,13,DAL,,33.0,good,1.0,0.0,B.Maher,00-0030332
2022_13_JAX_DET,REG,13,DET,,33.0,good,1.0,0.0,M.Badgley,00-0034084
2022_13_JAX_DET,REG,13,JAX,made,31.0,,0.0,1.0,R.Patterson,00-0036816
2022_13_JAX_DET,REG,13,DET,,33.0,good,1.0,0.0,M.Badgley,00-0034084
2022_13_JAX_DET,REG,13,DET,made,45.0,,0.0,1.0,M.Badgley,00-0034084
2022_13_JAX_DET,REG,13,DET,made,47.0,,0.0,1.0,M.Badgley,00-0034084
2022_13_JAX_DET,REG,13,JAX,made,42.0,,0.0,1.0,R.Patterson,00-0036816
2022_13_JAX_DET,REG,13,DET,made,38.0,,0.0,1.0,M.Badgley,00-0034084
2022_13_JAX_DET,REG,13,DET,,33.0,good,1.0,0.0,M.Badgley,00-0034084
2022_13_JAX_DET,REG,13,DET,made,44.0,,0.0,1.0,M.Badgley,00-0034084
2022_13_JAX_DET,REG,13,DET,,33.0,good,1.0,0.0,M.Badgley,00-0034084
2022_13_KC_CIN,REG,13,CIN,,33.0,good,1.0,0.0,E.McPherson,00-0036854
2022_13_KC_CIN,REG,13,KC,made,26.0,,0.0,1.0,H.Butker,00-0033303
2022_13_KC_CIN,REG,13,CIN,,33.0,good,1.0,0.0,E.McPherson,00-0036854
2022_13_KC_CIN,REG,13,KC,,33.0,good,1.0,0.0,H.Butker,00-0033303
2022_13_KC_CIN,REG,13,KC,,33.0,good,1.0,0.0,H.Butker,00-0033303
2022_13_KC_CIN,REG,13,CIN,made,36.0,,0.0,1.0,E.McPherson,00-0036854
2022_13_KC_CIN,REG,13,KC,,33.0,good,1.0,0.0,H.Butker,00-0033303
2022_13_KC_CIN,REG,13,CIN,made,41.0,,0.0,1.0,E.McPherson,00-0036854
2022_13_KC_CIN,REG,13,CIN,,33.0,good,1.0,0.0,E.McPherson,00-0036854
2022_13_KC_CIN,REG,13,KC,missed,55.0,,0.0,1.0,H.Butker,00-0033303
2022_13_LAC_LV,REG,13,LAC,,33.0,good,1.0,0.0,C.Dicker,00-0037224
2022_13_LAC_LV,REG,13,LAC,made,37.0,,0.0,1.0,C.Dicker,00-0037224
2022_13_LAC_LV,REG,13,LV,,33.0,good,1.0,0.0,D.Carlson,00-0034161
2022_13_LAC_LV,REG,13,LV,made,55.0,,0.0,1.0,D.Carlson,00-0034161
2022_13_LAC_LV,REG,13,LAC,made,34.0,,0.0,1.0,C.Dicker,00-0037224
2022_13_LAC_LV,REG,13,LV,blocked,52.0,,0.0,1.0,D.Carlson,00-0034161
2022_13_LAC_LV,REG,13,LV,,33.0,good,1.0,0.0,D.Carlson,00-0034161
2022_13_LAC_LV,REG,13,LAC,missed,52.0,,0.0,1.0,C.Dicker,00-0037224
2022_13_LAC_LV,REG,13,LV,,38.0,good,1.0,0.0,D.Carlson,00-0034161
2022_13_LAC_LV,REG,13,LV,made,25.0,,0.0,1.0,D.Carlson,00-0034161
2022_13_LAC_LV,REG,13,LAC,,38.0,good,1.0,0.0,C.Dicker,00-0037224
2022_13_MIA_SF,REG,13,MIA,,33.0,good,1.0,0.0,J.Sanders,00-0034794
2022_13_MIA_SF,REG,13,SF,made,47.0,,0.0,1.0,R.Gould,00-0023252
2022_13_MIA_SF,REG,13,SF,,33.0,good,1.0,0.0,R.Gould,00-0023252
2022_13_MIA_SF,REG,13,MIA,made,43.0,,0.0,1.0,J.Sanders,00-0034794
2022_13_MIA_SF,REG,13,SF,,33.0,good,1.0,0.0,R.Gould,00-0023252
2022_13_MIA_SF,REG,13,SF,made,43.0,,0.0,1.0,R.Gould,00-0023252
2022_13_MIA_SF,REG,13,SF,made,36.0,,0.0,1.0,R.Gould,00-0023252
2022_13_MIA_SF,REG,13,MIA,,33.0,good,1.0,0.0,J.Sanders,00-0034794
2022_13_MIA_SF,REG,13,SF,made,48.0,,0.0,1.0,R.Gould,00-0023252
2022_13_MIA_SF,REG,13,SF,,33.0,good,1.0,0.0,R.Gould,00-0023252
2022_13_NO_TB,REG,13,TB,made,21.0,,0.0,1.0,R.Succop,00-0026968
2022_13_NO_TB,REG,13,NO,,33.0,good,1.0,0.0,W.Lutz,00-0032569
2022_13_NO_TB,REG,13,NO,made,38.0,,0.0,1.0,W.Lutz,00-0032569
2022_13_NO_TB,REG,13,NO,made,21.0,,0.0,1.0,W.Lutz,00-0032569
2022_13_NO_TB,REG,13,NO,made,29.0,,0.0,1.0,W.Lutz,00-0032569
2022_13_NO_TB,REG,13,TB,,33.0,good,1.0,0.0,R.Succop,00-0026968
2022_13_NO_TB,REG,13,TB,,33.0,good,1.0,0.0,R.Succop,00-0026968
2022_13_NYJ_MIN,REG,13,MIN,made,51.0,,0.0,1.0,G.Joseph,00-0034450
2022_13_NYJ_MIN,REG,13,NYJ,made,48.0,,0.0,1.0,G.Zuerlein,00-0029621
2022_13_NYJ_MIN,REG,13,MIN,,33.0,good,1.0,0.0,G.Joseph,00-0034450
2022_13_NYJ_MIN,REG,13,MIN,,33.0,good,1.0,0.0,G.Joseph,00-0034450
2022_13_NYJ_MIN,REG,13,MIN,made,41.0,,0.0,1.0,G.Joseph,00-0034450
2022_13_NYJ_MIN,REG,13,NYJ,made,60.0,,0.0,1.0,G.Zuerlein,00-0029621
2022_13_NYJ_MIN,REG,13,NYJ,made,36.0,,0.0,1.0,G.Zuerlein,00-0029621
2022_13_NYJ_MIN,REG,13,NYJ,made,30.0,,0.0,1.0,G.Zuerlein,00-0029621
2022_13_NYJ_MIN,REG,13,NYJ,made,26.0,,0.0,1.0,G.Zuerlein,00-0029621
2022_13_NYJ_MIN,REG,13,MIN,,33.0,good,1.0,0.0,G.Joseph,00-0034450
2022_13_NYJ_MIN,REG,13,NYJ,,33.0,good,1.0,0.0,G.Zuerlein,00-0029621
2022_13_PIT_ATL,REG,13,PIT,made,46.0,,0.0,1.0,M.Wright,00-0035189
2022_13_PIT_ATL,REG,13,PIT,made,46.0,,0.0,1.0,M.Wright,00-0035189
2022_13_PIT_ATL,REG,13,ATL,made,50.0,,0.0,1.0,Y.Koo,00-0033702
2022_13_PIT_ATL,REG,13,PIT,,33.0,good,1.0,0.0,M.Wright,00-0035189
2022_13_PIT_ATL,REG,13,ATL,made,51.0,,0.0,1.0,Y.Koo,00-0033702
2022_13_PIT_ATL,REG,13,PIT,made,48.0,,0.0,1.0,M.Wright,00-0035189
2022_13_PIT_ATL,REG,13,PIT,made,33.0,,0.0,1.0,M.Wright,00-0035189
2022_13_PIT_ATL,REG,13,ATL,,33.0,good,1.0,0.0,Y.Koo,00-0033702
2022_13_PIT_ATL,REG,13,ATL,made,28.0,,0.0,1.0,Y.Koo,00-0033702
2022_13_SEA_LA,REG,13,LAR,,33.0,good,1.0,0.0,M.Gay,00-0035269
2022_13_SEA_LA,REG,13,SEA,,33.0,good,1.0,0.0,J.Myers,00-0031492
2022_13_SEA_LA,REG,13,LAR,made,40.0,,0.0,1.0,M.Gay,00-0035269
2022_13_SEA_LA,REG,13,SEA,,33.0,good,1.0,0.0,J.Myers,00-0031492
2022_13_SEA_LA,REG,13,LAR,made,54.0,,0.0,1.0,M.Gay,00-0035269
2022_13_SEA_LA,REG,13,SEA,made,41.0,,0.0,1.0,J.Myers,00-0031492
2022_13_SEA_LA,REG,13,LAR,made,32.0,,0.0,1.0,M.Gay,00-0035269
2022_13_SEA_LA,REG,13,SEA,made,26.0,,0.0,1.0,J.Myers,00-0031492
2022_13_SEA_LA,REG,13,LAR,,33.0,good,1.0,0.0,M.Gay,00-0035269
2022_13_SEA_LA,REG,13,SEA,,33.0,good,1.0,0.0,J.Myers,00-0031492
2022_13_TEN_PHI,REG,13,PHI,,33.0,good,1.0,0.0,J.Elliott,00-0033787
2022_13_TEN_PHI,REG,13,TEN,,33.0,good,1.0,0.0,R.Bullock,00-0029421
2022_13_TEN_PHI,REG,13,PHI,,33.0,good,1.0,0.0,J.Elliott,00-0033787
2022_13_TEN_PHI,REG,13,TEN,made,36.0,,0.0,1.0,R.Bullock,00-0029421
2022_13_TEN_PHI,REG,13,PHI,,33.0,good,1.0,0.0,J.Elliott,00-0033787
2022_13_TEN_PHI,REG,13,PHI,,33.0,good,1.0,0.0,J.Elliott,00-0033787
2022_13_TEN_PHI,REG,13,PHI,,33.0,good,1.0,0.0,J.Elliott,00-0033787
2022_13_WAS_NYG,REG,13,WAS,made,21.0,,0.0,1.0,J.Slye,00-0035192
2022_13_WAS_NYG,REG,13,WAS,,33.0,good,1.0,0.0,J.Slye,00-0035192
2022_13_WAS_NYG,REG,13,NYG,made,48.0,,0.0,1.0,G.Gano,00-0026858
2022_13_WAS_NYG,REG,13,NYG,,33.0,good,1.0,0.0,G.Gano,00-0026858
2022_13_WAS_NYG,REG,13,WAS,made,42.0,,0.0,1.0,J.Slye,00-0035192
2022_13_WAS_NYG,REG,13,NYG,made,27.0,,0.0,1.0,G.Gano,00-0026858
2022_13_WAS_NYG,REG,13,NYG,,33.0,good,1.0,0.0,G.Gano,00-0026858
2022_13_WAS_NYG,REG,13,WAS,missed,52.0,,0.0,1.0,J.Slye,00-0035192
2022_13_WAS_NYG,REG,13,WAS,,33.0,good,1.0,0.0,J.Slye,00-0035192
2022_13_WAS_NYG,REG,13,NYG,missed,58.0,,0.0,1.0,G.Gano,00-0026858
2022_14_BAL_PIT,REG,14,BAL,made,42.0,,0.0,1.0,J.Tucker,00-0029597
2022_14_BAL_PIT,REG,14,BAL,,33.0,good,1.0,0.0,J.Tucker,00-0029597
2022_14_BAL_PIT,REG,14,PIT,,33.0,good,1.0,0.0,C.Boswell,00-0031136
2022_14_BAL_PIT,REG,14,BAL,made,35.0,,0.0,1.0,J.Tucker,00-0029597
2022_14_BAL_PIT,REG,14,PIT,blocked,40.0,,0.0,1.0,C.Boswell,00-0031136
2022_14_BAL_PIT,REG,14,BAL,made,30.0,,0.0,1.0,J.Tucker,00-0029597
2022_14_BAL_PIT,REG,14,PIT,,33.0,good,1.0,0.0,C.Boswell,00-0031136
2022_14_CAR_SEA,REG,14,CAR,made,47.0,,0.0,1.0,E.Pineiro,00-0034173
2022_14_CAR_SEA,REG,14,CAR,,33.0,good,1.0,0.0,E.Pineiro,00-0034173
2022_14_CAR_SEA,REG,14,CAR,,33.0,good,1.0,0.0,E.Pineiro,00-0034173
2022_14_CAR_SEA,REG,14,SEA,,33.0,good,1.0,0.0,J.Myers,00-0031492
2022_14_CAR_SEA,REG,14,CAR,made,32.0,,0.0,1.0,E.Pineiro,00-0034173
2022_14_CAR_SEA,REG,14,SEA,,33.0,good,1.0,0.0,J.Myers,00-0031492
2022_14_CAR_SEA,REG,14,SEA,made,27.0,,0.0,1.0,J.Myers,00-0031492
2022_14_CAR_SEA,REG,14,CAR,,33.0,good,1.0,0.0,E.Pineiro,00-0034173
2022_14_CAR_SEA,REG,14,CAR,made,39.0,,0.0,1.0,E.Pineiro,00-0034173
2022_14_CAR_SEA,REG,14,SEA,,33.0,good,1.0,0.0,J.Myers,00-0031492
2022_14_CLE_CIN,REG,14,CIN,,33.0,good,1.0,0.0,E.McPherson,00-0036854
2022_14_CLE_CIN,REG,14,CLE,made,26.0,,0.0,1.0,C.York,00-0038097
2022_14_CLE_CIN,REG,14,CIN,,33.0,failed,1.0,0.0,E.McPherson,00-0036854
2022_14_CLE_CIN,REG,14,CIN,,33.0,good,1.0,0.0,E.McPherson,00-0036854
2022_14_CLE_CIN,REG,14,CLE,,33.0,good,1.0,0.0,C.York,00-0038097
2022_14_CLE_CIN,REG,14,CIN,made,30.0,,0.0,1.0,E.McPherson,00-0036854
2022_14_HOU_DAL,REG,14,DAL,,33.0,good,1.0,0.0,B.Maher,00-0030332
2022_14_HOU_DAL,REG,14,HOU,,33.0,good,1.0,0.0,K.Fairbairn,00-0032726
2022_14_HOU_DAL,REG,14,HOU,made,43.0,,0.0,1.0,K.Fairbairn,00-0032726
2022_14_HOU_DAL,REG,14,DAL,,33.0,good,1.0,0.0,B.Maher,00-0030332
2022_14_HOU_DAL,REG,14,HOU,,33.0,good,1.0,0.0,K.Fairbairn,00-0032726
2022_14_HOU_DAL,REG,14,DAL,made,33.0,,0.0,1.0,B.Maher,00-0030332
2022_14_HOU_DAL,REG,14,HOU,made,50.0,,0.0,1.0,K.Fairbairn,00-0032726
2022_14_HOU_DAL,REG,14,HOU,made,54.0,,0.0,1.0,K.Fairbairn,00-0032726
2022_14_HOU_DAL,REG,14,DAL,made,53.0,,0.0,1.0,B.Maher,00-0030332
2022_14_HOU_DAL,REG,14,DAL,,33.0,good,1.0,0.0,B.Maher,00-0030332
2022_14_JAX_TEN,REG,14,TEN,,33.0,good,1.0,0.0,R.Bullock,00-0029421
2022_14_JAX_TEN,REG,14,JAX,,33.0,good,1.0,0.0,R.Patterson,00-0036816
2022_14_JAX_TEN,REG,14,TEN,,33.0,good,1.0,0.0,R.Bullock,00-0029421
2022_14_JAX_TEN,REG,14,JAX,made,37.0,,0.0,1.0,R.Patterson,00-0036816
2022_14_JAX_TEN,REG,14,JAX,made,43.0,,0.0,1.0,R.Patterson,00-0036816
2022_14_JAX_TEN,REG,14,JAX,,33.0,good,1.0,0.0,R.Patterson,00-0036816
2022_14_JAX_TEN,REG,14,JAX,,38.0,good,1.0,0.0,R.Patterson,00-0036816
2022_14_JAX_TEN,REG,14,JAX,made,33.0,,0.0,1.0,R.Patterson,00-0036816
2022_14_KC_DEN,REG,14,KC,made,35.0,,0.0,1.0,H.Butker,00-0033303
2022_14_KC_DEN,REG,14,KC,made,45.0,,0.0,1.0,H.Butker,00-0033303
2022_14_KC_DEN,REG,14,KC,,33.0,good,1.0,0.0,H.Butker,00-0033303
2022_14_KC_DEN,REG,14,KC,,33.0,good,1.0,0.0,H.Butker,00-0033303
2022_14_KC_DEN,REG,14,KC,,33.0,good,1.0,0.0,H.Butker,00-0033303
2022_14_KC_DEN,REG,14,DEN,,33.0,good,1.0,0.0,B.McManus,00-0029822
2022_14_KC_DEN,REG,14,DEN,,33.0,good,1.0,0.0,B.McManus,00-0029822
2022_14_KC_DEN,REG,14,DEN,,33.0,good,1.0,0.0,B.McManus,00-0029822
2022_14_KC_DEN,REG,14,KC,,33.0,good,1.0,0.0,H.Butker,00-0033303
2022_14_KC_DEN,REG,14,DEN,,33.0,good,1.0,0.0,B.McManus,00-0029822
2022_14_LV_LA,REG,14,LV,,33.0,good,1.0,0.0,D.Carlson,00-0034161
2022_14_LV_LA,REG,14,LV,made,52.0,,0.0,1.0,D.Carlson,00-0034161
2022_14_LV_LA,REG,14,LAR,made,55.0,,0.0,1.0,M.Gay,00-0035269
2022_14_LV_LA,REG,14,LV,made,31.0,,0.0,1.0,D.Carlson,00-0034161
2022_14_LV_LA,REG,14,LAR,missed,61.0,,0.0,1.0,M.Gay,00-0035269
2022_14_LV_LA,REG,14,LV,made,36.0,,0.0,1.0,D.Carlson,00-0034161
2022_14_LV_LA,REG,14,LAR,,33.0,good,1.0,0.0,M.Gay,00-0035269
2022_14_LV_LA,REG,14,LAR,,33.0,good,1.0,0.0,M.Gay,00-0035269
2022_14_MIA_LAC,REG,14,LAC,made,33.0,,0.0,1.0,C.Dicker,00-0037224
2022_14_MIA_LAC,REG,14,LAC,,33.0,good,1.0,0.0,C.Dicker,00-0037224
2022_14_MIA_LAC,REG,14,MIA,,33.0,good,1.0,0.0,J.Sanders,00-0034794
2022_14_MIA_LAC,REG,14,LAC,,33.0,good,1.0,0.0,C.Dicker,00-0037224
2022_14_MIA_LAC,REG,14,MIA,,33.0,good,1.0,0.0,J.Sanders,00-0034794
2022_14_MIA_LAC,REG,14,LAC,made,31.0,,0.0,1.0,C.Dicker,00-0037224
2022_14_MIA_LAC,REG,14,LAC,made,28.0,,0.0,1.0,C.Dicker,00-0037224
2022_14_MIA_LAC,REG,14,MIA,made,55.0,,0.0,1.0,J.Sanders,00-0034794
2022_14_MIN_DET,REG,14,DET,,33.0,good,1.0,0.0,M.Badgley,00-0034084
2022_14_MIN_DET,REG,14,MIN,,33.0,good,1.0,0.0,G.Joseph,00-0034450
2022_14_MIN_DET,REG,14,DET,,33.0,good,1.0,0.0,M.Badgley,00-0034084
2022_14_MIN_DET,REG,14,DET,missed,47.0,,0.0,1.0,M.Badgley,00-0034084
2022_14_MIN_DET,REG,14,DET,,33.0,good,1.0,0.0,M.Badgley,00-0034084
2022_14_MIN_DET,REG,14,DET,,33.0,good,1.0,0.0,M.Badgley,00-0034084
2022_14_MIN_DET,REG,14,MIN,made,41.0,,0.0,1.0,G.Joseph,00-0034450
2022_14_MIN_DET,REG,14,DET,made,41.0,,0.0,1.0,M.Badgley,00-0034084
2022_14_MIN_DET,REG,14,MIN,,33.0,good,1.0,0.0,G.Joseph,00-0034450
2022_14_MIN_DET,REG,14,DET,made,49.0,,0.0,1.0,M.Badgley,00-0034084
2022_14_NE_ARI,REG,14,ARI,missed,50.0,,0.0,1.0,M.Prater,00-0023853
2022_14_NE_ARI,REG,14,ARI,made,33.0,,0.0,1.0,M.Prater,00-0023853
2022_14_NE_ARI,REG,14,NE,,33.0,good,1.0,0.0,N.Folk,00-0025565
2022_14_NE_ARI,REG,14,ARI,made,32.0,,0.0,1.0,M.Prater,00-0023853
2022_14_NE_ARI,REG,14,ARI,,33.0,good,1.0,0.0,M.Prater,00-0023853
2022_14_NE_ARI,REG,14,NE,made,51.0,,0.0,1.0,N.Folk,00-0025565
2022_14_NE_ARI,REG,14,NE,made,23.0,,0.0,1.0,N.Folk,00-0025565
2022_14_NE_ARI,REG,14,NE,,33.0,good,1.0,0.0,N.Folk,00-0025565
2022_14_NE_ARI,REG,14,NE,,33.0,good,1.0,0.0,N.Folk,00-0025565
2022_14_NYJ_BUF,REG,14,BUF,,33.0,good,1.0,0.0,T.Bass,00-0036162
2022_14_NYJ_BUF,REG,14,NYJ,,33.0,good,1.0,0.0,G.Zuerlein,00-0029621
2022_14_NYJ_BUF,REG,14,BUF,,33.0,good,1.0,0.0,T.Bass,00-0036162
2022_14_NYJ_BUF,REG,14,BUF,made,38.0,,0.0,1.0,T.Bass,00-0036162
2022_14_NYJ_BUF,REG,14,BUF,made,49.0,,0.0,1.0,T.Bass,00-0036162
2022_14_NYJ_BUF,REG,14,NYJ,made,26.0,,0.0,1.0,G.Zuerlein,00-0029621
2022_14_PHI_NYG,REG,14,PHI,,33.0,good,1.0,0.0,J.Elliott,00-0033787
2022_14_PHI_NYG,REG,14,PHI,,33.0,good,1.0,0.0,J.Elliott,00-0033787
2022_14_PHI_NYG,REG,14,PHI,,33.0,good,1.0,0.0,J.Elliott,00-0033787
2022_14_PHI_NYG,REG,14,NYG,,33.0,good,1.0,0.0,G.Gano,00-0026858
2022_14_PHI_NYG,REG,14,PHI,made,29.0,,0.0,1.0,J.Elliott,00-0033787
2022_14_PHI_NYG,REG,14,PHI,made,39.0,,0.0,1.0,J.Elliott,00-0033787
2022_14_PHI_NYG,REG,14,NYG,,33.0,good,1.0,0.0,G.Gano,00-0026858
2022_14_PHI_NYG,REG,14,PHI,,33.0,good,1.0,0.0,J.Elliott,00-0033787
2022_14_PHI_NYG,REG,14,PHI,,33.0,good,1.0,0.0,J.Elliott,00-0033787
2022_14_PHI_NYG,REG,14,PHI,,33.0,good,1.0,0.0,J.Elliott,00-0033787
2022_14_TB_SF,REG,14,SF,,33.0,good,1.0,0.0,R.Gould,00-0023252
2022_14_TB_SF,REG,14,TB,missed,55.0,,0.0,1.0,R.Succop,00-0026968
2022_14_TB_SF,REG,14,SF,,33.0,good,1.0,0.0,R.Gould,00-0023252
2022_14_TB_SF,REG,14,SF,,33.0,good,1.0,0.0,R.Gould,00-0023252
2022_14_TB_SF,REG,14,SF,,33.0,good,1.0,0.0,R.Gould,00-0023252
2022_14_TB_SF,REG,14,SF,,33.0,good,1.0,0.0,R.Gould,00-0023252
2022_14_TB_SF,REG,14,TB,,33.0,good,1.0,0.0,R.Succop,00-0026968
2022_15_ARI_DEN,REG,15,DEN,made,52.0,,0.0,1.0,B.McManus,00-0029822
2022_15_ARI_DEN,REG,15,DEN,missed,38.0,,0.0,1.0,B.McManus,00-0029822
2022_15_ARI_DEN,REG,15,ARI,made,45.0,,0.0,1.0,M.Prater,00-0023853
2022_15_ARI_DEN,REG,15,ARI,made,50.0,,0.0,1.0,M.Prater,00-0023853
2022_15_ARI_DEN,REG,15,ARI,made,55.0,,0.0,1.0,M.Prater,00-0023853
2022_15_ARI_DEN,REG,15,DEN,,33.0,good,1.0,0.0,B.McManus,00-0029822
2022_15_ARI_DEN,REG,15,DEN,,33.0,good,1.0,0.0,B.McManus,00-0029822
2022_15_ARI_DEN,REG,15,DEN,,33.0,good,1.0,0.0,B.McManus,00-0029822
2022_15_ATL_NO,REG,15,NO,,33.0,good,1.0,0.0,W.Lutz,00-0032569
2022_15_ATL_NO,REG,15,NO,,33.0,good,1.0,0.0,W.Lutz,00-0032569
2022_15_ATL_NO,REG,15,ATL,made,28.0,,0.0,1.0,Y.Koo,00-0033702
2022_15_ATL_NO,REG,15,ATL,,33.0,good,1.0,0.0,Y.Koo,00-0033702
2022_15_ATL_NO,REG,15,NO,,33.0,good,1.0,0.0,W.Lutz,00-0032569
2022_15_BAL_CLE,REG,15,CLE,made,47.0,,0.0,1.0,C.York,00-0038097
2022_15_BAL_CLE,REG,15,BAL,made,53.0,,0.0,1.0,J.Tucker,00-0029597
2022_15_BAL_CLE,REG,15,CLE,made,23.0,,0.0,1.0,C.York,00-0038097
2022_15_BAL_CLE,REG,15,BAL,missed,48.0,,0.0,1.0,J.Tucker,00-0029597
2022_15_BAL_CLE,REG,15,CLE,,33.0,good,1.0,0.0,C.York,00-0038097
2022_15_BAL_CLE,REG,15,BAL,blocked,50.0,,0.0,1.0,J.Tucker,00-0029597
2022_15_BAL_CLE,REG,15,CLE,missed,38.0,,0.0,1.0,C.York,00-0038097
2022_15_BAL_CLE,REG,15,CLE,missed,46.0,,0.0,1.0,C.York,00-0038097
2022_15_CIN_TB,REG,15,TB,made,21.0,,0.0,1.0,R.Succop,00-0026968
2022_15_CIN_TB,REG,15,TB,,33.0,good,1.0,0.0,R.Succop,00-0026968
2022_15_CIN_TB,REG,15,TB,missed,50.0,,0.0,1.0,R.Succop,00-0026968
2022_15_CIN_TB,REG,15,TB,,33.0,good,1.0,0.0,R.Succop,00-0026968
2022_15_CIN_TB,REG,15,CIN,made,41.0,,0.0,1.0,E.McPherson,00-0036854
2022_15_CIN_TB,REG,15,CIN,made,21.0,,0.0,1.0,E.McPherson,00-0036854
2022_15_CIN_TB,REG,15,CIN,,33.0,good,1.0,0.0,E.McPherson,00-0036854
2022_15_CIN_TB,REG,15,CIN,,33.0,good,1.0,0.0,E.McPherson,00-0036854
2022_15_DAL_JAX,REG,15,DAL,,33.0,good,1.0,0.0,B.Maher,00-0030332
2022_15_DAL_JAX,REG,15,DAL,,33.0,good,1.0,0.0,B.Maher,00-0030332
2022_15_DAL_JAX,REG,15,JAX,,33.0,good,1.0,0.0,R.Patterson,00-0036816
2022_15_DAL_JAX,REG,15,DAL,,33.0,good,1.0,0.0,B.Maher,00-0030332
2022_15_DAL_JAX,REG,15,JAX,made,33.0,,0.0,1.0,R.Patterson,00-0036816
2022_15_DAL_JAX,REG,15,DAL,made,24.0,,0.0,1.0,B.Maher,00-0030332
2022_15_DAL_JAX,REG,15,DAL,made,53.0,,0.0,1.0,B.Maher,00-0030332
2022_15_DAL_JAX,REG,15,JAX,,33.0,good,1.0,0.0,R.Patterson,00-0036816
2022_15_DAL_JAX,REG,15,JAX,,33.0,good,1.0,0.0,R.Patterson,00-0036816
2022_15_DAL_JAX,REG,15,JAX,,33.0,good,1.0,0.0,R.Patterson,00-0036816
2022_15_DAL_JAX,REG,15,DAL,,33.0,good,1.0,0.0,B.Maher,00-0030332
2022_15_DAL_JAX,REG,15,JAX,made,48.0,,0.0,1.0,R.Patterson,00-0036816
2022_15_DET_NYJ,REG,15,DET,,38.0,good,1.0,0.0,M.Badgley,00-0034084
2022_15_DET_NYJ,REG,15,NYJ,,33.0,good,1.0,0.0,G.Zuerlein,00-0029621
2022_15_DET_NYJ,REG,15,DET,made,31.0,,0.0,1.0,M.Badgley,00-0034084
2022_15_DET_NYJ,REG,15,NYJ,made,34.0,,0.0,1.0,G.Zuerlein,00-0029621
2022_15_DET_NYJ,REG,15,DET,made,34.0,,0.0,1.0,M.Badgley,00-0034084
2022_15_DET_NYJ,REG,15,DET,missed,54.0,,0.0,1.0,M.Badgley,00-0034084
2022_15_DET_NYJ,REG,15,NYJ,,33.0,good,1.0,0.0,G.Zuerlein,00-0029621
2022_15_DET_NYJ,REG,15,DET,,33.0,good,1.0,0.0,M.Badgley,00-0034084
2022_15_DET_NYJ,REG,15,NYJ,missed,58.0,,0.0,1.0,G.Zuerlein,00-0029621
2022_15_IND_MIN,REG,15,IND,made,26.0,,0.0,1.0,C.McLaughlin,00-0035358
2022_15_IND_MIN,REG,15,IND,,33.0,good,1.0,0.0,C.McLaughlin,00-0035358
2022_15_IND_MIN,REG,15,IND,,33.0,good,1.0,0.0,C.McLaughlin,00-0035358
2022_15_IND_MIN,REG,15,IND,made,28.0,,0.0,1.0,C.McLaughlin,00-0035358
2022_15_IND_MIN,REG,15,IND,made,49.0,,0.0,1.0,C.McLaughlin,00-0035358
2022_15_IND_MIN,REG,15,IND,,33.0,good,1.0,0.0,C.McLaughlin,00-0035358
2022_15_IND_MIN,REG,15,IND,made,27.0,,0.0,1.0,C.McLaughlin,00-0035358
2022_15_IND_MIN,REG,15,MIN,,33.0,good,1.0,0.0,G.Joseph,00-0034450
2022_15_IND_MIN,REG,15,IND,made,52.0,,0.0,1.0,C.McLaughlin,00-0035358
2022_15_IND_MIN,REG,15,MIN,,33.0,good,1.0,0.0,G.Joseph,00-0034450
2022_15_IND_MIN,REG,15,MIN,,33.0,good,1.0,0.0,G.Joseph,00-0034450
2022_15_IND_MIN,REG,15,MIN,,33.0,good,1.0,0.0,G.Joseph,00-0034450
2022_15_IND_MIN,REG,15,MIN,made,40.0,,0.0,1.0,G.Joseph,00-0034450
2022_15_KC_HOU,REG,15,HOU,,33.0,good,1.0,0.0,K.Fairbairn,00-0032726
2022_15_KC_HOU,REG,15,KC,,33.0,good,1.0,0.0,H.Butker,00-0033303
2022_15_KC_HOU,REG,15,HOU,,33.0,good,1.0,0.0,K.Fairbairn,00-0032726
2022_15_KC_HOU,REG,15,KC,,33.0,failed,1.0,0.0,H.Butker,00-0033303
2022_15_KC_HOU,REG,15,KC,made,27.0,,0.0,1.0,H.Butker,00-0033303
2022_15_KC_HOU,REG,15,HOU,,33.0,good,1.0,0.0,K.Fairbairn,00-0032726
2022_15_KC_HOU,REG,15,HOU,made,29.0,,0.0,1.0,K.Fairbairn,00-0032726
2022_15_KC_HOU,REG,15,KC,missed,51.0,,0.0,1.0,H.Butker,00-0033303
2022_15_LA_GB,REG,15,GB,made,34.0,,0.0,1.0,M.Crosby,00-0025580
2022_15_LA_GB,REG,15,LAR,made,33.0,,0.0,1.0,M.Gay,00-0035269
2022_15_LA_GB,REG,15,GB,,33.0,good,1.0,0.0,M.Crosby,00-0025580
2022_15_LA_GB,REG,15,LAR,made,55.0,,0.0,1.0,M.Gay,00-0035269
2022_15_LA_GB,REG,15,GB,,33.0,good,1.0,0.0,M.Crosby,00-0025580
2022_15_LA_GB,REG,15,GB,,33.0,good,1.0,0.0,M.Crosby,00-0025580
2022_15_LA_GB,REG,15,LAR,,33.0,failed,1.0,0.0,M.Gay,00-0035269
2022_15_MIA_BUF,REG,15,MIA,made,39.0,,0.0,1.0,J.Sanders,00-0034794
2022_15_MIA_BUF,REG,15,BUF,,33.0,good,1.0,0.0,T.Bass,00-0036162
2022_15_MIA_BUF,REG,15,MIA,made,21.0,,0.0,1.0,J.Sanders,00-0034794
2022_15_MIA_BUF,REG,15,BUF,,33.0,good,1.0,0.0,T.Bass,00-0036162
2022_15_MIA_BUF,REG,15,MIA,,33.0,good,1.0,0.0,J.Sanders,00-0034794
2022_15_MIA_BUF,REG,15,BUF,,33.0,good,1.0,0.0,T.Bass,00-0036162
2022_15_MIA_BUF,REG,15,MIA,,33.0,good,1.0,0.0,J.Sanders,00-0034794
2022_15_MIA_BUF,REG,15,MIA,made,47.0,,0.0,1.0,J.Sanders,00-0034794
2022_15_MIA_BUF,REG,15,BUF,made,25.0,,0.0,1.0,T.Bass,00-0036162
2022_15_NE_LV,REG,15,LV,made,49.0,,0.0,1.0,D.Carlson,00-0034161
2022_15_NE_LV,REG,15,NE,made,24.0,,0.0,1.0,N.Folk,00-0025565
2022_15_NE_LV,REG,15,LV,,33.0,good,1.0,0.0,D.Carlson,00-0034161
2022_15_NE_LV,REG,15,LV,,33.0,good,1.0,0.0,D.Carlson,00-0034161
2022_15_NE_LV,REG,15,NE,,33.0,good,1.0,0.0,N.Folk,00-0025565
2022_15_NE_LV,REG,15,NE,made,47.0,,0.0,1.0,N.Folk,00-0025565
2022_15_NE_LV,REG,15,NE,made,54.0,,0.0,1.0,N.Folk,00-0025565
2022_15_NE_LV,REG,15,LV,,33.0,good,1.0,0.0,D.Carlson,00-0034161
2022_15_NYG_WAS,REG,15,WAS,made,41.0,,0.0,1.0,J.Slye,00-0035192
2022_15_NYG_WAS,REG,15,NYG,,33.0,good,1.0,0.0,G.Gano,00-0026858
2022_15_NYG_WAS,REG,15,NYG,,33.0,good,1.0,0.0,G.Gano,00-0026858
2022_15_NYG_WAS,REG,15,WAS,,43.0,failed,1.0,0.0,J.Slye,00-0035192
2022_15_NYG_WAS,REG,15,NYG,made,50.0,,0.0,1.0,G.Gano,00-0026858
2022_15_NYG_WAS,REG,15,WAS,made,51.0,,0.0,1.0,J.Slye,00-0035192
2022_15_NYG_WAS,REG,15,NYG,made,50.0,,0.0,1.0,G.Gano,00-0026858
2022_15_PHI_CHI,REG,15,PHI,made,32.0,,0.0,1.0,J.Elliott,00-0033787
2022_15_PHI_CHI,REG,15,CHI,,33.0,failed,1.0,0.0,C.Santos,00-0031203
2022_15_PHI_CHI,REG,15,PHI,,33.0,good,1.0,0.0,J.Elliott,00-0033787
2022_15_PHI_CHI,REG,15,PHI,,33.0,good,1.0,0.0,J.Elliott,00-0033787
2022_15_PHI_CHI,REG,15,CHI,,33.0,good,1.0,0.0,C.Santos,00-0031203
2022_15_PHI_CHI,REG,15,PHI,missed,38.0,,0.0,1.0,J.Elliott,00-0033787
2022_15_PHI_CHI,REG,15,CHI,,33.0,good,1.0,0.0,C.Santos,00-0031203
2022_15_PIT_CAR,REG,15,PIT,,33.0,good,1.0,0.0,C.Boswell,00-0031136
2022_15_PIT_CAR,REG,15,CAR,,33.0,good,1.0,0.0,E.Pineiro,00-0034173
2022_15_PIT_CAR,REG,15,PIT,,33.0,good,1.0,0.0,C.Boswell,00-0031136
2022_15_PIT_CAR,REG,15,PIT,,33.0,good,1.0,0.0,C.Boswell,00-0031136
2022_15_PIT_CAR,REG,15,CAR,made,29.0,,0.0,1.0,E.Pineiro,00-0034173
2022_15_PIT_CAR,REG,15,CAR,made,32.0,,0.0,1.0,E.Pineiro,00-0034173
2022_15_PIT_CAR,REG,15,PIT,made,50.0,,0.0,1.0,C.Boswell,00-0031136
2022_15_PIT_CAR,REG,15,CAR,made,52.0,,0.0,1.0,E.Pineiro,00-0034173
2022_15_SF_SEA,REG,15,SF,,33.0,good,1.0,0.0,R.Gould,00-0023252
2022_15_SF_SEA,REG,15,SEA,made,38.0,,0.0,1.0,J.Myers,00-0031492
2022_15_SF_SEA,REG,15,SF,,33.0,good,1.0,0.0,R.Gould,00-0023252
2022_15_SF_SEA,REG,15,SF,,33.0,good,1.0,0.0,R.Gould,00-0023252
2022_15_SF_SEA,REG,15,SEA,made,51.0,,0.0,1.0,J.Myers,00-0031492
2022_15_SF_SEA,REG,15,SF,missed,43.0,,0.0,1.0,R.Gould,00-0023252
2022_15_SF_SEA,REG,15,SEA,,33.0,good,1.0,0.0,J.Myers,00-0031492
2022_15_TEN_LAC,REG,15,LAC,,33.0,good,1.0,0.0,C.Dicker,00-0037224
2022_15_TEN_LAC,REG,15,TEN,,33.0,good,1.0,0.0,R.Bullock,00-0029421
2022_15_TEN_LAC,REG,15,TEN,missed,51.0,,0.0,1.0,R.Bullock,00-0029421
2022_15_TEN_LAC,REG,15,LAC,,33.0,good,1.0,0.0,C.Dicker,00-0037224
2022_15_TEN_LAC,REG,15,TEN,,33.0,good,1.0,0.0,R.Bullock,00-0029421
2022_15_TEN_LAC,REG,15,LAC,made,43.0,,0.0,1.0,C.Dicker,00-0037224
2022_16_ATL_BAL,REG,16,BAL,made,21.0,,0.0,1.0,J.Tucker,00-0029597
2022_16_ATL_BAL,REG,16,BAL,blocked,55.0,,0.0,1.0,J.Tucker,00-0029597
2022_16_ATL_BAL,REG,16,BAL,made,27.0,,0.0,1.0,J.Tucker,00-0029597
2022_16_ATL_BAL,REG,16,ATL,made,32.0,,0.0,1.0,Y.Koo,00-0033702
2022_16_ATL_BAL,REG,16,ATL,made,34.0,,0.0,1.0,Y.Koo,00-0033702
2022_16_ATL_BAL,REG,16,BAL,made,21.0,,0.0,1.0,J.Tucker,00-0029597
2022_16_ATL_BAL,REG,16,ATL,made,37.0,,0.0,1.0,Y.Koo,00-0033702
2022_16_BUF_CHI,REG,16,CHI,,33.0,good,1.0,0.0,C.Santos,00-0031203
2022_16_BUF_CHI,REG,16,BUF,,33.0,failed,1.0,0.0,T.Bass,00-0036162
2022_16_BUF_CHI,REG,16,CHI,made,37.0,,0.0,1.0,C.Santos,00-0031203
2022_16_BUF_CHI,REG,16,BUF,missed,38.0,,0.0,1.0,T.Bass,00-0036162
2022_16_BUF_CHI,REG,16,BUF,,38.0,good,1.0,0.0,T.Bass,00-0036162
2022_16_BUF_CHI,REG,16,CHI,made,35.0,,0.0,1.0,C.Santos,00-0031203
2022_16_BUF_CHI,REG,16,BUF,,33.0,good,1.0,0.0,T.Bass,00-0036162
2022_16_BUF_CHI,REG,16,BUF,,33.0,good,1.0,0.0,T.Bass,00-0036162
2022_16_CIN_NE,REG,16,CIN,,33.0,failed,1.0,0.0,E.McPherson,00-0036854
2022_16_CIN_NE,REG,16,CIN,made,28.0,,0.0,1.0,E.McPherson,00-0036854
2022_16_CIN_NE,REG,16,CIN,,33.0,good,1.0,0.0,E.McPherson,00-0036854
2022_16_CIN_NE,REG,16,NE,,33.0,failed,1.0,0.0,N.Folk,00-0025565
2022_16_CIN_NE,REG,16,CIN,missed,43.0,,0.0,1.0,E.McPherson,00-0036854
2022_16_CIN_NE,REG,16,NE,,33.0,failed,1.0,0.0,N.Folk,00-0025565
2022_16_DEN_LA,REG,16,LAR,made,55.0,,0.0,1.0,M.Gay,00-0035269
2022_16_DEN_LA,REG,16,LAR,,33.0,good,1.0,0.0,M.Gay,00-0035269
2022_16_DEN_LA,REG,16,LAR,,33.0,good,1.0,0.0,M.Gay,00-0035269
2022_16_DEN_LA,REG,16,DEN,made,54.0,,0.0,1.0,B.McManus,00-0029822
2022_16_DEN_LA,REG,16,LAR,,33.0,good,1.0,0.0,M.Gay,00-0035269
2022_16_DEN_LA,REG,16,LAR,,33.0,good,1.0,0.0,M.Gay,00-0035269
2022_16_DEN_LA,REG,16,DEN,made,49.0,,0.0,1.0,B.McManus,00-0029822
2022_16_DEN_LA,REG,16,LAR,made,30.0,,0.0,1.0,M.Gay,00-0035269
2022_16_DEN_LA,REG,16,LAR,,33.0,good,1.0,0.0,M.Gay,00-0035269
2022_16_DEN_LA,REG,16,LAR,made,53.0,,0.0,1.0,M.Gay,00-0035269
2022_16_DEN_LA,REG,16,LAR,,33.0,good,1.0,0.0,M.Gay,00-0035269
2022_16_DET_CAR,REG,16,CAR,,33.0,good,1.0,0.0,E.Pineiro,00-0034173
2022_16_DET_CAR,REG,16,DET,,33.0,good,1.0,0.0,M.Badgley,00-0034084
2022_16_DET_CAR,REG,16,CAR,,33.0,good,1.0,0.0,E.Pineiro,00-0034173
2022_16_DET_CAR,REG,16,CAR,,33.0,good,1.0,0.0,E.Pineiro,00-0034173
2022_16_DET_CAR,REG,16,CAR,made,37.0,,0.0,1.0,E.Pineiro,00-0034173
2022_16_DET_CAR,REG,16,CAR,,33.0,good,1.0,0.0,E.Pineiro,00-0034173
2022_16_DET_CAR,REG,16,CAR,made,40.0,,0.0,1.0,E.Pineiro,00-0034173
2022_16_DET_CAR,REG,16,DET,,33.0,good,1.0,0.0,M.Badgley,00-0034084
2022_16_DET_CAR,REG,16,CAR,made,36.0,,0.0,1.0,E.Pineiro,00-0034173
2022_16_DET_CAR,REG,16,DET,made,34.0,,0.0,1.0,M.Badgley,00-0034084
2022_16_GB_MIA,REG,16,MIA,made,46.0,,0.0,1.0,J.Sanders,00-0034794
2022_16_GB_MIA,REG,16,GB,made,36.0,,0.0,1.0,M.Crosby,00-0025580
2022_16_GB_MIA,REG,16,MIA,,33.0,good,1.0,0.0,J.Sanders,00-0034794
2022_16_GB_MIA,REG,16,GB,,33.0,good,1.0,0.0,M.Crosby,00-0025580
2022_16_GB_MIA,REG,16,MIA,,33.0,good,1.0,0.0,J.Sanders,00-0034794
2022_16_GB_MIA,REG,16,MIA,made,34.0,,0.0,1.0,J.Sanders,00-0034794
2022_16_GB_MIA,REG,16,GB,made,46.0,,0.0,1.0,M.Crosby,00-0025580
2022_16_GB_MIA,REG,16,GB,,33.0,good,1.0,0.0,M.Crosby,00-0025580
2022_16_GB_MIA,REG,16,MIA,missed,48.0,,0.0,1.0,J.Sanders,00-0034794
2022_16_GB_MIA,REG,16,GB,made,28.0,,0.0,1.0,M.Crosby,00-0025580
2022_16_GB_MIA,REG,16,GB,made,26.0,,0.0,1.0,M.Crosby,00-0025580
2022_16_HOU_TEN,REG,16,TEN,,33.0,good,1.0,0.0,R.Bullock,00-0029421
2022_16_HOU_TEN,REG,16,HOU,,33.0,good,1.0,0.0,K.Fairbairn,00-0032726
2022_16_HOU_TEN,REG,16,HOU,made,25.0,,0.0,1.0,K.Fairbairn,00-0032726
2022_16_HOU_TEN,REG,16,TEN,,33.0,good,1.0,0.0,R.Bullock,00-0029421
2022_16_HOU_TEN,REG,16,HOU,made,22.0,,0.0,1.0,K.Fairbairn,00-0032726
2022_16_JAX_NYJ,REG,16,NYJ,made,37.0,,0.0,1.0,G.Zuerlein,00-0029621
2022_16_JAX_NYJ,REG,16,JAX,made,32.0,,0.0,1.0,R.Patterson,00-0036816
2022_16_JAX_NYJ,REG,16,JAX,,33.0,good,1.0,0.0,R.Patterson,00-0036816
2022_16_JAX_NYJ,REG,16,JAX,made,45.0,,0.0,1.0,R.Patterson,00-0036816
2022_16_JAX_NYJ,REG,16,JAX,missed,44.0,,0.0,1.0,R.Patterson,00-0036816
2022_16_JAX_NYJ,REG,16,JAX,made,41.0,,0.0,1.0,R.Patterson,00-0036816
2022_16_JAX_NYJ,REG,16,JAX,made,37.0,,0.0,1.0,R.Patterson,00-0036816
2022_16_LAC_IND,REG,16,LAC,,33.0,good,1.0,0.0,C.Dicker,00-0037224
2022_16_LAC_IND,REG,16,IND,made,46.0,,0.0,1.0,C.McLaughlin,00-0035358
2022_16_LAC_IND,REG,16,LAC,made,24.0,,0.0,1.0,C.Dicker,00-0037224
2022_16_LAC_IND,REG,16,LAC,made,21.0,,0.0,1.0,C.Dicker,00-0037224
2022_16_LAC_IND,REG,16,LAC,,33.0,good,1.0,0.0,C.Dicker,00-0037224
2022_16_LV_PIT,REG,16,LV,,33.0,good,1.0,0.0,D.Carlson,00-0034161
2022_16_LV_PIT,REG,16,PIT,missed,43.0,,0.0,1.0,C.Boswell,00-0031136
2022_16_LV_PIT,REG,16,PIT,made,44.0,,0.0,1.0,C.Boswell,00-0031136
2022_16_LV_PIT,REG,16,LV,made,40.0,,0.0,1.0,D.Carlson,00-0034161
2022_16_LV_PIT,REG,16,PIT,missed,52.0,,0.0,1.0,C.Boswell,00-0031136
2022_16_LV_PIT,REG,16,PIT,made,40.0,,0.0,1.0,C.Boswell,00-0031136
2022_16_LV_PIT,REG,16,PIT,,33.0,good,1.0,0.0,C.Boswell,00-0031136
2022_16_NO_CLE,REG,16,CLE,,33.0,good,1.0,0.0,C.York,00-0038097
2022_16_NO_CLE,REG,16,CLE,made,30.0,,0.0,1.0,C.York,00-0038097
2022_16_NO_CLE,REG,16,NO,made,23.0,,0.0,1.0,W.Lutz,00-0032569
2022_16_NO_CLE,REG,16,NO,,33.0,good,1.0,0.0,W.Lutz,00-0032569
2022_16_NO_CLE,REG,16,NO,,33.0,good,1.0,0.0,W.Lutz,00-0032569
2022_16_NYG_MIN,REG,16,MIN,,33.0,good,1.0,0.0,G.Joseph,00-0034450
2022_16_NYG_MIN,REG,16,MIN,made,40.0,,0.0,1.0,G.Joseph,00-0034450
2022_16_NYG_MIN,REG,16,NYG,,33.0,good,1.0,0.0,G.Gano,00-0026858
2022_16_NYG_MIN,REG,16,NYG,made,44.0,,0.0,1.0,G.Gano,00-0026858
2022_16_NYG_MIN,REG,16,NYG,made,44.0,,0.0,1.0,G.Gano,00-0026858
2022_16_NYG_MIN,REG,16,MIN,,33.0,good,1.0,0.0,G.Joseph,00-0034450
2022_16_NYG_MIN,REG,16,NYG,made,55.0,,0.0,1.0,G.Gano,00-0026858
2022_16_NYG_MIN,REG,16,MIN,,33.0,good,1.0,0.0,G.Joseph,00-0034450
2022_16_NYG_MIN,REG,16,MIN,made,61.0,,0.0,1.0,G.Joseph,00-0034450
2022_16_PHI_DAL,REG,16,PHI,made,25.0,,0.0,1.0,J.Elliott,00-0033787
2022_16_PHI_DAL,REG,16,PHI,,33.0,good,1.0,0.0,J.Elliott,00-0033787
2022_16_PHI_DAL,REG,16,DAL,,33.0,good,1.0,0.0,B.Maher,00-0030332
2022_16_PHI_DAL,REG,16,DAL,,33.0,good,1.0,0.0,B.Maher,00-0030332
2022_16_PHI_DAL,REG,16,PHI,,33.0,good,1.0,0.0,J.Elliott,00-0033787
2022_16_PHI_DAL,REG,16,DAL,made,21.0,,0.0,1.0,B.Maher,00-0030332
2022_16_PHI_DAL,REG,16,PHI,made,47.0,,0.0,1.0,J.Elliott,00-0033787
2022_16_PHI_DAL,REG,16,PHI,,33.0,good,1.0,0.0,J.Elliott,00-0033787
2022_16_PHI_DAL,REG,16,DAL,made,44.0,,0.0,1.0,B.Maher,00-0030332
2022_16_PHI_DAL,REG,16,DAL,,33.0,good,1.0,0.0,B.Maher,00-0030332
2022_16_PHI_DAL,REG,16,PHI,,33.0,good,1.0,0.0,J.Elliott,00-0033787
2022_16_PHI_DAL,REG,16,DAL,,33.0,good,1.0,0.0,B.Maher,00-0030332
2022_16_PHI_DAL,REG,16,DAL,made,48.0,,0.0,1.0,B.Maher,00-0030332
2022_16_PHI_DAL,REG,16,DAL,made,26.0,,0.0,1.0,B.Maher,00-0030332
2022_16_SEA_KC,REG,16,KC,,33.0,good,1.0,0.0,H.Butker,00-0033303
2022_16_SEA_KC,REG,16,KC,,33.0,good,1.0,0.0,H.Butker,00-0033303
2022_16_SEA_KC,REG,16,KC,made,47.0,,0.0,1.0,H.Butker,00-0033303
2022_16_SEA_KC,REG,16,SEA,made,22.0,,0.0,1.0,J.Myers,00-0031492
2022_16_SEA_KC,REG,16,KC,,33.0,good,1.0,0.0,H.Butker,00-0033303
2022_16_SEA_KC,REG,16,SEA,,33.0,good,1.0,0.0,J.Myers,00-0031492
2022_16_TB_ARI,REG,16,TB,made,38.0,,0.0,1.0,R.Succop,00-0026968
2022_16_TB_ARI,REG,16,ARI,made,56.0,,0.0,1.0,M.Prater,00-0023853
2022_16_TB_ARI,REG,16,TB,made,35.0,,0.0,1.0,R.Succop,00-0026968
2022_16_TB_ARI,REG,16,ARI,made,53.0,,0.0,1.0,M.Prater,00-0023853
2022_16_TB_ARI,REG,16,ARI,made,39.0,,0.0,1.0,M.Prater,00-0023853
2022_16_TB_ARI,REG,16,ARI,,33.0,good,1.0,0.0,M.Prater,00-0023853
2022_16_TB_ARI,REG,16,TB,,33.0,good,1.0,0.0,R.Succop,00-0026968
2022_16_TB_ARI,REG,16,TB,made,42.0,,0.0,1.0,R.Succop,00-0026968
2022_16_TB_ARI,REG,16,TB,made,40.0,,0.0,1.0,R.Succop,00-0026968
2022_16_WAS_SF,REG,16,SF,,33.0,good,1.0,0.0,R.Gould,00-0023252
2022_16_WAS_SF,REG,16,WAS,,33.0,good,1.0,0.0,J.Slye,00-0035192
2022_16_WAS_SF,REG,16,SF,,33.0,good,1.0,0.0,R.Gould,00-0023252
2022_16_WAS_SF,REG,16,SF,,33.0,good,1.0,0.0,R.Gould,00-0023252
2022_16_WAS_SF,REG,16,WAS,,33.0,good,1.0,0.0,J.Slye,00-0035192
2022_16_WAS_SF,REG,16,SF,made,26.0,,0.0,1.0,R.Gould,00-0023252
2022_16_WAS_SF,REG,16,SF,made,23.0,,0.0,1.0,R.Gould,00-0023252
2022_16_WAS_SF,REG,16,SF,made,35.0,,0.0,1.0,R.Gould,00-0023252
2022_16_WAS_SF,REG,16,SF,,33.0,good,1.0,0.0,R.Gould,00-0023252
2022_17_ARI_ATL,REG,17,ARI,made,38.0,,0.0,1.0,M.Prater,00-0023853
2022_17_ARI_ATL,REG,17,ATL,,33.0,good,1.0,0.0,Y.Koo,00-0033702
2022_17_ARI_ATL,REG,17,ARI,,33.0,good,1.0,0.0,M.Prater,00-0023853
2022_17_ARI_ATL,REG,17,ATL,,33.0,good,1.0,0.0,Y.Koo,00-0033702
2022_17_ARI_ATL,REG,17,ARI,made,36.0,,0.0,1.0,M.Prater,00-0023853
2022_17_ARI_ATL,REG,17,ARI,made,36.0,,0.0,1.0,M.Prater,00-0023853
2022_17_ARI_ATL,REG,17,ARI,missed,43.0,,0.0,1.0,M.Prater,00-0023853
2022_17_ARI_ATL,REG,17,ATL,made,27.0,,0.0,1.0,Y.Koo,00-0033702
2022_17_ARI_ATL,REG,17,ARI,made,57.0,,0.0,1.0,M.Prater,00-0023853
2022_17_ARI_ATL,REG,17,ATL,made,21.0,,0.0,1.0,Y.Koo,00-0033702
2022_17_CAR_TB,REG,17,CAR,,33.0,good,1.0,0.0,E.Pineiro,00-0034173
2022_17_CAR_TB,REG,17,TB,missed,53.0,,0.0,1.0,R.Succop,00-0026968
2022_17_CAR_TB,REG,17,CAR,,33.0,good,1.0,0.0,E.Pineiro,00-0034173
2022_17_CAR_TB,REG,17,TB,,33.0,good,1.0,0.0,R.Succop,00-0026968
2022_17_CAR_TB,REG,17,TB,made,22.0,,0.0,1.0,R.Succop,00-0026968
2022_17_CAR_TB,REG,17,TB,blocked,26.0,,0.0,1.0,R.Succop,00-0026968
2022_17_CAR_TB,REG,17,CAR,,33.0,good,1.0,0.0,E.Pineiro,00-0034173
2022_17_CAR_TB,REG,17,TB,,33.0,failed,1.0,0.0,R.Succop,00-0026968
2022_17_CAR_TB,REG,17,CAR,made,49.0,,0.0,1.0,E.Pineiro,00-0034173
2022_17_CHI_DET,REG,17,CHI,,33.0,good,1.0,0.0,C.Santos,00-0031203
2022_17_CHI_DET,REG,17,DET,,33.0,good,1.0,0.0,M.Badgley,00-0034084
2022_17_CHI_DET,REG,17,CHI,made,23.0,,0.0,1.0,C.Santos,00-0031203
2022_17_CHI_DET,REG,17,DET,,33.0,good,1.0,0.0,M.Badgley,00-0034084
2022_17_CHI_DET,REG,17,DET,,33.0,good,1.0,0.0,M.Badgley,00-0034084
2022_17_CHI_DET,REG,17,DET,made,23.0,,0.0,1.0,M.Badgley,00-0034084
2022_17_CHI_DET,REG,17,DET,,33.0,good,1.0,0.0,M.Badgley,00-0034084
2022_17_CHI_DET,REG,17,DET,,33.0,good,1.0,0.0,M.Badgley,00-0034084
2022_17_CHI_DET,REG,17,DET,made,41.0,,0.0,1.0,M.Badgley,00-0034084
2022_17_CLE_WAS,REG,17,CLE,made,37.0,,0.0,1.0,C.York,00-0038097
2022_17_CLE_WAS,REG,17,WAS,,33.0,good,1.0,0.0,J.Slye,00-0035192
2022_17_CLE_WAS,REG,17,CLE,,33.0,good,1.0,0.0,C.York,00-0038097
2022_17_CLE_WAS,REG,17,CLE,,33.0,good,1.0,0.0,C.York,00-0038097
2022_17_CLE_WAS,REG,17,WAS,made,43.0,,0.0,1.0,J.Slye,00-0035192
2022_17_CLE_WAS,REG,17,CLE,,33.0,good,1.0,0.0,C.York,00-0038097
2022_17_DAL_TEN,REG,17,DAL,,33.0,good,1.0,0.0,B.Maher,00-0030332
2022_17_DAL_TEN,REG,17,DAL,made,36.0,,0.0,1.0,B.Maher,00-0030332
2022_17_DAL_TEN,REG,17,TEN,made,37.0,,0.0,1.0,R.Bullock,00-0029421
2022_17_DAL_TEN,REG,17,TEN,made,29.0,,0.0,1.0,R.Bullock,00-0029421
2022_17_DAL_TEN,REG,17,DAL,,33.0,good,1.0,0.0,B.Maher,00-0030332
2022_17_DAL_TEN,REG,17,TEN,,33.0,good,1.0,0.0,R.Bullock,00-0029421
2022_17_DAL_TEN,REG,17,DAL,,33.0,good,1.0,0.0,B.Maher,00-0030332
2022_17_DAL_TEN,REG,17,DAL,made,45.0,,0.0,1.0,B.Maher,00-0030332
2022_17_DEN_KC,REG,17,DEN,made,49.0,,0.0,1.0,B.McManus,00-0029822
2022_17_DEN_KC,REG,17,DEN,,33.0,good,1.0,0.0,B.McManus,00-0029822
2022_17_DEN_KC,REG,17,KC,,33.0,good,1.0,0.0,H.Butker,00-0033303
2022_17_DEN_KC,REG,17,KC,blocked,51.0,,0.0,1.0,H.Butker,00-0033303
2022_17_DEN_KC,REG,17,DEN,,33.0,good,1.0,0.0,B.McManus,00-0029822
2022_17_DEN_KC,REG,17,KC,,33.0,good,1.0,0.0,H.Butker,00-0033303
2022_17_DEN_KC,REG,17,KC,,33.0,good,1.0,0.0,H.Butker,00-0033303
2022_17_DEN_KC,REG,17,DEN,,33.0,good,1.0,0.0,B.McManus,00-0029822
2022_17_IND_NYG,REG,17,IND,made,23.0,,0.0,1.0,C.McLaughlin,00-0035358
2022_17_IND_NYG,REG,17,NYG,,33.0,good,1.0,0.0,G.Gano,00-0026858
2022_17_IND_NYG,REG,17,NYG,,33.0,good,1.0,0.0,G.Gano,00-0026858
2022_17_IND_NYG,REG,17,NYG,,33.0,good,1.0,0.0,G.Gano,00-0026858
2022_17_IND_NYG,REG,17,NYG,made,36.0,,0.0,1.0,G.Gano,00-0026858
2022_17_IND_NYG,REG,17,IND,missed,48.0,,0.0,1.0,C.McLaughlin,00-0035358
2022_17_IND_NYG,REG,17,NYG,,33.0,good,1.0,0.0,G.Gano,00-0026858
2022_17_IND_NYG,REG,17,IND,,33.0,good,1.0,0.0,C.McLaughlin,00-0035358
2022_17_IND_NYG,REG,17,NYG,,33.0,good,1.0,0.0,G.Gano,00-0026858
2022_17_JAX_HOU,REG,17,JAX,,33.0,good,1.0,0.0,R.Patterson,00-0036816
2022_17_JAX_HOU,REG,17,JAX,,33.0,good,1.0,0.0,R.Patterson,00-0036816
2022_17_JAX_HOU,REG,17,JAX,,33.0,good,1.0,0.0,R.Patterson,00-0036816
2022_17_JAX_HOU,REG,17,JAX,,33.0,good,1.0,0.0,R.Patterson,00-0036816
2022_17_JAX_HOU,REG,17,HOU,made,56.0,,0.0,1.0,K.Fairbairn,00-0032726
2022_17_JAX_HOU,REG,17,JAX,made,53.0,,0.0,1.0,R.Patterson,00-0036816
2022_17_LA_LAC,REG,17,LAR,made,23.0,,0.0,1.0,M.Gay,00-0035269
2022_17_LA_LAC,REG,17,LAC,,33.0,good,1.0,0.0,C.Dicker,00-0037224
2022_17_LA_LAC,REG,17,LAC,,33.0,good,1.0,0.0,C.Dicker,00-0037224
2022_17_LA_LAC,REG,17,LAR,,33.0,good,1.0,0.0,M.Gay,00-0035269
2022_17_LA_LAC,REG,17,LAC,made,40.0,,0.0,1.0,C.Dicker,00-0037224
2022_17_LA_LAC,REG,17,LAC,,33.0,good,1.0,0.0,C.Dicker,00-0037224
2022_17_LA_LAC,REG,17,LAC,,33.0,good,1.0,0.0,C.Dicker,00-0037224
2022_17_MIA_NE,REG,17,NE,,33.0,good,1.0,0.0,N.Folk,00-0025565
2022_17_MIA_NE,REG,17,MIA,,33.0,good,1.0,0.0,J.Sanders,00-0034794
2022_17_MIA_NE,REG,17,MIA,missed,51.0,,0.0,1.0,J.Sanders,00-0034794
2022_17_MIA_NE,REG,17,MIA,,33.0,good,1.0,0.0,J.Sanders,00-0034794
2022_17_MIA_NE,REG,17,NE,made,49.0,,0.0,1.0,N.Folk,00-0025565
2022_17_MIA_NE,REG,17,NE,,33.0,failed,1.0,0.0,N.Folk,00-0025565
2022_17_MIA_NE,REG,17,NE,,33.0,good,1.0,0.0,N.Folk,00-0025565
2022_17_MIA_NE,REG,17,MIA,,33.0,good,1.0,0.0,J.Sanders,00-0034794
2022_17_MIN_GB,REG,17,MIN,made,21.0,,0.0,1.0,G.Joseph,00-0034450
2022_17_MIN_GB,REG,17,GB,,33.0,good,1.0,0.0,M.Crosby,00-0025580
2022_17_MIN_GB,REG,17,GB,,33.0,good,1.0,0.0,M.Crosby,00-0025580
2022_17_MIN_GB,REG,17,MIN,missed,46.0,,0.0,1.0,G.Joseph,00-0034450
2022_17_MIN_GB,REG,17,GB,made,26.0,,0.0,1.0,M.Crosby,00-0025580
2022_17_MIN_GB,REG,17,GB,,33.0,good,1.0,0.0,M.Crosby,00-0025580
2022_17_MIN_GB,REG,17,MIN,missed,50.0,,0.0,1.0,G.Joseph,00-0034450
2022_17_MIN_GB,REG,17,GB,made,56.0,,0.0,1.0,M.Crosby,00-0025580
2022_17_MIN_GB,REG,17,GB,,33.0,good,1.0,0.0,M.Crosby,00-0025580
2022_17_MIN_GB,REG,17,GB,,33.0,good,1.0,0.0,M.Crosby,00-0025580
2022_17_MIN_GB,REG,17,MIN,,33.0,good,1.0,0.0,G.Joseph,00-0034450
2022_17_MIN_GB,REG,17,MIN,,33.0,good,1.0,0.0,G.Joseph,00-0034450
2022_17_NO_PHI,REG,17,NO,,33.0,good,1.0,0.0,W.Lutz,00-0032569
2022_17_NO_PHI,REG,17,NO,made,54.0,,0.0,1.0,W.Lutz,00-0032569
2022_17_NO_PHI,REG,17,NO,made,20.0,,0.0,1.0,W.Lutz,00-0032569
2022_17_NO_PHI,REG,17,PHI,made,56.0,,0.0,1.0,J.Elliott,00-0033787
2022_17_NO_PHI,REG,17,PHI,,33.0,good,1.0,0.0,J.Elliott,00-0033787
2022_17_NO_PHI,REG,17,NO,,33.0,good,1.0,0.0,W.Lutz,00-0032569
2022_17_NYJ_SEA,REG,17,SEA,,33.0,good,1.0,0.0,J.Myers,00-0031492
2022_17_NYJ_SEA,REG,17,SEA,made,25.0,,0.0,1.0,J.Myers,00-0031492
2022_17_NYJ_SEA,REG,17,NYJ,made,44.0,,0.0,1.0,G.Zuerlein,00-0029621
2022_17_NYJ_SEA,REG,17,SEA,,33.0,good,1.0,0.0,J.Myers,00-0031492
2022_17_NYJ_SEA,REG,17,NYJ,made,44.0,,0.0,1.0,G.Zuerlein,00-0029621
2022_17_NYJ_SEA,REG,17,NYJ,missed,57.0,,0.0,1.0,G.Zuerlein,00-0029621
2022_17_NYJ_SEA,REG,17,SEA,made,31.0,,0.0,1.0,J.Myers,00-0031492
2022_17_NYJ_SEA,REG,17,SEA,missed,41.0,,0.0,1.0,J.Myers,00-0031492
2022_17_NYJ_SEA,REG,17,SEA,made,31.0,,0.0,1.0,J.Myers,00-0031492
2022_17_PIT_BAL,REG,17,PIT,made,21.0,,0.0,1.0,C.Boswell,00-0031136
2022_17_PIT_BAL,REG,17,BAL,made,30.0,,0.0,1.0,J.Tucker,00-0029597
2022_17_PIT_BAL,REG,17,PIT,missed,48.0,,0.0,1.0,C.Boswell,00-0031136
2022_17_PIT_BAL,REG,17,BAL,,33.0,good,1.0,0.0,J.Tucker,00-0029597
2022_17_PIT_BAL,REG,17,BAL,made,51.0,,0.0,1.0,J.Tucker,00-0029597
2022_17_PIT_BAL,REG,17,PIT,made,51.0,,0.0,1.0,C.Boswell,00-0031136
2022_17_PIT_BAL,REG,17,PIT,made,33.0,,0.0,1.0,C.Boswell,00-0031136
2022_17_PIT_BAL,REG,17,PIT,,33.0,good,1.0,0.0,C.Boswell,00-0031136
2022_17_SF_LV,REG,17,LV,,33.0,good,1.0,0.0,D.Carlson,00-0034161
2022_17_SF_LV,REG,17,SF,,33.0,good,1.0,0.0,R.Gould,00-0023252
2022_17_SF_LV,REG,17,LV,made,20.0,,0.0,1.0,D.Carlson,00-0034161
2022_17_SF_LV,REG,17,SF,,33.0,good,1.0,0.0,R.Gould,00-0023252
2022_17_SF_LV,REG,17,LV,,33.0,good,1.0,0.0,D.Carlson,00-0034161
2022_17_SF_LV,REG,17,LV,,33.0,good,1.0,0.0,D.Carlson,00-0034161
2022_17_SF_LV,REG,17,SF,,33.0,good,1.0,0.0,R.Gould,00-0023252
2022_17_SF_LV,REG,17,SF,made,43.0,,0.0,1.0,R.Gould,00-0023252
2022_17_SF_LV,REG,17,SF,made,24.0,,0.0,1.0,R.Gould,00-0023252
2022_17_SF_LV,REG,17,LV,made,57.0,,0.0,1.0,D.Carlson,00-0034161
2022_17_SF_LV,REG,17,SF,,33.0,good,1.0,0.0,R.Gould,00-0023252
2022_17_SF_LV,REG,17,LV,,33.0,good,1.0,0.0,D.Carlson,00-0034161
2022_17_SF_LV,REG,17,SF,missed,41.0,,0.0,1.0,R.Gould,00-0023252
2022_17_SF_LV,REG,17,SF,made,23.0,,0.0,1.0,R.Gould,00-0023252
2022_18_ARI_SF,REG,18,ARI,,33.0,failed,1.0,0.0,M.Prater,00-0023853
2022_18_ARI_SF,REG,18,SF,,33.0,good,1.0,0.0,R.Gould,00-0023252
2022_18_ARI_SF,REG,18,SF,,33.0,good,1.0,0.0,R.Gould,00-0023252
2022_18_ARI_SF,REG,18,ARI,,33.0,good,1.0,0.0,M.Prater,00-0023853
2022_18_ARI_SF,REG,18,SF,,33.0,good,1.0,0.0,R.Gould,00-0023252
2022_18_ARI_SF,REG,18,SF,,33.0,good,1.0,0.0,R.Gould,00-0023252
2022_18_ARI_SF,REG,18,SF,made,27.0,,0.0,1.0,R.Gould,00-0023252
2022_18_ARI_SF,REG,18,SF,,33.0,good,1.0,0.0,R.Gould,00-0023252
2022_18_BAL_CIN,REG,18,CIN,made,34.0,,0.0,1.0,E.McPherson,00-0036854
2022_18_BAL_CIN,REG,18,CIN,,33.0,good,1.0,0.0,E.McPherson,00-0036854
2022_18_BAL_CIN,REG,18,CIN,,33.0,good,1.0,0.0,E.McPherson,00-0036854
2022_18_BAL_CIN,REG,18,BAL,,33.0,good,1.0,0.0,J.Tucker,00-0029597
2022_18_BAL_CIN,REG,18,CIN,,33.0,good,1.0,0.0,E.McPherson,00-0036854
2022_18_BAL_CIN,REG,18,BAL,made,26.0,,0.0,1.0,J.Tucker,00-0029597
2022_18_BAL_CIN,REG,18,CIN,made,26.0,,0.0,1.0,E.McPherson,00-0036854
2022_18_BAL_CIN,REG,18,BAL,made,51.0,,0.0,1.0,J.Tucker,00-0029597
2022_18_BAL_CIN,REG,18,BAL,made,27.0,,0.0,1.0,J.Tucker,00-0029597
2022_18_CAR_NO,REG,18,NO,,33.0,good,1.0,0.0,W.Lutz,00-0032569
2022_18_CAR_NO,REG,18,NO,missed,44.0,,0.0,1.0,W.Lutz,00-0032569
2022_18_CAR_NO,REG,18,CAR,,33.0,good,1.0,0.0,E.Pineiro,00-0034173
2022_18_CAR_NO,REG,18,NO,blocked,55.0,,0.0,1.0,W.Lutz,00-0032569
2022_18_CAR_NO,REG,18,CAR,made,42.0,,0.0,1.0,E.Pineiro,00-0034173
2022_18_CLE_PIT,REG,18,CLE,,33.0,good,1.0,0.0,C.York,00-0038097
2022_18_CLE_PIT,REG,18,PIT,,33.0,good,1.0,0.0,C.Boswell,00-0031136
2022_18_CLE_PIT,REG,18,PIT,made,49.0,,0.0,1.0,C.Boswell,00-0031136
2022_18_CLE_PIT,REG,18,PIT,made,34.0,,0.0,1.0,C.Boswell,00-0031136
2022_18_CLE_PIT,REG,18,PIT,,33.0,good,1.0,0.0,C.Boswell,00-0031136
2022_18_CLE_PIT,REG,18,CLE,,33.0,good,1.0,0.0,C.York,00-0038097
2022_18_DAL_WAS,REG,18,WAS,,33.0,good,1.0,0.0,J.Slye,00-0035192
2022_18_DAL_WAS,REG,18,WAS,missed,31.0,,0.0,1.0,J.Slye,00-0035192
2022_18_DAL_WAS,REG,18,WAS,,33.0,failed,1.0,0.0,J.Slye,00-0035192
2022_18_DAL_WAS,REG,18,WAS,missed,52.0,,0.0,1.0,J.Slye,00-0035192
2022_18_DAL_WAS,REG,18,DAL,,33.0,failed,1.0,0.0,B.Maher,00-0030332
2022_18_DAL_WAS,REG,18,WAS,,33.0,good,1.0,0.0,J.Slye,00-0035192
2022_18_DAL_WAS,REG,18,WAS,made,29.0,,0.0,1.0,J.Slye,00-0035192
2022_18_DAL_WAS,REG,18,WAS,made,22.0,,0.0,1.0,J.Slye,00-0035192
2022_18_DET_GB,REG,18,GB,made,22.0,,0.0,1.0,M.Crosby,00-0025580
2022_18_DET_GB,REG,18,DET,made,37.0,,0.0,1.0,M.Badgley,00-0034084
2022_18_DET_GB,REG,18,GB,made,49.0,,0.0,1.0,M.Crosby,00-0025580
2022_18_DET_GB,REG,18,GB,made,48.0,,0.0,1.0,M.Crosby,00-0025580
2022_18_DET_GB,REG,18,DET,missed,46.0,,0.0,1.0,M.Badgley,00-0034084
2022_18_DET_GB,REG,18,DET,made,33.0,,0.0,1.0,M.Badgley,00-0034084
2022_18_DET_GB,REG,18,GB,missed,53.0,,0.0,1.0,M.Crosby,00-0025580
2022_18_DET_GB,REG,18,DET,,33.0,good,1.0,0.0,M.Badgley,00-0034084
2022_18_DET_GB,REG,18,GB,,33.0,good,1.0,0.0,M.Crosby,00-0025580
2022_18_DET_GB,REG,18,DET,,33.0,good,1.0,0.0,M.Badgley,00-0034084
2022_18_HOU_IND,REG,18,HOU,,33.0,good,1.0,0.0,K.Fairbairn,00-0032726
2022_18_HOU_IND,REG,18,HOU,made,37.0,,0.0,1.0,K.Fairbairn,00-0032726
2022_18_HOU_IND,REG,18,IND,,33.0,good,1.0,0.0,C.McLaughlin,00-0035358
2022_18_HOU_IND,REG,18,HOU,,33.0,good,1.0,0.0,K.Fairbairn,00-0032726
2022_18_HOU_IND,REG,18,IND,,33.0,good,1.0,0.0,C.McLaughlin,00-0035358
2022_18_HOU_IND,REG,18,HOU,,33.0,good,1.0,0.0,K.Fairbairn,00-0032726
2022_18_HOU_IND,REG,18,IND,,33.0,good,1.0,0.0,C.McLaughlin,00-0035358
2022_18_HOU_IND,REG,18,IND,,33.0,good,1.0,0.0,C.McLaughlin,00-0035358
2022_18_HOU_IND,REG,18,IND,made,54.0,,0.0,1.0,C.McLaughlin,00-0035358
2022_18_KC_LV,REG,18,KC,,33.0,good,1.0,0.0,H.Butker,00-0033303
2022_18_KC_LV,REG,18,LV,made,54.0,,0.0,1.0,D.Carlson,00-0034161
2022_18_KC_LV,REG,18,KC,,33.0,good,1.0,0.0,H.Butker,00-0033303
2022_18_KC_LV,REG,18,KC,,33.0,good,1.0,0.0,H.Butker,00-0033303
2022_18_KC_LV,REG,18,KC,made,44.0,,0.0,1.0,H.Butker,00-0033303
2022_18_KC_LV,REG,18,LV,made,38.0,,0.0,1.0,D.Carlson,00-0034161
2022_18_KC_LV,REG,18,KC,,33.0,good,1.0,0.0,H.Butker,00-0033303
2022_18_KC_LV,REG,18,LV,,33.0,good,1.0,0.0,D.Carlson,00-0034161
2022_18_LAC_DEN,REG,18,LAC,,33.0,good,1.0,0.0,C.Dicker,00-0037224
2022_18_LAC_DEN,REG,18,DEN,,33.0,good,1.0,0.0,B.McManus,00-0029822
2022_18_LAC_DEN,REG,18,LAC,,33.0,good,1.0,0.0,C.Dicker,00-0037224
2022_18_LAC_DEN,REG,18,DEN,made,33.0,,0.0,1.0,B.McManus,00-0029822
2022_18_LAC_DEN,REG,18,LAC,made,48.0,,0.0,1.0,C.Dicker,00-0037224
2022_18_LAC_DEN,REG,18,DEN,,33.0,good,1.0,0.0,B.McManus,00-0029822
2022_18_LAC_DEN,REG,18,DEN,,33.0,good,1.0,0.0,B.McManus,00-0029822
2022_18_LAC_DEN,REG,18,LAC,made,36.0,,0.0,1.0,C.Dicker,00-0037224
2022_18_LAC_DEN,REG,18,DEN,,33.0,good,1.0,0.0,B.McManus,00-0029822
2022_18_LA_SEA,REG,18,LAR,made,22.0,,0.0,1.0,M.Gay,00-0035269
2022_18_LA_SEA,REG,18,SEA,made,37.0,,0.0,1.0,J.Myers,00-0031492
2022_18_LA_SEA,REG,18,SEA,made,36.0,,0.0,1.0,J.Myers,00-0031492
2022_18_LA_SEA,REG,18,LAR,made,45.0,,0.0,1.0,M.Gay,00-0035269
2022_18_LA_SEA,REG,18,LAR,,33.0,good,1.0,0.0,M.Gay,00-0035269
2022_18_LA_SEA,REG,18,SEA,,33.0,good,1.0,0.0,J.Myers,00-0031492
2022_18_LA_SEA,REG,18,LAR,made,38.0,,0.0,1.0,M.Gay,00-0035269
2022_18_LA_SEA,REG,18,SEA,made,22.0,,0.0,1.0,J.Myers,00-0031492
2022_18_LA_SEA,REG,18,SEA,missed,46.0,,0.0,1.0,J.Myers,00-0031492
2022_18_LA_SEA,REG,18,SEA,made,32.0,,0.0,1.0,J.Myers,00-0031492
2022_18_MIN_CHI,REG,18,MIN,,33.0,failed,1.0,0.0,G.Joseph,00-0034450
2022_18_MIN_CHI,REG,18,MIN,,33.0,good,1.0,0.0,G.Joseph,00-0034450
2022_18_MIN_CHI,REG,18,MIN,made,28.0,,0.0,1.0,G.Joseph,00-0034450
2022_18_MIN_CHI,REG,18,MIN,,33.0,good,1.0,0.0,G.Joseph,00-0034450
2022_18_MIN_CHI,REG,18,CHI,,33.0,good,1.0,0.0,C.Santos,00-0031203
2022_18_MIN_CHI,REG,18,MIN,made,50.0,,0.0,1.0,G.Joseph,00-0034450
2022_18_MIN_CHI,REG,18,MIN,made,41.0,,0.0,1.0,G.Joseph,00-0034450
2022_18_NE_BUF,REG,18,BUF,,33.0,good,1.0,0.0,T.Bass,00-0036162
2022_18_NE_BUF,REG,18,NE,,33.0,good,1.0,0.0,N.Folk,00-0025565
2022_18_NE_BUF,REG,18,BUF,,33.0,good,1.0,0.0,T.Bass,00-0036162
2022_18_NE_BUF,REG,18,NE,,33.0,good,1.0,0.0,N.Folk,00-0025565
2022_18_NE_BUF,REG,18,NE,made,24.0,,0.0,1.0,N.Folk,00-0025565
2022_18_NE_BUF,REG,18,BUF,,33.0,good,1.0,0.0,T.Bass,00-0036162
2022_18_NE_BUF,REG,18,BUF,,33.0,good,1.0,0.0,T.Bass,00-0036162
2022_18_NE_BUF,REG,18,BUF,,33.0,good,1.0,0.0,T.Bass,00-0036162
2022_18_NYG_PHI,REG,18,PHI,made,32.0,,0.0,1.0,J.Elliott,00-0033787
2022_18_NYG_PHI,REG,18,PHI,,33.0,good,1.0,0.0,J.Elliott,00-0033787
2022_18_NYG_PHI,REG,18,PHI,made,52.0,,0.0,1.0,J.Elliott,00-0033787
2022_18_NYG_PHI,REG,18,PHI,made,39.0,,0.0,1.0,J.Elliott,00-0033787
2022_18_NYG_PHI,REG,18,PHI,made,54.0,,0.0,1.0,J.Elliott,00-0033787
2022_18_NYG_PHI,REG,18,NYG,made,24.0,,0.0,1.0,G.Gano,00-0026858
2022_18_NYG_PHI,REG,18,PHI,made,22.0,,0.0,1.0,J.Elliott,00-0033787
2022_18_NYG_PHI,REG,18,NYG,,33.0,good,1.0,0.0,G.Gano,00-0026858
2022_18_NYJ_MIA,REG,18,NYJ,missed,55.0,,0.0,1.0,G.Zuerlein,00-0029621
2022_18_NYJ_MIA,REG,18,MIA,made,37.0,,0.0,1.0,J.Sanders,00-0034794
2022_18_NYJ_MIA,REG,18,NYJ,made,32.0,,0.0,1.0,G.Zuerlein,00-0029621
2022_18_NYJ_MIA,REG,18,MIA,made,37.0,,0.0,1.0,J.Sanders,00-0034794
2022_18_NYJ_MIA,REG,18,NYJ,made,35.0,,0.0,1.0,G.Zuerlein,00-0029621
2022_18_NYJ_MIA,REG,18,MIA,made,50.0,,0.0,1.0,J.Sanders,00-0034794
2022_18_TB_ATL,REG,18,TB,,33.0,good,1.0,0.0,R.Succop,00-0026968
2022_18_TB_ATL,REG,18,ATL,,33.0,good,1.0,0.0,Y.Koo,00-0033702
2022_18_TB_ATL,REG,18,ATL,made,49.0,,0.0,1.0,Y.Koo,00-0033702
2022_18_TB_ATL,REG,18,TB,made,41.0,,0.0,1.0,R.Succop,00-0026968
2022_18_TB_ATL,REG,18,TB,,33.0,good,1.0,0.0,R.Succop,00-0026968
2022_18_TB_ATL,REG,18,ATL,made,24.0,,0.0,1.0,Y.Koo,00-0033702
2022_18_TB_ATL,REG,18,ATL,,33.0,good,1.0,0.0,Y.Koo,00-0033702
2022_18_TB_ATL,REG,18,ATL,,33.0,good,1.0,0.0,Y.Koo,00-0033702
2022_18_TB_ATL,REG,18,ATL,made,51.0,,0.0,1.0,Y.Koo,00-0033702
2022_18_TEN_JAX,REG,18,TEN,made,51.0,,0.0,1.0,R.Bullock,00-0029421
2022_18_TEN_JAX,REG,18,TEN,,33.0,good,1.0,0.0,R.Bullock,00-0029421
2022_18_TEN_JAX,REG,18,JAX,,33.0,good,1.0,0.0,R.Patterson,00-0036816
2022_18_TEN_JAX,REG,18,TEN,made,39.0,,0.0,1.0,R.Bullock,00-0029421
2022_18_TEN_JAX,REG,18,JAX,made,26.0,,0.0,1.0,R.Patterson,00-0036816
2022_18_TEN_JAX,REG,18,TEN,made,41.0,,0.0,1.0,R.Bullock,00-0029421
2022_18_TEN_JAX,REG,18,JAX,made,36.0,,0.0,1.0,R.Patterson,00-0036816
2022_18_TEN_JAX,REG,18,JAX,,33.0,good,1.0,0.0,R.Patterson,00-0036816
