game_id,season_type,week,posteam,field_goal_result,kick_distance,extra_point_result,extra_point_attempt,field_goal_attempt,kicker_player_name,kicker_player_id
2023_01_ARI_WAS,REG,1,WAS,,33.0,good,1.0,0.0,J.Slye,00-0035192
2023_01_ARI_WAS,REG,1,ARI,made,28.0,,0.0,1.0,M.Prater,00-0023853
2023_01_ARI_WAS,REG,1,ARI,made,54.0,,0.0,1.0,M.Prater,00-0023853
2023_01_ARI_WAS,REG,1,ARI,,33.0,good,1.0,0.0,M.Prater,00-0023853
2023_01_ARI_WAS,REG,1,WAS,made,30.0,,0.0,1.0,J.Slye,00-0035192
2023_01_ARI_WAS,REG,1,ARI,made,37.0,,0.0,1.0,M.Prater,00-0023853
2023_01_ARI_WAS,REG,1,WAS,,33.0,good,1.0,0.0,J.Slye,00-0035192
2023_01_ARI_WAS,REG,1,WAS,made,33.0,,0.0,1.0,J.Slye,00-0035192
2023_01_BUF_NYJ,REG,1,BUF,made,40.0,,0.0,1.0,T.Bass,00-0036162
2023_01_BUF_NYJ,REG,1,NYJ,made,26.0,,0.0,1.0,G.Zuerlein,00-0029621
2023_01_BUF_NYJ,REG,1,BUF,,33.0,good,1.0,0.0,T.Bass,00-0036162
2023_01_BUF_NYJ,REG,1,BUF,made,34.0,,0.0,1.0,T.Bass,00-0036162
2023_01_BUF_NYJ,REG,1,NYJ,made,43.0,,0.0,1.0,G.Zuerlein,00-0029621
2023_01_BUF_NYJ,REG,1,NYJ,,38.0,good,1.0,0.0,G.Zuerlein,00-0029621
2023_01_BUF_NYJ,REG,1,NYJ,made,30.0,,0.0,1.0,G.Zuerlein,00-0029621
2023_01_BUF_NYJ,REG,1,BUF,made,50.0,,0.0,1.0,T.Bass,00-0036162
2023_01_CAR_ATL,REG,1,ATL,,33.0,good,1.0,0.0,Y.Koo,00-0033702
2023_01_CAR_ATL,REG,1,CAR,,33.0,good,1.0,0.0,E.Pineiro,00-0034173
2023_01_CAR_ATL,REG,1,CAR,made,43.0,,0.0,1.0,E.Pineiro,00-0034173
2023_01_CAR_ATL,REG,1,ATL,made,49.0,,0.0,1.0,Y.Koo,00-0033702
2023_01_CAR_ATL,REG,1,ATL,,33.0,good,1.0,0.0,Y.Koo,00-0033702
2023_01_CAR_ATL,REG,1,ATL,,33.0,good,1.0,0.0,Y.Koo,00-0033702
2023_01_CIN_CLE,REG,1,CLE,made,42.0,,0.0,1.0,D.Hopkins,00-0030098
2023_01_CIN_CLE,REG,1,CLE,,33.0,good,1.0,0.0,D.Hopkins,00-0030098
2023_01_CIN_CLE,REG,1,CIN,made,42.0,,0.0,1.0,E.McPherson,00-0036854
2023_01_CIN_CLE,REG,1,CIN,missed,51.0,,0.0,1.0,E.McPherson,00-0036854
2023_01_CIN_CLE,REG,1,CLE,made,34.0,,0.0,1.0,D.Hopkins,00-0030098
2023_01_CIN_CLE,REG,1,CLE,made,43.0,,0.0,1.0,D.Hopkins,00-0030098
2023_01_DAL_NYG,REG,1,NYG,blocked,45.0,,0.0,1.0,G.Gano,00-0026858
2023_01_DAL_NYG,REG,1,DAL,,33.0,failed,1.0,0.0,B.Aubrey,00-0037692
2023_01_DAL_NYG,REG,1,DAL,made,21.0,,0.0,1.0,B.Aubrey,00-0037692
2023_01_DAL_NYG,REG,1,DAL,,33.0,good,1.0,0.0,B.Aubrey,00-0037692
2023_01_DAL_NYG,REG,1,DAL,made,38.0,,0.0,1.0,B.Aubrey,00-0037692
2023_01_DAL_NYG,REG,1,DAL,,33.0,good,1.0,0.0,B.Aubrey,00-0037692
2023_01_DAL_NYG,REG,1,NYG,missed,36.0,,0.0,1.0,G.Gano,00-0026858
2023_01_DAL_NYG,REG,1,DAL,,33.0,good,1.0,0.0,B.Aubrey,00-0037692
2023_01_DAL_NYG,REG,1,DAL,,33.0,good,1.0,0.0,B.Aubrey,00-0037692
2023_01_DET_KC,REG,1,DET,,33.0,good,1.0,0.0,R.Patterson,00-0036816
2023_01_DET_KC,REG,1,KC,,33.0,good,1.0,0.0,H.Butker,00-0033303
2023_01_DET_KC,REG,1,KC,,33.0,good,1.0,0.0,H.Butker,00-0033303
2023_01_DET_KC,REG,1,DET,,33.0,good,1.0,0.0,R.Patterson,00-0036816
2023_01_DET_KC,REG,1,KC,made,35.0,,0.0,1.0,H.Butker,00-0033303
2023_01_DET_KC,REG,1,KC,made,39.0,,0.0,1.0,H.Butker,00-0033303
2023_01_DET_KC,REG,1,DET,,33.0,good,1.0,0.0,R.Patterson,00-0036816
2023_01_GB_CHI,REG,1,GB,,33.0,good,1.0,0.0,A.Carlson,00-0038402
2023_01_GB_CHI,REG,1,CHI,made,47.0,,0.0,1.0,C.Santos,00-0031203
2023_01_GB_CHI,REG,1,CHI,made,29.0,,0.0,1.0,C.Santos,00-0031203
2023_01_GB_CHI,REG,1,GB,made,52.0,,0.0,1.0,A.Carlson,00-0038402
2023_01_GB_CHI,REG,1,GB,,33.0,good,1.0,0.0,A.Carlson,00-0038402
2023_01_GB_CHI,REG,1,GB,,33.0,good,1.0,0.0,A.Carlson,00-0038402
2023_01_GB_CHI,REG,1,GB,,33.0,good,1.0,0.0,A.Carlson,00-0038402
2023_01_GB_CHI,REG,1,GB,,33.0,good,1.0,0.0,A.Carlson,00-0038402
2023_01_HOU_BAL,REG,1,BAL,,33.0,good,1.0,0.0,J.Tucker,00-0029597
2023_01_HOU_BAL,REG,1,HOU,made,35.0,,0.0,1.0,K.Fairbairn,00-0032726
2023_01_HOU_BAL,REG,1,HOU,made,38.0,,0.0,1.0,K.Fairbairn,00-0032726
2023_01_HOU_BAL,REG,1,BAL,,33.0,good,1.0,0.0,J.Tucker,00-0029597
2023_01_HOU_BAL,REG,1,HOU,made,36.0,,0.0,1.0,K.Fairbairn,00-0032726
2023_01_HOU_BAL,REG,1,BAL,made,39.0,,0.0,1.0,J.Tucker,00-0029597
2023_01_JAX_IND,REG,1,JAX,,33.0,good,1.0,0.0,B.McManus,00-0029822
2023_01_JAX_IND,REG,1,IND,,33.0,good,1.0,0.0,M.Gay,00-0035269
2023_01_JAX_IND,REG,1,JAX,,33.0,good,1.0,0.0,B.McManus,00-0029822
2023_01_JAX_IND,REG,1,IND,,33.0,good,1.0,0.0,M.Gay,00-0035269
2023_01_JAX_IND,REG,1,JAX,made,45.0,,0.0,1.0,B.McManus,00-0029822
2023_01_JAX_IND,REG,1,IND,,33.0,good,1.0,0.0,M.Gay,00-0035269
2023_01_JAX_IND,REG,1,JAX,,33.0,good,1.0,0.0,B.McManus,00-0029822
2023_01_JAX_IND,REG,1,JAX,,33.0,good,1.0,0.0,B.McManus,00-0029822
2023_01_LA_SEA,REG,1,SEA,made,36.0,,0.0,1.0,J.Myers,00-0031492
2023_01_LA_SEA,REG,1,LAR,,33.0,good,1.0,0.0,B.Maher,00-0030332
2023_01_LA_SEA,REG,1,SEA,,33.0,good,1.0,0.0,J.Myers,00-0031492
2023_01_LA_SEA,REG,1,SEA,made,42.0,,0.0,1.0,J.Myers,00-0031492
2023_01_LA_SEA,REG,1,LAR,blocked,57.0,,0.0,1.0,B.Maher,00-0030332
2023_01_LA_SEA,REG,1,SEA,missed,39.0,,0.0,1.0,J.Myers,00-0031492
2023_01_LA_SEA,REG,1,LAR,missed,56.0,,0.0,1.0,B.Maher,00-0030332
2023_01_LA_SEA,REG,1,LAR,,33.0,good,1.0,0.0,B.Maher,00-0030332
2023_01_LA_SEA,REG,1,LAR,made,38.0,,0.0,1.0,B.Maher,00-0030332
2023_01_LA_SEA,REG,1,LAR,,33.0,good,1.0,0.0,B.Maher,00-0030332
2023_01_LA_SEA,REG,1,LAR,made,54.0,,0.0,1.0,B.Maher,00-0030332
2023_01_LA_SEA,REG,1,LAR,made,45.0,,0.0,1.0,B.Maher,00-0030332
2023_01_LV_DEN,REG,1,LV,,33.0,good,1.0,0.0,D.Carlson,00-0034161
2023_01_LV_DEN,REG,1,DEN,,33.0,failed,1.0,0.0,W.Lutz,00-0032569
2023_01_LV_DEN,REG,1,LV,made,24.0,,0.0,1.0,D.Carlson,00-0034161
2023_01_LV_DEN,REG,1,DEN,,33.0,good,1.0,0.0,W.Lutz,00-0032569
2023_01_LV_DEN,REG,1,DEN,missed,55.0,,0.0,1.0,W.Lutz,00-0032569
2023_01_LV_DEN,REG,1,DEN,made,24.0,,0.0,1.0,W.Lutz,00-0032569
2023_01_LV_DEN,REG,1,LV,,33.0,good,1.0,0.0,D.Carlson,00-0034161
2023_01_MIA_LAC,REG,1,LAC,,33.0,good,1.0,0.0,C.Dicker,00-0037224
2023_01_MIA_LAC,REG,1,MIA,,33.0,good,1.0,0.0,J.Sanders,00-0034794
2023_01_MIA_LAC,REG,1,MIA,made,23.0,,0.0,1.0,J.Sanders,00-0034794
2023_01_MIA_LAC,REG,1,LAC,,33.0,good,1.0,0.0,C.Dicker,00-0037224
2023_01_MIA_LAC,REG,1,MIA,,33.0,good,1.0,0.0,J.Sanders,00-0034794
2023_01_MIA_LAC,REG,1,LAC,made,50.0,,0.0,1.0,C.Dicker,00-0037224
2023_01_MIA_LAC,REG,1,MIA,made,41.0,,0.0,1.0,J.Sanders,00-0034794
2023_01_MIA_LAC,REG,1,LAC,,33.0,good,1.0,0.0,C.Dicker,00-0037224
2023_01_MIA_LAC,REG,1,MIA,,33.0,good,1.0,0.0,J.Sanders,00-0034794
2023_01_MIA_LAC,REG,1,LAC,,33.0,good,1.0,0.0,C.Dicker,00-0037224
2023_01_MIA_LAC,REG,1,MIA,made,45.0,,0.0,1.0,J.Sanders,00-0034794
2023_01_MIA_LAC,REG,1,LAC,made,25.0,,0.0,1.0,C.Dicker,00-0037224
2023_01_MIA_LAC,REG,1,MIA,,33.0,failed,1.0,0.0,J.Sanders,00-0034794
2023_01_PHI_NE,REG,1,PHI,made,32.0,,0.0,1.0,J.Elliott,00-0033787
2023_01_PHI_NE,REG,1,PHI,,33.0,good,1.0,0.0,J.Elliott,00-0033787
2023_01_PHI_NE,REG,1,PHI,,33.0,failed,1.0,0.0,J.Elliott,00-0033787
2023_01_PHI_NE,REG,1,NE,,33.0,good,1.0,0.0,C.Ryland,00-0038567
2023_01_PHI_NE,REG,1,NE,,33.0,good,1.0,0.0,C.Ryland,00-0038567
2023_01_PHI_NE,REG,1,PHI,made,56.0,,0.0,1.0,J.Elliott,00-0033787
2023_01_PHI_NE,REG,1,PHI,made,48.0,,0.0,1.0,J.Elliott,00-0033787
2023_01_PHI_NE,REG,1,PHI,made,51.0,,0.0,1.0,J.Elliott,00-0033787
2023_01_SF_PIT,REG,1,SF,,38.0,good,1.0,0.0,J.Moody,00-0038562
2023_01_SF_PIT,REG,1,SF,made,41.0,,0.0,1.0,J.Moody,00-0038562
2023_01_SF_PIT,REG,1,SF,,33.0,good,1.0,0.0,J.Moody,00-0038562
2023_01_SF_PIT,REG,1,SF,made,32.0,,0.0,1.0,J.Moody,00-0038562
2023_01_SF_PIT,REG,1,PIT,,33.0,good,1.0,0.0,C.Boswell,00-0031136
2023_01_SF_PIT,REG,1,SF,,33.0,good,1.0,0.0,J.Moody,00-0038562
2023_01_SF_PIT,REG,1,SF,made,40.0,,0.0,1.0,J.Moody,00-0038562
2023_01_TB_MIN,REG,1,TB,made,36.0,,0.0,1.0,C.McLaughlin,00-0035358
2023_01_TB_MIN,REG,1,MIN,,33.0,good,1.0,0.0,G.Joseph,00-0034450
2023_01_TB_MIN,REG,1,MIN,made,25.0,,0.0,1.0,G.Joseph,00-0034450
2023_01_TB_MIN,REG,1,TB,,33.0,good,1.0,0.0,C.McLaughlin,00-0035358
2023_01_TB_MIN,REG,1,TB,,33.0,good,1.0,0.0,C.McLaughlin,00-0035358
2023_01_TB_MIN,REG,1,MIN,,33.0,good,1.0,0.0,G.Joseph,00-0034450
2023_01_TB_MIN,REG,1,TB,made,57.0,,0.0,1.0,C.McLaughlin,00-0035358
2023_01_TEN_NO,REG,1,TEN,made,50.0,,0.0,1.0,N.Folk,00-0025565
2023_01_TEN_NO,REG,1,NO,made,26.0,,0.0,1.0,B.Grupe,00-0038905
2023_01_TEN_NO,REG,1,TEN,made,27.0,,0.0,1.0,N.Folk,00-0025565
2023_01_TEN_NO,REG,1,NO,made,33.0,,0.0,1.0,B.Grupe,00-0038905
2023_01_TEN_NO,REG,1,TEN,made,31.0,,0.0,1.0,N.Folk,00-0025565
2023_01_TEN_NO,REG,1,NO,made,52.0,,0.0,1.0,B.Grupe,00-0038905
2023_01_TEN_NO,REG,1,NO,,33.0,good,1.0,0.0,B.Grupe,00-0038905
2023_01_TEN_NO,REG,1,TEN,made,45.0,,0.0,1.0,N.Folk,00-0025565
2023_01_TEN_NO,REG,1,TEN,made,29.0,,0.0,1.0,N.Folk,00-0025565
2023_02_BAL_CIN,REG,2,BAL,,33.0,good,1.0,0.0,J.Tucker,00-0029597
2023_02_BAL_CIN,REG,2,BAL,missed,59.0,,0.0,1.0,J.Tucker,00-0029597
2023_02_BAL_CIN,REG,2,CIN,,33.0,good,1.0,0.0,E.McPherson,00-0036854
2023_02_BAL_CIN,REG,2,BAL,made,44.0,,0.0,1.0,J.Tucker,00-0029597
2023_02_BAL_CIN,REG,2,CIN,made,27.0,,0.0,1.0,E.McPherson,00-0036854
2023_02_BAL_CIN,REG,2,BAL,made,40.0,,0.0,1.0,J.Tucker,00-0029597
2023_02_BAL_CIN,REG,2,BAL,,33.0,good,1.0,0.0,J.Tucker,00-0029597
2023_02_BAL_CIN,REG,2,CIN,,33.0,good,1.0,0.0,E.McPherson,00-0036854
2023_02_BAL_CIN,REG,2,BAL,,33.0,good,1.0,0.0,J.Tucker,00-0029597
2023_02_BAL_CIN,REG,2,CIN,,33.0,good,1.0,0.0,E.McPherson,00-0036854
2023_02_CHI_TB,REG,2,TB,made,26.0,,0.0,1.0,C.McLaughlin,00-0035358
2023_02_CHI_TB,REG,2,CHI,,33.0,good,1.0,0.0,C.Santos,00-0031203
2023_02_CHI_TB,REG,2,TB,blocked,40.0,,0.0,1.0,C.McLaughlin,00-0035358
2023_02_CHI_TB,REG,2,TB,,33.0,good,1.0,0.0,C.McLaughlin,00-0035358
2023_02_CHI_TB,REG,2,CHI,made,52.0,,0.0,1.0,C.Santos,00-0031203
2023_02_CHI_TB,REG,2,TB,made,25.0,,0.0,1.0,C.McLaughlin,00-0035358
2023_02_CHI_TB,REG,2,TB,,33.0,good,1.0,0.0,C.McLaughlin,00-0035358
2023_02_CHI_TB,REG,2,CHI,,33.0,good,1.0,0.0,C.Santos,00-0031203
2023_02_CHI_TB,REG,2,TB,,33.0,good,1.0,0.0,C.McLaughlin,00-0035358
2023_02_CLE_PIT,REG,2,PIT,,33.0,good,1.0,0.0,C.Boswell,00-0031136
2023_02_CLE_PIT,REG,2,CLE,made,43.0,,0.0,1.0,D.Hopkins,00-0030098
2023_02_CLE_PIT,REG,2,CLE,missed,43.0,,0.0,1.0,D.Hopkins,00-0030098
2023_02_CLE_PIT,REG,2,PIT,made,52.0,,0.0,1.0,C.Boswell,00-0031136
2023_02_CLE_PIT,REG,2,CLE,made,55.0,,0.0,1.0,D.Hopkins,00-0030098
2023_02_CLE_PIT,REG,2,PIT,made,50.0,,0.0,1.0,C.Boswell,00-0031136
2023_02_CLE_PIT,REG,2,PIT,,33.0,good,1.0,0.0,C.Boswell,00-0031136
2023_02_GB_ATL,REG,2,ATL,made,24.0,,0.0,1.0,Y.Koo,00-0033702
2023_02_GB_ATL,REG,2,GB,,33.0,good,1.0,0.0,A.Carlson,00-0038402
2023_02_GB_ATL,REG,2,GB,made,33.0,,0.0,1.0,A.Carlson,00-0038402
2023_02_GB_ATL,REG,2,ATL,,33.0,failed,1.0,0.0,Y.Koo,00-0033702
2023_02_GB_ATL,REG,2,GB,,33.0,good,1.0,0.0,A.Carlson,00-0038402
2023_02_GB_ATL,REG,2,ATL,made,33.0,,0.0,1.0,Y.Koo,00-0033702
2023_02_GB_ATL,REG,2,GB,,33.0,good,1.0,0.0,A.Carlson,00-0038402
2023_02_GB_ATL,REG,2,ATL,,33.0,good,1.0,0.0,Y.Koo,00-0033702
2023_02_GB_ATL,REG,2,ATL,made,39.0,,0.0,1.0,Y.Koo,00-0033702
2023_02_GB_ATL,REG,2,ATL,made,25.0,,0.0,1.0,Y.Koo,00-0033702
2023_02_IND_HOU,REG,2,IND,,33.0,good,1.0,0.0,M.Gay,00-0035269
2023_02_IND_HOU,REG,2,IND,,33.0,good,1.0,0.0,M.Gay,00-0035269
2023_02_IND_HOU,REG,2,HOU,,33.0,good,1.0,0.0,K.Fairbairn,00-0032726
2023_02_IND_HOU,REG,2,IND,,33.0,good,1.0,0.0,M.Gay,00-0035269
2023_02_IND_HOU,REG,2,HOU,made,29.0,,0.0,1.0,K.Fairbairn,00-0032726
2023_02_IND_HOU,REG,2,IND,,33.0,good,1.0,0.0,M.Gay,00-0035269
2023_02_IND_HOU,REG,2,IND,made,42.0,,0.0,1.0,M.Gay,00-0035269
2023_02_IND_HOU,REG,2,HOU,made,36.0,,0.0,1.0,K.Fairbairn,00-0032726
2023_02_IND_HOU,REG,2,HOU,,33.0,good,1.0,0.0,K.Fairbairn,00-0032726
2023_02_IND_HOU,REG,2,HOU,missed,51.0,,0.0,1.0,K.Fairbairn,00-0032726
2023_02_KC_JAX,REG,2,JAX,made,32.0,,0.0,1.0,B.McManus,00-0029822
2023_02_KC_JAX,REG,2,KC,,33.0,good,1.0,0.0,H.Butker,00-0033303
2023_02_KC_JAX,REG,2,JAX,made,49.0,,0.0,1.0,B.McManus,00-0029822
2023_02_KC_JAX,REG,2,KC,,33.0,good,1.0,0.0,H.Butker,00-0033303
2023_02_KC_JAX,REG,2,JAX,made,22.0,,0.0,1.0,B.McManus,00-0029822
2023_02_KC_JAX,REG,2,KC,made,38.0,,0.0,1.0,H.Butker,00-0033303
2023_02_LAC_TEN,REG,2,LAC,made,27.0,,0.0,1.0,C.Dicker,00-0037224
2023_02_LAC_TEN,REG,2,TEN,,33.0,good,1.0,0.0,N.Folk,00-0025565
2023_02_LAC_TEN,REG,2,LAC,made,30.0,,0.0,1.0,C.Dicker,00-0037224
2023_02_LAC_TEN,REG,2,TEN,made,33.0,,0.0,1.0,N.Folk,00-0025565
2023_02_LAC_TEN,REG,2,TEN,,33.0,good,1.0,0.0,N.Folk,00-0025565
2023_02_LAC_TEN,REG,2,LAC,,33.0,good,1.0,0.0,C.Dicker,00-0037224
2023_02_LAC_TEN,REG,2,TEN,,33.0,good,1.0,0.0,N.Folk,00-0025565
2023_02_LAC_TEN,REG,2,LAC,made,33.0,,0.0,1.0,C.Dicker,00-0037224
2023_02_LAC_TEN,REG,2,TEN,made,41.0,,0.0,1.0,N.Folk,00-0025565
2023_02_LV_BUF,REG,2,LV,,33.0,good,1.0,0.0,D.Carlson,00-0034161
2023_02_LV_BUF,REG,2,BUF,,33.0,good,1.0,0.0,T.Bass,00-0036162
2023_02_LV_BUF,REG,2,BUF,,33.0,good,1.0,0.0,T.Bass,00-0036162
2023_02_LV_BUF,REG,2,LV,made,47.0,,0.0,1.0,D.Carlson,00-0034161
2023_02_LV_BUF,REG,2,BUF,,33.0,good,1.0,0.0,T.Bass,00-0036162
2023_02_LV_BUF,REG,2,BUF,,33.0,good,1.0,0.0,T.Bass,00-0036162
2023_02_LV_BUF,REG,2,BUF,made,29.0,,0.0,1.0,T.Bass,00-0036162
2023_02_LV_BUF,REG,2,BUF,,33.0,good,1.0,0.0,T.Bass,00-0036162
2023_02_MIA_NE,REG,2,MIA,made,23.0,,0.0,1.0,J.Sanders,00-0034794
2023_02_MIA_NE,REG,2,MIA,,33.0,good,1.0,0.0,J.Sanders,00-0034794
2023_02_MIA_NE,REG,2,NE,made,49.0,,0.0,1.0,C.Ryland,00-0038567
2023_02_MIA_NE,REG,2,MIA,,33.0,good,1.0,0.0,J.Sanders,00-0034794
2023_02_MIA_NE,REG,2,MIA,blocked,49.0,,0.0,1.0,J.Sanders,00-0034794
2023_02_MIA_NE,REG,2,NE,,33.0,good,1.0,0.0,C.Ryland,00-0038567
2023_02_MIA_NE,REG,2,MIA,,33.0,good,1.0,0.0,J.Sanders,00-0034794
2023_02_MIA_NE,REG,2,NE,,33.0,good,1.0,0.0,C.Ryland,00-0038567
2023_02_MIA_NE,REG,2,MIA,missed,55.0,,0.0,1.0,J.Sanders,00-0034794
2023_02_MIN_PHI,REG,2,PHI,made,24.0,,0.0,1.0,J.Elliott,00-0033787
2023_02_MIN_PHI,REG,2,PHI,missed,55.0,,0.0,1.0,J.Elliott,00-0033787
2023_02_MIN_PHI,REG,2,MIN,,33.0,good,1.0,0.0,G.Joseph,00-0034450
2023_02_MIN_PHI,REG,2,PHI,,33.0,good,1.0,0.0,J.Elliott,00-0033787
2023_02_MIN_PHI,REG,2,PHI,made,61.0,,0.0,1.0,J.Elliott,00-0033787
2023_02_MIN_PHI,REG,2,PHI,,33.0,good,1.0,0.0,J.Elliott,00-0033787
2023_02_MIN_PHI,REG,2,PHI,,33.0,good,1.0,0.0,J.Elliott,00-0033787
2023_02_MIN_PHI,REG,2,MIN,,33.0,good,1.0,0.0,G.Joseph,00-0034450
2023_02_MIN_PHI,REG,2,MIN,,33.0,good,1.0,0.0,G.Joseph,00-0034450
2023_02_MIN_PHI,REG,2,PHI,,33.0,good,1.0,0.0,J.Elliott,00-0033787
2023_02_MIN_PHI,REG,2,MIN,,33.0,good,1.0,0.0,G.Joseph,00-0034450
2023_02_NO_CAR,REG,2,CAR,made,52.0,,0.0,1.0,E.Pineiro,00-0034173
2023_02_NO_CAR,REG,2,NO,made,28.0,,0.0,1.0,B.Grupe,00-0038905
2023_02_NO_CAR,REG,2,NO,made,23.0,,0.0,1.0,B.Grupe,00-0038905
2023_02_NO_CAR,REG,2,CAR,made,54.0,,0.0,1.0,E.Pineiro,00-0034173
2023_02_NO_CAR,REG,2,NO,,33.0,good,1.0,0.0,B.Grupe,00-0038905
2023_02_NO_CAR,REG,2,CAR,made,36.0,,0.0,1.0,E.Pineiro,00-0034173
2023_02_NO_CAR,REG,2,NO,,33.0,good,1.0,0.0,B.Grupe,00-0038905
2023_02_NYG_ARI,REG,2,ARI,missed,55.0,,0.0,1.0,M.Prater,00-0023853
2023_02_NYG_ARI,REG,2,ARI,,33.0,good,1.0,0.0,M.Prater,00-0023853
2023_02_NYG_ARI,REG,2,ARI,,33.0,good,1.0,0.0,M.Prater,00-0023853
2023_02_NYG_ARI,REG,2,ARI,made,37.0,,0.0,1.0,M.Prater,00-0023853
2023_02_NYG_ARI,REG,2,ARI,made,44.0,,0.0,1.0,M.Prater,00-0023853
2023_02_NYG_ARI,REG,2,NYG,,33.0,good,1.0,0.0,G.Gano,00-0026858
2023_02_NYG_ARI,REG,2,NYG,,33.0,good,1.0,0.0,G.Gano,00-0026858
2023_02_NYG_ARI,REG,2,NYG,,38.0,good,1.0,0.0,G.Gano,00-0026858
2023_02_NYG_ARI,REG,2,NYG,,33.0,good,1.0,0.0,G.Gano,00-0026858
2023_02_NYG_ARI,REG,2,NYG,made,34.0,,0.0,1.0,G.Gano,00-0026858
2023_02_NYJ_DAL,REG,2,DAL,,33.0,good,1.0,0.0,B.Aubrey,00-0037692
2023_02_NYJ_DAL,REG,2,DAL,made,35.0,,0.0,1.0,B.Aubrey,00-0037692
2023_02_NYJ_DAL,REG,2,NYJ,,33.0,good,1.0,0.0,A.Seibert,00-0035145
2023_02_NYJ_DAL,REG,2,NYJ,made,34.0,,0.0,1.0,A.Seibert,00-0035145
2023_02_NYJ_DAL,REG,2,DAL,made,21.0,,0.0,1.0,B.Aubrey,00-0037692
2023_02_NYJ_DAL,REG,2,DAL,made,55.0,,0.0,1.0,B.Aubrey,00-0037692
2023_02_NYJ_DAL,REG,2,DAL,made,26.0,,0.0,1.0,B.Aubrey,00-0037692
2023_02_NYJ_DAL,REG,2,DAL,made,30.0,,0.0,1.0,B.Aubrey,00-0037692
2023_02_SEA_DET,REG,2,SEA,,33.0,good,1.0,0.0,J.Myers,00-0031492
2023_02_SEA_DET,REG,2,DET,,33.0,good,1.0,0.0,R.Patterson,00-0036816
2023_02_SEA_DET,REG,2,SEA,missed,45.0,,0.0,1.0,J.Myers,00-0031492
2023_02_SEA_DET,REG,2,DET,,33.0,good,1.0,0.0,R.Patterson,00-0036816
2023_02_SEA_DET,REG,2,SEA,missed,56.0,,0.0,1.0,J.Myers,00-0031492
2023_02_SEA_DET,REG,2,SEA,,33.0,good,1.0,0.0,J.Myers,00-0031492
2023_02_SEA_DET,REG,2,DET,,33.0,good,1.0,0.0,R.Patterson,00-0036816
2023_02_SEA_DET,REG,2,SEA,made,25.0,,0.0,1.0,J.Myers,00-0031492
2023_02_SEA_DET,REG,2,SEA,,33.0,good,1.0,0.0,J.Myers,00-0031492
2023_02_SEA_DET,REG,2,SEA,,33.0,good,1.0,0.0,J.Myers,00-0031492
2023_02_SEA_DET,REG,2,DET,,33.0,good,1.0,0.0,R.Patterson,00-0036816
2023_02_SEA_DET,REG,2,DET,made,38.0,,0.0,1.0,R.Patterson,00-0036816
2023_02_SF_LA,REG,2,SF,,33.0,good,1.0,0.0,J.Moody,00-0038562
2023_02_SF_LA,REG,2,LAR,made,43.0,,0.0,1.0,B.Maher,00-0030332
2023_02_SF_LA,REG,2,SF,made,27.0,,0.0,1.0,J.Moody,00-0038562
2023_02_SF_LA,REG,2,LAR,,33.0,good,1.0,0.0,B.Maher,00-0030332
2023_02_SF_LA,REG,2,LAR,,33.0,good,1.0,0.0,B.Maher,00-0030332
2023_02_SF_LA,REG,2,SF,,33.0,good,1.0,0.0,J.Moody,00-0038562
2023_02_SF_LA,REG,2,SF,made,57.0,,0.0,1.0,J.Moody,00-0038562
2023_02_SF_LA,REG,2,SF,,33.0,good,1.0,0.0,J.Moody,00-0038562
2023_02_SF_LA,REG,2,LAR,made,48.0,,0.0,1.0,B.Maher,00-0030332
2023_02_SF_LA,REG,2,SF,made,26.0,,0.0,1.0,J.Moody,00-0038562
2023_02_SF_LA,REG,2,LAR,made,38.0,,0.0,1.0,B.Maher,00-0030332
2023_02_WAS_DEN,REG,2,WAS,missed,49.0,,0.0,1.0,J.Slye,00-0035192
2023_02_WAS_DEN,REG,2,DEN,,33.0,good,1.0,0.0,W.Lutz,00-0032569
2023_02_WAS_DEN,REG,2,WAS,made,44.0,,0.0,1.0,J.Slye,00-0035192
2023_02_WAS_DEN,REG,2,DEN,,33.0,good,1.0,0.0,W.Lutz,00-0032569
2023_02_WAS_DEN,REG,2,DEN,,33.0,good,1.0,0.0,W.Lutz,00-0032569
2023_02_WAS_DEN,REG,2,WAS,made,49.0,,0.0,1.0,J.Slye,00-0035192
2023_02_WAS_DEN,REG,2,WAS,,33.0,good,1.0,0.0,J.Slye,00-0035192
2023_02_WAS_DEN,REG,2,WAS,missed,59.0,,0.0,1.0,J.Slye,00-0035192
2023_02_WAS_DEN,REG,2,DEN,made,31.0,,0.0,1.0,W.Lutz,00-0032569
2023_02_WAS_DEN,REG,2,WAS,,33.0,good,1.0,0.0,J.Slye,00-0035192
2023_02_WAS_DEN,REG,2,WAS,,33.0,good,1.0,0.0,J.Slye,00-0035192
2023_02_WAS_DEN,REG,2,DEN,made,32.0,,0.0,1.0,W.Lutz,00-0032569
2023_03_ATL_DET,REG,3,DET,made,37.0,,0.0,1.0,R.Patterson,00-0036816
2023_03_ATL_DET,REG,3,ATL,made,48.0,,0.0,1.0,Y.Koo,00-0033702
2023_03_ATL_DET,REG,3,DET,,33.0,good,1.0,0.0,R.Patterson,00-0036816
2023_03_ATL_DET,REG,3,DET,made,24.0,,0.0,1.0,R.Patterson,00-0036816
2023_03_ATL_DET,REG,3,ATL,missed,47.0,,0.0,1.0,Y.Koo,00-0033702
2023_03_ATL_DET,REG,3,DET,,33.0,good,1.0,0.0,R.Patterson,00-0036816
2023_03_ATL_DET,REG,3,ATL,made,24.0,,0.0,1.0,Y.Koo,00-0033702
2023_03_BUF_WAS,REG,3,BUF,made,36.0,,0.0,1.0,T.Bass,00-0036162
2023_03_BUF_WAS,REG,3,BUF,,33.0,good,1.0,0.0,T.Bass,00-0036162
2023_03_BUF_WAS,REG,3,BUF,made,54.0,,0.0,1.0,T.Bass,00-0036162
2023_03_BUF_WAS,REG,3,BUF,made,32.0,,0.0,1.0,T.Bass,00-0036162
2023_03_BUF_WAS,REG,3,BUF,,33.0,good,1.0,0.0,T.Bass,00-0036162
2023_03_BUF_WAS,REG,3,BUF,,33.0,good,1.0,0.0,T.Bass,00-0036162
2023_03_BUF_WAS,REG,3,BUF,,33.0,good,1.0,0.0,T.Bass,00-0036162
2023_03_BUF_WAS,REG,3,WAS,made,51.0,,0.0,1.0,J.Slye,00-0035192
2023_03_CAR_SEA,REG,3,CAR,made,47.0,,0.0,1.0,E.Pineiro,00-0034173
2023_03_CAR_SEA,REG,3,SEA,made,43.0,,0.0,1.0,J.Myers,00-0031492
2023_03_CAR_SEA,REG,3,SEA,made,35.0,,0.0,1.0,J.Myers,00-0031492
2023_03_CAR_SEA,REG,3,SEA,made,33.0,,0.0,1.0,J.Myers,00-0031492
2023_03_CAR_SEA,REG,3,CAR,,33.0,good,1.0,0.0,E.Pineiro,00-0034173
2023_03_CAR_SEA,REG,3,CAR,made,44.0,,0.0,1.0,E.Pineiro,00-0034173
2023_03_CAR_SEA,REG,3,SEA,made,37.0,,0.0,1.0,J.Myers,00-0031492
2023_03_CAR_SEA,REG,3,SEA,made,39.0,,0.0,1.0,J.Myers,00-0031492
2023_03_CAR_SEA,REG,3,CAR,missed,55.0,,0.0,1.0,E.Pineiro,00-0034173
2023_03_CAR_SEA,REG,3,SEA,,33.0,good,1.0,0.0,J.Myers,00-0031492
2023_03_CAR_SEA,REG,3,CAR,,33.0,good,1.0,0.0,E.Pineiro,00-0034173
2023_03_CAR_SEA,REG,3,SEA,,33.0,good,1.0,0.0,J.Myers,00-0031492
2023_03_CAR_SEA,REG,3,CAR,,33.0,good,1.0,0.0,E.Pineiro,00-0034173
2023_03_CHI_KC,REG,3,KC,,33.0,good,1.0,0.0,H.Butker,00-0033303
2023_03_CHI_KC,REG,3,KC,,33.0,good,1.0,0.0,H.Butker,00-0033303
2023_03_CHI_KC,REG,3,KC,,33.0,good,1.0,0.0,H.Butker,00-0033303
2023_03_CHI_KC,REG,3,KC,made,41.0,,0.0,1.0,H.Butker,00-0033303
2023_03_CHI_KC,REG,3,KC,,33.0,good,1.0,0.0,H.Butker,00-0033303
2023_03_CHI_KC,REG,3,KC,made,38.0,,0.0,1.0,H.Butker,00-0033303
2023_03_CHI_KC,REG,3,KC,,33.0,good,1.0,0.0,H.Butker,00-0033303
2023_03_CHI_KC,REG,3,CHI,made,21.0,,0.0,1.0,C.Santos,00-0031203
2023_03_CHI_KC,REG,3,CHI,,33.0,good,1.0,0.0,C.Santos,00-0031203
2023_03_DAL_ARI,REG,3,ARI,made,39.0,,0.0,1.0,M.Prater,00-0023853
2023_03_DAL_ARI,REG,3,DAL,made,49.0,,0.0,1.0,B.Aubrey,00-0037692
2023_03_DAL_ARI,REG,3,DAL,,33.0,good,1.0,0.0,B.Aubrey,00-0037692
2023_03_DAL_ARI,REG,3,ARI,made,43.0,,0.0,1.0,M.Prater,00-0023853
2023_03_DAL_ARI,REG,3,ARI,made,62.0,,0.0,1.0,M.Prater,00-0023853
2023_03_DAL_ARI,REG,3,DAL,made,27.0,,0.0,1.0,B.Aubrey,00-0037692
2023_03_DAL_ARI,REG,3,DAL,made,26.0,,0.0,1.0,B.Aubrey,00-0037692
2023_03_DAL_ARI,REG,3,ARI,,33.0,good,1.0,0.0,M.Prater,00-0023853
2023_03_DEN_MIA,REG,3,MIA,,33.0,good,1.0,0.0,J.Sanders,00-0034794
2023_03_DEN_MIA,REG,3,MIA,,33.0,good,1.0,0.0,J.Sanders,00-0034794
2023_03_DEN_MIA,REG,3,DEN,,33.0,good,1.0,0.0,W.Lutz,00-0032569
2023_03_DEN_MIA,REG,3,MIA,,33.0,good,1.0,0.0,J.Sanders,00-0034794
2023_03_DEN_MIA,REG,3,DEN,made,31.0,,0.0,1.0,W.Lutz,00-0032569
2023_03_DEN_MIA,REG,3,MIA,,33.0,good,1.0,0.0,J.Sanders,00-0034794
2023_03_DEN_MIA,REG,3,MIA,,33.0,good,1.0,0.0,J.Sanders,00-0034794
2023_03_DEN_MIA,REG,3,DEN,made,25.0,,0.0,1.0,W.Lutz,00-0032569
2023_03_DEN_MIA,REG,3,MIA,,33.0,good,1.0,0.0,J.Sanders,00-0034794
2023_03_DEN_MIA,REG,3,MIA,,33.0,good,1.0,0.0,J.Sanders,00-0034794
2023_03_DEN_MIA,REG,3,MIA,,33.0,good,1.0,0.0,J.Sanders,00-0034794
2023_03_DEN_MIA,REG,3,MIA,,33.0,good,1.0,0.0,J.Sanders,00-0034794
2023_03_DEN_MIA,REG,3,DEN,,33.0,good,1.0,0.0,W.Lutz,00-0032569
2023_03_DEN_MIA,REG,3,MIA,,33.0,good,1.0,0.0,J.Sanders,00-0034794
2023_03_HOU_JAX,REG,3,JAX,missed,48.0,,0.0,1.0,B.McManus,00-0029822
2023_03_HOU_JAX,REG,3,HOU,,33.0,good,1.0,0.0,K.Fairbairn,00-0032726
2023_03_HOU_JAX,REG,3,JAX,blocked,51.0,,0.0,1.0,B.McManus,00-0029822
2023_03_HOU_JAX,REG,3,HOU,,33.0,good,1.0,0.0,K.Fairbairn,00-0032726
2023_03_HOU_JAX,REG,3,HOU,made,28.0,,0.0,1.0,K.Fairbairn,00-0032726
2023_03_HOU_JAX,REG,3,JAX,,33.0,good,1.0,0.0,B.McManus,00-0029822
2023_03_HOU_JAX,REG,3,JAX,made,33.0,,0.0,1.0,B.McManus,00-0029822
2023_03_HOU_JAX,REG,3,HOU,,33.0,good,1.0,0.0,K.Fairbairn,00-0032726
2023_03_HOU_JAX,REG,3,HOU,made,26.0,,0.0,1.0,K.Fairbairn,00-0032726
2023_03_HOU_JAX,REG,3,JAX,,33.0,good,1.0,0.0,B.McManus,00-0029822
2023_03_HOU_JAX,REG,3,HOU,,33.0,good,1.0,0.0,K.Fairbairn,00-0032726
2023_03_HOU_JAX,REG,3,HOU,made,33.0,,0.0,1.0,K.Fairbairn,00-0032726
2023_03_IND_BAL,REG,3,BAL,,33.0,good,1.0,0.0,J.Tucker,00-0029597
2023_03_IND_BAL,REG,3,IND,,33.0,good,1.0,0.0,M.Gay,00-0035269
2023_03_IND_BAL,REG,3,IND,made,31.0,,0.0,1.0,M.Gay,00-0035269
2023_03_IND_BAL,REG,3,IND,made,54.0,,0.0,1.0,M.Gay,00-0035269
2023_03_IND_BAL,REG,3,BAL,,33.0,good,1.0,0.0,J.Tucker,00-0029597
2023_03_IND_BAL,REG,3,IND,made,53.0,,0.0,1.0,M.Gay,00-0035269
2023_03_IND_BAL,REG,3,BAL,made,50.0,,0.0,1.0,J.Tucker,00-0029597
2023_03_IND_BAL,REG,3,IND,made,53.0,,0.0,1.0,M.Gay,00-0035269
2023_03_IND_BAL,REG,3,BAL,missed,61.0,,0.0,1.0,J.Tucker,00-0029597
2023_03_IND_BAL,REG,3,IND,made,53.0,,0.0,1.0,M.Gay,00-0035269
2023_03_LAC_MIN,REG,3,LAC,,33.0,good,1.0,0.0,C.Dicker,00-0037224
2023_03_LAC_MIN,REG,3,MIN,,33.0,good,1.0,0.0,G.Joseph,00-0034450
2023_03_LAC_MIN,REG,3,MIN,made,23.0,,0.0,1.0,G.Joseph,00-0034450
2023_03_LAC_MIN,REG,3,LAC,,33.0,good,1.0,0.0,C.Dicker,00-0037224
2023_03_LAC_MIN,REG,3,LAC,missed,53.0,,0.0,1.0,C.Dicker,00-0037224
2023_03_LAC_MIN,REG,3,LAC,,33.0,good,1.0,0.0,C.Dicker,00-0037224
2023_03_LAC_MIN,REG,3,MIN,,33.0,good,1.0,0.0,G.Joseph,00-0034450
2023_03_LAC_MIN,REG,3,MIN,,33.0,good,1.0,0.0,G.Joseph,00-0034450
2023_03_LAC_MIN,REG,3,LAC,,33.0,good,1.0,0.0,C.Dicker,00-0037224
2023_03_LA_CIN,REG,3,CIN,missed,56.0,,0.0,1.0,E.McPherson,00-0036854
2023_03_LA_CIN,REG,3,LAR,made,30.0,,0.0,1.0,B.Maher,00-0030332
2023_03_LA_CIN,REG,3,CIN,made,49.0,,0.0,1.0,E.McPherson,00-0036854
2023_03_LA_CIN,REG,3,LAR,made,23.0,,0.0,1.0,B.Maher,00-0030332
2023_03_LA_CIN,REG,3,CIN,made,53.0,,0.0,1.0,E.McPherson,00-0036854
2023_03_LA_CIN,REG,3,LAR,made,42.0,,0.0,1.0,B.Maher,00-0030332
2023_03_LA_CIN,REG,3,CIN,,33.0,good,1.0,0.0,E.McPherson,00-0036854
2023_03_LA_CIN,REG,3,CIN,made,48.0,,0.0,1.0,E.McPherson,00-0036854
2023_03_LA_CIN,REG,3,CIN,made,54.0,,0.0,1.0,E.McPherson,00-0036854
2023_03_LA_CIN,REG,3,LAR,,33.0,good,1.0,0.0,B.Maher,00-0030332
2023_03_NE_NYJ,REG,3,NE,made,48.0,,0.0,1.0,C.Ryland,00-0038567
2023_03_NE_NYJ,REG,3,NE,missed,48.0,,0.0,1.0,C.Ryland,00-0038567
2023_03_NE_NYJ,REG,3,NE,,33.0,good,1.0,0.0,C.Ryland,00-0038567
2023_03_NE_NYJ,REG,3,NYJ,made,52.0,,0.0,1.0,G.Zuerlein,00-0029621
2023_03_NE_NYJ,REG,3,NE,missed,57.0,,0.0,1.0,C.Ryland,00-0038567
2023_03_NE_NYJ,REG,3,NE,made,51.0,,0.0,1.0,C.Ryland,00-0038567
2023_03_NE_NYJ,REG,3,NYJ,,33.0,good,1.0,0.0,G.Zuerlein,00-0029621
2023_03_NO_GB,REG,3,NO,,33.0,good,1.0,0.0,B.Grupe,00-0038905
2023_03_NO_GB,REG,3,NO,,33.0,good,1.0,0.0,B.Grupe,00-0038905
2023_03_NO_GB,REG,3,NO,made,25.0,,0.0,1.0,B.Grupe,00-0038905
2023_03_NO_GB,REG,3,GB,made,38.0,,0.0,1.0,A.Carlson,00-0038402
2023_03_NO_GB,REG,3,GB,,33.0,good,1.0,0.0,A.Carlson,00-0038402
2023_03_NO_GB,REG,3,NO,missed,46.0,,0.0,1.0,B.Grupe,00-0038905
2023_03_NYG_SF,REG,3,SF,made,28.0,,0.0,1.0,J.Moody,00-0038562
2023_03_NYG_SF,REG,3,NYG,made,44.0,,0.0,1.0,G.Gano,00-0026858
2023_03_NYG_SF,REG,3,SF,,33.0,good,1.0,0.0,J.Moody,00-0038562
2023_03_NYG_SF,REG,3,SF,,33.0,good,1.0,0.0,J.Moody,00-0038562
2023_03_NYG_SF,REG,3,NYG,made,57.0,,0.0,1.0,G.Gano,00-0026858
2023_03_NYG_SF,REG,3,SF,made,21.0,,0.0,1.0,J.Moody,00-0038562
2023_03_NYG_SF,REG,3,SF,made,36.0,,0.0,1.0,J.Moody,00-0038562
2023_03_NYG_SF,REG,3,SF,,33.0,good,1.0,0.0,J.Moody,00-0038562
2023_03_PHI_TB,REG,3,PHI,made,36.0,,0.0,1.0,J.Elliott,00-0033787
2023_03_PHI_TB,REG,3,TB,made,33.0,,0.0,1.0,C.McLaughlin,00-0035358
2023_03_PHI_TB,REG,3,PHI,,33.0,good,1.0,0.0,J.Elliott,00-0033787
2023_03_PHI_TB,REG,3,PHI,made,38.0,,0.0,1.0,J.Elliott,00-0033787
2023_03_PHI_TB,REG,3,PHI,,33.0,good,1.0,0.0,J.Elliott,00-0033787
2023_03_PHI_TB,REG,3,PHI,made,26.0,,0.0,1.0,J.Elliott,00-0033787
2023_03_PIT_LV,REG,3,LV,,33.0,good,1.0,0.0,D.Carlson,00-0034161
2023_03_PIT_LV,REG,3,PIT,,33.0,good,1.0,0.0,C.Boswell,00-0031136
2023_03_PIT_LV,REG,3,PIT,made,43.0,,0.0,1.0,C.Boswell,00-0031136
2023_03_PIT_LV,REG,3,PIT,made,42.0,,0.0,1.0,C.Boswell,00-0031136
2023_03_PIT_LV,REG,3,PIT,made,57.0,,0.0,1.0,C.Boswell,00-0031136
2023_03_PIT_LV,REG,3,PIT,,33.0,good,1.0,0.0,C.Boswell,00-0031136
2023_03_PIT_LV,REG,3,LV,made,26.0,,0.0,1.0,D.Carlson,00-0034161
2023_03_TEN_CLE,REG,3,CLE,made,48.0,,0.0,1.0,D.Hopkins,00-0030098
2023_03_TEN_CLE,REG,3,TEN,made,44.0,,0.0,1.0,N.Folk,00-0025565
2023_03_TEN_CLE,REG,3,CLE,,33.0,good,1.0,0.0,D.Hopkins,00-0030098
2023_03_TEN_CLE,REG,3,CLE,made,52.0,,0.0,1.0,D.Hopkins,00-0030098
2023_03_TEN_CLE,REG,3,CLE,,33.0,good,1.0,0.0,D.Hopkins,00-0030098
2023_03_TEN_CLE,REG,3,CLE,,33.0,good,1.0,0.0,D.Hopkins,00-0030098
2023_04_ARI_SF,REG,4,SF,,33.0,good,1.0,0.0,J.Moody,00-0038562
2023_04_ARI_SF,REG,4,SF,,33.0,good,1.0,0.0,J.Moody,00-0038562
2023_04_ARI_SF,REG,4,ARI,made,38.0,,0.0,1.0,M.Prater,00-0023853
2023_04_ARI_SF,REG,4,SF,,33.0,good,1.0,0.0,J.Moody,00-0038562
2023_04_ARI_SF,REG,4,ARI,,33.0,good,1.0,0.0,M.Prater,00-0023853
2023_04_ARI_SF,REG,4,SF,,33.0,good,1.0,0.0,J.Moody,00-0038562
2023_04_ARI_SF,REG,4,SF,,38.0,good,1.0,0.0,J.Moody,00-0038562
2023_04_ATL_JAX,REG,4,JAX,,33.0,good,1.0,0.0,B.McManus,00-0029822
2023_04_ATL_JAX,REG,4,JAX,made,56.0,,0.0,1.0,B.McManus,00-0029822
2023_04_ATL_JAX,REG,4,JAX,,33.0,good,1.0,0.0,B.McManus,00-0029822
2023_04_ATL_JAX,REG,4,ATL,,33.0,good,1.0,0.0,Y.Koo,00-0033702
2023_04_ATL_JAX,REG,4,JAX,made,43.0,,0.0,1.0,B.McManus,00-0029822
2023_04_ATL_JAX,REG,4,JAX,made,38.0,,0.0,1.0,B.McManus,00-0029822
2023_04_BAL_CLE,REG,4,BAL,,33.0,good,1.0,0.0,J.Tucker,00-0029597
2023_04_BAL_CLE,REG,4,CLE,made,53.0,,0.0,1.0,D.Hopkins,00-0030098
2023_04_BAL_CLE,REG,4,BAL,,33.0,good,1.0,0.0,J.Tucker,00-0029597
2023_04_BAL_CLE,REG,4,BAL,,33.0,good,1.0,0.0,J.Tucker,00-0029597
2023_04_BAL_CLE,REG,4,BAL,,33.0,good,1.0,0.0,J.Tucker,00-0029597
2023_04_CIN_TEN,REG,4,CIN,made,21.0,,0.0,1.0,E.McPherson,00-0036854
2023_04_CIN_TEN,REG,4,TEN,made,53.0,,0.0,1.0,N.Folk,00-0025565
2023_04_CIN_TEN,REG,4,TEN,,33.0,good,1.0,0.0,N.Folk,00-0025565
2023_04_CIN_TEN,REG,4,TEN,,33.0,good,1.0,0.0,N.Folk,00-0025565
2023_04_CIN_TEN,REG,4,TEN,,33.0,good,1.0,0.0,N.Folk,00-0025565
2023_04_CIN_TEN,REG,4,TEN,made,35.0,,0.0,1.0,N.Folk,00-0025565
2023_04_DEN_CHI,REG,4,DEN,,33.0,good,1.0,0.0,W.Lutz,00-0032569
2023_04_DEN_CHI,REG,4,CHI,,33.0,good,1.0,0.0,C.Santos,00-0031203
2023_04_DEN_CHI,REG,4,CHI,,33.0,good,1.0,0.0,C.Santos,00-0031203
2023_04_DEN_CHI,REG,4,CHI,,33.0,good,1.0,0.0,C.Santos,00-0031203
2023_04_DEN_CHI,REG,4,CHI,,33.0,good,1.0,0.0,C.Santos,00-0031203
2023_04_DEN_CHI,REG,4,DEN,,33.0,good,1.0,0.0,W.Lutz,00-0032569
2023_04_DEN_CHI,REG,4,DEN,,33.0,good,1.0,0.0,W.Lutz,00-0032569
2023_04_DEN_CHI,REG,4,DEN,,33.0,good,1.0,0.0,W.Lutz,00-0032569
2023_04_DEN_CHI,REG,4,DEN,made,51.0,,0.0,1.0,W.Lutz,00-0032569
2023_04_DET_GB,REG,4,GB,made,34.0,,0.0,1.0,A.Carlson,00-0038402
2023_04_DET_GB,REG,4,DET,,33.0,good,1.0,0.0,R.Patterson,00-0036816
2023_04_DET_GB,REG,4,DET,,33.0,good,1.0,0.0,R.Patterson,00-0036816
2023_04_DET_GB,REG,4,DET,made,33.0,,0.0,1.0,R.Patterson,00-0036816
2023_04_DET_GB,REG,4,DET,,33.0,good,1.0,0.0,R.Patterson,00-0036816
2023_04_DET_GB,REG,4,DET,made,37.0,,0.0,1.0,R.Patterson,00-0036816
2023_04_DET_GB,REG,4,DET,,33.0,good,1.0,0.0,R.Patterson,00-0036816
2023_04_DET_GB,REG,4,GB,made,50.0,,0.0,1.0,A.Carlson,00-0038402
2023_04_KC_NYJ,REG,4,KC,made,37.0,,0.0,1.0,H.Butker,00-0033303
2023_04_KC_NYJ,REG,4,KC,,33.0,good,1.0,0.0,H.Butker,00-0033303
2023_04_KC_NYJ,REG,4,KC,,33.0,good,1.0,0.0,H.Butker,00-0033303
2023_04_KC_NYJ,REG,4,NYJ,made,31.0,,0.0,1.0,G.Zuerlein,00-0029621
2023_04_KC_NYJ,REG,4,NYJ,,33.0,good,1.0,0.0,G.Zuerlein,00-0029621
2023_04_KC_NYJ,REG,4,KC,made,37.0,,0.0,1.0,H.Butker,00-0033303
2023_04_KC_NYJ,REG,4,NYJ,missed,52.0,,0.0,1.0,G.Zuerlein,00-0029621
2023_04_KC_NYJ,REG,4,KC,made,26.0,,0.0,1.0,H.Butker,00-0033303
2023_04_LA_IND,REG,4,LAR,,33.0,good,1.0,0.0,B.Maher,00-0030332
2023_04_LA_IND,REG,4,LAR,,33.0,good,1.0,0.0,B.Maher,00-0030332
2023_04_LA_IND,REG,4,LAR,made,40.0,,0.0,1.0,B.Maher,00-0030332
2023_04_LA_IND,REG,4,LAR,made,54.0,,0.0,1.0,B.Maher,00-0030332
2023_04_LA_IND,REG,4,IND,missed,47.0,,0.0,1.0,M.Gay,00-0035269
2023_04_LA_IND,REG,4,LAR,missed,46.0,,0.0,1.0,B.Maher,00-0030332
2023_04_LA_IND,REG,4,LAR,made,51.0,,0.0,1.0,B.Maher,00-0030332
2023_04_LA_IND,REG,4,LAR,missed,48.0,,0.0,1.0,B.Maher,00-0030332
2023_04_LA_IND,REG,4,IND,,33.0,good,1.0,0.0,M.Gay,00-0035269
2023_04_LV_LAC,REG,4,LAC,,33.0,good,1.0,0.0,C.Dicker,00-0037224
2023_04_LV_LAC,REG,4,LV,,33.0,good,1.0,0.0,D.Carlson,00-0034161
2023_04_LV_LAC,REG,4,LAC,made,33.0,,0.0,1.0,C.Dicker,00-0037224
2023_04_LV_LAC,REG,4,LAC,,33.0,good,1.0,0.0,C.Dicker,00-0037224
2023_04_LV_LAC,REG,4,LAC,,33.0,good,1.0,0.0,C.Dicker,00-0037224
2023_04_LV_LAC,REG,4,LV,made,22.0,,0.0,1.0,D.Carlson,00-0034161
2023_04_LV_LAC,REG,4,LV,,33.0,good,1.0,0.0,D.Carlson,00-0034161
2023_04_MIA_BUF,REG,4,BUF,,33.0,good,1.0,0.0,T.Bass,00-0036162
2023_04_MIA_BUF,REG,4,MIA,,33.0,good,1.0,0.0,J.Sanders,00-0034794
2023_04_MIA_BUF,REG,4,BUF,,33.0,good,1.0,0.0,T.Bass,00-0036162
2023_04_MIA_BUF,REG,4,MIA,,33.0,good,1.0,0.0,J.Sanders,00-0034794
2023_04_MIA_BUF,REG,4,BUF,,33.0,good,1.0,0.0,T.Bass,00-0036162
2023_04_MIA_BUF,REG,4,BUF,,33.0,good,1.0,0.0,T.Bass,00-0036162
2023_04_MIA_BUF,REG,4,BUF,made,53.0,,0.0,1.0,T.Bass,00-0036162
2023_04_MIA_BUF,REG,4,BUF,made,33.0,,0.0,1.0,T.Bass,00-0036162
2023_04_MIA_BUF,REG,4,BUF,,33.0,good,1.0,0.0,T.Bass,00-0036162
2023_04_MIA_BUF,REG,4,BUF,,33.0,good,1.0,0.0,T.Bass,00-0036162
2023_04_MIN_CAR,REG,4,CAR,,33.0,good,1.0,0.0,E.Pineiro,00-0034173
2023_04_MIN_CAR,REG,4,CAR,made,26.0,,0.0,1.0,E.Pineiro,00-0034173
2023_04_MIN_CAR,REG,4,MIN,,33.0,good,1.0,0.0,G.Joseph,00-0034450
2023_04_MIN_CAR,REG,4,CAR,made,56.0,,0.0,1.0,E.Pineiro,00-0034173
2023_04_MIN_CAR,REG,4,MIN,,33.0,good,1.0,0.0,G.Joseph,00-0034450
2023_04_MIN_CAR,REG,4,MIN,,33.0,good,1.0,0.0,G.Joseph,00-0034450
2023_04_NE_DAL,REG,4,DAL,made,23.0,,0.0,1.0,B.Aubrey,00-0037692
2023_04_NE_DAL,REG,4,NE,made,29.0,,0.0,1.0,C.Ryland,00-0038567
2023_04_NE_DAL,REG,4,DAL,,33.0,good,1.0,0.0,B.Aubrey,00-0037692
2023_04_NE_DAL,REG,4,DAL,made,23.0,,0.0,1.0,B.Aubrey,00-0037692
2023_04_NE_DAL,REG,4,DAL,,33.0,good,1.0,0.0,B.Aubrey,00-0037692
2023_04_NE_DAL,REG,4,DAL,made,33.0,,0.0,1.0,B.Aubrey,00-0037692
2023_04_NE_DAL,REG,4,DAL,,33.0,good,1.0,0.0,B.Aubrey,00-0037692
2023_04_NE_DAL,REG,4,NE,missed,52.0,,0.0,1.0,C.Ryland,00-0038567
2023_04_PIT_HOU,REG,4,HOU,,33.0,good,1.0,0.0,K.Fairbairn,00-0032726
2023_04_PIT_HOU,REG,4,HOU,made,36.0,,0.0,1.0,K.Fairbairn,00-0032726
2023_04_PIT_HOU,REG,4,HOU,made,38.0,,0.0,1.0,K.Fairbairn,00-0032726
2023_04_PIT_HOU,REG,4,HOU,made,39.0,,0.0,1.0,K.Fairbairn,00-0032726
2023_04_PIT_HOU,REG,4,PIT,made,35.0,,0.0,1.0,C.Boswell,00-0031136
2023_04_PIT_HOU,REG,4,PIT,made,23.0,,0.0,1.0,C.Boswell,00-0031136
2023_04_PIT_HOU,REG,4,HOU,,33.0,good,1.0,0.0,K.Fairbairn,00-0032726
2023_04_PIT_HOU,REG,4,HOU,,33.0,good,1.0,0.0,K.Fairbairn,00-0032726
2023_04_SEA_NYG,REG,4,SEA,,33.0,good,1.0,0.0,J.Myers,00-0031492
2023_04_SEA_NYG,REG,4,NYG,made,55.0,,0.0,1.0,G.Gano,00-0026858
2023_04_SEA_NYG,REG,4,SEA,,33.0,good,1.0,0.0,J.Myers,00-0031492
2023_04_SEA_NYG,REG,4,SEA,missed,53.0,,0.0,1.0,J.Myers,00-0031492
2023_04_SEA_NYG,REG,4,SEA,,33.0,good,1.0,0.0,J.Myers,00-0031492
2023_04_SEA_NYG,REG,4,SEA,made,34.0,,0.0,1.0,J.Myers,00-0031492
2023_04_TB_NO,REG,4,NO,made,37.0,,0.0,1.0,B.Grupe,00-0038905
2023_04_TB_NO,REG,4,TB,,33.0,good,1.0,0.0,C.McLaughlin,00-0035358
2023_04_TB_NO,REG,4,TB,,33.0,good,1.0,0.0,C.McLaughlin,00-0035358
2023_04_TB_NO,REG,4,NO,made,32.0,,0.0,1.0,B.Grupe,00-0038905
2023_04_TB_NO,REG,4,TB,made,51.0,,0.0,1.0,C.McLaughlin,00-0035358
2023_04_TB_NO,REG,4,NO,made,44.0,,0.0,1.0,B.Grupe,00-0038905
2023_04_TB_NO,REG,4,TB,made,28.0,,0.0,1.0,C.McLaughlin,00-0035358
2023_04_WAS_PHI,REG,4,WAS,,33.0,good,1.0,0.0,J.Slye,00-0035192
2023_04_WAS_PHI,REG,4,PHI,,33.0,good,1.0,0.0,J.Elliott,00-0033787
2023_04_WAS_PHI,REG,4,WAS,,33.0,good,1.0,0.0,J.Slye,00-0035192
2023_04_WAS_PHI,REG,4,WAS,made,27.0,,0.0,1.0,J.Slye,00-0035192
2023_04_WAS_PHI,REG,4,PHI,made,41.0,,0.0,1.0,J.Elliott,00-0033787
2023_04_WAS_PHI,REG,4,PHI,made,47.0,,0.0,1.0,J.Elliott,00-0033787
2023_04_WAS_PHI,REG,4,PHI,made,36.0,,0.0,1.0,J.Elliott,00-0033787
2023_04_WAS_PHI,REG,4,WAS,,33.0,good,1.0,0.0,J.Slye,00-0035192
2023_04_WAS_PHI,REG,4,PHI,,33.0,good,1.0,0.0,J.Elliott,00-0033787
2023_04_WAS_PHI,REG,4,WAS,,33.0,good,1.0,0.0,J.Slye,00-0035192
2023_04_WAS_PHI,REG,4,PHI,made,54.0,,0.0,1.0,J.Elliott,00-0033787
2023_05_BAL_PIT,REG,5,BAL,,33.0,good,1.0,0.0,J.Tucker,00-0029597
2023_05_BAL_PIT,REG,5,BAL,made,23.0,,0.0,1.0,J.Tucker,00-0029597
2023_05_BAL_PIT,REG,5,PIT,made,43.0,,0.0,1.0,C.Boswell,00-0031136
2023_05_BAL_PIT,REG,5,PIT,made,25.0,,0.0,1.0,C.Boswell,00-0031136
2023_05_BAL_PIT,REG,5,PIT,made,42.0,,0.0,1.0,C.Boswell,00-0031136
2023_05_CAR_DET,REG,5,DET,,33.0,good,1.0,0.0,R.Patterson,00-0036816
2023_05_CAR_DET,REG,5,DET,,33.0,good,1.0,0.0,R.Patterson,00-0036816
2023_05_CAR_DET,REG,5,CAR,,33.0,good,1.0,0.0,E.Pineiro,00-0034173
2023_05_CAR_DET,REG,5,DET,,33.0,good,1.0,0.0,R.Patterson,00-0036816
2023_05_CAR_DET,REG,5,DET,,33.0,good,1.0,0.0,R.Patterson,00-0036816
2023_05_CAR_DET,REG,5,CAR,made,33.0,,0.0,1.0,E.Pineiro,00-0034173
2023_05_CAR_DET,REG,5,DET,,33.0,good,1.0,0.0,R.Patterson,00-0036816
2023_05_CAR_DET,REG,5,CAR,,33.0,good,1.0,0.0,E.Pineiro,00-0034173
2023_05_CAR_DET,REG,5,DET,,33.0,good,1.0,0.0,R.Patterson,00-0036816
2023_05_CAR_DET,REG,5,CAR,,33.0,good,1.0,0.0,E.Pineiro,00-0034173
2023_05_CHI_WAS,REG,5,CHI,,33.0,good,1.0,0.0,C.Santos,00-0031203
2023_05_CHI_WAS,REG,5,CHI,made,22.0,,0.0,1.0,C.Santos,00-0031203
2023_05_CHI_WAS,REG,5,CHI,,33.0,good,1.0,0.0,C.Santos,00-0031203
2023_05_CHI_WAS,REG,5,WAS,made,51.0,,0.0,1.0,J.Slye,00-0035192
2023_05_CHI_WAS,REG,5,CHI,made,36.0,,0.0,1.0,C.Santos,00-0031203
2023_05_CHI_WAS,REG,5,CHI,,33.0,good,1.0,0.0,C.Santos,00-0031203
2023_05_CHI_WAS,REG,5,WAS,made,32.0,,0.0,1.0,J.Slye,00-0035192
2023_05_CHI_WAS,REG,5,CHI,made,43.0,,0.0,1.0,C.Santos,00-0031203
2023_05_CHI_WAS,REG,5,WAS,missed,46.0,,0.0,1.0,J.Slye,00-0035192
2023_05_CHI_WAS,REG,5,CHI,,33.0,good,1.0,0.0,C.Santos,00-0031203
2023_05_CHI_WAS,REG,5,CHI,made,37.0,,0.0,1.0,C.Santos,00-0031203
2023_05_CIN_ARI,REG,5,CIN,,33.0,good,1.0,0.0,E.McPherson,00-0036854
2023_05_CIN_ARI,REG,5,CIN,made,40.0,,0.0,1.0,E.McPherson,00-0036854
2023_05_CIN_ARI,REG,5,ARI,,33.0,good,1.0,0.0,M.Prater,00-0023853
2023_05_CIN_ARI,REG,5,ARI,,33.0,good,1.0,0.0,M.Prater,00-0023853
2023_05_CIN_ARI,REG,5,CIN,,33.0,good,1.0,0.0,E.McPherson,00-0036854
2023_05_CIN_ARI,REG,5,CIN,,33.0,good,1.0,0.0,E.McPherson,00-0036854
2023_05_CIN_ARI,REG,5,ARI,,33.0,failed,1.0,0.0,M.Prater,00-0023853
2023_05_CIN_ARI,REG,5,CIN,,33.0,good,1.0,0.0,E.McPherson,00-0036854
2023_05_CIN_ARI,REG,5,CIN,made,40.0,,0.0,1.0,E.McPherson,00-0036854
2023_05_DAL_SF,REG,5,SF,,33.0,good,1.0,0.0,J.Moody,00-0038562
2023_05_DAL_SF,REG,5,SF,,33.0,good,1.0,0.0,J.Moody,00-0038562
2023_05_DAL_SF,REG,5,DAL,,33.0,good,1.0,0.0,B.Aubrey,00-0037692
2023_05_DAL_SF,REG,5,SF,,33.0,good,1.0,0.0,J.Moody,00-0038562
2023_05_DAL_SF,REG,5,DAL,made,50.0,,0.0,1.0,B.Aubrey,00-0037692
2023_05_DAL_SF,REG,5,SF,,33.0,good,1.0,0.0,J.Moody,00-0038562
2023_05_DAL_SF,REG,5,SF,,33.0,good,1.0,0.0,J.Moody,00-0038562
2023_05_DAL_SF,REG,5,SF,,33.0,good,1.0,0.0,J.Moody,00-0038562
2023_05_GB_LV,REG,5,GB,made,37.0,,0.0,1.0,A.Carlson,00-0038402
2023_05_GB_LV,REG,5,LV,,33.0,good,1.0,0.0,D.Carlson,00-0034161
2023_05_GB_LV,REG,5,LV,made,26.0,,0.0,1.0,D.Carlson,00-0034161
2023_05_GB_LV,REG,5,LV,blocked,53.0,,0.0,1.0,D.Carlson,00-0034161
2023_05_GB_LV,REG,5,GB,,33.0,good,1.0,0.0,A.Carlson,00-0038402
2023_05_GB_LV,REG,5,GB,made,22.0,,0.0,1.0,A.Carlson,00-0038402
2023_05_GB_LV,REG,5,LV,,33.0,good,1.0,0.0,D.Carlson,00-0034161
2023_05_GB_LV,REG,5,LV,missed,52.0,,0.0,1.0,D.Carlson,00-0034161
2023_05_HOU_ATL,REG,5,HOU,made,38.0,,0.0,1.0,K.Fairbairn,00-0032726
2023_05_HOU_ATL,REG,5,ATL,,33.0,good,1.0,0.0,Y.Koo,00-0033702
2023_05_HOU_ATL,REG,5,HOU,made,43.0,,0.0,1.0,K.Fairbairn,00-0032726
2023_05_HOU_ATL,REG,5,HOU,made,28.0,,0.0,1.0,K.Fairbairn,00-0032726
2023_05_HOU_ATL,REG,5,HOU,made,42.0,,0.0,1.0,K.Fairbairn,00-0032726
2023_05_HOU_ATL,REG,5,ATL,made,33.0,,0.0,1.0,Y.Koo,00-0033702
2023_05_HOU_ATL,REG,5,HOU,,33.0,good,1.0,0.0,K.Fairbairn,00-0032726
2023_05_HOU_ATL,REG,5,ATL,made,37.0,,0.0,1.0,Y.Koo,00-0033702
2023_05_JAX_BUF,REG,5,JAX,made,44.0,,0.0,1.0,B.McManus,00-0029822
2023_05_JAX_BUF,REG,5,BUF,,33.0,good,1.0,0.0,T.Bass,00-0036162
2023_05_JAX_BUF,REG,5,JAX,,33.0,good,1.0,0.0,B.McManus,00-0029822
2023_05_JAX_BUF,REG,5,JAX,,33.0,good,1.0,0.0,B.McManus,00-0029822
2023_05_JAX_BUF,REG,5,BUF,,33.0,good,1.0,0.0,T.Bass,00-0036162
2023_05_KC_MIN,REG,5,KC,,33.0,good,1.0,0.0,H.Butker,00-0033303
2023_05_KC_MIN,REG,5,MIN,made,40.0,,0.0,1.0,G.Joseph,00-0034450
2023_05_KC_MIN,REG,5,KC,made,38.0,,0.0,1.0,H.Butker,00-0033303
2023_05_KC_MIN,REG,5,MIN,made,29.0,,0.0,1.0,G.Joseph,00-0034450
2023_05_KC_MIN,REG,5,MIN,,33.0,good,1.0,0.0,G.Joseph,00-0034450
2023_05_KC_MIN,REG,5,KC,made,40.0,,0.0,1.0,H.Butker,00-0033303
2023_05_KC_MIN,REG,5,KC,,33.0,good,1.0,0.0,H.Butker,00-0033303
2023_05_KC_MIN,REG,5,KC,,33.0,good,1.0,0.0,H.Butker,00-0033303
2023_05_KC_MIN,REG,5,MIN,,33.0,good,1.0,0.0,G.Joseph,00-0034450
2023_05_NO_NE,REG,5,NO,,33.0,good,1.0,0.0,B.Grupe,00-0038905
2023_05_NO_NE,REG,5,NE,missed,48.0,,0.0,1.0,C.Ryland,00-0038567
2023_05_NO_NE,REG,5,NO,,33.0,good,1.0,0.0,B.Grupe,00-0038905
2023_05_NO_NE,REG,5,NO,,33.0,good,1.0,0.0,B.Grupe,00-0038905
2023_05_NO_NE,REG,5,NO,made,54.0,,0.0,1.0,B.Grupe,00-0038905
2023_05_NO_NE,REG,5,NO,,33.0,good,1.0,0.0,B.Grupe,00-0038905
2023_05_NO_NE,REG,5,NO,made,53.0,,0.0,1.0,B.Grupe,00-0038905
2023_05_NYG_MIA,REG,5,MIA,,33.0,good,1.0,0.0,J.Sanders,00-0034794
2023_05_NYG_MIA,REG,5,NYG,missed,55.0,,0.0,1.0,G.Gano,00-0026858
2023_05_NYG_MIA,REG,5,MIA,,33.0,good,1.0,0.0,J.Sanders,00-0034794
2023_05_NYG_MIA,REG,5,NYG,made,49.0,,0.0,1.0,G.Gano,00-0026858
2023_05_NYG_MIA,REG,5,NYG,,33.0,good,1.0,0.0,G.Gano,00-0026858
2023_05_NYG_MIA,REG,5,MIA,made,40.0,,0.0,1.0,J.Sanders,00-0034794
2023_05_NYG_MIA,REG,5,MIA,,33.0,good,1.0,0.0,J.Sanders,00-0034794
2023_05_NYG_MIA,REG,5,NYG,made,37.0,,0.0,1.0,G.Gano,00-0026858
2023_05_NYG_MIA,REG,5,MIA,,33.0,good,1.0,0.0,J.Sanders,00-0034794
2023_05_NYG_MIA,REG,5,NYG,made,51.0,,0.0,1.0,G.Gano,00-0026858
2023_05_NYJ_DEN,REG,5,NYJ,made,30.0,,0.0,1.0,G.Zuerlein,00-0029621
2023_05_NYJ_DEN,REG,5,DEN,,33.0,good,1.0,0.0,W.Lutz,00-0032569
2023_05_NYJ_DEN,REG,5,DEN,made,23.0,,0.0,1.0,W.Lutz,00-0032569
2023_05_NYJ_DEN,REG,5,NYJ,made,26.0,,0.0,1.0,G.Zuerlein,00-0029621
2023_05_NYJ_DEN,REG,5,DEN,made,22.0,,0.0,1.0,W.Lutz,00-0032569
2023_05_NYJ_DEN,REG,5,NYJ,,33.0,good,1.0,0.0,G.Zuerlein,00-0029621
2023_05_NYJ_DEN,REG,5,NYJ,made,27.0,,0.0,1.0,G.Zuerlein,00-0029621
2023_05_NYJ_DEN,REG,5,NYJ,made,22.0,,0.0,1.0,G.Zuerlein,00-0029621
2023_05_NYJ_DEN,REG,5,NYJ,made,49.0,,0.0,1.0,G.Zuerlein,00-0029621
2023_05_NYJ_DEN,REG,5,NYJ,,33.0,good,1.0,0.0,G.Zuerlein,00-0029621
2023_05_PHI_LA,REG,5,PHI,,33.0,good,1.0,0.0,J.Elliott,00-0033787
2023_05_PHI_LA,REG,5,LAR,,33.0,good,1.0,0.0,B.Maher,00-0030332
2023_05_PHI_LA,REG,5,PHI,made,34.0,,0.0,1.0,J.Elliott,00-0033787
2023_05_PHI_LA,REG,5,LAR,,33.0,good,1.0,0.0,B.Maher,00-0030332
2023_05_PHI_LA,REG,5,PHI,,33.0,good,1.0,0.0,J.Elliott,00-0033787
2023_05_PHI_LA,REG,5,PHI,made,26.0,,0.0,1.0,J.Elliott,00-0033787
2023_05_PHI_LA,REG,5,PHI,made,26.0,,0.0,1.0,J.Elliott,00-0033787
2023_05_TEN_IND,REG,5,TEN,made,27.0,,0.0,1.0,N.Folk,00-0025565
2023_05_TEN_IND,REG,5,IND,,33.0,good,1.0,0.0,M.Gay,00-0035269
2023_05_TEN_IND,REG,5,IND,made,43.0,,0.0,1.0,M.Gay,00-0035269
2023_05_TEN_IND,REG,5,TEN,made,53.0,,0.0,1.0,N.Folk,00-0025565
2023_05_TEN_IND,REG,5,TEN,,33.0,good,1.0,0.0,N.Folk,00-0025565
2023_05_TEN_IND,REG,5,IND,,33.0,good,1.0,0.0,M.Gay,00-0035269
2023_05_TEN_IND,REG,5,TEN,made,34.0,,0.0,1.0,N.Folk,00-0025565
2023_05_TEN_IND,REG,5,IND,made,35.0,,0.0,1.0,M.Gay,00-0035269
2023_05_TEN_IND,REG,5,IND,made,28.0,,0.0,1.0,M.Gay,00-0035269
2023_06_ARI_LA,REG,6,ARI,made,55.0,,0.0,1.0,M.Prater,00-0023853
2023_06_ARI_LA,REG,6,LAR,made,29.0,,0.0,1.0,B.Maher,00-0030332
2023_06_ARI_LA,REG,6,ARI,made,32.0,,0.0,1.0,M.Prater,00-0023853
2023_06_ARI_LA,REG,6,ARI,made,27.0,,0.0,1.0,M.Prater,00-0023853
2023_06_ARI_LA,REG,6,LAR,made,35.0,,0.0,1.0,B.Maher,00-0030332
2023_06_ARI_LA,REG,6,LAR,,33.0,good,1.0,0.0,B.Maher,00-0030332
2023_06_ARI_LA,REG,6,LAR,made,25.0,,0.0,1.0,B.Maher,00-0030332
2023_06_ARI_LA,REG,6,LAR,,33.0,good,1.0,0.0,B.Maher,00-0030332
2023_06_ARI_LA,REG,6,LAR,made,43.0,,0.0,1.0,B.Maher,00-0030332
2023_06_BAL_TEN,REG,6,BAL,made,41.0,,0.0,1.0,J.Tucker,00-0029597
2023_06_BAL_TEN,REG,6,TEN,made,26.0,,0.0,1.0,N.Folk,00-0025565
2023_06_BAL_TEN,REG,6,BAL,made,28.0,,0.0,1.0,J.Tucker,00-0029597
2023_06_BAL_TEN,REG,6,BAL,made,23.0,,0.0,1.0,J.Tucker,00-0029597
2023_06_BAL_TEN,REG,6,BAL,,43.0,blocked,1.0,0.0,J.Tucker,00-0029597
2023_06_BAL_TEN,REG,6,BAL,made,29.0,,0.0,1.0,J.Tucker,00-0029597
2023_06_BAL_TEN,REG,6,TEN,made,27.0,,0.0,1.0,N.Folk,00-0025565
2023_06_BAL_TEN,REG,6,TEN,,33.0,good,1.0,0.0,N.Folk,00-0025565
2023_06_BAL_TEN,REG,6,BAL,made,20.0,,0.0,1.0,J.Tucker,00-0029597
2023_06_BAL_TEN,REG,6,BAL,made,36.0,,0.0,1.0,J.Tucker,00-0029597
2023_06_BAL_TEN,REG,6,TEN,made,38.0,,0.0,1.0,N.Folk,00-0025565
2023_06_CAR_MIA,REG,6,CAR,,33.0,good,1.0,0.0,E.Pineiro,00-0034173
2023_06_CAR_MIA,REG,6,CAR,,33.0,good,1.0,0.0,E.Pineiro,00-0034173
2023_06_CAR_MIA,REG,6,MIA,,33.0,good,1.0,0.0,J.Sanders,00-0034794
2023_06_CAR_MIA,REG,6,MIA,,33.0,good,1.0,0.0,J.Sanders,00-0034794
2023_06_CAR_MIA,REG,6,MIA,,33.0,good,1.0,0.0,J.Sanders,00-0034794
2023_06_CAR_MIA,REG,6,CAR,missed,43.0,,0.0,1.0,E.Pineiro,00-0034173
2023_06_CAR_MIA,REG,6,MIA,,33.0,good,1.0,0.0,J.Sanders,00-0034794
2023_06_CAR_MIA,REG,6,MIA,,33.0,good,1.0,0.0,J.Sanders,00-0034794
2023_06_CAR_MIA,REG,6,CAR,,33.0,good,1.0,0.0,E.Pineiro,00-0034173
2023_06_CAR_MIA,REG,6,MIA,,33.0,good,1.0,0.0,J.Sanders,00-0034794
2023_06_DAL_LAC,REG,6,LAC,,33.0,good,1.0,0.0,C.Dicker,00-0037224
2023_06_DAL_LAC,REG,6,DAL,,33.0,good,1.0,0.0,B.Aubrey,00-0037692
2023_06_DAL_LAC,REG,6,DAL,made,32.0,,0.0,1.0,B.Aubrey,00-0037692
2023_06_DAL_LAC,REG,6,LAC,made,24.0,,0.0,1.0,C.Dicker,00-0037224
2023_06_DAL_LAC,REG,6,DAL,,33.0,good,1.0,0.0,B.Aubrey,00-0037692
2023_06_DAL_LAC,REG,6,LAC,,33.0,good,1.0,0.0,C.Dicker,00-0037224
2023_06_DAL_LAC,REG,6,DAL,made,39.0,,0.0,1.0,B.Aubrey,00-0037692
2023_06_DEN_KC,REG,6,KC,made,35.0,,0.0,1.0,H.Butker,00-0033303
2023_06_DEN_KC,REG,6,KC,,38.0,good,1.0,0.0,H.Butker,00-0033303
2023_06_DEN_KC,REG,6,KC,made,60.0,,0.0,1.0,H.Butker,00-0033303
2023_06_DEN_KC,REG,6,KC,made,25.0,,0.0,1.0,H.Butker,00-0033303
2023_06_DEN_KC,REG,6,KC,made,52.0,,0.0,1.0,H.Butker,00-0033303
2023_06_DET_TB,REG,6,DET,made,30.0,,0.0,1.0,R.Patterson,00-0036816
2023_06_DET_TB,REG,6,TB,made,33.0,,0.0,1.0,C.McLaughlin,00-0035358
2023_06_DET_TB,REG,6,DET,,33.0,good,1.0,0.0,R.Patterson,00-0036816
2023_06_DET_TB,REG,6,DET,missed,52.0,,0.0,1.0,R.Patterson,00-0036816
2023_06_DET_TB,REG,6,TB,made,36.0,,0.0,1.0,C.McLaughlin,00-0035358
2023_06_DET_TB,REG,6,DET,,33.0,good,1.0,0.0,R.Patterson,00-0036816
2023_06_DET_TB,REG,6,DET,made,36.0,,0.0,1.0,R.Patterson,00-0036816
2023_06_IND_JAX,REG,6,IND,made,28.0,,0.0,1.0,M.Gay,00-0035269
2023_06_IND_JAX,REG,6,JAX,,33.0,good,1.0,0.0,B.McManus,00-0029822
2023_06_IND_JAX,REG,6,JAX,,33.0,good,1.0,0.0,B.McManus,00-0029822
2023_06_IND_JAX,REG,6,JAX,,33.0,good,1.0,0.0,B.McManus,00-0029822
2023_06_IND_JAX,REG,6,IND,made,56.0,,0.0,1.0,M.Gay,00-0035269
2023_06_IND_JAX,REG,6,JAX,made,48.0,,0.0,1.0,B.McManus,00-0029822
2023_06_IND_JAX,REG,6,JAX,,33.0,good,1.0,0.0,B.McManus,00-0029822
2023_06_IND_JAX,REG,6,IND,,33.0,good,1.0,0.0,M.Gay,00-0035269
2023_06_IND_JAX,REG,6,IND,,33.0,good,1.0,0.0,M.Gay,00-0035269
2023_06_IND_JAX,REG,6,JAX,made,49.0,,0.0,1.0,B.McManus,00-0029822
2023_06_IND_JAX,REG,6,JAX,made,51.0,,0.0,1.0,B.McManus,00-0029822
2023_06_MIN_CHI,REG,6,MIN,made,53.0,,0.0,1.0,G.Joseph,00-0034450
2023_06_MIN_CHI,REG,6,CHI,made,22.0,,0.0,1.0,C.Santos,00-0031203
2023_06_MIN_CHI,REG,6,MIN,made,51.0,,0.0,1.0,G.Joseph,00-0034450
2023_06_MIN_CHI,REG,6,CHI,made,53.0,,0.0,1.0,C.Santos,00-0031203
2023_06_MIN_CHI,REG,6,MIN,,33.0,blocked,1.0,0.0,G.Joseph,00-0034450
2023_06_MIN_CHI,REG,6,MIN,,33.0,good,1.0,0.0,G.Joseph,00-0034450
2023_06_MIN_CHI,REG,6,MIN,missed,57.0,,0.0,1.0,G.Joseph,00-0034450
2023_06_MIN_CHI,REG,6,CHI,,33.0,good,1.0,0.0,C.Santos,00-0031203
2023_06_NE_LV,REG,6,LV,made,25.0,,0.0,1.0,D.Carlson,00-0034161
2023_06_NE_LV,REG,6,LV,,33.0,good,1.0,0.0,D.Carlson,00-0034161
2023_06_NE_LV,REG,6,NE,made,43.0,,0.0,1.0,C.Ryland,00-0038567
2023_06_NE_LV,REG,6,LV,made,37.0,,0.0,1.0,D.Carlson,00-0034161
2023_06_NE_LV,REG,6,NE,,33.0,good,1.0,0.0,C.Ryland,00-0038567
2023_06_NE_LV,REG,6,LV,made,30.0,,0.0,1.0,D.Carlson,00-0034161
2023_06_NE_LV,REG,6,LV,made,24.0,,0.0,1.0,D.Carlson,00-0034161
2023_06_NE_LV,REG,6,NE,,33.0,good,1.0,0.0,C.Ryland,00-0038567
2023_06_NO_HOU,REG,6,NO,missed,52.0,,0.0,1.0,B.Grupe,00-0038905
2023_06_NO_HOU,REG,6,HOU,,33.0,good,1.0,0.0,K.Fairbairn,00-0032726
2023_06_NO_HOU,REG,6,NO,,33.0,good,1.0,0.0,B.Grupe,00-0038905
2023_06_NO_HOU,REG,6,HOU,made,24.0,,0.0,1.0,K.Fairbairn,00-0032726
2023_06_NO_HOU,REG,6,HOU,,33.0,good,1.0,0.0,K.Fairbairn,00-0032726
2023_06_NO_HOU,REG,6,NO,made,48.0,,0.0,1.0,B.Grupe,00-0038905
2023_06_NO_HOU,REG,6,HOU,made,22.0,,0.0,1.0,K.Fairbairn,00-0032726
2023_06_NO_HOU,REG,6,NO,made,45.0,,0.0,1.0,B.Grupe,00-0038905
2023_06_NO_HOU,REG,6,NO,missed,29.0,,0.0,1.0,B.Grupe,00-0038905
2023_06_NYG_BUF,REG,6,NYG,made,29.0,,0.0,1.0,G.Gano,00-0026858
2023_06_NYG_BUF,REG,6,BUF,missed,52.0,,0.0,1.0,T.Bass,00-0036162
2023_06_NYG_BUF,REG,6,NYG,made,43.0,,0.0,1.0,G.Gano,00-0026858
2023_06_NYG_BUF,REG,6,BUF,,33.0,good,1.0,0.0,T.Bass,00-0036162
2023_06_NYG_BUF,REG,6,NYG,made,29.0,,0.0,1.0,G.Gano,00-0026858
2023_06_NYG_BUF,REG,6,BUF,,33.0,good,1.0,0.0,T.Bass,00-0036162
2023_06_NYG_BUF,REG,6,BUF,missed,53.0,,0.0,1.0,T.Bass,00-0036162
2023_06_PHI_NYJ,REG,6,PHI,,33.0,good,1.0,0.0,J.Elliott,00-0033787
2023_06_PHI_NYJ,REG,6,NYJ,made,43.0,,0.0,1.0,G.Zuerlein,00-0029621
2023_06_PHI_NYJ,REG,6,PHI,,33.0,good,1.0,0.0,J.Elliott,00-0033787
2023_06_PHI_NYJ,REG,6,NYJ,made,42.0,,0.0,1.0,G.Zuerlein,00-0029621
2023_06_PHI_NYJ,REG,6,NYJ,made,35.0,,0.0,1.0,G.Zuerlein,00-0029621
2023_06_PHI_NYJ,REG,6,NYJ,made,38.0,,0.0,1.0,G.Zuerlein,00-0029621
2023_06_PHI_NYJ,REG,6,PHI,missed,37.0,,0.0,1.0,J.Elliott,00-0033787
2023_06_SEA_CIN,REG,6,SEA,,33.0,good,1.0,0.0,J.Myers,00-0031492
2023_06_SEA_CIN,REG,6,CIN,,33.0,good,1.0,0.0,E.McPherson,00-0036854
2023_06_SEA_CIN,REG,6,CIN,,33.0,good,1.0,0.0,E.McPherson,00-0036854
2023_06_SEA_CIN,REG,6,SEA,made,55.0,,0.0,1.0,J.Myers,00-0031492
2023_06_SEA_CIN,REG,6,SEA,made,23.0,,0.0,1.0,J.Myers,00-0031492
2023_06_SEA_CIN,REG,6,CIN,made,52.0,,0.0,1.0,E.McPherson,00-0036854
2023_06_SF_CLE,REG,6,SF,,33.0,good,1.0,0.0,J.Moody,00-0038562
2023_06_SF_CLE,REG,6,SF,missed,54.0,,0.0,1.0,J.Moody,00-0038562
2023_06_SF_CLE,REG,6,CLE,missed,47.0,,0.0,1.0,D.Hopkins,00-0030098
2023_06_SF_CLE,REG,6,SF,made,25.0,,0.0,1.0,J.Moody,00-0038562
2023_06_SF_CLE,REG,6,CLE,,33.0,good,1.0,0.0,D.Hopkins,00-0030098
2023_06_SF_CLE,REG,6,CLE,made,42.0,,0.0,1.0,D.Hopkins,00-0030098
2023_06_SF_CLE,REG,6,CLE,made,46.0,,0.0,1.0,D.Hopkins,00-0030098
2023_06_SF_CLE,REG,6,SF,,33.0,good,1.0,0.0,J.Moody,00-0038562
2023_06_SF_CLE,REG,6,CLE,made,50.0,,0.0,1.0,D.Hopkins,00-0030098
2023_06_SF_CLE,REG,6,CLE,made,29.0,,0.0,1.0,D.Hopkins,00-0030098
2023_06_SF_CLE,REG,6,SF,missed,41.0,,0.0,1.0,J.Moody,00-0038562
2023_06_WAS_ATL,REG,6,WAS,made,37.0,,0.0,1.0,J.Slye,00-0035192
2023_06_WAS_ATL,REG,6,ATL,,33.0,good,1.0,0.0,Y.Koo,00-0033702
2023_06_WAS_ATL,REG,6,WAS,,33.0,good,1.0,0.0,J.Slye,00-0035192
2023_06_WAS_ATL,REG,6,WAS,,33.0,good,1.0,0.0,J.Slye,00-0035192
2023_06_WAS_ATL,REG,6,ATL,made,47.0,,0.0,1.0,Y.Koo,00-0033702
2023_06_WAS_ATL,REG,6,WAS,,33.0,good,1.0,0.0,J.Slye,00-0035192
2023_07_ARI_SEA,REG,7,SEA,,33.0,good,1.0,0.0,J.Myers,00-0031492
2023_07_ARI_SEA,REG,7,ARI,made,44.0,,0.0,1.0,M.Prater,00-0023853
2023_07_ARI_SEA,REG,7,ARI,,33.0,good,1.0,0.0,M.Prater,00-0023853
2023_07_ARI_SEA,REG,7,SEA,,33.0,good,1.0,0.0,J.Myers,00-0031492
2023_07_ARI_SEA,REG,7,SEA,made,21.0,,0.0,1.0,J.Myers,00-0031492
2023_07_ARI_SEA,REG,7,ARI,missed,34.0,,0.0,1.0,M.Prater,00-0023853
2023_07_ARI_SEA,REG,7,SEA,made,48.0,,0.0,1.0,J.Myers,00-0031492
2023_07_ATL_TB,REG,7,ATL,,33.0,good,1.0,0.0,Y.Koo,00-0033702
2023_07_ATL_TB,REG,7,TB,,33.0,good,1.0,0.0,C.McLaughlin,00-0035358
2023_07_ATL_TB,REG,7,ATL,made,24.0,,0.0,1.0,Y.Koo,00-0033702
2023_07_ATL_TB,REG,7,TB,made,24.0,,0.0,1.0,C.McLaughlin,00-0035358
2023_07_ATL_TB,REG,7,ATL,made,41.0,,0.0,1.0,Y.Koo,00-0033702
2023_07_ATL_TB,REG,7,TB,made,36.0,,0.0,1.0,C.McLaughlin,00-0035358
2023_07_ATL_TB,REG,7,ATL,made,51.0,,0.0,1.0,Y.Koo,00-0033702
2023_07_BUF_NE,REG,7,NE,made,30.0,,0.0,1.0,C.Ryland,00-0038567
2023_07_BUF_NE,REG,7,NE,,33.0,good,1.0,0.0,C.Ryland,00-0038567
2023_07_BUF_NE,REG,7,BUF,made,36.0,,0.0,1.0,T.Bass,00-0036162
2023_07_BUF_NE,REG,7,NE,made,24.0,,0.0,1.0,C.Ryland,00-0038567
2023_07_BUF_NE,REG,7,BUF,missed,42.0,,0.0,1.0,T.Bass,00-0036162
2023_07_BUF_NE,REG,7,BUF,,33.0,good,1.0,0.0,T.Bass,00-0036162
2023_07_BUF_NE,REG,7,NE,made,49.0,,0.0,1.0,C.Ryland,00-0038567
2023_07_BUF_NE,REG,7,BUF,,33.0,good,1.0,0.0,T.Bass,00-0036162
2023_07_BUF_NE,REG,7,NE,,33.0,good,1.0,0.0,C.Ryland,00-0038567
2023_07_CLE_IND,REG,7,CLE,,33.0,good,1.0,0.0,D.Hopkins,00-0030098
2023_07_CLE_IND,REG,7,IND,,38.0,good,1.0,0.0,M.Gay,00-0035269
2023_07_CLE_IND,REG,7,IND,,33.0,good,1.0,0.0,M.Gay,00-0035269
2023_07_CLE_IND,REG,7,CLE,,33.0,good,1.0,0.0,D.Hopkins,00-0030098
2023_07_CLE_IND,REG,7,IND,blocked,60.0,,0.0,1.0,M.Gay,00-0035269
2023_07_CLE_IND,REG,7,CLE,made,44.0,,0.0,1.0,D.Hopkins,00-0030098
2023_07_CLE_IND,REG,7,IND,,33.0,good,1.0,0.0,M.Gay,00-0035269
2023_07_CLE_IND,REG,7,CLE,,33.0,good,1.0,0.0,D.Hopkins,00-0030098
2023_07_CLE_IND,REG,7,CLE,made,54.0,,0.0,1.0,D.Hopkins,00-0030098
2023_07_CLE_IND,REG,7,CLE,made,54.0,,0.0,1.0,D.Hopkins,00-0030098
2023_07_CLE_IND,REG,7,IND,,33.0,good,1.0,0.0,M.Gay,00-0035269
2023_07_CLE_IND,REG,7,IND,made,27.0,,0.0,1.0,M.Gay,00-0035269
2023_07_CLE_IND,REG,7,CLE,made,58.0,,0.0,1.0,D.Hopkins,00-0030098
2023_07_CLE_IND,REG,7,IND,,48.0,good,1.0,0.0,M.Gay,00-0035269
2023_07_DET_BAL,REG,7,BAL,,33.0,good,1.0,0.0,J.Tucker,00-0029597
2023_07_DET_BAL,REG,7,BAL,,33.0,good,1.0,0.0,J.Tucker,00-0029597
2023_07_DET_BAL,REG,7,BAL,,33.0,good,1.0,0.0,J.Tucker,00-0029597
2023_07_DET_BAL,REG,7,BAL,,33.0,good,1.0,0.0,J.Tucker,00-0029597
2023_07_DET_BAL,REG,7,BAL,,33.0,good,1.0,0.0,J.Tucker,00-0029597
2023_07_DET_BAL,REG,7,BAL,made,32.0,,0.0,1.0,J.Tucker,00-0029597
2023_07_GB_DEN,REG,7,DEN,made,32.0,,0.0,1.0,W.Lutz,00-0032569
2023_07_GB_DEN,REG,7,DEN,made,29.0,,0.0,1.0,W.Lutz,00-0032569
2023_07_GB_DEN,REG,7,GB,missed,43.0,,0.0,1.0,A.Carlson,00-0038402
2023_07_GB_DEN,REG,7,DEN,made,35.0,,0.0,1.0,W.Lutz,00-0032569
2023_07_GB_DEN,REG,7,GB,made,29.0,,0.0,1.0,A.Carlson,00-0038402
2023_07_GB_DEN,REG,7,DEN,,33.0,good,1.0,0.0,W.Lutz,00-0032569
2023_07_GB_DEN,REG,7,GB,,33.0,good,1.0,0.0,A.Carlson,00-0038402
2023_07_GB_DEN,REG,7,GB,,33.0,good,1.0,0.0,A.Carlson,00-0038402
2023_07_GB_DEN,REG,7,DEN,made,52.0,,0.0,1.0,W.Lutz,00-0032569
2023_07_JAX_NO,REG,7,JAX,,33.0,good,1.0,0.0,B.McManus,00-0029822
2023_07_JAX_NO,REG,7,NO,missed,51.0,,0.0,1.0,B.Grupe,00-0038905
2023_07_JAX_NO,REG,7,NO,made,23.0,,0.0,1.0,B.Grupe,00-0038905
2023_07_JAX_NO,REG,7,JAX,,33.0,good,1.0,0.0,B.McManus,00-0029822
2023_07_JAX_NO,REG,7,NO,made,35.0,,0.0,1.0,B.Grupe,00-0038905
2023_07_JAX_NO,REG,7,JAX,made,43.0,,0.0,1.0,B.McManus,00-0029822
2023_07_JAX_NO,REG,7,NO,made,42.0,,0.0,1.0,B.Grupe,00-0038905
2023_07_JAX_NO,REG,7,JAX,,33.0,good,1.0,0.0,B.McManus,00-0029822
2023_07_JAX_NO,REG,7,NO,,33.0,good,1.0,0.0,B.Grupe,00-0038905
2023_07_JAX_NO,REG,7,JAX,,33.0,good,1.0,0.0,B.McManus,00-0029822
2023_07_LAC_KC,REG,7,KC,made,35.0,,0.0,1.0,H.Butker,00-0033303
2023_07_LAC_KC,REG,7,LAC,made,55.0,,0.0,1.0,C.Dicker,00-0037224
2023_07_LAC_KC,REG,7,KC,,33.0,good,1.0,0.0,H.Butker,00-0033303
2023_07_LAC_KC,REG,7,LAC,,33.0,good,1.0,0.0,C.Dicker,00-0037224
2023_07_LAC_KC,REG,7,KC,,33.0,good,1.0,0.0,H.Butker,00-0033303
2023_07_LAC_KC,REG,7,LAC,,33.0,good,1.0,0.0,C.Dicker,00-0037224
2023_07_LAC_KC,REG,7,KC,,33.0,good,1.0,0.0,H.Butker,00-0033303
2023_07_LAC_KC,REG,7,KC,,33.0,good,1.0,0.0,H.Butker,00-0033303
2023_07_LV_CHI,REG,7,LV,missed,41.0,,0.0,1.0,D.Carlson,00-0034161
2023_07_LV_CHI,REG,7,CHI,,33.0,good,1.0,0.0,C.Santos,00-0031203
2023_07_LV_CHI,REG,7,CHI,,33.0,good,1.0,0.0,C.Santos,00-0031203
2023_07_LV_CHI,REG,7,LV,made,40.0,,0.0,1.0,D.Carlson,00-0034161
2023_07_LV_CHI,REG,7,CHI,,33.0,good,1.0,0.0,C.Santos,00-0031203
2023_07_LV_CHI,REG,7,LV,made,25.0,,0.0,1.0,D.Carlson,00-0034161
2023_07_LV_CHI,REG,7,CHI,made,54.0,,0.0,1.0,C.Santos,00-0031203
2023_07_LV_CHI,REG,7,CHI,,33.0,blocked,1.0,0.0,C.Santos,00-0031203
2023_07_MIA_PHI,REG,7,PHI,made,24.0,,0.0,1.0,J.Elliott,00-0033787
2023_07_MIA_PHI,REG,7,MIA,made,40.0,,0.0,1.0,J.Sanders,00-0034794
2023_07_MIA_PHI,REG,7,PHI,,33.0,good,1.0,0.0,J.Elliott,00-0033787
2023_07_MIA_PHI,REG,7,PHI,,33.0,good,1.0,0.0,J.Elliott,00-0033787
2023_07_MIA_PHI,REG,7,MIA,,33.0,good,1.0,0.0,J.Sanders,00-0034794
2023_07_MIA_PHI,REG,7,MIA,,33.0,good,1.0,0.0,J.Sanders,00-0034794
2023_07_MIA_PHI,REG,7,PHI,,33.0,good,1.0,0.0,J.Elliott,00-0033787
2023_07_MIA_PHI,REG,7,PHI,,33.0,good,1.0,0.0,J.Elliott,00-0033787
2023_07_PIT_LA,REG,7,LAR,missed,53.0,,0.0,1.0,B.Maher,00-0030332
2023_07_PIT_LA,REG,7,PIT,made,53.0,,0.0,1.0,C.Boswell,00-0031136
2023_07_PIT_LA,REG,7,LAR,made,41.0,,0.0,1.0,B.Maher,00-0030332
2023_07_PIT_LA,REG,7,LAR,,33.0,failed,1.0,0.0,B.Maher,00-0030332
2023_07_PIT_LA,REG,7,PIT,,33.0,good,1.0,0.0,C.Boswell,00-0031136
2023_07_PIT_LA,REG,7,LAR,missed,51.0,,0.0,1.0,B.Maher,00-0030332
2023_07_PIT_LA,REG,7,PIT,,33.0,good,1.0,0.0,C.Boswell,00-0031136
2023_07_PIT_LA,REG,7,PIT,,33.0,good,1.0,0.0,C.Boswell,00-0031136
2023_07_SF_MIN,REG,7,MIN,,33.0,good,1.0,0.0,G.Joseph,00-0034450
2023_07_SF_MIN,REG,7,SF,missed,40.0,,0.0,1.0,J.Moody,00-0038562
2023_07_SF_MIN,REG,7,MIN,made,21.0,,0.0,1.0,G.Joseph,00-0034450
2023_07_SF_MIN,REG,7,SF,,33.0,good,1.0,0.0,J.Moody,00-0038562
2023_07_SF_MIN,REG,7,MIN,,33.0,failed,1.0,0.0,G.Joseph,00-0034450
2023_07_SF_MIN,REG,7,MIN,made,20.0,,0.0,1.0,G.Joseph,00-0034450
2023_07_SF_MIN,REG,7,SF,,33.0,good,1.0,0.0,J.Moody,00-0038562
2023_07_SF_MIN,REG,7,MIN,made,54.0,,0.0,1.0,G.Joseph,00-0034450
2023_07_SF_MIN,REG,7,SF,made,55.0,,0.0,1.0,J.Moody,00-0038562
2023_07_SF_MIN,REG,7,MIN,missed,50.0,,0.0,1.0,G.Joseph,00-0034450
2023_07_WAS_NYG,REG,7,NYG,missed,42.0,,0.0,1.0,G.Gano,00-0026858
2023_07_WAS_NYG,REG,7,NYG,,33.0,good,1.0,0.0,G.Gano,00-0026858
2023_07_WAS_NYG,REG,7,NYG,,33.0,good,1.0,0.0,G.Gano,00-0026858
2023_07_WAS_NYG,REG,7,WAS,,33.0,good,1.0,0.0,J.Slye,00-0035192
2023_07_WAS_NYG,REG,7,WAS,blocked,27.0,,0.0,1.0,J.Slye,00-0035192
2023_08_ATL_TEN,REG,8,ATL,made,29.0,,0.0,1.0,Y.Koo,00-0033702
2023_08_ATL_TEN,REG,8,TEN,,33.0,good,1.0,0.0,N.Folk,00-0025565
2023_08_ATL_TEN,REG,8,TEN,,33.0,good,1.0,0.0,N.Folk,00-0025565
2023_08_ATL_TEN,REG,8,ATL,made,49.0,,0.0,1.0,Y.Koo,00-0033702
2023_08_ATL_TEN,REG,8,ATL,made,39.0,,0.0,1.0,Y.Koo,00-0033702
2023_08_ATL_TEN,REG,8,TEN,,33.0,good,1.0,0.0,N.Folk,00-0025565
2023_08_ATL_TEN,REG,8,ATL,,33.0,good,1.0,0.0,Y.Koo,00-0033702
2023_08_ATL_TEN,REG,8,TEN,,33.0,good,1.0,0.0,N.Folk,00-0025565
2023_08_ATL_TEN,REG,8,ATL,,33.0,good,1.0,0.0,Y.Koo,00-0033702
2023_08_BAL_ARI,REG,8,ARI,,33.0,good,1.0,0.0,M.Prater,00-0023853
2023_08_BAL_ARI,REG,8,BAL,,33.0,good,1.0,0.0,J.Tucker,00-0029597
2023_08_BAL_ARI,REG,8,BAL,missed,53.0,,0.0,1.0,J.Tucker,00-0029597
2023_08_BAL_ARI,REG,8,BAL,,33.0,good,1.0,0.0,J.Tucker,00-0029597
2023_08_BAL_ARI,REG,8,BAL,,33.0,good,1.0,0.0,J.Tucker,00-0029597
2023_08_BAL_ARI,REG,8,BAL,made,48.0,,0.0,1.0,J.Tucker,00-0029597
2023_08_BAL_ARI,REG,8,BAL,,33.0,good,1.0,0.0,J.Tucker,00-0029597
2023_08_BAL_ARI,REG,8,ARI,made,47.0,,0.0,1.0,M.Prater,00-0023853
2023_08_CHI_LAC,REG,8,LAC,,33.0,good,1.0,0.0,C.Dicker,00-0037224
2023_08_CHI_LAC,REG,8,LAC,,33.0,good,1.0,0.0,C.Dicker,00-0037224
2023_08_CHI_LAC,REG,8,LAC,made,43.0,,0.0,1.0,C.Dicker,00-0037224
2023_08_CHI_LAC,REG,8,CHI,,33.0,good,1.0,0.0,C.Santos,00-0031203
2023_08_CHI_LAC,REG,8,LAC,,33.0,good,1.0,0.0,C.Dicker,00-0037224
2023_08_CHI_LAC,REG,8,LAC,made,53.0,,0.0,1.0,C.Dicker,00-0037224
2023_08_CHI_LAC,REG,8,LAC,made,46.0,,0.0,1.0,C.Dicker,00-0037224
2023_08_CIN_SF,REG,8,CIN,,33.0,good,1.0,0.0,E.McPherson,00-0036854
2023_08_CIN_SF,REG,8,SF,,33.0,good,1.0,0.0,J.Moody,00-0038562
2023_08_CIN_SF,REG,8,CIN,,33.0,good,1.0,0.0,E.McPherson,00-0036854
2023_08_CIN_SF,REG,8,CIN,missed,50.0,,0.0,1.0,E.McPherson,00-0036854
2023_08_CIN_SF,REG,8,SF,made,36.0,,0.0,1.0,J.Moody,00-0038562
2023_08_CIN_SF,REG,8,CIN,made,56.0,,0.0,1.0,E.McPherson,00-0036854
2023_08_CIN_SF,REG,8,CIN,,33.0,good,1.0,0.0,E.McPherson,00-0036854
2023_08_CIN_SF,REG,8,SF,,33.0,good,1.0,0.0,J.Moody,00-0038562
2023_08_CIN_SF,REG,8,CIN,,33.0,good,1.0,0.0,E.McPherson,00-0036854
2023_08_CLE_SEA,REG,8,SEA,,33.0,good,1.0,0.0,J.Myers,00-0031492
2023_08_CLE_SEA,REG,8,SEA,,33.0,good,1.0,0.0,J.Myers,00-0031492
2023_08_CLE_SEA,REG,8,CLE,,33.0,good,1.0,0.0,D.Hopkins,00-0030098
2023_08_CLE_SEA,REG,8,SEA,made,32.0,,0.0,1.0,J.Myers,00-0031492
2023_08_CLE_SEA,REG,8,CLE,,33.0,good,1.0,0.0,D.Hopkins,00-0030098
2023_08_CLE_SEA,REG,8,CLE,made,25.0,,0.0,1.0,D.Hopkins,00-0030098
2023_08_CLE_SEA,REG,8,CLE,made,27.0,,0.0,1.0,D.Hopkins,00-0030098
2023_08_CLE_SEA,REG,8,SEA,,33.0,good,1.0,0.0,J.Myers,00-0031492
2023_08_HOU_CAR,REG,8,HOU,,33.0,good,1.0,0.0,K.Fairbairn,00-0032726
2023_08_HOU_CAR,REG,8,CAR,,33.0,failed,1.0,0.0,E.Pineiro,00-0034173
2023_08_HOU_CAR,REG,8,CAR,made,46.0,,0.0,1.0,E.Pineiro,00-0034173
2023_08_HOU_CAR,REG,8,CAR,made,37.0,,0.0,1.0,E.Pineiro,00-0034173
2023_08_HOU_CAR,REG,8,CAR,made,23.0,,0.0,1.0,E.Pineiro,00-0034173
2023_08_JAX_PIT,REG,8,JAX,made,50.0,,0.0,1.0,B.McManus,00-0029822
2023_08_JAX_PIT,REG,8,JAX,made,51.0,,0.0,1.0,B.McManus,00-0029822
2023_08_JAX_PIT,REG,8,PIT,made,22.0,,0.0,1.0,C.Boswell,00-0031136
2023_08_JAX_PIT,REG,8,JAX,made,38.0,,0.0,1.0,B.McManus,00-0029822
2023_08_JAX_PIT,REG,8,PIT,missed,61.0,,0.0,1.0,C.Boswell,00-0031136
2023_08_JAX_PIT,REG,8,PIT,,33.0,good,1.0,0.0,C.Boswell,00-0031136
2023_08_JAX_PIT,REG,8,JAX,made,37.0,,0.0,1.0,B.McManus,00-0029822
2023_08_KC_DEN,REG,8,DEN,,33.0,good,1.0,0.0,W.Lutz,00-0032569
2023_08_KC_DEN,REG,8,KC,made,23.0,,0.0,1.0,H.Butker,00-0033303
2023_08_KC_DEN,REG,8,DEN,,33.0,good,1.0,0.0,W.Lutz,00-0032569
2023_08_KC_DEN,REG,8,KC,made,34.0,,0.0,1.0,H.Butker,00-0033303
2023_08_KC_DEN,REG,8,KC,made,56.0,,0.0,1.0,H.Butker,00-0033303
2023_08_KC_DEN,REG,8,DEN,blocked,38.0,,0.0,1.0,W.Lutz,00-0032569
2023_08_KC_DEN,REG,8,DEN,,33.0,good,1.0,0.0,W.Lutz,00-0032569
2023_08_KC_DEN,REG,8,DEN,made,28.0,,0.0,1.0,W.Lutz,00-0032569
2023_08_LA_DAL,REG,8,DAL,,33.0,good,1.0,0.0,B.Aubrey,00-0037692
2023_08_LA_DAL,REG,8,LAR,made,33.0,,0.0,1.0,L.Havrisik,00-0038152
2023_08_LA_DAL,REG,8,DAL,made,58.0,,0.0,1.0,B.Aubrey,00-0037692
2023_08_LA_DAL,REG,8,DAL,,33.0,good,1.0,0.0,B.Aubrey,00-0037692
2023_08_LA_DAL,REG,8,DAL,,33.0,good,1.0,0.0,B.Aubrey,00-0037692
2023_08_LA_DAL,REG,8,DAL,,33.0,good,1.0,0.0,B.Aubrey,00-0037692
2023_08_LA_DAL,REG,8,DAL,made,27.0,,0.0,1.0,B.Aubrey,00-0037692
2023_08_LA_DAL,REG,8,DAL,,33.0,good,1.0,0.0,B.Aubrey,00-0037692
2023_08_LA_DAL,REG,8,LAR,made,47.0,,0.0,1.0,L.Havrisik,00-0038152
2023_08_LV_DET,REG,8,DET,made,44.0,,0.0,1.0,R.Patterson,00-0036816
2023_08_LV_DET,REG,8,DET,made,31.0,,0.0,1.0,R.Patterson,00-0036816
2023_08_LV_DET,REG,8,DET,made,33.0,,0.0,1.0,R.Patterson,00-0036816
2023_08_LV_DET,REG,8,LV,,33.0,good,1.0,0.0,D.Carlson,00-0034161
2023_08_LV_DET,REG,8,DET,,33.0,good,1.0,0.0,R.Patterson,00-0036816
2023_08_LV_DET,REG,8,LV,,33.0,good,1.0,0.0,D.Carlson,00-0034161
2023_08_LV_DET,REG,8,DET,,33.0,good,1.0,0.0,R.Patterson,00-0036816
2023_08_LV_DET,REG,8,DET,made,52.0,,0.0,1.0,R.Patterson,00-0036816
2023_08_LV_DET,REG,8,DET,missed,26.0,,0.0,1.0,R.Patterson,00-0036816
2023_08_MIN_GB,REG,8,MIN,missed,42.0,,0.0,1.0,G.Joseph,00-0034450
2023_08_MIN_GB,REG,8,MIN,,33.0,good,1.0,0.0,G.Joseph,00-0034450
2023_08_MIN_GB,REG,8,MIN,made,25.0,,0.0,1.0,G.Joseph,00-0034450
2023_08_MIN_GB,REG,8,GB,made,30.0,,0.0,1.0,A.Carlson,00-0038402
2023_08_MIN_GB,REG,8,MIN,,33.0,good,1.0,0.0,G.Joseph,00-0034450
2023_08_MIN_GB,REG,8,MIN,,33.0,good,1.0,0.0,G.Joseph,00-0034450
2023_08_MIN_GB,REG,8,GB,,33.0,good,1.0,0.0,A.Carlson,00-0038402
2023_08_MIN_GB,REG,8,MIN,blocked,44.0,,0.0,1.0,G.Joseph,00-0034450
2023_08_NE_MIA,REG,8,NE,,33.0,good,1.0,0.0,C.Ryland,00-0038567
2023_08_NE_MIA,REG,8,MIA,,33.0,good,1.0,0.0,J.Sanders,00-0034794
2023_08_NE_MIA,REG,8,MIA,,33.0,good,1.0,0.0,J.Sanders,00-0034794
2023_08_NE_MIA,REG,8,MIA,made,30.0,,0.0,1.0,J.Sanders,00-0034794
2023_08_NE_MIA,REG,8,NE,made,38.0,,0.0,1.0,C.Ryland,00-0038567
2023_08_NE_MIA,REG,8,MIA,,33.0,good,1.0,0.0,J.Sanders,00-0034794
2023_08_NE_MIA,REG,8,NE,,33.0,good,1.0,0.0,C.Ryland,00-0038567
2023_08_NE_MIA,REG,8,MIA,,33.0,good,1.0,0.0,J.Sanders,00-0034794
2023_08_NO_IND,REG,8,IND,,33.0,good,1.0,0.0,M.Gay,00-0035269
2023_08_NO_IND,REG,8,NO,,33.0,good,1.0,0.0,B.Grupe,00-0038905
2023_08_NO_IND,REG,8,IND,made,20.0,,0.0,1.0,M.Gay,00-0035269
2023_08_NO_IND,REG,8,IND,,33.0,good,1.0,0.0,M.Gay,00-0035269
2023_08_NO_IND,REG,8,NO,,33.0,good,1.0,0.0,B.Grupe,00-0038905
2023_08_NO_IND,REG,8,NO,,33.0,good,1.0,0.0,B.Grupe,00-0038905
2023_08_NO_IND,REG,8,IND,made,42.0,,0.0,1.0,M.Gay,00-0035269
2023_08_NO_IND,REG,8,NO,,33.0,good,1.0,0.0,B.Grupe,00-0038905
2023_08_NO_IND,REG,8,NO,,33.0,good,1.0,0.0,B.Grupe,00-0038905
2023_08_NO_IND,REG,8,IND,,33.0,good,1.0,0.0,M.Gay,00-0035269
2023_08_NO_IND,REG,8,NO,made,27.0,,0.0,1.0,B.Grupe,00-0038905
2023_08_NYJ_NYG,REG,8,NYG,made,31.0,,0.0,1.0,G.Gano,00-0026858
2023_08_NYJ_NYG,REG,8,NYJ,,33.0,good,1.0,0.0,G.Zuerlein,00-0029621
2023_08_NYJ_NYG,REG,8,NYG,missed,47.0,,0.0,1.0,G.Gano,00-0026858
2023_08_NYJ_NYG,REG,8,NYG,,33.0,good,1.0,0.0,G.Gano,00-0026858
2023_08_NYJ_NYG,REG,8,NYG,missed,35.0,,0.0,1.0,G.Gano,00-0026858
2023_08_NYJ_NYG,REG,8,NYJ,made,35.0,,0.0,1.0,G.Zuerlein,00-0029621
2023_08_NYJ_NYG,REG,8,NYJ,made,33.0,,0.0,1.0,G.Zuerlein,00-0029621
2023_08_PHI_WAS,REG,8,WAS,,33.0,good,1.0,0.0,J.Slye,00-0035192
2023_08_PHI_WAS,REG,8,PHI,made,51.0,,0.0,1.0,J.Elliott,00-0033787
2023_08_PHI_WAS,REG,8,WAS,,33.0,good,1.0,0.0,J.Slye,00-0035192
2023_08_PHI_WAS,REG,8,PHI,,33.0,good,1.0,0.0,J.Elliott,00-0033787
2023_08_PHI_WAS,REG,8,WAS,made,61.0,,0.0,1.0,J.Slye,00-0035192
2023_08_PHI_WAS,REG,8,PHI,,33.0,good,1.0,0.0,J.Elliott,00-0033787
2023_08_PHI_WAS,REG,8,WAS,,33.0,good,1.0,0.0,J.Slye,00-0035192
2023_08_PHI_WAS,REG,8,PHI,,33.0,good,1.0,0.0,J.Elliott,00-0033787
2023_08_PHI_WAS,REG,8,PHI,,33.0,good,1.0,0.0,J.Elliott,00-0033787
2023_08_PHI_WAS,REG,8,PHI,,33.0,good,1.0,0.0,J.Elliott,00-0033787
2023_08_PHI_WAS,REG,8,WAS,,33.0,good,1.0,0.0,J.Slye,00-0035192
2023_08_TB_BUF,REG,8,BUF,made,37.0,,0.0,1.0,T.Bass,00-0036162
2023_08_TB_BUF,REG,8,TB,blocked,50.0,,0.0,1.0,C.McLaughlin,00-0035358
2023_08_TB_BUF,REG,8,BUF,,33.0,good,1.0,0.0,T.Bass,00-0036162
2023_08_TB_BUF,REG,8,TB,made,57.0,,0.0,1.0,C.McLaughlin,00-0035358
2023_08_TB_BUF,REG,8,TB,,33.0,good,1.0,0.0,C.McLaughlin,00-0035358
2023_08_TB_BUF,REG,8,BUF,,33.0,good,1.0,0.0,T.Bass,00-0036162
2023_08_TB_BUF,REG,8,BUF,,33.0,good,1.0,0.0,T.Bass,00-0036162
2023_09_ARI_CLE,REG,9,CLE,made,30.0,,0.0,1.0,D.Hopkins,00-0030098
2023_09_ARI_CLE,REG,9,CLE,,33.0,good,1.0,0.0,D.Hopkins,00-0030098
2023_09_ARI_CLE,REG,9,CLE,made,45.0,,0.0,1.0,D.Hopkins,00-0030098
2023_09_ARI_CLE,REG,9,CLE,,33.0,good,1.0,0.0,D.Hopkins,00-0030098
2023_09_ARI_CLE,REG,9,CLE,missed,48.0,,0.0,1.0,D.Hopkins,00-0030098
2023_09_ARI_CLE,REG,9,CLE,,33.0,good,1.0,0.0,D.Hopkins,00-0030098
2023_09_BUF_CIN,REG,9,CIN,,33.0,good,1.0,0.0,E.McPherson,00-0036854
2023_09_BUF_CIN,REG,9,BUF,,33.0,good,1.0,0.0,T.Bass,00-0036162
2023_09_BUF_CIN,REG,9,CIN,,33.0,good,1.0,0.0,E.McPherson,00-0036854
2023_09_BUF_CIN,REG,9,CIN,,33.0,good,1.0,0.0,E.McPherson,00-0036854
2023_09_BUF_CIN,REG,9,BUF,made,34.0,,0.0,1.0,T.Bass,00-0036162
2023_09_BUF_CIN,REG,9,CIN,made,20.0,,0.0,1.0,E.McPherson,00-0036854
2023_09_CHI_NO,REG,9,CHI,,33.0,good,1.0,0.0,C.Santos,00-0031203
2023_09_CHI_NO,REG,9,NO,,33.0,good,1.0,0.0,B.Grupe,00-0038905
2023_09_CHI_NO,REG,9,CHI,,33.0,good,1.0,0.0,C.Santos,00-0031203
2023_09_CHI_NO,REG,9,NO,,33.0,good,1.0,0.0,B.Grupe,00-0038905
2023_09_CHI_NO,REG,9,CHI,missed,40.0,,0.0,1.0,C.Santos,00-0031203
2023_09_CHI_NO,REG,9,NO,made,55.0,,0.0,1.0,B.Grupe,00-0038905
2023_09_CHI_NO,REG,9,CHI,made,31.0,,0.0,1.0,C.Santos,00-0031203
2023_09_CHI_NO,REG,9,NO,,33.0,good,1.0,0.0,B.Grupe,00-0038905
2023_09_CHI_NO,REG,9,NO,missed,47.0,,0.0,1.0,B.Grupe,00-0038905
2023_09_DAL_PHI,REG,9,PHI,,43.0,good,1.0,0.0,J.Elliott,00-0033787
2023_09_DAL_PHI,REG,9,DAL,,33.0,good,1.0,0.0,B.Aubrey,00-0037692
2023_09_DAL_PHI,REG,9,DAL,,33.0,good,1.0,0.0,B.Aubrey,00-0037692
2023_09_DAL_PHI,REG,9,PHI,,33.0,good,1.0,0.0,J.Elliott,00-0033787
2023_09_DAL_PHI,REG,9,DAL,made,51.0,,0.0,1.0,B.Aubrey,00-0037692
2023_09_DAL_PHI,REG,9,PHI,,33.0,good,1.0,0.0,J.Elliott,00-0033787
2023_09_DAL_PHI,REG,9,PHI,,33.0,good,1.0,0.0,J.Elliott,00-0033787
2023_09_IND_CAR,REG,9,IND,made,26.0,,0.0,1.0,M.Gay,00-0035269
2023_09_IND_CAR,REG,9,IND,,33.0,good,1.0,0.0,M.Gay,00-0035269
2023_09_IND_CAR,REG,9,CAR,made,35.0,,0.0,1.0,E.Pineiro,00-0034173
2023_09_IND_CAR,REG,9,IND,made,57.0,,0.0,1.0,M.Gay,00-0035269
2023_09_IND_CAR,REG,9,IND,,33.0,good,1.0,0.0,M.Gay,00-0035269
2023_09_IND_CAR,REG,9,CAR,,33.0,good,1.0,0.0,E.Pineiro,00-0034173
2023_09_IND_CAR,REG,9,IND,,33.0,good,1.0,0.0,M.Gay,00-0035269
2023_09_IND_CAR,REG,9,CAR,made,49.0,,0.0,1.0,E.Pineiro,00-0034173
2023_09_LAC_NYJ,REG,9,LAC,,33.0,good,1.0,0.0,C.Dicker,00-0037224
2023_09_LAC_NYJ,REG,9,LAC,,33.0,good,1.0,0.0,C.Dicker,00-0037224
2023_09_LAC_NYJ,REG,9,NYJ,made,47.0,,0.0,1.0,G.Zuerlein,00-0029621
2023_09_LAC_NYJ,REG,9,LAC,made,55.0,,0.0,1.0,C.Dicker,00-0037224
2023_09_LAC_NYJ,REG,9,NYJ,made,46.0,,0.0,1.0,G.Zuerlein,00-0029621
2023_09_LAC_NYJ,REG,9,LAC,made,38.0,,0.0,1.0,C.Dicker,00-0037224
2023_09_LAC_NYJ,REG,9,LAC,,33.0,good,1.0,0.0,C.Dicker,00-0037224
2023_09_LA_GB,REG,9,GB,,33.0,good,1.0,0.0,A.Carlson,00-0038402
2023_09_LA_GB,REG,9,LAR,made,52.0,,0.0,1.0,L.Havrisik,00-0038152
2023_09_LA_GB,REG,9,GB,missed,48.0,,0.0,1.0,A.Carlson,00-0038402
2023_09_LA_GB,REG,9,LAR,missed,49.0,,0.0,1.0,L.Havrisik,00-0038152
2023_09_LA_GB,REG,9,GB,made,26.0,,0.0,1.0,A.Carlson,00-0038402
2023_09_LA_GB,REG,9,GB,made,34.0,,0.0,1.0,A.Carlson,00-0038402
2023_09_LA_GB,REG,9,GB,,33.0,good,1.0,0.0,A.Carlson,00-0038402
2023_09_MIA_KC,REG,9,KC,,33.0,good,1.0,0.0,H.Butker,00-0033303
2023_09_MIA_KC,REG,9,KC,,33.0,good,1.0,0.0,H.Butker,00-0033303
2023_09_MIA_KC,REG,9,KC,,33.0,good,1.0,0.0,H.Butker,00-0033303
2023_09_MIA_KC,REG,9,MIA,,33.0,good,1.0,0.0,J.Sanders,00-0034794
2023_09_MIA_KC,REG,9,MIA,,33.0,good,1.0,0.0,J.Sanders,00-0034794
2023_09_MIN_ATL,REG,9,ATL,made,52.0,,0.0,1.0,Y.Koo,00-0033702
2023_09_MIN_ATL,REG,9,MIN,made,19.0,,0.0,1.0,G.Joseph,00-0034450
2023_09_MIN_ATL,REG,9,ATL,made,43.0,,0.0,1.0,Y.Koo,00-0033702
2023_09_MIN_ATL,REG,9,ATL,made,23.0,,0.0,1.0,Y.Koo,00-0033702
2023_09_MIN_ATL,REG,9,MIN,,33.0,good,1.0,0.0,G.Joseph,00-0034450
2023_09_MIN_ATL,REG,9,ATL,made,54.0,,0.0,1.0,Y.Koo,00-0033702
2023_09_MIN_ATL,REG,9,MIN,made,32.0,,0.0,1.0,G.Joseph,00-0034450
2023_09_MIN_ATL,REG,9,ATL,,33.0,good,1.0,0.0,Y.Koo,00-0033702
2023_09_MIN_ATL,REG,9,MIN,made,31.0,,0.0,1.0,G.Joseph,00-0034450
2023_09_MIN_ATL,REG,9,ATL,,48.0,good,1.0,0.0,Y.Koo,00-0033702
2023_09_MIN_ATL,REG,9,MIN,,33.0,good,1.0,0.0,G.Joseph,00-0034450
2023_09_NYG_LV,REG,9,LV,,33.0,good,1.0,0.0,D.Carlson,00-0034161
2023_09_NYG_LV,REG,9,LV,,33.0,good,1.0,0.0,D.Carlson,00-0034161
2023_09_NYG_LV,REG,9,LV,,33.0,good,1.0,0.0,D.Carlson,00-0034161
2023_09_NYG_LV,REG,9,LV,made,24.0,,0.0,1.0,D.Carlson,00-0034161
2023_09_NYG_LV,REG,9,LV,made,46.0,,0.0,1.0,D.Carlson,00-0034161
2023_09_NYG_LV,REG,9,LV,made,41.0,,0.0,1.0,D.Carlson,00-0034161
2023_09_SEA_BAL,REG,9,BAL,,33.0,good,1.0,0.0,J.Tucker,00-0029597
2023_09_SEA_BAL,REG,9,BAL,,33.0,good,1.0,0.0,J.Tucker,00-0029597
2023_09_SEA_BAL,REG,9,SEA,made,33.0,,0.0,1.0,J.Myers,00-0031492
2023_09_SEA_BAL,REG,9,BAL,made,37.0,,0.0,1.0,J.Tucker,00-0029597
2023_09_SEA_BAL,REG,9,BAL,made,45.0,,0.0,1.0,J.Tucker,00-0029597
2023_09_SEA_BAL,REG,9,BAL,made,31.0,,0.0,1.0,J.Tucker,00-0029597
2023_09_SEA_BAL,REG,9,BAL,,33.0,good,1.0,0.0,J.Tucker,00-0029597
2023_09_SEA_BAL,REG,9,BAL,,33.0,good,1.0,0.0,J.Tucker,00-0029597
2023_09_TB_HOU,REG,9,TB,made,35.0,,0.0,1.0,C.McLaughlin,00-0035358
2023_09_TB_HOU,REG,9,HOU,,33.0,good,1.0,0.0,K.Fairbairn,00-0032726
2023_09_TB_HOU,REG,9,TB,,33.0,good,1.0,0.0,C.McLaughlin,00-0035358
2023_09_TB_HOU,REG,9,TB,,33.0,good,1.0,0.0,C.McLaughlin,00-0035358
2023_09_TB_HOU,REG,9,HOU,made,50.0,,0.0,1.0,K.Fairbairn,00-0032726
2023_09_TB_HOU,REG,9,TB,made,49.0,,0.0,1.0,C.McLaughlin,00-0035358
2023_09_TB_HOU,REG,9,TB,made,55.0,,0.0,1.0,C.McLaughlin,00-0035358
2023_09_TB_HOU,REG,9,TB,,33.0,good,1.0,0.0,C.McLaughlin,00-0035358
2023_09_TB_HOU,REG,9,HOU,made,29.0,,0.0,1.0,D.Ogunbowale,00-0033854
2023_09_TB_HOU,REG,9,TB,,33.0,good,1.0,0.0,C.McLaughlin,00-0035358
2023_09_TEN_PIT,REG,9,PIT,,33.0,good,1.0,0.0,C.Boswell,00-0031136
2023_09_TEN_PIT,REG,9,TEN,made,36.0,,0.0,1.0,N.Folk,00-0025565
2023_09_TEN_PIT,REG,9,TEN,,33.0,good,1.0,0.0,N.Folk,00-0025565
2023_09_TEN_PIT,REG,9,PIT,made,29.0,,0.0,1.0,C.Boswell,00-0031136
2023_09_TEN_PIT,REG,9,TEN,made,36.0,,0.0,1.0,N.Folk,00-0025565
2023_09_TEN_PIT,REG,9,PIT,made,30.0,,0.0,1.0,C.Boswell,00-0031136
2023_09_TEN_PIT,REG,9,TEN,made,48.0,,0.0,1.0,N.Folk,00-0025565
2023_09_TEN_PIT,REG,9,PIT,,33.0,good,1.0,0.0,C.Boswell,00-0031136
2023_09_WAS_NE,REG,9,WAS,made,37.0,,0.0,1.0,J.Slye,00-0035192
2023_09_WAS_NE,REG,9,WAS,,33.0,good,1.0,0.0,J.Slye,00-0035192
2023_09_WAS_NE,REG,9,NE,,33.0,good,1.0,0.0,C.Ryland,00-0038567
2023_09_WAS_NE,REG,9,NE,,33.0,good,1.0,0.0,C.Ryland,00-0038567
2023_09_WAS_NE,REG,9,NE,made,43.0,,0.0,1.0,C.Ryland,00-0038567
2023_09_WAS_NE,REG,9,WAS,,33.0,good,1.0,0.0,J.Slye,00-0035192
2023_09_WAS_NE,REG,9,WAS,made,30.0,,0.0,1.0,J.Slye,00-0035192
2023_10_ATL_ARI,REG,10,ARI,made,51.0,,0.0,1.0,M.Prater,00-0023853
2023_10_ATL_ARI,REG,10,ATL,,33.0,good,1.0,0.0,Y.Koo,00-0033702
2023_10_ATL_ARI,REG,10,ARI,made,46.0,,0.0,1.0,M.Prater,00-0023853
2023_10_ATL_ARI,REG,10,ATL,,33.0,good,1.0,0.0,Y.Koo,00-0033702
2023_10_ATL_ARI,REG,10,ARI,made,56.0,,0.0,1.0,M.Prater,00-0023853
2023_10_ATL_ARI,REG,10,ATL,made,36.0,,0.0,1.0,Y.Koo,00-0033702
2023_10_ATL_ARI,REG,10,ARI,,33.0,good,1.0,0.0,M.Prater,00-0023853
2023_10_ATL_ARI,REG,10,ARI,made,23.0,,0.0,1.0,M.Prater,00-0023853
2023_10_CAR_CHI,REG,10,CAR,,33.0,good,1.0,0.0,E.Pineiro,00-0034173
2023_10_CAR_CHI,REG,10,CHI,made,54.0,,0.0,1.0,C.Santos,00-0031203
2023_10_CAR_CHI,REG,10,CAR,made,33.0,,0.0,1.0,E.Pineiro,00-0034173
2023_10_CAR_CHI,REG,10,CHI,made,36.0,,0.0,1.0,C.Santos,00-0031203
2023_10_CAR_CHI,REG,10,CHI,made,39.0,,0.0,1.0,C.Santos,00-0031203
2023_10_CAR_CHI,REG,10,CHI,,33.0,good,1.0,0.0,C.Santos,00-0031203
2023_10_CAR_CHI,REG,10,CAR,made,39.0,,0.0,1.0,E.Pineiro,00-0034173
2023_10_CAR_CHI,REG,10,CAR,missed,59.0,,0.0,1.0,E.Pineiro,00-0034173
2023_10_CLE_BAL,REG,10,BAL,,33.0,good,1.0,0.0,J.Tucker,00-0029597
2023_10_CLE_BAL,REG,10,BAL,,33.0,good,1.0,0.0,J.Tucker,00-0029597
2023_10_CLE_BAL,REG,10,CLE,made,36.0,,0.0,1.0,D.Hopkins,00-0030098
2023_10_CLE_BAL,REG,10,BAL,made,37.0,,0.0,1.0,J.Tucker,00-0029597
2023_10_CLE_BAL,REG,10,CLE,made,28.0,,0.0,1.0,D.Hopkins,00-0030098
2023_10_CLE_BAL,REG,10,BAL,blocked,55.0,,0.0,1.0,J.Tucker,00-0029597
2023_10_CLE_BAL,REG,10,CLE,made,23.0,,0.0,1.0,D.Hopkins,00-0030098
2023_10_CLE_BAL,REG,10,BAL,,33.0,good,1.0,0.0,J.Tucker,00-0029597
2023_10_CLE_BAL,REG,10,BAL,,33.0,good,1.0,0.0,J.Tucker,00-0029597
2023_10_CLE_BAL,REG,10,CLE,,33.0,good,1.0,0.0,D.Hopkins,00-0030098
2023_10_CLE_BAL,REG,10,CLE,,33.0,failed,1.0,0.0,D.Hopkins,00-0030098
2023_10_CLE_BAL,REG,10,CLE,made,40.0,,0.0,1.0,D.Hopkins,00-0030098
2023_10_DEN_BUF,REG,10,DEN,made,40.0,,0.0,1.0,W.Lutz,00-0032569
2023_10_DEN_BUF,REG,10,DEN,,33.0,failed,1.0,0.0,W.Lutz,00-0032569
2023_10_DEN_BUF,REG,10,DEN,made,49.0,,0.0,1.0,W.Lutz,00-0032569
2023_10_DEN_BUF,REG,10,DEN,made,40.0,,0.0,1.0,W.Lutz,00-0032569
2023_10_DEN_BUF,REG,10,BUF,,33.0,good,1.0,0.0,T.Bass,00-0036162
2023_10_DEN_BUF,REG,10,BUF,,33.0,good,1.0,0.0,T.Bass,00-0036162
2023_10_DEN_BUF,REG,10,DEN,made,36.0,,0.0,1.0,W.Lutz,00-0032569
2023_10_DET_LAC,REG,10,DET,made,33.0,,0.0,1.0,R.Patterson,00-0036816
2023_10_DET_LAC,REG,10,LAC,made,48.0,,0.0,1.0,C.Dicker,00-0037224
2023_10_DET_LAC,REG,10,DET,,33.0,good,1.0,0.0,R.Patterson,00-0036816
2023_10_DET_LAC,REG,10,DET,,33.0,good,1.0,0.0,R.Patterson,00-0036816
2023_10_DET_LAC,REG,10,LAC,,33.0,good,1.0,0.0,C.Dicker,00-0037224
2023_10_DET_LAC,REG,10,DET,,33.0,good,1.0,0.0,R.Patterson,00-0036816
2023_10_DET_LAC,REG,10,LAC,,33.0,good,1.0,0.0,C.Dicker,00-0037224
2023_10_DET_LAC,REG,10,LAC,,33.0,good,1.0,0.0,C.Dicker,00-0037224
2023_10_DET_LAC,REG,10,DET,,33.0,good,1.0,0.0,R.Patterson,00-0036816
2023_10_DET_LAC,REG,10,LAC,,33.0,good,1.0,0.0,C.Dicker,00-0037224
2023_10_DET_LAC,REG,10,DET,,33.0,good,1.0,0.0,R.Patterson,00-0036816
2023_10_DET_LAC,REG,10,LAC,,33.0,good,1.0,0.0,C.Dicker,00-0037224
2023_10_DET_LAC,REG,10,DET,made,41.0,,0.0,1.0,R.Patterson,00-0036816
2023_10_GB_PIT,REG,10,PIT,,33.0,good,1.0,0.0,C.Boswell,00-0031136
2023_10_GB_PIT,REG,10,GB,,33.0,good,1.0,0.0,A.Carlson,00-0038402
2023_10_GB_PIT,REG,10,PIT,,33.0,good,1.0,0.0,C.Boswell,00-0031136
2023_10_GB_PIT,REG,10,PIT,made,42.0,,0.0,1.0,C.Boswell,00-0031136
2023_10_GB_PIT,REG,10,GB,,33.0,blocked,1.0,0.0,A.Carlson,00-0038402
2023_10_GB_PIT,REG,10,GB,made,31.0,,0.0,1.0,A.Carlson,00-0038402
2023_10_GB_PIT,REG,10,GB,made,28.0,,0.0,1.0,A.Carlson,00-0038402
2023_10_GB_PIT,REG,10,PIT,made,49.0,,0.0,1.0,C.Boswell,00-0031136
2023_10_GB_PIT,REG,10,PIT,made,35.0,,0.0,1.0,C.Boswell,00-0031136
2023_10_HOU_CIN,REG,10,CIN,,33.0,good,1.0,0.0,E.McPherson,00-0036854
2023_10_HOU_CIN,REG,10,HOU,,33.0,good,1.0,0.0,M.Ammendola,00-0036469
2023_10_HOU_CIN,REG,10,HOU,made,45.0,,0.0,1.0,M.Ammendola,00-0036469
2023_10_HOU_CIN,REG,10,HOU,made,22.0,,0.0,1.0,M.Ammendola,00-0036469
2023_10_HOU_CIN,REG,10,HOU,,33.0,good,1.0,0.0,M.Ammendola,00-0036469
2023_10_HOU_CIN,REG,10,CIN,made,50.0,,0.0,1.0,E.McPherson,00-0036854
2023_10_HOU_CIN,REG,10,CIN,,33.0,good,1.0,0.0,E.McPherson,00-0036854
2023_10_HOU_CIN,REG,10,HOU,,33.0,good,1.0,0.0,M.Ammendola,00-0036469
2023_10_HOU_CIN,REG,10,CIN,,33.0,good,1.0,0.0,E.McPherson,00-0036854
2023_10_HOU_CIN,REG,10,CIN,made,31.0,,0.0,1.0,E.McPherson,00-0036854
2023_10_HOU_CIN,REG,10,HOU,made,38.0,,0.0,1.0,M.Ammendola,00-0036469
2023_10_IND_NE,REG,10,NE,made,37.0,,0.0,1.0,C.Ryland,00-0038567
2023_10_IND_NE,REG,10,IND,,33.0,good,1.0,0.0,M.Gay,00-0035269
2023_10_IND_NE,REG,10,IND,missed,57.0,,0.0,1.0,M.Gay,00-0035269
2023_10_IND_NE,REG,10,NE,missed,35.0,,0.0,1.0,C.Ryland,00-0038567
2023_10_IND_NE,REG,10,NE,made,24.0,,0.0,1.0,C.Ryland,00-0038567
2023_10_IND_NE,REG,10,IND,made,51.0,,0.0,1.0,M.Gay,00-0035269
2023_10_NO_MIN,REG,10,MIN,made,40.0,,0.0,1.0,G.Joseph,00-0034450
2023_10_NO_MIN,REG,10,NO,made,48.0,,0.0,1.0,B.Grupe,00-0038905
2023_10_NO_MIN,REG,10,MIN,,33.0,good,1.0,0.0,G.Joseph,00-0034450
2023_10_NO_MIN,REG,10,MIN,,33.0,good,1.0,0.0,G.Joseph,00-0034450
2023_10_NO_MIN,REG,10,MIN,,33.0,good,1.0,0.0,G.Joseph,00-0034450
2023_10_NO_MIN,REG,10,MIN,made,33.0,,0.0,1.0,G.Joseph,00-0034450
2023_10_NO_MIN,REG,10,MIN,missed,54.0,,0.0,1.0,G.Joseph,00-0034450
2023_10_NYG_DAL,REG,10,DAL,,33.0,good,1.0,0.0,B.Aubrey,00-0037692
2023_10_NYG_DAL,REG,10,DAL,,33.0,good,1.0,0.0,B.Aubrey,00-0037692
2023_10_NYG_DAL,REG,10,DAL,,33.0,good,1.0,0.0,B.Aubrey,00-0037692
2023_10_NYG_DAL,REG,10,DAL,,33.0,good,1.0,0.0,B.Aubrey,00-0037692
2023_10_NYG_DAL,REG,10,NYG,,33.0,good,1.0,0.0,R.Bullock,00-0029421
2023_10_NYG_DAL,REG,10,DAL,,33.0,good,1.0,0.0,B.Aubrey,00-0037692
2023_10_NYG_DAL,REG,10,DAL,,33.0,good,1.0,0.0,B.Aubrey,00-0037692
2023_10_NYG_DAL,REG,10,NYG,made,40.0,,0.0,1.0,R.Bullock,00-0029421
2023_10_NYG_DAL,REG,10,DAL,,33.0,good,1.0,0.0,B.Aubrey,00-0037692
2023_10_NYG_DAL,REG,10,NYG,,33.0,good,1.0,0.0,R.Bullock,00-0029421
2023_10_NYJ_LV,REG,10,NYJ,made,47.0,,0.0,1.0,G.Zuerlein,00-0029621
2023_10_NYJ_LV,REG,10,LV,made,41.0,,0.0,1.0,D.Carlson,00-0034161
2023_10_NYJ_LV,REG,10,NYJ,made,53.0,,0.0,1.0,G.Zuerlein,00-0029621
2023_10_NYJ_LV,REG,10,NYJ,made,30.0,,0.0,1.0,G.Zuerlein,00-0029621
2023_10_NYJ_LV,REG,10,LV,made,54.0,,0.0,1.0,D.Carlson,00-0034161
2023_10_NYJ_LV,REG,10,LV,made,40.0,,0.0,1.0,D.Carlson,00-0034161
2023_10_NYJ_LV,REG,10,LV,,33.0,good,1.0,0.0,D.Carlson,00-0034161
2023_10_NYJ_LV,REG,10,NYJ,made,45.0,,0.0,1.0,G.Zuerlein,00-0029621
2023_10_SF_JAX,REG,10,SF,,33.0,good,1.0,0.0,J.Moody,00-0038562
2023_10_SF_JAX,REG,10,SF,made,39.0,,0.0,1.0,J.Moody,00-0038562
2023_10_SF_JAX,REG,10,JAX,made,37.0,,0.0,1.0,B.McManus,00-0029822
2023_10_SF_JAX,REG,10,SF,made,35.0,,0.0,1.0,J.Moody,00-0038562
2023_10_SF_JAX,REG,10,SF,,33.0,good,1.0,0.0,J.Moody,00-0038562
2023_10_SF_JAX,REG,10,SF,,33.0,good,1.0,0.0,J.Moody,00-0038562
2023_10_SF_JAX,REG,10,SF,,33.0,good,1.0,0.0,J.Moody,00-0038562
2023_10_TEN_TB,REG,10,TEN,made,38.0,,0.0,1.0,N.Folk,00-0025565
2023_10_TEN_TB,REG,10,TEN,missed,51.0,,0.0,1.0,N.Folk,00-0025565
2023_10_TEN_TB,REG,10,TB,,33.0,good,1.0,0.0,C.McLaughlin,00-0035358
2023_10_TEN_TB,REG,10,TB,made,25.0,,0.0,1.0,C.McLaughlin,00-0035358
2023_10_TEN_TB,REG,10,TB,,33.0,good,1.0,0.0,C.McLaughlin,00-0035358
2023_10_TEN_TB,REG,10,TEN,made,27.0,,0.0,1.0,N.Folk,00-0025565
2023_10_TEN_TB,REG,10,TB,made,35.0,,0.0,1.0,C.McLaughlin,00-0035358
2023_10_WAS_SEA,REG,10,WAS,,33.0,failed,1.0,0.0,J.Slye,00-0035192
2023_10_WAS_SEA,REG,10,SEA,made,45.0,,0.0,1.0,J.Myers,00-0031492
2023_10_WAS_SEA,REG,10,WAS,made,49.0,,0.0,1.0,J.Slye,00-0035192
2023_10_WAS_SEA,REG,10,SEA,made,43.0,,0.0,1.0,J.Myers,00-0031492
2023_10_WAS_SEA,REG,10,SEA,made,33.0,,0.0,1.0,J.Myers,00-0031492
2023_10_WAS_SEA,REG,10,WAS,made,47.0,,0.0,1.0,J.Slye,00-0035192
2023_10_WAS_SEA,REG,10,SEA,,33.0,good,1.0,0.0,J.Myers,00-0031492
2023_10_WAS_SEA,REG,10,SEA,made,45.0,,0.0,1.0,J.Myers,00-0031492
2023_10_WAS_SEA,REG,10,WAS,,33.0,good,1.0,0.0,J.Slye,00-0035192
2023_10_WAS_SEA,REG,10,SEA,,33.0,good,1.0,0.0,J.Myers,00-0031492
2023_10_WAS_SEA,REG,10,WAS,,33.0,good,1.0,0.0,J.Slye,00-0035192
2023_10_WAS_SEA,REG,10,SEA,made,43.0,,0.0,1.0,J.Myers,00-0031492
2023_11_ARI_HOU,REG,11,ARI,,33.0,good,1.0,0.0,M.Prater,00-0023853
2023_11_ARI_HOU,REG,11,HOU,,33.0,good,1.0,0.0,M.Ammendola,00-0036469
2023_11_ARI_HOU,REG,11,ARI,made,57.0,,0.0,1.0,M.Prater,00-0023853
2023_11_ARI_HOU,REG,11,HOU,,33.0,good,1.0,0.0,M.Ammendola,00-0036469
2023_11_ARI_HOU,REG,11,HOU,,33.0,good,1.0,0.0,M.Ammendola,00-0036469
2023_11_ARI_HOU,REG,11,HOU,missed,48.0,,0.0,1.0,M.Ammendola,00-0036469
2023_11_CHI_DET,REG,11,CHI,,33.0,good,1.0,0.0,C.Santos,00-0031203
2023_11_CHI_DET,REG,11,DET,,33.0,good,1.0,0.0,R.Patterson,00-0036816
2023_11_CHI_DET,REG,11,CHI,made,31.0,,0.0,1.0,C.Santos,00-0031203
2023_11_CHI_DET,REG,11,DET,,33.0,good,1.0,0.0,R.Patterson,00-0036816
2023_11_CHI_DET,REG,11,CHI,made,53.0,,0.0,1.0,C.Santos,00-0031203
2023_11_CHI_DET,REG,11,CHI,,33.0,good,1.0,0.0,C.Santos,00-0031203
2023_11_CHI_DET,REG,11,CHI,made,40.0,,0.0,1.0,C.Santos,00-0031203
2023_11_CHI_DET,REG,11,CHI,made,39.0,,0.0,1.0,C.Santos,00-0031203
2023_11_CHI_DET,REG,11,DET,,33.0,good,1.0,0.0,R.Patterson,00-0036816
2023_11_CIN_BAL,REG,11,BAL,,33.0,good,1.0,0.0,J.Tucker,00-0029597
2023_11_CIN_BAL,REG,11,CIN,made,50.0,,0.0,1.0,E.McPherson,00-0036854
2023_11_CIN_BAL,REG,11,CIN,missed,53.0,,0.0,1.0,E.McPherson,00-0036854
2023_11_CIN_BAL,REG,11,CIN,,33.0,good,1.0,0.0,E.McPherson,00-0036854
2023_11_CIN_BAL,REG,11,BAL,,33.0,good,1.0,0.0,J.Tucker,00-0029597
2023_11_CIN_BAL,REG,11,BAL,,33.0,good,1.0,0.0,J.Tucker,00-0029597
2023_11_CIN_BAL,REG,11,CIN,made,26.0,,0.0,1.0,E.McPherson,00-0036854
2023_11_CIN_BAL,REG,11,BAL,made,25.0,,0.0,1.0,J.Tucker,00-0029597
2023_11_CIN_BAL,REG,11,BAL,made,47.0,,0.0,1.0,J.Tucker,00-0029597
2023_11_CIN_BAL,REG,11,BAL,,33.0,good,1.0,0.0,J.Tucker,00-0029597
2023_11_CIN_BAL,REG,11,CIN,,33.0,good,1.0,0.0,E.McPherson,00-0036854
2023_11_DAL_CAR,REG,11,DAL,,33.0,good,1.0,0.0,B.Aubrey,00-0037692
2023_11_DAL_CAR,REG,11,DAL,made,30.0,,0.0,1.0,B.Aubrey,00-0037692
2023_11_DAL_CAR,REG,11,CAR,made,42.0,,0.0,1.0,E.Pineiro,00-0034173
2023_11_DAL_CAR,REG,11,DAL,,33.0,good,1.0,0.0,B.Aubrey,00-0037692
2023_11_DAL_CAR,REG,11,CAR,,33.0,good,1.0,0.0,E.Pineiro,00-0034173
2023_11_DAL_CAR,REG,11,DAL,,33.0,good,1.0,0.0,B.Aubrey,00-0037692
2023_11_DAL_CAR,REG,11,DAL,,33.0,failed,1.0,0.0,B.Aubrey,00-0037692
2023_11_DAL_CAR,REG,11,DAL,made,27.0,,0.0,1.0,B.Aubrey,00-0037692
2023_11_LAC_GB,REG,11,LAC,made,25.0,,0.0,1.0,C.Dicker,00-0037224
2023_11_LAC_GB,REG,11,GB,,33.0,good,1.0,0.0,A.Carlson,00-0038402
2023_11_LAC_GB,REG,11,LAC,,33.0,good,1.0,0.0,C.Dicker,00-0037224
2023_11_LAC_GB,REG,11,GB,missed,52.0,,0.0,1.0,A.Carlson,00-0038402
2023_11_LAC_GB,REG,11,GB,made,28.0,,0.0,1.0,A.Carlson,00-0038402
2023_11_LAC_GB,REG,11,LAC,made,26.0,,0.0,1.0,C.Dicker,00-0037224
2023_11_LAC_GB,REG,11,GB,,33.0,failed,1.0,0.0,A.Carlson,00-0038402
2023_11_LAC_GB,REG,11,LAC,,33.0,good,1.0,0.0,C.Dicker,00-0037224
2023_11_LAC_GB,REG,11,GB,,33.0,good,1.0,0.0,A.Carlson,00-0038402
2023_11_LV_MIA,REG,11,LV,made,34.0,,0.0,1.0,D.Carlson,00-0034161
2023_11_LV_MIA,REG,11,MIA,,33.0,good,1.0,0.0,J.Sanders,00-0034794
2023_11_LV_MIA,REG,11,LV,,33.0,good,1.0,0.0,D.Carlson,00-0034161
2023_11_LV_MIA,REG,11,MIA,,33.0,good,1.0,0.0,J.Sanders,00-0034794
2023_11_LV_MIA,REG,11,LV,made,47.0,,0.0,1.0,D.Carlson,00-0034161
2023_11_LV_MIA,REG,11,MIA,missed,50.0,,0.0,1.0,J.Sanders,00-0034794
2023_11_LV_MIA,REG,11,MIA,made,41.0,,0.0,1.0,J.Sanders,00-0034794
2023_11_LV_MIA,REG,11,MIA,made,51.0,,0.0,1.0,J.Sanders,00-0034794
2023_11_MIN_DEN,REG,11,DEN,made,31.0,,0.0,1.0,W.Lutz,00-0032569
2023_11_MIN_DEN,REG,11,MIN,,33.0,good,1.0,0.0,G.Joseph,00-0034450
2023_11_MIN_DEN,REG,11,MIN,made,34.0,,0.0,1.0,G.Joseph,00-0034450
2023_11_MIN_DEN,REG,11,DEN,made,31.0,,0.0,1.0,W.Lutz,00-0032569
2023_11_MIN_DEN,REG,11,DEN,made,52.0,,0.0,1.0,W.Lutz,00-0032569
2023_11_MIN_DEN,REG,11,MIN,,33.0,good,1.0,0.0,G.Joseph,00-0034450
2023_11_MIN_DEN,REG,11,DEN,made,37.0,,0.0,1.0,W.Lutz,00-0032569
2023_11_MIN_DEN,REG,11,DEN,made,28.0,,0.0,1.0,W.Lutz,00-0032569
2023_11_MIN_DEN,REG,11,MIN,made,30.0,,0.0,1.0,G.Joseph,00-0034450
2023_11_NYG_WAS,REG,11,NYG,,33.0,good,1.0,0.0,R.Bullock,00-0029421
2023_11_NYG_WAS,REG,11,WAS,made,23.0,,0.0,1.0,J.Slye,00-0035192
2023_11_NYG_WAS,REG,11,NYG,,33.0,good,1.0,0.0,R.Bullock,00-0029421
2023_11_NYG_WAS,REG,11,WAS,,33.0,failed,1.0,0.0,J.Slye,00-0035192
2023_11_NYG_WAS,REG,11,WAS,made,42.0,,0.0,1.0,J.Slye,00-0035192
2023_11_NYG_WAS,REG,11,NYG,,33.0,good,1.0,0.0,R.Bullock,00-0029421
2023_11_NYG_WAS,REG,11,NYG,made,36.0,,0.0,1.0,R.Bullock,00-0029421
2023_11_NYG_WAS,REG,11,WAS,,33.0,good,1.0,0.0,J.Slye,00-0035192
2023_11_NYG_WAS,REG,11,NYG,,33.0,good,1.0,0.0,R.Bullock,00-0029421
2023_11_NYJ_BUF,REG,11,BUF,made,48.0,,0.0,1.0,T.Bass,00-0036162
2023_11_NYJ_BUF,REG,11,BUF,made,30.0,,0.0,1.0,T.Bass,00-0036162
2023_11_NYJ_BUF,REG,11,BUF,made,33.0,,0.0,1.0,T.Bass,00-0036162
2023_11_NYJ_BUF,REG,11,BUF,,33.0,good,1.0,0.0,T.Bass,00-0036162
2023_11_NYJ_BUF,REG,11,BUF,,33.0,failed,1.0,0.0,T.Bass,00-0036162
2023_11_NYJ_BUF,REG,11,BUF,,33.0,good,1.0,0.0,T.Bass,00-0036162
2023_11_NYJ_BUF,REG,11,BUF,made,50.0,,0.0,1.0,T.Bass,00-0036162
2023_11_PHI_KC,REG,11,KC,,33.0,good,1.0,0.0,H.Butker,00-0033303
2023_11_PHI_KC,REG,11,PHI,,33.0,good,1.0,0.0,J.Elliott,00-0033787
2023_11_PHI_KC,REG,11,KC,,33.0,good,1.0,0.0,H.Butker,00-0033303
2023_11_PHI_KC,REG,11,KC,made,43.0,,0.0,1.0,H.Butker,00-0033303
2023_11_PHI_KC,REG,11,PHI,,33.0,good,1.0,0.0,J.Elliott,00-0033787
2023_11_PHI_KC,REG,11,PHI,,33.0,good,1.0,0.0,J.Elliott,00-0033787
2023_11_PIT_CLE,REG,11,CLE,,33.0,good,1.0,0.0,D.Hopkins,00-0030098
2023_11_PIT_CLE,REG,11,CLE,made,25.0,,0.0,1.0,D.Hopkins,00-0030098
2023_11_PIT_CLE,REG,11,PIT,,33.0,good,1.0,0.0,C.Boswell,00-0031136
2023_11_PIT_CLE,REG,11,PIT,made,28.0,,0.0,1.0,C.Boswell,00-0031136
2023_11_PIT_CLE,REG,11,CLE,made,34.0,,0.0,1.0,D.Hopkins,00-0030098
2023_11_SEA_LA,REG,11,SEA,,33.0,good,1.0,0.0,J.Myers,00-0031492
2023_11_SEA_LA,REG,11,SEA,made,54.0,,0.0,1.0,J.Myers,00-0031492
2023_11_SEA_LA,REG,11,SEA,made,43.0,,0.0,1.0,J.Myers,00-0031492
2023_11_SEA_LA,REG,11,LAR,,33.0,good,1.0,0.0,L.Havrisik,00-0038152
2023_11_SEA_LA,REG,11,SEA,made,52.0,,0.0,1.0,J.Myers,00-0031492
2023_11_SEA_LA,REG,11,LAR,,33.0,good,1.0,0.0,L.Havrisik,00-0038152
2023_11_SEA_LA,REG,11,LAR,made,22.0,,0.0,1.0,L.Havrisik,00-0038152
2023_11_SEA_LA,REG,11,SEA,missed,55.0,,0.0,1.0,J.Myers,00-0031492
2023_11_TB_SF,REG,11,SF,,33.0,good,1.0,0.0,J.Moody,00-0038562
2023_11_TB_SF,REG,11,SF,made,37.0,,0.0,1.0,J.Moody,00-0038562
2023_11_TB_SF,REG,11,TB,,33.0,good,1.0,0.0,C.McLaughlin,00-0035358
2023_11_TB_SF,REG,11,SF,made,28.0,,0.0,1.0,J.Moody,00-0038562
2023_11_TB_SF,REG,11,SF,,33.0,good,1.0,0.0,J.Moody,00-0038562
2023_11_TB_SF,REG,11,SF,,33.0,good,1.0,0.0,J.Moody,00-0038562
2023_11_TB_SF,REG,11,TB,,33.0,good,1.0,0.0,C.McLaughlin,00-0035358
2023_11_TEN_JAX,REG,11,JAX,,33.0,good,1.0,0.0,B.McManus,00-0029822
2023_11_TEN_JAX,REG,11,JAX,made,30.0,,0.0,1.0,B.McManus,00-0029822
2023_11_TEN_JAX,REG,11,JAX,made,25.0,,0.0,1.0,B.McManus,00-0029822
2023_11_TEN_JAX,REG,11,JAX,,33.0,good,1.0,0.0,B.McManus,00-0029822
2023_11_TEN_JAX,REG,11,JAX,,33.0,good,1.0,0.0,B.McManus,00-0029822
2023_11_TEN_JAX,REG,11,TEN,,33.0,good,1.0,0.0,N.Folk,00-0025565
2023_11_TEN_JAX,REG,11,JAX,,33.0,good,1.0,0.0,B.McManus,00-0029822
2023_11_TEN_JAX,REG,11,TEN,,33.0,good,1.0,0.0,N.Folk,00-0025565
2023_12_BAL_LAC,REG,12,LAC,made,39.0,,0.0,1.0,C.Dicker,00-0037224
2023_12_BAL_LAC,REG,12,BAL,,38.0,good,1.0,0.0,J.Tucker,00-0029597
2023_12_BAL_LAC,REG,12,BAL,made,42.0,,0.0,1.0,J.Tucker,00-0029597
2023_12_BAL_LAC,REG,12,BAL,made,48.0,,0.0,1.0,J.Tucker,00-0029597
2023_12_BAL_LAC,REG,12,LAC,,33.0,good,1.0,0.0,C.Dicker,00-0037224
2023_12_BAL_LAC,REG,12,BAL,missed,44.0,,0.0,1.0,J.Tucker,00-0029597
2023_12_BAL_LAC,REG,12,BAL,,33.0,good,1.0,0.0,J.Tucker,00-0029597
2023_12_BUF_PHI,REG,12,PHI,,33.0,good,1.0,0.0,J.Elliott,00-0033787
2023_12_BUF_PHI,REG,12,BUF,made,48.0,,0.0,1.0,T.Bass,00-0036162
2023_12_BUF_PHI,REG,12,BUF,,33.0,good,1.0,0.0,T.Bass,00-0036162
2023_12_BUF_PHI,REG,12,BUF,blocked,34.0,,0.0,1.0,T.Bass,00-0036162
2023_12_BUF_PHI,REG,12,BUF,,33.0,good,1.0,0.0,T.Bass,00-0036162
2023_12_BUF_PHI,REG,12,BUF,missed,48.0,,0.0,1.0,T.Bass,00-0036162
2023_12_BUF_PHI,REG,12,PHI,,33.0,good,1.0,0.0,J.Elliott,00-0033787
2023_12_BUF_PHI,REG,12,BUF,,33.0,good,1.0,0.0,T.Bass,00-0036162
2023_12_BUF_PHI,REG,12,PHI,,33.0,good,1.0,0.0,J.Elliott,00-0033787
2023_12_BUF_PHI,REG,12,PHI,,33.0,good,1.0,0.0,J.Elliott,00-0033787
2023_12_BUF_PHI,REG,12,BUF,,33.0,good,1.0,0.0,T.Bass,00-0036162
2023_12_BUF_PHI,REG,12,PHI,made,59.0,,0.0,1.0,J.Elliott,00-0033787
2023_12_BUF_PHI,REG,12,BUF,made,40.0,,0.0,1.0,T.Bass,00-0036162
2023_12_CAR_TEN,REG,12,TEN,,33.0,good,1.0,0.0,N.Folk,00-0025565
2023_12_CAR_TEN,REG,12,CAR,made,50.0,,0.0,1.0,E.Pineiro,00-0034173
2023_12_CAR_TEN,REG,12,TEN,,33.0,good,1.0,0.0,N.Folk,00-0025565
2023_12_CAR_TEN,REG,12,TEN,made,53.0,,0.0,1.0,N.Folk,00-0025565
2023_12_CAR_TEN,REG,12,CAR,,33.0,good,1.0,0.0,E.Pineiro,00-0034173
2023_12_CHI_MIN,REG,12,CHI,missed,48.0,,0.0,1.0,C.Santos,00-0031203
2023_12_CHI_MIN,REG,12,CHI,made,25.0,,0.0,1.0,C.Santos,00-0031203
2023_12_CHI_MIN,REG,12,MIN,made,34.0,,0.0,1.0,G.Joseph,00-0034450
2023_12_CHI_MIN,REG,12,CHI,made,39.0,,0.0,1.0,C.Santos,00-0031203
2023_12_CHI_MIN,REG,12,CHI,made,55.0,,0.0,1.0,C.Santos,00-0031203
2023_12_CHI_MIN,REG,12,MIN,,33.0,good,1.0,0.0,G.Joseph,00-0034450
2023_12_CHI_MIN,REG,12,CHI,made,30.0,,0.0,1.0,C.Santos,00-0031203
2023_12_CLE_DEN,REG,12,DEN,,33.0,good,1.0,0.0,W.Lutz,00-0032569
2023_12_CLE_DEN,REG,12,DEN,,33.0,good,1.0,0.0,W.Lutz,00-0032569
2023_12_CLE_DEN,REG,12,CLE,made,36.0,,0.0,1.0,D.Hopkins,00-0030098
2023_12_CLE_DEN,REG,12,CLE,made,24.0,,0.0,1.0,D.Hopkins,00-0030098
2023_12_CLE_DEN,REG,12,DEN,made,23.0,,0.0,1.0,W.Lutz,00-0032569
2023_12_CLE_DEN,REG,12,DEN,,33.0,good,1.0,0.0,W.Lutz,00-0032569
2023_12_CLE_DEN,REG,12,DEN,made,34.0,,0.0,1.0,W.Lutz,00-0032569
2023_12_GB_DET,REG,12,GB,,33.0,good,1.0,0.0,A.Carlson,00-0038402
2023_12_GB_DET,REG,12,DET,,33.0,failed,1.0,0.0,R.Patterson,00-0036816
2023_12_GB_DET,REG,12,GB,,33.0,good,1.0,0.0,A.Carlson,00-0038402
2023_12_GB_DET,REG,12,GB,,33.0,failed,1.0,0.0,A.Carlson,00-0038402
2023_12_GB_DET,REG,12,GB,made,43.0,,0.0,1.0,A.Carlson,00-0038402
2023_12_GB_DET,REG,12,GB,missed,63.0,,0.0,1.0,A.Carlson,00-0038402
2023_12_JAX_HOU,REG,12,JAX,made,40.0,,0.0,1.0,B.McManus,00-0029822
2023_12_JAX_HOU,REG,12,JAX,,33.0,good,1.0,0.0,B.McManus,00-0029822
2023_12_JAX_HOU,REG,12,HOU,,33.0,good,1.0,0.0,M.Ammendola,00-0036469
2023_12_JAX_HOU,REG,12,JAX,made,48.0,,0.0,1.0,B.McManus,00-0029822
2023_12_JAX_HOU,REG,12,HOU,missed,50.0,,0.0,1.0,M.Ammendola,00-0036469
2023_12_JAX_HOU,REG,12,HOU,,33.0,good,1.0,0.0,M.Ammendola,00-0036469
2023_12_JAX_HOU,REG,12,JAX,made,53.0,,0.0,1.0,B.McManus,00-0029822
2023_12_JAX_HOU,REG,12,JAX,missed,55.0,,0.0,1.0,B.McManus,00-0029822
2023_12_JAX_HOU,REG,12,HOU,,33.0,good,1.0,0.0,M.Ammendola,00-0036469
2023_12_JAX_HOU,REG,12,HOU,missed,58.0,,0.0,1.0,M.Ammendola,00-0036469
2023_12_KC_LV,REG,12,LV,,33.0,good,1.0,0.0,D.Carlson,00-0034161
2023_12_KC_LV,REG,12,LV,missed,30.0,,0.0,1.0,D.Carlson,00-0034161
2023_12_KC_LV,REG,12,LV,,33.0,good,1.0,0.0,D.Carlson,00-0034161
2023_12_KC_LV,REG,12,KC,,33.0,good,1.0,0.0,H.Butker,00-0033303
2023_12_KC_LV,REG,12,KC,,33.0,good,1.0,0.0,H.Butker,00-0033303
2023_12_KC_LV,REG,12,KC,,33.0,good,1.0,0.0,H.Butker,00-0033303
2023_12_KC_LV,REG,12,LV,made,34.0,,0.0,1.0,D.Carlson,00-0034161
2023_12_KC_LV,REG,12,KC,,33.0,good,1.0,0.0,H.Butker,00-0033303
2023_12_KC_LV,REG,12,KC,made,32.0,,0.0,1.0,H.Butker,00-0033303
2023_12_LA_ARI,REG,12,LAR,,33.0,good,1.0,0.0,L.Havrisik,00-0038152
2023_12_LA_ARI,REG,12,LAR,,33.0,good,1.0,0.0,L.Havrisik,00-0038152
2023_12_LA_ARI,REG,12,LAR,missed,50.0,,0.0,1.0,L.Havrisik,00-0038152
2023_12_LA_ARI,REG,12,LAR,,33.0,good,1.0,0.0,L.Havrisik,00-0038152
2023_12_LA_ARI,REG,12,LAR,made,24.0,,0.0,1.0,L.Havrisik,00-0038152
2023_12_LA_ARI,REG,12,ARI,missed,56.0,,0.0,1.0,M.Prater,00-0023853
2023_12_LA_ARI,REG,12,LAR,,33.0,good,1.0,0.0,L.Havrisik,00-0038152
2023_12_LA_ARI,REG,12,LAR,,33.0,failed,1.0,0.0,L.Havrisik,00-0038152
2023_12_MIA_NYJ,REG,12,MIA,made,38.0,,0.0,1.0,J.Sanders,00-0034794
2023_12_MIA_NYJ,REG,12,MIA,,33.0,good,1.0,0.0,J.Sanders,00-0034794
2023_12_MIA_NYJ,REG,12,NYJ,,33.0,failed,1.0,0.0,G.Zuerlein,00-0029621
2023_12_MIA_NYJ,REG,12,MIA,,33.0,good,1.0,0.0,J.Sanders,00-0034794
2023_12_MIA_NYJ,REG,12,MIA,made,54.0,,0.0,1.0,J.Sanders,00-0034794
2023_12_MIA_NYJ,REG,12,MIA,,33.0,good,1.0,0.0,J.Sanders,00-0034794
2023_12_MIA_NYJ,REG,12,NYJ,,33.0,good,1.0,0.0,G.Zuerlein,00-0029621
2023_12_MIA_NYJ,REG,12,MIA,,33.0,good,1.0,0.0,J.Sanders,00-0034794
2023_12_NE_NYG,REG,12,NYG,,33.0,good,1.0,0.0,R.Bullock,00-0029421
2023_12_NE_NYG,REG,12,NE,,33.0,good,1.0,0.0,C.Ryland,00-0038567
2023_12_NE_NYG,REG,12,NYG,made,42.0,,0.0,1.0,R.Bullock,00-0029421
2023_12_NE_NYG,REG,12,NE,missed,35.0,,0.0,1.0,C.Ryland,00-0038567
2023_12_NO_ATL,REG,12,NO,made,25.0,,0.0,1.0,B.Grupe,00-0038905
2023_12_NO_ATL,REG,12,ATL,,33.0,good,1.0,0.0,Y.Koo,00-0033702
2023_12_NO_ATL,REG,12,NO,made,52.0,,0.0,1.0,B.Grupe,00-0038905
2023_12_NO_ATL,REG,12,ATL,,33.0,good,1.0,0.0,Y.Koo,00-0033702
2023_12_NO_ATL,REG,12,NO,made,41.0,,0.0,1.0,B.Grupe,00-0038905
2023_12_NO_ATL,REG,12,NO,made,45.0,,0.0,1.0,B.Grupe,00-0038905
2023_12_NO_ATL,REG,12,ATL,,33.0,good,1.0,0.0,Y.Koo,00-0033702
2023_12_NO_ATL,REG,12,NO,made,39.0,,0.0,1.0,B.Grupe,00-0038905
2023_12_NO_ATL,REG,12,ATL,made,39.0,,0.0,1.0,Y.Koo,00-0033702
2023_12_NO_ATL,REG,12,NO,missed,54.0,,0.0,1.0,B.Grupe,00-0038905
2023_12_PIT_CIN,REG,12,PIT,made,41.0,,0.0,1.0,C.Boswell,00-0031136
2023_12_PIT_CIN,REG,12,CIN,,33.0,good,1.0,0.0,E.McPherson,00-0036854
2023_12_PIT_CIN,REG,12,PIT,,33.0,good,1.0,0.0,C.Boswell,00-0031136
2023_12_PIT_CIN,REG,12,PIT,made,34.0,,0.0,1.0,C.Boswell,00-0031136
2023_12_PIT_CIN,REG,12,PIT,made,33.0,,0.0,1.0,C.Boswell,00-0031136
2023_12_PIT_CIN,REG,12,CIN,made,47.0,,0.0,1.0,E.McPherson,00-0036854
2023_12_SF_SEA,REG,12,SF,,33.0,good,1.0,0.0,J.Moody,00-0038562
2023_12_SF_SEA,REG,12,SEA,made,51.0,,0.0,1.0,J.Myers,00-0031492
2023_12_SF_SEA,REG,12,SF,,33.0,good,1.0,0.0,J.Moody,00-0038562
2023_12_SF_SEA,REG,12,SF,,33.0,good,1.0,0.0,J.Moody,00-0038562
2023_12_SF_SEA,REG,12,SF,made,32.0,,0.0,1.0,J.Moody,00-0038562
2023_12_SF_SEA,REG,12,SEA,missed,53.0,,0.0,1.0,J.Myers,00-0031492
2023_12_SF_SEA,REG,12,SEA,,33.0,good,1.0,0.0,J.Myers,00-0031492
2023_12_SF_SEA,REG,12,SEA,made,30.0,,0.0,1.0,J.Myers,00-0031492
2023_12_SF_SEA,REG,12,SF,,33.0,good,1.0,0.0,J.Moody,00-0038562
2023_12_TB_IND,REG,12,TB,made,21.0,,0.0,1.0,C.McLaughlin,00-0035358
2023_12_TB_IND,REG,12,IND,made,46.0,,0.0,1.0,M.Gay,00-0035269
2023_12_TB_IND,REG,12,IND,,33.0,good,1.0,0.0,M.Gay,00-0035269
2023_12_TB_IND,REG,12,IND,,33.0,good,1.0,0.0,M.Gay,00-0035269
2023_12_TB_IND,REG,12,TB,,33.0,good,1.0,0.0,C.McLaughlin,00-0035358
2023_12_TB_IND,REG,12,IND,missed,58.0,,0.0,1.0,M.Gay,00-0035269
2023_12_TB_IND,REG,12,IND,made,36.0,,0.0,1.0,M.Gay,00-0035269
2023_12_TB_IND,REG,12,TB,,33.0,good,1.0,0.0,C.McLaughlin,00-0035358
2023_12_TB_IND,REG,12,IND,,33.0,good,1.0,0.0,M.Gay,00-0035269
2023_12_TB_IND,REG,12,TB,made,24.0,,0.0,1.0,C.McLaughlin,00-0035358
2023_12_WAS_DAL,REG,12,DAL,,33.0,good,1.0,0.0,B.Aubrey,00-0037692
2023_12_WAS_DAL,REG,12,WAS,made,43.0,,0.0,1.0,J.Slye,00-0035192
2023_12_WAS_DAL,REG,12,DAL,,33.0,good,1.0,0.0,B.Aubrey,00-0037692
2023_12_WAS_DAL,REG,12,WAS,,33.0,good,1.0,0.0,J.Slye,00-0035192
2023_12_WAS_DAL,REG,12,DAL,,33.0,failed,1.0,0.0,B.Aubrey,00-0037692
2023_12_WAS_DAL,REG,12,DAL,made,52.0,,0.0,1.0,B.Aubrey,00-0037692
2023_12_WAS_DAL,REG,12,DAL,,33.0,good,1.0,0.0,B.Aubrey,00-0037692
2023_12_WAS_DAL,REG,12,DAL,,33.0,good,1.0,0.0,B.Aubrey,00-0037692
2023_13_ARI_PIT,REG,13,PIT,made,29.0,,0.0,1.0,C.Boswell,00-0031136
2023_13_ARI_PIT,REG,13,ARI,made,51.0,,0.0,1.0,M.Prater,00-0023853
2023_13_ARI_PIT,REG,13,ARI,,33.0,good,1.0,0.0,M.Prater,00-0023853
2023_13_ARI_PIT,REG,13,ARI,,33.0,good,1.0,0.0,M.Prater,00-0023853
2023_13_ARI_PIT,REG,13,PIT,missed,45.0,,0.0,1.0,C.Boswell,00-0031136
2023_13_ARI_PIT,REG,13,ARI,,33.0,good,1.0,0.0,M.Prater,00-0023853
2023_13_ARI_PIT,REG,13,PIT,,33.0,good,1.0,0.0,C.Boswell,00-0031136
2023_13_ATL_NYJ,REG,13,ATL,,33.0,good,1.0,0.0,Y.Koo,00-0033702
2023_13_ATL_NYJ,REG,13,NYJ,made,27.0,,0.0,1.0,G.Zuerlein,00-0029621
2023_13_ATL_NYJ,REG,13,ATL,made,22.0,,0.0,1.0,Y.Koo,00-0033702
2023_13_ATL_NYJ,REG,13,NYJ,made,46.0,,0.0,1.0,G.Zuerlein,00-0029621
2023_13_ATL_NYJ,REG,13,ATL,made,42.0,,0.0,1.0,Y.Koo,00-0033702
2023_13_CAR_TB,REG,13,TB,,33.0,good,1.0,0.0,C.McLaughlin,00-0035358
2023_13_CAR_TB,REG,13,CAR,made,23.0,,0.0,1.0,E.Pineiro,00-0034173
2023_13_CAR_TB,REG,13,CAR,,33.0,good,1.0,0.0,E.Pineiro,00-0034173
2023_13_CAR_TB,REG,13,TB,,33.0,good,1.0,0.0,C.McLaughlin,00-0035358
2023_13_CAR_TB,REG,13,TB,,33.0,good,1.0,0.0,C.McLaughlin,00-0035358
2023_13_CIN_JAX,REG,13,JAX,,33.0,good,1.0,0.0,B.McManus,00-0029822
2023_13_CIN_JAX,REG,13,CIN,missed,57.0,,0.0,1.0,E.McPherson,00-0036854
2023_13_CIN_JAX,REG,13,CIN,,33.0,good,1.0,0.0,E.McPherson,00-0036854
2023_13_CIN_JAX,REG,13,JAX,,33.0,good,1.0,0.0,B.McManus,00-0029822
2023_13_CIN_JAX,REG,13,CIN,,33.0,good,1.0,0.0,E.McPherson,00-0036854
2023_13_CIN_JAX,REG,13,CIN,,33.0,good,1.0,0.0,E.McPherson,00-0036854
2023_13_CIN_JAX,REG,13,JAX,,33.0,good,1.0,0.0,B.McManus,00-0029822
2023_13_CIN_JAX,REG,13,JAX,,33.0,good,1.0,0.0,B.McManus,00-0029822
2023_13_CIN_JAX,REG,13,CIN,,33.0,good,1.0,0.0,E.McPherson,00-0036854
2023_13_CIN_JAX,REG,13,JAX,missed,48.0,,0.0,1.0,B.McManus,00-0029822
2023_13_CIN_JAX,REG,13,CIN,made,54.0,,0.0,1.0,E.McPherson,00-0036854
2023_13_CIN_JAX,REG,13,JAX,made,40.0,,0.0,1.0,B.McManus,00-0029822
2023_13_CIN_JAX,REG,13,CIN,made,48.0,,0.0,1.0,E.McPherson,00-0036854
2023_13_CLE_LA,REG,13,CLE,,33.0,good,1.0,0.0,D.Hopkins,00-0030098
2023_13_CLE_LA,REG,13,LAR,made,44.0,,0.0,1.0,L.Havrisik,00-0038152
2023_13_CLE_LA,REG,13,LAR,,33.0,good,1.0,0.0,L.Havrisik,00-0038152
2023_13_CLE_LA,REG,13,LAR,missed,43.0,,0.0,1.0,L.Havrisik,00-0038152
2023_13_CLE_LA,REG,13,CLE,made,40.0,,0.0,1.0,D.Hopkins,00-0030098
2023_13_CLE_LA,REG,13,LAR,made,28.0,,0.0,1.0,L.Havrisik,00-0038152
2023_13_CLE_LA,REG,13,CLE,made,24.0,,0.0,1.0,D.Hopkins,00-0030098
2023_13_CLE_LA,REG,13,LAR,,33.0,good,1.0,0.0,L.Havrisik,00-0038152
2023_13_CLE_LA,REG,13,CLE,,33.0,failed,1.0,0.0,D.Hopkins,00-0030098
2023_13_CLE_LA,REG,13,LAR,,33.0,good,1.0,0.0,L.Havrisik,00-0038152
2023_13_CLE_LA,REG,13,LAR,,33.0,good,1.0,0.0,L.Havrisik,00-0038152
2023_13_DEN_HOU,REG,13,HOU,made,29.0,,0.0,1.0,M.Ammendola,00-0036469
2023_13_DEN_HOU,REG,13,HOU,,33.0,good,1.0,0.0,M.Ammendola,00-0036469
2023_13_DEN_HOU,REG,13,HOU,made,38.0,,0.0,1.0,M.Ammendola,00-0036469
2023_13_DEN_HOU,REG,13,DEN,made,34.0,,0.0,1.0,W.Lutz,00-0032569
2023_13_DEN_HOU,REG,13,HOU,made,38.0,,0.0,1.0,M.Ammendola,00-0036469
2023_13_DEN_HOU,REG,13,DEN,,33.0,good,1.0,0.0,W.Lutz,00-0032569
2023_13_DEN_HOU,REG,13,DEN,,33.0,good,1.0,0.0,W.Lutz,00-0032569
2023_13_DET_NO,REG,13,DET,,33.0,good,1.0,0.0,R.Patterson,00-0036816
2023_13_DET_NO,REG,13,DET,,33.0,good,1.0,0.0,R.Patterson,00-0036816
2023_13_DET_NO,REG,13,DET,,33.0,good,1.0,0.0,R.Patterson,00-0036816
2023_13_DET_NO,REG,13,NO,,33.0,good,1.0,0.0,B.Grupe,00-0038905
2023_13_DET_NO,REG,13,DET,made,26.0,,0.0,1.0,R.Patterson,00-0036816
2023_13_DET_NO,REG,13,NO,,33.0,good,1.0,0.0,B.Grupe,00-0038905
2023_13_DET_NO,REG,13,NO,,33.0,good,1.0,0.0,B.Grupe,00-0038905
2023_13_DET_NO,REG,13,DET,made,32.0,,0.0,1.0,R.Patterson,00-0036816
2023_13_DET_NO,REG,13,NO,,33.0,good,1.0,0.0,B.Grupe,00-0038905
2023_13_IND_TEN,REG,13,TEN,,33.0,good,1.0,0.0,N.Folk,00-0025565
2023_13_IND_TEN,REG,13,IND,,33.0,good,1.0,0.0,M.Gay,00-0035269
2023_13_IND_TEN,REG,13,TEN,made,24.0,,0.0,1.0,N.Folk,00-0025565
2023_13_IND_TEN,REG,13,TEN,,33.0,good,1.0,0.0,N.Folk,00-0025565
2023_13_IND_TEN,REG,13,IND,made,23.0,,0.0,1.0,M.Gay,00-0035269
2023_13_IND_TEN,REG,13,IND,made,46.0,,0.0,1.0,M.Gay,00-0035269
2023_13_IND_TEN,REG,13,IND,made,23.0,,0.0,1.0,M.Gay,00-0035269
2023_13_IND_TEN,REG,13,IND,made,28.0,,0.0,1.0,M.Gay,00-0035269
2023_13_IND_TEN,REG,13,TEN,,33.0,failed,1.0,0.0,N.Folk,00-0025565
2023_13_IND_TEN,REG,13,TEN,made,46.0,,0.0,1.0,N.Folk,00-0025565
2023_13_KC_GB,REG,13,GB,,33.0,good,1.0,0.0,A.Carlson,00-0038402
2023_13_KC_GB,REG,13,KC,made,34.0,,0.0,1.0,H.Butker,00-0033303
2023_13_KC_GB,REG,13,GB,,33.0,good,1.0,0.0,A.Carlson,00-0038402
2023_13_KC_GB,REG,13,KC,made,34.0,,0.0,1.0,H.Butker,00-0033303
2023_13_KC_GB,REG,13,GB,,33.0,good,1.0,0.0,A.Carlson,00-0038402
2023_13_KC_GB,REG,13,KC,,33.0,good,1.0,0.0,H.Butker,00-0033303
2023_13_KC_GB,REG,13,GB,made,40.0,,0.0,1.0,A.Carlson,00-0038402
2023_13_KC_GB,REG,13,GB,made,48.0,,0.0,1.0,A.Carlson,00-0038402
2023_13_LAC_NE,REG,13,LAC,made,38.0,,0.0,1.0,C.Dicker,00-0037224
2023_13_LAC_NE,REG,13,LAC,made,38.0,,0.0,1.0,C.Dicker,00-0037224
2023_13_MIA_WAS,REG,13,MIA,,33.0,good,1.0,0.0,J.Sanders,00-0034794
2023_13_MIA_WAS,REG,13,MIA,made,49.0,,0.0,1.0,J.Sanders,00-0034794
2023_13_MIA_WAS,REG,13,MIA,,33.0,good,1.0,0.0,J.Sanders,00-0034794
2023_13_MIA_WAS,REG,13,WAS,,33.0,good,1.0,0.0,J.Slye,00-0035192
2023_13_MIA_WAS,REG,13,MIA,,33.0,good,1.0,0.0,J.Sanders,00-0034794
2023_13_MIA_WAS,REG,13,MIA,,33.0,good,1.0,0.0,J.Sanders,00-0034794
2023_13_MIA_WAS,REG,13,MIA,,33.0,good,1.0,0.0,J.Sanders,00-0034794
2023_13_MIA_WAS,REG,13,WAS,missed,53.0,,0.0,1.0,J.Slye,00-0035192
2023_13_MIA_WAS,REG,13,MIA,,33.0,good,1.0,0.0,J.Sanders,00-0034794
2023_13_SEA_DAL,REG,13,DAL,made,30.0,,0.0,1.0,B.Aubrey,00-0037692
2023_13_SEA_DAL,REG,13,SEA,,33.0,good,1.0,0.0,J.Myers,00-0031492
2023_13_SEA_DAL,REG,13,DAL,,33.0,good,1.0,0.0,B.Aubrey,00-0037692
2023_13_SEA_DAL,REG,13,SEA,missed,42.0,,0.0,1.0,J.Myers,00-0031492
2023_13_SEA_DAL,REG,13,DAL,,33.0,good,1.0,0.0,B.Aubrey,00-0037692
2023_13_SEA_DAL,REG,13,SEA,,33.0,good,1.0,0.0,J.Myers,00-0031492
2023_13_SEA_DAL,REG,13,DAL,made,31.0,,0.0,1.0,B.Aubrey,00-0037692
2023_13_SEA_DAL,REG,13,SEA,,33.0,good,1.0,0.0,J.Myers,00-0031492
2023_13_SEA_DAL,REG,13,SEA,,33.0,good,1.0,0.0,J.Myers,00-0031492
2023_13_SEA_DAL,REG,13,DAL,,33.0,good,1.0,0.0,B.Aubrey,00-0037692
2023_13_SEA_DAL,REG,13,SEA,,33.0,good,1.0,0.0,J.Myers,00-0031492
2023_13_SEA_DAL,REG,13,DAL,made,38.0,,0.0,1.0,B.Aubrey,00-0037692
2023_13_SEA_DAL,REG,13,DAL,made,32.0,,0.0,1.0,B.Aubrey,00-0037692
2023_13_SF_PHI,REG,13,PHI,made,26.0,,0.0,1.0,J.Elliott,00-0033787
2023_13_SF_PHI,REG,13,PHI,made,39.0,,0.0,1.0,J.Elliott,00-0033787
2023_13_SF_PHI,REG,13,SF,,33.0,good,1.0,0.0,J.Moody,00-0038562
2023_13_SF_PHI,REG,13,SF,,33.0,good,1.0,0.0,J.Moody,00-0038562
2023_13_SF_PHI,REG,13,SF,,33.0,good,1.0,0.0,J.Moody,00-0038562
2023_13_SF_PHI,REG,13,PHI,,33.0,good,1.0,0.0,J.Elliott,00-0033787
2023_13_SF_PHI,REG,13,SF,,33.0,good,1.0,0.0,J.Moody,00-0038562
2023_13_SF_PHI,REG,13,SF,,33.0,good,1.0,0.0,J.Moody,00-0038562
2023_13_SF_PHI,REG,13,SF,,33.0,good,1.0,0.0,J.Moody,00-0038562
2023_14_BUF_KC,REG,14,BUF,,33.0,good,1.0,0.0,T.Bass,00-0036162
2023_14_BUF_KC,REG,14,BUF,,33.0,good,1.0,0.0,T.Bass,00-0036162
2023_14_BUF_KC,REG,14,KC,,33.0,good,1.0,0.0,H.Butker,00-0033303
2023_14_BUF_KC,REG,14,BUF,made,31.0,,0.0,1.0,T.Bass,00-0036162
2023_14_BUF_KC,REG,14,KC,,33.0,good,1.0,0.0,H.Butker,00-0033303
2023_14_BUF_KC,REG,14,KC,made,27.0,,0.0,1.0,H.Butker,00-0033303
2023_14_BUF_KC,REG,14,BUF,made,39.0,,0.0,1.0,T.Bass,00-0036162
2023_14_CAR_NO,REG,14,NO,missed,29.0,,0.0,1.0,B.Grupe,00-0038905
2023_14_CAR_NO,REG,14,NO,,33.0,good,1.0,0.0,B.Grupe,00-0038905
2023_14_CAR_NO,REG,14,CAR,made,47.0,,0.0,1.0,E.Pineiro,00-0034173
2023_14_CAR_NO,REG,14,NO,,33.0,good,1.0,0.0,B.Grupe,00-0038905
2023_14_CAR_NO,REG,14,CAR,made,29.0,,0.0,1.0,E.Pineiro,00-0034173
2023_14_CAR_NO,REG,14,CAR,missed,41.0,,0.0,1.0,E.Pineiro,00-0034173
2023_14_CAR_NO,REG,14,NO,,33.0,good,1.0,0.0,B.Grupe,00-0038905
2023_14_CAR_NO,REG,14,NO,,33.0,good,1.0,0.0,B.Grupe,00-0038905
2023_14_DEN_LAC,REG,14,DEN,,33.0,good,1.0,0.0,W.Lutz,00-0032569
2023_14_DEN_LAC,REG,14,DEN,made,23.0,,0.0,1.0,W.Lutz,00-0032569
2023_14_DEN_LAC,REG,14,DEN,,33.0,good,1.0,0.0,W.Lutz,00-0032569
2023_14_DEN_LAC,REG,14,LAC,,33.0,good,1.0,0.0,C.Dicker,00-0037224
2023_14_DEN_LAC,REG,14,DEN,,33.0,good,1.0,0.0,W.Lutz,00-0032569
2023_14_DET_CHI,REG,14,CHI,,33.0,good,1.0,0.0,C.Santos,00-0031203
2023_14_DET_CHI,REG,14,CHI,made,46.0,,0.0,1.0,C.Santos,00-0031203
2023_14_DET_CHI,REG,14,DET,,33.0,failed,1.0,0.0,R.Patterson,00-0036816
2023_14_DET_CHI,REG,14,DET,,33.0,good,1.0,0.0,R.Patterson,00-0036816
2023_14_DET_CHI,REG,14,CHI,made,25.0,,0.0,1.0,C.Santos,00-0031203
2023_14_DET_CHI,REG,14,CHI,,33.0,blocked,1.0,0.0,C.Santos,00-0031203
2023_14_DET_CHI,REG,14,CHI,made,28.0,,0.0,1.0,C.Santos,00-0031203
2023_14_GB_NYG,REG,14,NYG,missed,48.0,,0.0,1.0,R.Bullock,00-0029421
2023_14_GB_NYG,REG,14,GB,,33.0,good,1.0,0.0,A.Carlson,00-0038402
2023_14_GB_NYG,REG,14,NYG,,33.0,good,1.0,0.0,R.Bullock,00-0029421
2023_14_GB_NYG,REG,14,GB,made,36.0,,0.0,1.0,A.Carlson,00-0038402
2023_14_GB_NYG,REG,14,NYG,,33.0,good,1.0,0.0,R.Bullock,00-0029421
2023_14_GB_NYG,REG,14,GB,made,32.0,,0.0,1.0,A.Carlson,00-0038402
2023_14_GB_NYG,REG,14,NYG,,33.0,good,1.0,0.0,R.Bullock,00-0029421
2023_14_GB_NYG,REG,14,GB,missed,45.0,,0.0,1.0,A.Carlson,00-0038402
2023_14_GB_NYG,REG,14,GB,made,48.0,,0.0,1.0,A.Carlson,00-0038402
2023_14_GB_NYG,REG,14,NYG,made,37.0,,0.0,1.0,R.Bullock,00-0029421
2023_14_HOU_NYJ,REG,14,NYJ,,33.0,good,1.0,0.0,G.Zuerlein,00-0029621
2023_14_HOU_NYJ,REG,14,NYJ,,33.0,good,1.0,0.0,G.Zuerlein,00-0029621
2023_14_HOU_NYJ,REG,14,HOU,,33.0,failed,1.0,0.0,M.Ammendola,00-0036469
2023_14_HOU_NYJ,REG,14,NYJ,,33.0,good,1.0,0.0,G.Zuerlein,00-0029621
2023_14_HOU_NYJ,REG,14,NYJ,made,51.0,,0.0,1.0,G.Zuerlein,00-0029621
2023_14_HOU_NYJ,REG,14,NYJ,made,55.0,,0.0,1.0,G.Zuerlein,00-0029621
2023_14_HOU_NYJ,REG,14,NYJ,made,44.0,,0.0,1.0,G.Zuerlein,00-0029621
2023_14_IND_CIN,REG,14,CIN,,33.0,good,1.0,0.0,E.McPherson,00-0036854
2023_14_IND_CIN,REG,14,IND,missed,38.0,,0.0,1.0,M.Gay,00-0035269
2023_14_IND_CIN,REG,14,CIN,,33.0,good,1.0,0.0,E.McPherson,00-0036854
2023_14_IND_CIN,REG,14,IND,,33.0,failed,1.0,0.0,M.Gay,00-0035269
2023_14_IND_CIN,REG,14,CIN,,33.0,good,1.0,0.0,E.McPherson,00-0036854
2023_14_IND_CIN,REG,14,CIN,,33.0,good,1.0,0.0,E.McPherson,00-0036854
2023_14_IND_CIN,REG,14,CIN,made,32.0,,0.0,1.0,E.McPherson,00-0036854
2023_14_IND_CIN,REG,14,CIN,made,35.0,,0.0,1.0,E.McPherson,00-0036854
2023_14_JAX_CLE,REG,14,CLE,,33.0,good,1.0,0.0,D.Hopkins,00-0030098
2023_14_JAX_CLE,REG,14,CLE,,33.0,good,1.0,0.0,D.Hopkins,00-0030098
2023_14_JAX_CLE,REG,14,JAX,,33.0,good,1.0,0.0,B.McManus,00-0029822
2023_14_JAX_CLE,REG,14,CLE,,33.0,good,1.0,0.0,D.Hopkins,00-0030098
2023_14_JAX_CLE,REG,14,JAX,,33.0,good,1.0,0.0,B.McManus,00-0029822
2023_14_JAX_CLE,REG,14,CLE,,33.0,good,1.0,0.0,D.Hopkins,00-0030098
2023_14_JAX_CLE,REG,14,JAX,,38.0,good,1.0,0.0,B.McManus,00-0029822
2023_14_JAX_CLE,REG,14,CLE,made,55.0,,0.0,1.0,D.Hopkins,00-0030098
2023_14_LA_BAL,REG,14,LAR,made,27.0,,0.0,1.0,L.Havrisik,00-0038152
2023_14_LA_BAL,REG,14,BAL,,33.0,good,1.0,0.0,J.Tucker,00-0029597
2023_14_LA_BAL,REG,14,LAR,,33.0,good,1.0,0.0,L.Havrisik,00-0038152
2023_14_LA_BAL,REG,14,BAL,,33.0,good,1.0,0.0,J.Tucker,00-0029597
2023_14_LA_BAL,REG,14,LAR,,25.0,good,1.0,0.0,L.Havrisik,00-0038152
2023_14_LA_BAL,REG,14,LAR,made,51.0,,0.0,1.0,L.Havrisik,00-0038152
2023_14_LA_BAL,REG,14,BAL,made,31.0,,0.0,1.0,J.Tucker,00-0029597
2023_14_LA_BAL,REG,14,BAL,made,47.0,,0.0,1.0,J.Tucker,00-0029597
2023_14_LA_BAL,REG,14,BAL,made,33.0,,0.0,1.0,J.Tucker,00-0029597
2023_14_LA_BAL,REG,14,LAR,made,36.0,,0.0,1.0,L.Havrisik,00-0038152
2023_14_MIN_LV,REG,14,MIN,missed,49.0,,0.0,1.0,G.Joseph,00-0034450
2023_14_MIN_LV,REG,14,MIN,made,36.0,,0.0,1.0,G.Joseph,00-0034450
2023_14_NE_PIT,REG,14,NE,,33.0,good,1.0,0.0,C.Ryland,00-0038567
2023_14_NE_PIT,REG,14,PIT,made,56.0,,0.0,1.0,C.Boswell,00-0031136
2023_14_NE_PIT,REG,14,NE,,33.0,good,1.0,0.0,C.Ryland,00-0038567
2023_14_NE_PIT,REG,14,NE,,33.0,good,1.0,0.0,C.Ryland,00-0038567
2023_14_NE_PIT,REG,14,PIT,,33.0,good,1.0,0.0,C.Boswell,00-0031136
2023_14_PHI_DAL,REG,14,DAL,,33.0,good,1.0,0.0,B.Aubrey,00-0037692
2023_14_PHI_DAL,REG,14,DAL,made,60.0,,0.0,1.0,B.Aubrey,00-0037692
2023_14_PHI_DAL,REG,14,PHI,made,52.0,,0.0,1.0,J.Elliott,00-0033787
2023_14_PHI_DAL,REG,14,DAL,,33.0,good,1.0,0.0,B.Aubrey,00-0037692
2023_14_PHI_DAL,REG,14,PHI,made,44.0,,0.0,1.0,J.Elliott,00-0033787
2023_14_PHI_DAL,REG,14,DAL,,33.0,good,1.0,0.0,B.Aubrey,00-0037692
2023_14_PHI_DAL,REG,14,PHI,,33.0,good,1.0,0.0,J.Elliott,00-0033787
2023_14_PHI_DAL,REG,14,DAL,made,59.0,,0.0,1.0,B.Aubrey,00-0037692
2023_14_PHI_DAL,REG,14,DAL,made,45.0,,0.0,1.0,B.Aubrey,00-0037692
2023_14_PHI_DAL,REG,14,DAL,made,50.0,,0.0,1.0,B.Aubrey,00-0037692
2023_14_SEA_SF,REG,14,SF,,33.0,good,1.0,0.0,J.Moody,00-0038562
2023_14_SEA_SF,REG,14,SEA,,33.0,good,1.0,0.0,J.Myers,00-0031492
2023_14_SEA_SF,REG,14,SEA,made,40.0,,0.0,1.0,J.Myers,00-0031492
2023_14_SEA_SF,REG,14,SF,,33.0,good,1.0,0.0,J.Moody,00-0038562
2023_14_SEA_SF,REG,14,SF,,33.0,good,1.0,0.0,J.Moody,00-0038562
2023_14_SEA_SF,REG,14,SF,,33.0,good,1.0,0.0,J.Moody,00-0038562
2023_14_TB_ATL,REG,14,TB,made,55.0,,0.0,1.0,C.McLaughlin,00-0035358
2023_14_TB_ATL,REG,14,ATL,made,20.0,,0.0,1.0,Y.Koo,00-0033702
2023_14_TB_ATL,REG,14,TB,,33.0,good,1.0,0.0,C.McLaughlin,00-0035358
2023_14_TB_ATL,REG,14,ATL,,33.0,good,1.0,0.0,Y.Koo,00-0033702
2023_14_TB_ATL,REG,14,ATL,missed,50.0,,0.0,1.0,Y.Koo,00-0033702
2023_14_TB_ATL,REG,14,ATL,missed,52.0,,0.0,1.0,Y.Koo,00-0033702
2023_14_TB_ATL,REG,14,TB,,33.0,good,1.0,0.0,C.McLaughlin,00-0035358
2023_14_TB_ATL,REG,14,ATL,,33.0,good,1.0,0.0,Y.Koo,00-0033702
2023_14_TB_ATL,REG,14,TB,made,38.0,,0.0,1.0,C.McLaughlin,00-0035358
2023_14_TB_ATL,REG,14,TB,,33.0,good,1.0,0.0,C.McLaughlin,00-0035358
2023_14_TEN_MIA,REG,14,MIA,,33.0,good,1.0,0.0,J.Sanders,00-0034794
2023_14_TEN_MIA,REG,14,TEN,,33.0,good,1.0,0.0,N.Folk,00-0025565
2023_14_TEN_MIA,REG,14,MIA,blocked,44.0,,0.0,1.0,J.Sanders,00-0034794
2023_14_TEN_MIA,REG,14,TEN,made,28.0,,0.0,1.0,N.Folk,00-0025565
2023_14_TEN_MIA,REG,14,MIA,made,20.0,,0.0,1.0,J.Sanders,00-0034794
2023_14_TEN_MIA,REG,14,TEN,made,23.0,,0.0,1.0,N.Folk,00-0025565
2023_14_TEN_MIA,REG,14,MIA,made,31.0,,0.0,1.0,J.Sanders,00-0034794
2023_14_TEN_MIA,REG,14,MIA,,33.0,good,1.0,0.0,J.Sanders,00-0034794
2023_14_TEN_MIA,REG,14,MIA,,33.0,good,1.0,0.0,J.Sanders,00-0034794
2023_14_TEN_MIA,REG,14,TEN,,33.0,good,1.0,0.0,N.Folk,00-0025565
2023_15_ATL_CAR,REG,15,ATL,,33.0,good,1.0,0.0,Y.Koo,00-0033702
2023_15_ATL_CAR,REG,15,CAR,made,34.0,,0.0,1.0,E.Pineiro,00-0034173
2023_15_ATL_CAR,REG,15,CAR,made,25.0,,0.0,1.0,E.Pineiro,00-0034173
2023_15_ATL_CAR,REG,15,CAR,made,23.0,,0.0,1.0,E.Pineiro,00-0034173
2023_15_BAL_JAX,REG,15,BAL,made,43.0,,0.0,1.0,J.Tucker,00-0029597
2023_15_BAL_JAX,REG,15,JAX,missed,50.0,,0.0,1.0,B.McManus,00-0029822
2023_15_BAL_JAX,REG,15,JAX,missed,55.0,,0.0,1.0,B.McManus,00-0029822
2023_15_BAL_JAX,REG,15,BAL,,33.0,good,1.0,0.0,J.Tucker,00-0029597
2023_15_BAL_JAX,REG,15,JAX,,33.0,good,1.0,0.0,B.McManus,00-0029822
2023_15_BAL_JAX,REG,15,BAL,,33.0,good,1.0,0.0,J.Tucker,00-0029597
2023_15_BAL_JAX,REG,15,BAL,made,26.0,,0.0,1.0,J.Tucker,00-0029597
2023_15_BAL_JAX,REG,15,BAL,made,34.0,,0.0,1.0,J.Tucker,00-0029597
2023_15_CHI_CLE,REG,15,CHI,,33.0,good,1.0,0.0,C.Santos,00-0031203
2023_15_CHI_CLE,REG,15,CLE,,33.0,good,1.0,0.0,D.Hopkins,00-0030098
2023_15_CHI_CLE,REG,15,CHI,,33.0,good,1.0,0.0,C.Santos,00-0031203
2023_15_CHI_CLE,REG,15,CHI,made,41.0,,0.0,1.0,C.Santos,00-0031203
2023_15_CHI_CLE,REG,15,CLE,made,33.0,,0.0,1.0,D.Hopkins,00-0030098
2023_15_CHI_CLE,REG,15,CLE,,33.0,good,1.0,0.0,D.Hopkins,00-0030098
2023_15_CHI_CLE,REG,15,CLE,made,34.0,,0.0,1.0,D.Hopkins,00-0030098
2023_15_DAL_BUF,REG,15,BUF,,33.0,good,1.0,0.0,T.Bass,00-0036162
2023_15_DAL_BUF,REG,15,BUF,,33.0,good,1.0,0.0,T.Bass,00-0036162
2023_15_DAL_BUF,REG,15,DAL,made,32.0,,0.0,1.0,B.Aubrey,00-0037692
2023_15_DAL_BUF,REG,15,BUF,,33.0,good,1.0,0.0,T.Bass,00-0036162
2023_15_DAL_BUF,REG,15,BUF,made,23.0,,0.0,1.0,T.Bass,00-0036162
2023_15_DAL_BUF,REG,15,BUF,,33.0,good,1.0,0.0,T.Bass,00-0036162
2023_15_DAL_BUF,REG,15,DAL,,33.0,good,1.0,0.0,B.Aubrey,00-0037692
2023_15_DEN_DET,REG,15,DET,,33.0,good,1.0,0.0,M.Badgley,00-0034084
2023_15_DEN_DET,REG,15,DET,,33.0,good,1.0,0.0,M.Badgley,00-0034084
2023_15_DEN_DET,REG,15,DET,,33.0,good,1.0,0.0,M.Badgley,00-0034084
2023_15_DEN_DET,REG,15,DEN,,33.0,good,1.0,0.0,W.Lutz,00-0032569
2023_15_DEN_DET,REG,15,DET,,33.0,good,1.0,0.0,M.Badgley,00-0034084
2023_15_DEN_DET,REG,15,DEN,made,23.0,,0.0,1.0,W.Lutz,00-0032569
2023_15_DEN_DET,REG,15,DET,,33.0,good,1.0,0.0,M.Badgley,00-0034084
2023_15_DEN_DET,REG,15,DEN,,33.0,good,1.0,0.0,W.Lutz,00-0032569
2023_15_DEN_DET,REG,15,DET,,33.0,good,1.0,0.0,M.Badgley,00-0034084
2023_15_HOU_TEN,REG,15,TEN,,33.0,failed,1.0,0.0,N.Folk,00-0025565
2023_15_HOU_TEN,REG,15,TEN,,33.0,good,1.0,0.0,N.Folk,00-0025565
2023_15_HOU_TEN,REG,15,HOU,made,23.0,,0.0,1.0,K.Fairbairn,00-0032726
2023_15_HOU_TEN,REG,15,HOU,made,27.0,,0.0,1.0,K.Fairbairn,00-0032726
2023_15_HOU_TEN,REG,15,HOU,made,53.0,,0.0,1.0,K.Fairbairn,00-0032726
2023_15_HOU_TEN,REG,15,TEN,made,45.0,,0.0,1.0,N.Folk,00-0025565
2023_15_HOU_TEN,REG,15,HOU,,33.0,good,1.0,0.0,K.Fairbairn,00-0032726
2023_15_HOU_TEN,REG,15,HOU,made,54.0,,0.0,1.0,K.Fairbairn,00-0032726
2023_15_KC_NE,REG,15,KC,missed,39.0,,0.0,1.0,H.Butker,00-0033303
2023_15_KC_NE,REG,15,NE,missed,41.0,,0.0,1.0,C.Ryland,00-0038567
2023_15_KC_NE,REG,15,KC,,33.0,good,1.0,0.0,H.Butker,00-0033303
2023_15_KC_NE,REG,15,NE,,33.0,good,1.0,0.0,C.Ryland,00-0038567
2023_15_KC_NE,REG,15,NE,made,25.0,,0.0,1.0,C.Ryland,00-0038567
2023_15_KC_NE,REG,15,KC,,33.0,good,1.0,0.0,H.Butker,00-0033303
2023_15_KC_NE,REG,15,KC,made,29.0,,0.0,1.0,H.Butker,00-0033303
2023_15_KC_NE,REG,15,KC,,33.0,good,1.0,0.0,H.Butker,00-0033303
2023_15_KC_NE,REG,15,KC,made,54.0,,0.0,1.0,H.Butker,00-0033303
2023_15_KC_NE,REG,15,NE,,33.0,good,1.0,0.0,C.Ryland,00-0038567
2023_15_LAC_LV,REG,15,LV,,33.0,good,1.0,0.0,D.Carlson,00-0034161
2023_15_LAC_LV,REG,15,LV,,33.0,good,1.0,0.0,D.Carlson,00-0034161
2023_15_LAC_LV,REG,15,LV,,33.0,good,1.0,0.0,D.Carlson,00-0034161
2023_15_LAC_LV,REG,15,LV,,33.0,good,1.0,0.0,D.Carlson,00-0034161
2023_15_LAC_LV,REG,15,LV,,33.0,good,1.0,0.0,D.Carlson,00-0034161
2023_15_LAC_LV,REG,15,LV,,33.0,good,1.0,0.0,D.Carlson,00-0034161
2023_15_LAC_LV,REG,15,LV,,33.0,good,1.0,0.0,D.Carlson,00-0034161
2023_15_LAC_LV,REG,15,LAC,,33.0,good,1.0,0.0,C.Dicker,00-0037224
2023_15_LAC_LV,REG,15,LV,,33.0,good,1.0,0.0,D.Carlson,00-0034161
2023_15_LAC_LV,REG,15,LV,,33.0,good,1.0,0.0,D.Carlson,00-0034161
2023_15_LAC_LV,REG,15,LAC,,33.0,good,1.0,0.0,C.Dicker,00-0037224
2023_15_LAC_LV,REG,15,LAC,,33.0,good,1.0,0.0,C.Dicker,00-0037224
2023_15_MIN_CIN,REG,15,CIN,made,34.0,,0.0,1.0,E.McPherson,00-0036854
2023_15_MIN_CIN,REG,15,MIN,,33.0,good,1.0,0.0,G.Joseph,00-0034450
2023_15_MIN_CIN,REG,15,MIN,,33.0,good,1.0,0.0,G.Joseph,00-0034450
2023_15_MIN_CIN,REG,15,MIN,made,39.0,,0.0,1.0,G.Joseph,00-0034450
2023_15_MIN_CIN,REG,15,CIN,,33.0,good,1.0,0.0,E.McPherson,00-0036854
2023_15_MIN_CIN,REG,15,CIN,,33.0,good,1.0,0.0,E.McPherson,00-0036854
2023_15_MIN_CIN,REG,15,MIN,,33.0,good,1.0,0.0,G.Joseph,00-0034450
2023_15_MIN_CIN,REG,15,CIN,,33.0,good,1.0,0.0,E.McPherson,00-0036854
2023_15_MIN_CIN,REG,15,CIN,made,29.0,,0.0,1.0,E.McPherson,00-0036854
2023_15_NYG_NO,REG,15,NYG,made,56.0,,0.0,1.0,R.Bullock,00-0029421
2023_15_NYG_NO,REG,15,NO,,33.0,good,1.0,0.0,B.Grupe,00-0038905
2023_15_NYG_NO,REG,15,NYG,made,40.0,,0.0,1.0,J.Gillan,00-0035042
2023_15_NYG_NO,REG,15,NO,,33.0,good,1.0,0.0,B.Grupe,00-0038905
2023_15_NYG_NO,REG,15,NO,made,50.0,,0.0,1.0,B.Grupe,00-0038905
2023_15_NYG_NO,REG,15,NO,,33.0,good,1.0,0.0,B.Grupe,00-0038905
2023_15_NYJ_MIA,REG,15,MIA,,33.0,good,1.0,0.0,J.Sanders,00-0034794
2023_15_NYJ_MIA,REG,15,MIA,made,37.0,,0.0,1.0,J.Sanders,00-0034794
2023_15_NYJ_MIA,REG,15,MIA,,33.0,good,1.0,0.0,J.Sanders,00-0034794
2023_15_NYJ_MIA,REG,15,MIA,,33.0,good,1.0,0.0,J.Sanders,00-0034794
2023_15_NYJ_MIA,REG,15,MIA,made,27.0,,0.0,1.0,J.Sanders,00-0034794
2023_15_NYJ_MIA,REG,15,MIA,made,35.0,,0.0,1.0,J.Sanders,00-0034794
2023_15_PHI_SEA,REG,15,PHI,,33.0,good,1.0,0.0,J.Elliott,00-0033787
2023_15_PHI_SEA,REG,15,PHI,made,27.0,,0.0,1.0,J.Elliott,00-0033787
2023_15_PHI_SEA,REG,15,SEA,made,26.0,,0.0,1.0,J.Myers,00-0031492
2023_15_PHI_SEA,REG,15,SEA,,33.0,good,1.0,0.0,J.Myers,00-0031492
2023_15_PHI_SEA,REG,15,PHI,,33.0,good,1.0,0.0,J.Elliott,00-0033787
2023_15_PHI_SEA,REG,15,SEA,made,43.0,,0.0,1.0,J.Myers,00-0031492
2023_15_PHI_SEA,REG,15,SEA,,33.0,good,1.0,0.0,J.Myers,00-0031492
2023_15_PIT_IND,REG,15,IND,missed,56.0,,0.0,1.0,M.Gay,00-0035269
2023_15_PIT_IND,REG,15,PIT,,33.0,failed,1.0,0.0,C.Boswell,00-0031136
2023_15_PIT_IND,REG,15,PIT,,33.0,good,1.0,0.0,C.Boswell,00-0031136
2023_15_PIT_IND,REG,15,IND,,33.0,good,1.0,0.0,M.Gay,00-0035269
2023_15_PIT_IND,REG,15,IND,,33.0,good,1.0,0.0,M.Gay,00-0035269
2023_15_PIT_IND,REG,15,IND,,33.0,good,1.0,0.0,M.Gay,00-0035269
2023_15_PIT_IND,REG,15,IND,made,29.0,,0.0,1.0,M.Gay,00-0035269
2023_15_PIT_IND,REG,15,IND,made,31.0,,0.0,1.0,M.Gay,00-0035269
2023_15_PIT_IND,REG,15,IND,missed,43.0,,0.0,1.0,M.Gay,00-0035269
2023_15_PIT_IND,REG,15,IND,made,42.0,,0.0,1.0,M.Gay,00-0035269
2023_15_SF_ARI,REG,15,ARI,,33.0,good,1.0,0.0,M.Prater,00-0023853
2023_15_SF_ARI,REG,15,SF,,33.0,good,1.0,0.0,J.Moody,00-0038562
2023_15_SF_ARI,REG,15,SF,,33.0,good,1.0,0.0,J.Moody,00-0038562
2023_15_SF_ARI,REG,15,ARI,made,58.0,,0.0,1.0,M.Prater,00-0023853
2023_15_SF_ARI,REG,15,ARI,made,43.0,,0.0,1.0,M.Prater,00-0023853
2023_15_SF_ARI,REG,15,SF,,33.0,good,1.0,0.0,J.Moody,00-0038562
2023_15_SF_ARI,REG,15,SF,,33.0,good,1.0,0.0,J.Moody,00-0038562
2023_15_SF_ARI,REG,15,ARI,made,28.0,,0.0,1.0,M.Prater,00-0023853
2023_15_SF_ARI,REG,15,SF,,33.0,good,1.0,0.0,J.Moody,00-0038562
2023_15_SF_ARI,REG,15,SF,,33.0,good,1.0,0.0,J.Moody,00-0038562
2023_15_SF_ARI,REG,15,SF,made,43.0,,0.0,1.0,J.Moody,00-0038562
2023_15_SF_ARI,REG,15,ARI,,33.0,good,1.0,0.0,M.Prater,00-0023853
2023_15_TB_GB,REG,15,TB,made,39.0,,0.0,1.0,C.McLaughlin,00-0035358
2023_15_TB_GB,REG,15,GB,,33.0,good,1.0,0.0,A.Carlson,00-0038402
2023_15_TB_GB,REG,15,TB,,33.0,good,1.0,0.0,C.McLaughlin,00-0035358
2023_15_TB_GB,REG,15,GB,made,36.0,,0.0,1.0,A.Carlson,00-0038402
2023_15_TB_GB,REG,15,TB,made,46.0,,0.0,1.0,C.McLaughlin,00-0035358
2023_15_TB_GB,REG,15,TB,,33.0,good,1.0,0.0,C.McLaughlin,00-0035358
2023_15_TB_GB,REG,15,GB,,33.0,good,1.0,0.0,A.Carlson,00-0038402
2023_15_TB_GB,REG,15,TB,,33.0,good,1.0,0.0,C.McLaughlin,00-0035358
2023_15_TB_GB,REG,15,GB,made,33.0,,0.0,1.0,A.Carlson,00-0038402
2023_15_TB_GB,REG,15,TB,,33.0,good,1.0,0.0,C.McLaughlin,00-0035358
2023_15_WAS_LA,REG,15,LAR,made,22.0,,0.0,1.0,L.Havrisik,00-0038152
2023_15_WAS_LA,REG,15,LAR,,33.0,good,1.0,0.0,L.Havrisik,00-0038152
2023_15_WAS_LA,REG,15,LAR,made,27.0,,0.0,1.0,L.Havrisik,00-0038152
2023_15_WAS_LA,REG,15,LAR,,33.0,good,1.0,0.0,L.Havrisik,00-0038152
2023_15_WAS_LA,REG,15,WAS,,33.0,good,1.0,0.0,J.Slye,00-0035192
2023_15_WAS_LA,REG,15,LAR,missed,43.0,,0.0,1.0,L.Havrisik,00-0038152
2023_15_WAS_LA,REG,15,WAS,,33.0,good,1.0,0.0,J.Slye,00-0035192
2023_15_WAS_LA,REG,15,WAS,,33.0,blocked,1.0,0.0,J.Slye,00-0035192
2023_16_ARI_CHI,REG,16,CHI,,33.0,good,1.0,0.0,C.Santos,00-0031203
2023_16_ARI_CHI,REG,16,CHI,,33.0,good,1.0,0.0,C.Santos,00-0031203
2023_16_ARI_CHI,REG,16,CHI,,33.0,good,1.0,0.0,C.Santos,00-0031203
2023_16_ARI_CHI,REG,16,ARI,,33.0,good,1.0,0.0,M.Prater,00-0023853
2023_16_ARI_CHI,REG,16,ARI,made,55.0,,0.0,1.0,M.Prater,00-0023853
2023_16_ARI_CHI,REG,16,CHI,made,49.0,,0.0,1.0,C.Santos,00-0031203
2023_16_ARI_CHI,REG,16,CHI,made,29.0,,0.0,1.0,C.Santos,00-0031203
2023_16_BAL_SF,REG,16,SF,made,45.0,,0.0,1.0,J.Moody,00-0038562
2023_16_BAL_SF,REG,16,BAL,made,28.0,,0.0,1.0,J.Tucker,00-0029597
2023_16_BAL_SF,REG,16,BAL,,33.0,good,1.0,0.0,J.Tucker,00-0029597
2023_16_BAL_SF,REG,16,BAL,made,41.0,,0.0,1.0,J.Tucker,00-0029597
2023_16_BAL_SF,REG,16,SF,,33.0,good,1.0,0.0,J.Moody,00-0038562
2023_16_BAL_SF,REG,16,BAL,made,28.0,,0.0,1.0,J.Tucker,00-0029597
2023_16_BAL_SF,REG,16,BAL,,33.0,good,1.0,0.0,J.Tucker,00-0029597
2023_16_BAL_SF,REG,16,BAL,,33.0,good,1.0,0.0,J.Tucker,00-0029597
2023_16_BAL_SF,REG,16,BAL,made,24.0,,0.0,1.0,J.Tucker,00-0029597
2023_16_BAL_SF,REG,16,SF,,33.0,good,1.0,0.0,J.Moody,00-0038562
2023_16_BUF_LAC,REG,16,LAC,made,20.0,,0.0,1.0,C.Dicker,00-0037224
2023_16_BUF_LAC,REG,16,LAC,,33.0,good,1.0,0.0,C.Dicker,00-0037224
2023_16_BUF_LAC,REG,16,BUF,,33.0,good,1.0,0.0,T.Bass,00-0036162
2023_16_BUF_LAC,REG,16,BUF,,33.0,good,1.0,0.0,T.Bass,00-0036162
2023_16_BUF_LAC,REG,16,LAC,made,40.0,,0.0,1.0,C.Dicker,00-0037224
2023_16_BUF_LAC,REG,16,BUF,,33.0,good,1.0,0.0,T.Bass,00-0036162
2023_16_BUF_LAC,REG,16,LAC,made,47.0,,0.0,1.0,C.Dicker,00-0037224
2023_16_BUF_LAC,REG,16,LAC,made,45.0,,0.0,1.0,C.Dicker,00-0037224
2023_16_BUF_LAC,REG,16,LAC,made,53.0,,0.0,1.0,C.Dicker,00-0037224
2023_16_BUF_LAC,REG,16,BUF,made,29.0,,0.0,1.0,T.Bass,00-0036162
2023_16_CIN_PIT,REG,16,PIT,,33.0,good,1.0,0.0,C.Boswell,00-0031136
2023_16_CIN_PIT,REG,16,PIT,,33.0,good,1.0,0.0,C.Boswell,00-0031136
2023_16_CIN_PIT,REG,16,PIT,,33.0,good,1.0,0.0,C.Boswell,00-0031136
2023_16_CIN_PIT,REG,16,PIT,made,50.0,,0.0,1.0,C.Boswell,00-0031136
2023_16_CIN_PIT,REG,16,PIT,,33.0,good,1.0,0.0,C.Boswell,00-0031136
2023_16_CIN_PIT,REG,16,CIN,made,35.0,,0.0,1.0,E.McPherson,00-0036854
2023_16_CIN_PIT,REG,16,PIT,made,30.0,,0.0,1.0,C.Boswell,00-0031136
2023_16_CLE_HOU,REG,16,CLE,,33.0,good,1.0,0.0,D.Hopkins,00-0030098
2023_16_CLE_HOU,REG,16,CLE,,33.0,good,1.0,0.0,D.Hopkins,00-0030098
2023_16_CLE_HOU,REG,16,HOU,,33.0,good,1.0,0.0,K.Fairbairn,00-0032726
2023_16_CLE_HOU,REG,16,HOU,,33.0,good,1.0,0.0,K.Fairbairn,00-0032726
2023_16_DAL_MIA,REG,16,MIA,made,57.0,,0.0,1.0,J.Sanders,00-0034794
2023_16_DAL_MIA,REG,16,DAL,,33.0,good,1.0,0.0,B.Aubrey,00-0037692
2023_16_DAL_MIA,REG,16,MIA,made,52.0,,0.0,1.0,J.Sanders,00-0034794
2023_16_DAL_MIA,REG,16,MIA,,33.0,good,1.0,0.0,J.Sanders,00-0034794
2023_16_DAL_MIA,REG,16,MIA,made,54.0,,0.0,1.0,J.Sanders,00-0034794
2023_16_DAL_MIA,REG,16,DAL,made,43.0,,0.0,1.0,B.Aubrey,00-0037692
2023_16_DAL_MIA,REG,16,MIA,made,35.0,,0.0,1.0,J.Sanders,00-0034794
2023_16_DAL_MIA,REG,16,DAL,made,33.0,,0.0,1.0,B.Aubrey,00-0037692
2023_16_DAL_MIA,REG,16,DAL,,33.0,good,1.0,0.0,B.Aubrey,00-0037692
2023_16_DAL_MIA,REG,16,MIA,made,29.0,,0.0,1.0,J.Sanders,00-0034794
2023_16_DET_MIN,REG,16,DET,,33.0,good,1.0,0.0,M.Badgley,00-0034084
2023_16_DET_MIN,REG,16,MIN,,33.0,good,1.0,0.0,G.Joseph,00-0034450
2023_16_DET_MIN,REG,16,DET,made,37.0,,0.0,1.0,M.Badgley,00-0034084
2023_16_DET_MIN,REG,16,DET,,33.0,good,1.0,0.0,M.Badgley,00-0034084
2023_16_DET_MIN,REG,16,MIN,,33.0,good,1.0,0.0,G.Joseph,00-0034450
2023_16_DET_MIN,REG,16,MIN,,33.0,good,1.0,0.0,G.Joseph,00-0034450
2023_16_DET_MIN,REG,16,DET,,33.0,blocked,1.0,0.0,M.Badgley,00-0034084
2023_16_DET_MIN,REG,16,DET,,33.0,good,1.0,0.0,M.Badgley,00-0034084
2023_16_DET_MIN,REG,16,MIN,made,26.0,,0.0,1.0,G.Joseph,00-0034450
2023_16_GB_CAR,REG,16,GB,,33.0,good,1.0,0.0,A.Carlson,00-0038402
2023_16_GB_CAR,REG,16,CAR,made,52.0,,0.0,1.0,E.Pineiro,00-0034173
2023_16_GB_CAR,REG,16,GB,,33.0,failed,1.0,0.0,A.Carlson,00-0038402
2023_16_GB_CAR,REG,16,CAR,,33.0,good,1.0,0.0,E.Pineiro,00-0034173
2023_16_GB_CAR,REG,16,GB,made,53.0,,0.0,1.0,A.Carlson,00-0038402
2023_16_GB_CAR,REG,16,GB,,33.0,good,1.0,0.0,A.Carlson,00-0038402
2023_16_GB_CAR,REG,16,CAR,,33.0,failed,1.0,0.0,E.Pineiro,00-0034173
2023_16_GB_CAR,REG,16,GB,,33.0,good,1.0,0.0,A.Carlson,00-0038402
2023_16_GB_CAR,REG,16,CAR,,43.0,failed,1.0,0.0,E.Pineiro,00-0034173
2023_16_GB_CAR,REG,16,GB,made,32.0,,0.0,1.0,A.Carlson,00-0038402
2023_16_IND_ATL,REG,16,IND,,33.0,good,1.0,0.0,M.Gay,00-0035269
2023_16_IND_ATL,REG,16,ATL,,33.0,good,1.0,0.0,Y.Koo,00-0033702
2023_16_IND_ATL,REG,16,ATL,made,23.0,,0.0,1.0,Y.Koo,00-0033702
2023_16_IND_ATL,REG,16,ATL,made,47.0,,0.0,1.0,Y.Koo,00-0033702
2023_16_IND_ATL,REG,16,ATL,,33.0,good,1.0,0.0,Y.Koo,00-0033702
2023_16_IND_ATL,REG,16,IND,made,33.0,,0.0,1.0,M.Gay,00-0035269
2023_16_IND_ATL,REG,16,ATL,made,41.0,,0.0,1.0,Y.Koo,00-0033702
2023_16_IND_ATL,REG,16,ATL,made,35.0,,0.0,1.0,Y.Koo,00-0033702
2023_16_IND_ATL,REG,16,ATL,made,25.0,,0.0,1.0,Y.Koo,00-0033702
2023_16_JAX_TB,REG,16,TB,made,24.0,,0.0,1.0,C.McLaughlin,00-0035358
2023_16_JAX_TB,REG,16,TB,,33.0,good,1.0,0.0,C.McLaughlin,00-0035358
2023_16_JAX_TB,REG,16,JAX,missed,52.0,,0.0,1.0,B.McManus,00-0029822
2023_16_JAX_TB,REG,16,TB,made,31.0,,0.0,1.0,C.McLaughlin,00-0035358
2023_16_JAX_TB,REG,16,TB,,33.0,good,1.0,0.0,C.McLaughlin,00-0035358
2023_16_JAX_TB,REG,16,TB,,33.0,good,1.0,0.0,C.McLaughlin,00-0035358
2023_16_JAX_TB,REG,16,TB,made,51.0,,0.0,1.0,C.McLaughlin,00-0035358
2023_16_LV_KC,REG,16,LV,made,24.0,,0.0,1.0,D.Carlson,00-0034161
2023_16_LV_KC,REG,16,KC,,33.0,good,1.0,0.0,H.Butker,00-0033303
2023_16_LV_KC,REG,16,KC,missed,36.0,,0.0,1.0,H.Butker,00-0033303
2023_16_LV_KC,REG,16,LV,made,35.0,,0.0,1.0,D.Carlson,00-0034161
2023_16_LV_KC,REG,16,KC,,33.0,good,1.0,0.0,H.Butker,00-0033303
2023_16_NE_DEN,REG,16,DEN,,33.0,good,1.0,0.0,W.Lutz,00-0032569
2023_16_NE_DEN,REG,16,NE,made,33.0,,0.0,1.0,C.Ryland,00-0038567
2023_16_NE_DEN,REG,16,NE,missed,47.0,,0.0,1.0,C.Ryland,00-0038567
2023_16_NE_DEN,REG,16,DEN,missed,57.0,,0.0,1.0,W.Lutz,00-0032569
2023_16_NE_DEN,REG,16,NE,,33.0,failed,1.0,0.0,C.Ryland,00-0038567
2023_16_NE_DEN,REG,16,NE,,33.0,good,1.0,0.0,C.Ryland,00-0038567
2023_16_NE_DEN,REG,16,NE,,33.0,good,1.0,0.0,C.Ryland,00-0038567
2023_16_NE_DEN,REG,16,NE,made,56.0,,0.0,1.0,C.Ryland,00-0038567
2023_16_NO_LA,REG,16,LAR,,33.0,good,1.0,0.0,L.Havrisik,00-0038152
2023_16_NO_LA,REG,16,LAR,made,20.0,,0.0,1.0,L.Havrisik,00-0038152
2023_16_NO_LA,REG,16,LAR,missed,47.0,,0.0,1.0,L.Havrisik,00-0038152
2023_16_NO_LA,REG,16,NO,,33.0,good,1.0,0.0,B.Grupe,00-0038905
2023_16_NO_LA,REG,16,LAR,,33.0,good,1.0,0.0,L.Havrisik,00-0038152
2023_16_NO_LA,REG,16,LAR,made,22.0,,0.0,1.0,L.Havrisik,00-0038152
2023_16_NO_LA,REG,16,LAR,,33.0,good,1.0,0.0,L.Havrisik,00-0038152
2023_16_NO_LA,REG,16,LAR,made,32.0,,0.0,1.0,L.Havrisik,00-0038152
2023_16_NO_LA,REG,16,NO,,33.0,good,1.0,0.0,B.Grupe,00-0038905
2023_16_NYG_PHI,REG,16,PHI,,33.0,good,1.0,0.0,J.Elliott,00-0033787
2023_16_NYG_PHI,REG,16,NYG,made,52.0,,0.0,1.0,M.Crosby,00-0025580
2023_16_NYG_PHI,REG,16,PHI,made,28.0,,0.0,1.0,J.Elliott,00-0033787
2023_16_NYG_PHI,REG,16,PHI,,33.0,good,1.0,0.0,J.Elliott,00-0033787
2023_16_NYG_PHI,REG,16,PHI,made,21.0,,0.0,1.0,J.Elliott,00-0033787
2023_16_NYG_PHI,REG,16,NYG,,33.0,good,1.0,0.0,M.Crosby,00-0025580
2023_16_NYG_PHI,REG,16,PHI,,33.0,good,1.0,0.0,J.Elliott,00-0033787
2023_16_NYG_PHI,REG,16,PHI,made,44.0,,0.0,1.0,J.Elliott,00-0033787
2023_16_NYG_PHI,REG,16,NYG,,33.0,good,1.0,0.0,M.Crosby,00-0025580
2023_16_NYG_PHI,REG,16,PHI,made,43.0,,0.0,1.0,J.Elliott,00-0033787
2023_16_SEA_TEN,REG,16,TEN,,33.0,good,1.0,0.0,N.Folk,00-0025565
2023_16_SEA_TEN,REG,16,SEA,made,28.0,,0.0,1.0,J.Myers,00-0031492
2023_16_SEA_TEN,REG,16,TEN,made,33.0,,0.0,1.0,N.Folk,00-0025565
2023_16_SEA_TEN,REG,16,SEA,made,27.0,,0.0,1.0,J.Myers,00-0031492
2023_16_SEA_TEN,REG,16,SEA,,33.0,good,1.0,0.0,J.Myers,00-0031492
2023_16_SEA_TEN,REG,16,TEN,,33.0,good,1.0,0.0,N.Folk,00-0025565
2023_16_SEA_TEN,REG,16,SEA,,33.0,good,1.0,0.0,J.Myers,00-0031492
2023_16_WAS_NYJ,REG,16,NYJ,made,25.0,,0.0,1.0,G.Zuerlein,00-0029621
2023_16_WAS_NYJ,REG,16,NYJ,,33.0,good,1.0,0.0,G.Zuerlein,00-0029621
2023_16_WAS_NYJ,REG,16,NYJ,,33.0,good,1.0,0.0,G.Zuerlein,00-0029621
2023_16_WAS_NYJ,REG,16,NYJ,made,27.0,,0.0,1.0,G.Zuerlein,00-0029621
2023_16_WAS_NYJ,REG,16,WAS,,33.0,good,1.0,0.0,J.Slye,00-0035192
2023_16_WAS_NYJ,REG,16,NYJ,,33.0,good,1.0,0.0,G.Zuerlein,00-0029621
2023_16_WAS_NYJ,REG,16,WAS,,33.0,good,1.0,0.0,J.Slye,00-0035192
2023_16_WAS_NYJ,REG,16,WAS,,33.0,good,1.0,0.0,J.Slye,00-0035192
2023_16_WAS_NYJ,REG,16,WAS,,33.0,good,1.0,0.0,J.Slye,00-0035192
2023_16_WAS_NYJ,REG,16,NYJ,made,54.0,,0.0,1.0,G.Zuerlein,00-0029621
2023_17_ARI_PHI,REG,17,ARI,made,28.0,,0.0,1.0,M.Prater,00-0023853
2023_17_ARI_PHI,REG,17,PHI,,33.0,good,1.0,0.0,J.Elliott,00-0033787
2023_17_ARI_PHI,REG,17,PHI,,33.0,good,1.0,0.0,J.Elliott,00-0033787
2023_17_ARI_PHI,REG,17,ARI,made,34.0,,0.0,1.0,M.Prater,00-0023853
2023_17_ARI_PHI,REG,17,PHI,,33.0,good,1.0,0.0,J.Elliott,00-0033787
2023_17_ARI_PHI,REG,17,ARI,,33.0,good,1.0,0.0,M.Prater,00-0023853
2023_17_ARI_PHI,REG,17,PHI,,33.0,good,1.0,0.0,J.Elliott,00-0033787
2023_17_ARI_PHI,REG,17,ARI,,33.0,good,1.0,0.0,M.Prater,00-0023853
2023_17_ARI_PHI,REG,17,PHI,made,43.0,,0.0,1.0,J.Elliott,00-0033787
2023_17_ARI_PHI,REG,17,ARI,,33.0,good,1.0,0.0,M.Prater,00-0023853
2023_17_ATL_CHI,REG,17,ATL,missed,50.0,,0.0,1.0,Y.Koo,00-0033702
2023_17_ATL_CHI,REG,17,CHI,,33.0,good,1.0,0.0,C.Santos,00-0031203
2023_17_ATL_CHI,REG,17,ATL,missed,42.0,,0.0,1.0,Y.Koo,00-0033702
2023_17_ATL_CHI,REG,17,CHI,,33.0,good,1.0,0.0,C.Santos,00-0031203
2023_17_ATL_CHI,REG,17,ATL,,33.0,good,1.0,0.0,Y.Koo,00-0033702
2023_17_ATL_CHI,REG,17,CHI,,33.0,good,1.0,0.0,C.Santos,00-0031203
2023_17_ATL_CHI,REG,17,CHI,missed,55.0,,0.0,1.0,C.Santos,00-0031203
2023_17_ATL_CHI,REG,17,CHI,made,22.0,,0.0,1.0,C.Santos,00-0031203
2023_17_ATL_CHI,REG,17,ATL,made,38.0,,0.0,1.0,Y.Koo,00-0033702
2023_17_ATL_CHI,REG,17,CHI,made,42.0,,0.0,1.0,C.Santos,00-0031203
2023_17_ATL_CHI,REG,17,ATL,,33.0,good,1.0,0.0,Y.Koo,00-0033702
2023_17_ATL_CHI,REG,17,CHI,made,42.0,,0.0,1.0,C.Santos,00-0031203
2023_17_ATL_CHI,REG,17,CHI,,33.0,good,1.0,0.0,C.Santos,00-0031203
2023_17_CAR_JAX,REG,17,JAX,made,35.0,,0.0,1.0,B.McManus,00-0029822
2023_17_CAR_JAX,REG,17,JAX,made,26.0,,0.0,1.0,B.McManus,00-0029822
2023_17_CAR_JAX,REG,17,JAX,made,24.0,,0.0,1.0,B.McManus,00-0029822
2023_17_CAR_JAX,REG,17,JAX,,33.0,good,1.0,0.0,B.McManus,00-0029822
2023_17_CAR_JAX,REG,17,JAX,made,34.0,,0.0,1.0,B.McManus,00-0029822
2023_17_CAR_JAX,REG,17,JAX,,33.0,good,1.0,0.0,B.McManus,00-0029822
2023_17_CIN_KC,REG,17,CIN,made,34.0,,0.0,1.0,E.McPherson,00-0036854
2023_17_CIN_KC,REG,17,KC,,33.0,good,1.0,0.0,H.Butker,00-0033303
2023_17_CIN_KC,REG,17,CIN,,33.0,good,1.0,0.0,E.McPherson,00-0036854
2023_17_CIN_KC,REG,17,CIN,,33.0,good,1.0,0.0,E.McPherson,00-0036854
2023_17_CIN_KC,REG,17,KC,made,54.0,,0.0,1.0,H.Butker,00-0033303
2023_17_CIN_KC,REG,17,KC,made,43.0,,0.0,1.0,H.Butker,00-0033303
2023_17_CIN_KC,REG,17,KC,made,27.0,,0.0,1.0,H.Butker,00-0033303
2023_17_CIN_KC,REG,17,KC,made,24.0,,0.0,1.0,H.Butker,00-0033303
2023_17_CIN_KC,REG,17,KC,made,48.0,,0.0,1.0,H.Butker,00-0033303
2023_17_CIN_KC,REG,17,KC,made,46.0,,0.0,1.0,H.Butker,00-0033303
2023_17_DET_DAL,REG,17,DET,made,41.0,,0.0,1.0,M.Badgley,00-0034084
2023_17_DET_DAL,REG,17,DAL,,33.0,good,1.0,0.0,B.Aubrey,00-0037692
2023_17_DET_DAL,REG,17,DET,,33.0,good,1.0,0.0,M.Badgley,00-0034084
2023_17_DET_DAL,REG,17,DAL,made,51.0,,0.0,1.0,B.Aubrey,00-0037692
2023_17_DET_DAL,REG,17,DET,made,30.0,,0.0,1.0,M.Badgley,00-0034084
2023_17_DET_DAL,REG,17,DAL,,33.0,good,1.0,0.0,B.Aubrey,00-0037692
2023_17_DET_DAL,REG,17,DAL,made,43.0,,0.0,1.0,B.Aubrey,00-0037692
2023_17_GB_MIN,REG,17,GB,made,34.0,,0.0,1.0,A.Carlson,00-0038402
2023_17_GB_MIN,REG,17,GB,,33.0,good,1.0,0.0,A.Carlson,00-0038402
2023_17_GB_MIN,REG,17,MIN,made,54.0,,0.0,1.0,G.Joseph,00-0034450
2023_17_GB_MIN,REG,17,GB,,33.0,good,1.0,0.0,A.Carlson,00-0038402
2023_17_GB_MIN,REG,17,GB,,33.0,failed,1.0,0.0,A.Carlson,00-0038402
2023_17_GB_MIN,REG,17,GB,,33.0,good,1.0,0.0,A.Carlson,00-0038402
2023_17_GB_MIN,REG,17,MIN,,33.0,good,1.0,0.0,G.Joseph,00-0034450
2023_17_GB_MIN,REG,17,GB,made,37.0,,0.0,1.0,A.Carlson,00-0038402
2023_17_LAC_DEN,REG,17,DEN,made,32.0,,0.0,1.0,W.Lutz,00-0032569
2023_17_LAC_DEN,REG,17,LAC,made,36.0,,0.0,1.0,C.Dicker,00-0037224
2023_17_LAC_DEN,REG,17,DEN,,33.0,good,1.0,0.0,W.Lutz,00-0032569
2023_17_LAC_DEN,REG,17,DEN,made,43.0,,0.0,1.0,W.Lutz,00-0032569
2023_17_LAC_DEN,REG,17,DEN,missed,48.0,,0.0,1.0,W.Lutz,00-0032569
2023_17_LAC_DEN,REG,17,LAC,made,50.0,,0.0,1.0,C.Dicker,00-0037224
2023_17_LAC_DEN,REG,17,DEN,made,20.0,,0.0,1.0,W.Lutz,00-0032569
2023_17_LAC_DEN,REG,17,LAC,blocked,50.0,,0.0,1.0,C.Dicker,00-0037224
2023_17_LAC_DEN,REG,17,LAC,made,52.0,,0.0,1.0,C.Dicker,00-0037224
2023_17_LA_NYG,REG,17,LAR,,33.0,good,1.0,0.0,L.Havrisik,00-0038152
2023_17_LA_NYG,REG,17,NYG,,33.0,good,1.0,0.0,M.Crosby,00-0025580
2023_17_LA_NYG,REG,17,LAR,,33.0,good,1.0,0.0,L.Havrisik,00-0038152
2023_17_LA_NYG,REG,17,NYG,made,31.0,,0.0,1.0,M.Crosby,00-0025580
2023_17_LA_NYG,REG,17,LAR,,33.0,failed,1.0,0.0,L.Havrisik,00-0038152
2023_17_LA_NYG,REG,17,NYG,,33.0,failed,1.0,0.0,M.Crosby,00-0025580
2023_17_LA_NYG,REG,17,NYG,made,32.0,,0.0,1.0,M.Crosby,00-0025580
2023_17_LA_NYG,REG,17,LAR,,33.0,failed,1.0,0.0,L.Havrisik,00-0038152
2023_17_LA_NYG,REG,17,NYG,missed,54.0,,0.0,1.0,M.Crosby,00-0025580
2023_17_LV_IND,REG,17,IND,,33.0,good,1.0,0.0,M.Gay,00-0035269
2023_17_LV_IND,REG,17,LV,made,40.0,,0.0,1.0,D.Carlson,00-0034161
2023_17_LV_IND,REG,17,IND,,33.0,good,1.0,0.0,M.Gay,00-0035269
2023_17_LV_IND,REG,17,LV,,33.0,good,1.0,0.0,D.Carlson,00-0034161
2023_17_LV_IND,REG,17,IND,made,38.0,,0.0,1.0,M.Gay,00-0035269
2023_17_LV_IND,REG,17,IND,made,33.0,,0.0,1.0,M.Gay,00-0035269
2023_17_LV_IND,REG,17,LV,made,33.0,,0.0,1.0,D.Carlson,00-0034161
2023_17_LV_IND,REG,17,IND,made,45.0,,0.0,1.0,M.Gay,00-0035269
2023_17_LV_IND,REG,17,LV,,33.0,good,1.0,0.0,D.Carlson,00-0034161
2023_17_MIA_BAL,REG,17,MIA,,33.0,good,1.0,0.0,J.Sanders,00-0034794
2023_17_MIA_BAL,REG,17,BAL,,33.0,good,1.0,0.0,J.Tucker,00-0029597
2023_17_MIA_BAL,REG,17,MIA,made,27.0,,0.0,1.0,J.Sanders,00-0034794
2023_17_MIA_BAL,REG,17,BAL,,33.0,good,1.0,0.0,J.Tucker,00-0029597
2023_17_MIA_BAL,REG,17,MIA,made,38.0,,0.0,1.0,J.Sanders,00-0034794
2023_17_MIA_BAL,REG,17,BAL,,33.0,good,1.0,0.0,J.Tucker,00-0029597
2023_17_MIA_BAL,REG,17,BAL,,33.0,good,1.0,0.0,J.Tucker,00-0029597
2023_17_MIA_BAL,REG,17,BAL,,33.0,good,1.0,0.0,J.Tucker,00-0029597
2023_17_MIA_BAL,REG,17,BAL,,33.0,good,1.0,0.0,J.Tucker,00-0029597
2023_17_MIA_BAL,REG,17,BAL,,33.0,good,1.0,0.0,J.Tucker,00-0029597
2023_17_MIA_BAL,REG,17,BAL,,33.0,good,1.0,0.0,J.Tucker,00-0029597
2023_17_NE_BUF,REG,17,NE,,33.0,good,1.0,0.0,C.Ryland,00-0038567
2023_17_NE_BUF,REG,17,BUF,made,35.0,,0.0,1.0,T.Bass,00-0036162
2023_17_NE_BUF,REG,17,BUF,,33.0,good,1.0,0.0,T.Bass,00-0036162
2023_17_NE_BUF,REG,17,BUF,made,24.0,,0.0,1.0,T.Bass,00-0036162
2023_17_NE_BUF,REG,17,BUF,,33.0,good,1.0,0.0,T.Bass,00-0036162
2023_17_NE_BUF,REG,17,NE,,33.0,good,1.0,0.0,C.Ryland,00-0038567
2023_17_NE_BUF,REG,17,NE,missed,47.0,,0.0,1.0,C.Ryland,00-0038567
2023_17_NE_BUF,REG,17,BUF,,33.0,good,1.0,0.0,T.Bass,00-0036162
2023_17_NE_BUF,REG,17,NE,,33.0,good,1.0,0.0,C.Ryland,00-0038567
2023_17_NO_TB,REG,17,NO,,33.0,good,1.0,0.0,B.Grupe,00-0038905
2023_17_NO_TB,REG,17,NO,,33.0,good,1.0,0.0,B.Grupe,00-0038905
2023_17_NO_TB,REG,17,NO,made,45.0,,0.0,1.0,B.Grupe,00-0038905
2023_17_NO_TB,REG,17,NO,made,28.0,,0.0,1.0,B.Grupe,00-0038905
2023_17_NO_TB,REG,17,TB,,33.0,good,1.0,0.0,C.McLaughlin,00-0035358
2023_17_NO_TB,REG,17,NO,made,38.0,,0.0,1.0,B.Grupe,00-0038905
2023_17_NYJ_CLE,REG,17,CLE,,33.0,good,1.0,0.0,R.Patterson,00-0036816
2023_17_NYJ_CLE,REG,17,NYJ,,33.0,good,1.0,0.0,G.Zuerlein,00-0029621
2023_17_NYJ_CLE,REG,17,CLE,,33.0,failed,1.0,0.0,R.Patterson,00-0036816
2023_17_NYJ_CLE,REG,17,CLE,,33.0,good,1.0,0.0,R.Patterson,00-0036816
2023_17_NYJ_CLE,REG,17,CLE,,33.0,good,1.0,0.0,R.Patterson,00-0036816
2023_17_NYJ_CLE,REG,17,NYJ,,33.0,good,1.0,0.0,G.Zuerlein,00-0029621
2023_17_NYJ_CLE,REG,17,CLE,,33.0,good,1.0,0.0,R.Patterson,00-0036816
2023_17_NYJ_CLE,REG,17,NYJ,made,46.0,,0.0,1.0,G.Zuerlein,00-0029621
2023_17_NYJ_CLE,REG,17,NYJ,blocked,31.0,,0.0,1.0,G.Zuerlein,00-0029621
2023_17_NYJ_CLE,REG,17,NYJ,made,44.0,,0.0,1.0,G.Zuerlein,00-0029621
2023_17_NYJ_CLE,REG,17,CLE,made,33.0,,0.0,1.0,R.Patterson,00-0036816
2023_17_PIT_SEA,REG,17,PIT,,33.0,good,1.0,0.0,C.Boswell,00-0031136
2023_17_PIT_SEA,REG,17,SEA,,33.0,good,1.0,0.0,J.Myers,00-0031492
2023_17_PIT_SEA,REG,17,PIT,made,39.0,,0.0,1.0,C.Boswell,00-0031136
2023_17_PIT_SEA,REG,17,SEA,,33.0,good,1.0,0.0,J.Myers,00-0031492
2023_17_PIT_SEA,REG,17,PIT,,33.0,good,1.0,0.0,C.Boswell,00-0031136
2023_17_PIT_SEA,REG,17,SEA,made,43.0,,0.0,1.0,J.Myers,00-0031492
2023_17_PIT_SEA,REG,17,PIT,,33.0,good,1.0,0.0,C.Boswell,00-0031136
2023_17_PIT_SEA,REG,17,SEA,made,42.0,,0.0,1.0,J.Myers,00-0031492
2023_17_PIT_SEA,REG,17,PIT,made,26.0,,0.0,1.0,C.Boswell,00-0031136
2023_17_PIT_SEA,REG,17,PIT,made,21.0,,0.0,1.0,C.Boswell,00-0031136
2023_17_PIT_SEA,REG,17,SEA,made,24.0,,0.0,1.0,J.Myers,00-0031492
2023_17_SF_WAS,REG,17,SF,made,38.0,,0.0,1.0,J.Moody,00-0038562
2023_17_SF_WAS,REG,17,SF,,33.0,good,1.0,0.0,J.Moody,00-0038562
2023_17_SF_WAS,REG,17,WAS,made,47.0,,0.0,1.0,J.Slye,00-0035192
2023_17_SF_WAS,REG,17,WAS,,33.0,good,1.0,0.0,J.Slye,00-0035192
2023_17_SF_WAS,REG,17,SF,made,22.0,,0.0,1.0,J.Moody,00-0038562
2023_17_SF_WAS,REG,17,SF,,33.0,good,1.0,0.0,J.Moody,00-0038562
2023_17_SF_WAS,REG,17,SF,,33.0,good,1.0,0.0,J.Moody,00-0038562
2023_17_TEN_HOU,REG,17,HOU,made,28.0,,0.0,1.0,K.Fairbairn,00-0032726
2023_17_TEN_HOU,REG,17,HOU,,33.0,good,1.0,0.0,K.Fairbairn,00-0032726
2023_17_TEN_HOU,REG,17,HOU,,33.0,good,1.0,0.0,K.Fairbairn,00-0032726
2023_17_TEN_HOU,REG,17,HOU,made,38.0,,0.0,1.0,K.Fairbairn,00-0032726
2023_17_TEN_HOU,REG,17,TEN,made,53.0,,0.0,1.0,N.Folk,00-0025565
2023_17_TEN_HOU,REG,17,HOU,made,27.0,,0.0,1.0,K.Fairbairn,00-0032726
2023_17_TEN_HOU,REG,17,HOU,made,51.0,,0.0,1.0,K.Fairbairn,00-0032726
2023_18_ATL_NO,REG,18,ATL,,33.0,good,1.0,0.0,Y.Koo,00-0033702
2023_18_ATL_NO,REG,18,NO,,33.0,good,1.0,0.0,B.Grupe,00-0038905
2023_18_ATL_NO,REG,18,ATL,,33.0,good,1.0,0.0,Y.Koo,00-0033702
2023_18_ATL_NO,REG,18,NO,,33.0,good,1.0,0.0,B.Grupe,00-0038905
2023_18_ATL_NO,REG,18,NO,made,24.0,,0.0,1.0,B.Grupe,00-0038905
2023_18_ATL_NO,REG,18,ATL,made,30.0,,0.0,1.0,Y.Koo,00-0033702
2023_18_ATL_NO,REG,18,NO,,33.0,good,1.0,0.0,B.Grupe,00-0038905
2023_18_ATL_NO,REG,18,NO,,33.0,good,1.0,0.0,B.Grupe,00-0038905
2023_18_ATL_NO,REG,18,NO,made,24.0,,0.0,1.0,B.Grupe,00-0038905
2023_18_ATL_NO,REG,18,NO,,33.0,good,1.0,0.0,B.Grupe,00-0038905
2023_18_ATL_NO,REG,18,NO,,33.0,good,1.0,0.0,B.Grupe,00-0038905
2023_18_BUF_MIA,REG,18,MIA,,33.0,good,1.0,0.0,J.Sanders,00-0034794
2023_18_BUF_MIA,REG,18,BUF,,33.0,good,1.0,0.0,T.Bass,00-0036162
2023_18_BUF_MIA,REG,18,MIA,,33.0,good,1.0,0.0,J.Sanders,00-0034794
2023_18_BUF_MIA,REG,18,BUF,,33.0,good,1.0,0.0,T.Bass,00-0036162
2023_18_BUF_MIA,REG,18,BUF,,33.0,good,1.0,0.0,T.Bass,00-0036162
2023_18_CHI_GB,REG,18,CHI,made,50.0,,0.0,1.0,C.Santos,00-0031203
2023_18_CHI_GB,REG,18,GB,missed,41.0,,0.0,1.0,A.Carlson,00-0038402
2023_18_CHI_GB,REG,18,GB,,33.0,good,1.0,0.0,A.Carlson,00-0038402
2023_18_CHI_GB,REG,18,CHI,made,39.0,,0.0,1.0,C.Santos,00-0031203
2023_18_CHI_GB,REG,18,GB,,33.0,good,1.0,0.0,A.Carlson,00-0038402
2023_18_CHI_GB,REG,18,CHI,made,35.0,,0.0,1.0,C.Santos,00-0031203
2023_18_CHI_GB,REG,18,GB,made,25.0,,0.0,1.0,A.Carlson,00-0038402
2023_18_CLE_CIN,REG,18,CIN,,33.0,good,1.0,0.0,E.McPherson,00-0036854
2023_18_CLE_CIN,REG,18,CIN,,33.0,good,1.0,0.0,E.McPherson,00-0036854
2023_18_CLE_CIN,REG,18,CIN,,33.0,good,1.0,0.0,E.McPherson,00-0036854
2023_18_CLE_CIN,REG,18,CIN,made,45.0,,0.0,1.0,E.McPherson,00-0036854
2023_18_CLE_CIN,REG,18,CIN,,33.0,good,1.0,0.0,E.McPherson,00-0036854
2023_18_CLE_CIN,REG,18,CLE,,33.0,good,1.0,0.0,R.Patterson,00-0036816
2023_18_CLE_CIN,REG,18,CLE,,33.0,good,1.0,0.0,R.Patterson,00-0036816
2023_18_DAL_WAS,REG,18,DAL,,33.0,good,1.0,0.0,B.Aubrey,00-0037692
2023_18_DAL_WAS,REG,18,DAL,blocked,32.0,,0.0,1.0,B.Aubrey,00-0037692
2023_18_DAL_WAS,REG,18,WAS,,33.0,good,1.0,0.0,J.Slye,00-0035192
2023_18_DAL_WAS,REG,18,WAS,made,36.0,,0.0,1.0,J.Slye,00-0035192
2023_18_DAL_WAS,REG,18,DAL,,33.0,good,1.0,0.0,B.Aubrey,00-0037692
2023_18_DAL_WAS,REG,18,DAL,,33.0,good,1.0,0.0,B.Aubrey,00-0037692
2023_18_DAL_WAS,REG,18,DAL,,33.0,good,1.0,0.0,B.Aubrey,00-0037692
2023_18_DAL_WAS,REG,18,DAL,,33.0,good,1.0,0.0,B.Aubrey,00-0037692
2023_18_DAL_WAS,REG,18,DAL,missed,36.0,,0.0,1.0,B.Aubrey,00-0037692
2023_18_DAL_WAS,REG,18,DAL,made,50.0,,0.0,1.0,B.Aubrey,00-0037692
2023_18_DEN_LV,REG,18,LV,,33.0,good,1.0,0.0,D.Carlson,00-0034161
2023_18_DEN_LV,REG,18,DEN,,33.0,good,1.0,0.0,W.Lutz,00-0032569
2023_18_DEN_LV,REG,18,LV,made,49.0,,0.0,1.0,D.Carlson,00-0034161
2023_18_DEN_LV,REG,18,LV,,33.0,good,1.0,0.0,D.Carlson,00-0034161
2023_18_DEN_LV,REG,18,LV,,33.0,good,1.0,0.0,D.Carlson,00-0034161
2023_18_DEN_LV,REG,18,DEN,,33.0,good,1.0,0.0,W.Lutz,00-0032569
2023_18_DEN_LV,REG,18,LV,made,21.0,,0.0,1.0,D.Carlson,00-0034161
2023_18_HOU_IND,REG,18,IND,made,38.0,,0.0,1.0,M.Gay,00-0035269
2023_18_HOU_IND,REG,18,HOU,,33.0,good,1.0,0.0,K.Fairbairn,00-0032726
2023_18_HOU_IND,REG,18,HOU,,33.0,good,1.0,0.0,K.Fairbairn,00-0032726
2023_18_HOU_IND,REG,18,IND,made,52.0,,0.0,1.0,M.Gay,00-0035269
2023_18_HOU_IND,REG,18,IND,missed,57.0,,0.0,1.0,M.Gay,00-0035269
2023_18_HOU_IND,REG,18,HOU,made,51.0,,0.0,1.0,K.Fairbairn,00-0032726
2023_18_HOU_IND,REG,18,IND,made,35.0,,0.0,1.0,M.Gay,00-0035269
2023_18_HOU_IND,REG,18,HOU,,33.0,failed,1.0,0.0,K.Fairbairn,00-0032726
2023_18_JAX_TEN,REG,18,JAX,made,44.0,,0.0,1.0,B.McManus,00-0029822
2023_18_JAX_TEN,REG,18,TEN,,33.0,good,1.0,0.0,N.Folk,00-0025565
2023_18_JAX_TEN,REG,18,JAX,,33.0,good,1.0,0.0,B.McManus,00-0029822
2023_18_JAX_TEN,REG,18,TEN,,33.0,good,1.0,0.0,N.Folk,00-0025565
2023_18_JAX_TEN,REG,18,TEN,,33.0,good,1.0,0.0,N.Folk,00-0025565
2023_18_JAX_TEN,REG,18,JAX,made,30.0,,0.0,1.0,B.McManus,00-0029822
2023_18_JAX_TEN,REG,18,TEN,,33.0,good,1.0,0.0,N.Folk,00-0025565
2023_18_JAX_TEN,REG,18,JAX,,33.0,good,1.0,0.0,B.McManus,00-0029822
2023_18_KC_LAC,REG,18,KC,,33.0,good,1.0,0.0,H.Butker,00-0033303
2023_18_KC_LAC,REG,18,KC,made,22.0,,0.0,1.0,H.Butker,00-0033303
2023_18_KC_LAC,REG,18,LAC,made,49.0,,0.0,1.0,C.Dicker,00-0037224
2023_18_KC_LAC,REG,18,LAC,made,40.0,,0.0,1.0,C.Dicker,00-0037224
2023_18_KC_LAC,REG,18,LAC,made,43.0,,0.0,1.0,C.Dicker,00-0037224
2023_18_KC_LAC,REG,18,LAC,made,20.0,,0.0,1.0,C.Dicker,00-0037224
2023_18_KC_LAC,REG,18,KC,made,41.0,,0.0,1.0,H.Butker,00-0033303
2023_18_LA_SF,REG,18,SF,,33.0,good,1.0,0.0,J.Moody,00-0038562
2023_18_LA_SF,REG,18,LAR,,33.0,good,1.0,0.0,B.Maher,00-0030332
2023_18_LA_SF,REG,18,SF,,33.0,good,1.0,0.0,J.Moody,00-0038562
2023_18_LA_SF,REG,18,SF,missed,38.0,,0.0,1.0,J.Moody,00-0038562
2023_18_LA_SF,REG,18,SF,,33.0,failed,1.0,0.0,J.Moody,00-0038562
2023_18_LA_SF,REG,18,LAR,,33.0,failed,1.0,0.0,B.Maher,00-0030332
2023_18_MIN_DET,REG,18,DET,,33.0,good,1.0,0.0,M.Badgley,00-0034084
2023_18_MIN_DET,REG,18,DET,,33.0,failed,1.0,0.0,M.Badgley,00-0034084
2023_18_MIN_DET,REG,18,MIN,made,39.0,,0.0,1.0,G.Joseph,00-0034450
2023_18_MIN_DET,REG,18,MIN,made,43.0,,0.0,1.0,G.Joseph,00-0034450
2023_18_MIN_DET,REG,18,DET,,33.0,good,1.0,0.0,M.Badgley,00-0034084
2023_18_MIN_DET,REG,18,MIN,,33.0,good,1.0,0.0,G.Joseph,00-0034450
2023_18_MIN_DET,REG,18,DET,,33.0,good,1.0,0.0,M.Badgley,00-0034084
2023_18_MIN_DET,REG,18,MIN,,33.0,good,1.0,0.0,G.Joseph,00-0034450
2023_18_MIN_DET,REG,18,DET,made,39.0,,0.0,1.0,M.Badgley,00-0034084
2023_18_NYJ_NE,REG,18,NYJ,made,21.0,,0.0,1.0,G.Zuerlein,00-0029621
2023_18_NYJ_NE,REG,18,NE,made,30.0,,0.0,1.0,C.Ryland,00-0038567
2023_18_NYJ_NE,REG,18,NYJ,made,40.0,,0.0,1.0,G.Zuerlein,00-0029621
2023_18_NYJ_NE,REG,18,NYJ,missed,49.0,,0.0,1.0,G.Zuerlein,00-0029621
2023_18_NYJ_NE,REG,18,NYJ,made,33.0,,0.0,1.0,G.Zuerlein,00-0029621
2023_18_PHI_NYG,REG,18,NYG,made,24.0,,0.0,1.0,M.Crosby,00-0025580
2023_18_PHI_NYG,REG,18,NYG,,33.0,good,1.0,0.0,M.Crosby,00-0025580
2023_18_PHI_NYG,REG,18,NYG,,33.0,good,1.0,0.0,M.Crosby,00-0025580
2023_18_PHI_NYG,REG,18,NYG,,33.0,good,1.0,0.0,M.Crosby,00-0025580
2023_18_PHI_NYG,REG,18,PHI,made,36.0,,0.0,1.0,J.Elliott,00-0033787
2023_18_PHI_NYG,REG,18,PHI,,33.0,good,1.0,0.0,J.Elliott,00-0033787
2023_18_PHI_NYG,REG,18,NYG,made,21.0,,0.0,1.0,M.Crosby,00-0025580
2023_18_PHI_NYG,REG,18,NYG,missed,45.0,,0.0,1.0,M.Crosby,00-0025580
2023_18_PIT_BAL,REG,18,PIT,,33.0,good,1.0,0.0,C.Boswell,00-0031136
2023_18_PIT_BAL,REG,18,BAL,,33.0,good,1.0,0.0,J.Tucker,00-0029597
2023_18_PIT_BAL,REG,18,PIT,,33.0,good,1.0,0.0,C.Boswell,00-0031136
2023_18_PIT_BAL,REG,18,PIT,made,25.0,,0.0,1.0,C.Boswell,00-0031136
2023_18_PIT_BAL,REG,18,BAL,made,36.0,,0.0,1.0,J.Tucker,00-0029597
2023_18_SEA_ARI,REG,18,SEA,made,33.0,,0.0,1.0,J.Myers,00-0031492
2023_18_SEA_ARI,REG,18,ARI,made,23.0,,0.0,1.0,M.Prater,00-0023853
2023_18_SEA_ARI,REG,18,SEA,,33.0,good,1.0,0.0,J.Myers,00-0031492
2023_18_SEA_ARI,REG,18,ARI,made,34.0,,0.0,1.0,M.Prater,00-0023853
2023_18_SEA_ARI,REG,18,SEA,made,29.0,,0.0,1.0,J.Myers,00-0031492
2023_18_SEA_ARI,REG,18,ARI,,33.0,good,1.0,0.0,M.Prater,00-0023853
2023_18_SEA_ARI,REG,18,ARI,,33.0,good,1.0,0.0,M.Prater,00-0023853
2023_18_SEA_ARI,REG,18,ARI,missed,43.0,,0.0,1.0,M.Prater,00-0023853
2023_18_SEA_ARI,REG,18,ARI,missed,51.0,,0.0,1.0,M.Prater,00-0023853
2023_18_TB_CAR,REG,18,TB,made,36.0,,0.0,1.0,C.McLaughlin,00-0035358
2023_18_TB_CAR,REG,18,TB,made,57.0,,0.0,1.0,C.McLaughlin,00-0035358
2023_18_TB_CAR,REG,18,CAR,missed,52.0,,0.0,1.0,M.Wright,00-0035189
2023_18_TB_CAR,REG,18,TB,made,39.0,,0.0,1.0,C.McLaughlin,00-0035358
