game_id,season_type,week,posteam,field_goal_result,kick_distance,extra_point_result,extra_point_attempt,field_goal_attempt,kicker_player_name,kicker_player_id
2025_01_ARI_NO,REG,1,ARI,made,42.0,,0.0,1.0,C.Ryland,00-0038567
2025_01_ARI_NO,REG,1,NO,,33.0,good,1.0,0.0,B.Grupe,00-0038905
2025_01_ARI_NO,REG,1,ARI,,33.0,good,1.0,0.0,C.Ryland,00-0038567
2025_01_ARI_NO,REG,1,NO,made,36.0,,0.0,1.0,B.Grupe,00-0038905
2025_01_ARI_NO,REG,1,ARI,,33.0,good,1.0,0.0,C.Ryland,00-0038567
2025_01_ARI_NO,REG,1,ARI,made,50.0,,0.0,1.0,C.Ryland,00-0038567
2025_01_ARI_NO,REG,1,NO,missed,37.0,,0.0,1.0,B.Grupe,00-0038905
2025_01_ARI_NO,REG,1,ARI,blocked,46.0,,0.0,1.0,C.Ryland,00-0038567
2025_01_ARI_NO,REG,1,NO,made,28.0,,0.0,1.0,B.Grupe,00-0038905
2025_01_BAL_BUF,REG,1,BUF,,33.0,good,1.0,0.0,M.Prater,00-0023853
2025_01_BAL_BUF,REG,1,BAL,made,52.0,,0.0,1.0,T.Loop,00-0040074
2025_01_BAL_BUF,REG,1,BAL,,33.0,good,1.0,0.0,T.Loop,00-0040074
2025_01_BAL_BUF,REG,1,BAL,,33.0,good,1.0,0.0,T.Loop,00-0040074
2025_01_BAL_BUF,REG,1,BUF,made,25.0,,0.0,1.0,M.Prater,00-0023853
2025_01_BAL_BUF,REG,1,BAL,made,49.0,,0.0,1.0,T.Loop,00-0040074
2025_01_BAL_BUF,REG,1,BUF,made,43.0,,0.0,1.0,M.Prater,00-0023853
2025_01_BAL_BUF,REG,1,BAL,,33.0,good,1.0,0.0,T.Loop,00-0040074
2025_01_BAL_BUF,REG,1,BAL,,33.0,good,1.0,0.0,T.Loop,00-0040074
2025_01_BAL_BUF,REG,1,BAL,,33.0,failed,1.0,0.0,T.Loop,00-0040074
2025_01_BAL_BUF,REG,1,BUF,,33.0,good,1.0,0.0,M.Prater,00-0023853
2025_01_BAL_BUF,REG,1,BUF,made,32.0,,0.0,1.0,M.Prater,00-0023853
2025_01_CAR_JAX,REG,1,JAX,made,35.0,,0.0,1.0,C.Little,00-0039409
2025_01_CAR_JAX,REG,1,CAR,made,48.0,,0.0,1.0,R.Fitzgerald,00-0040279
2025_01_CAR_JAX,REG,1,JAX,,33.0,good,1.0,0.0,C.Little,00-0039409
2025_01_CAR_JAX,REG,1,JAX,,33.0,good,1.0,0.0,C.Little,00-0039409
2025_01_CAR_JAX,REG,1,JAX,made,47.0,,0.0,1.0,C.Little,00-0039409
2025_01_CAR_JAX,REG,1,JAX,made,36.0,,0.0,1.0,C.Little,00-0039409
2025_01_CAR_JAX,REG,1,CAR,,33.0,good,1.0,0.0,R.Fitzgerald,00-0040279
2025_01_CAR_JAX,REG,1,JAX,made,28.0,,0.0,1.0,C.Little,00-0039409
2025_01_CIN_CLE,REG,1,CIN,,33.0,good,1.0,0.0,E.McPherson,00-0036854
2025_01_CIN_CLE,REG,1,CLE,,33.0,good,1.0,0.0,A.Szmyt,00-0038428
2025_01_CIN_CLE,REG,1,CIN,,33.0,good,1.0,0.0,E.McPherson,00-0036854
2025_01_CIN_CLE,REG,1,CLE,made,45.0,,0.0,1.0,A.Szmyt,00-0038428
2025_01_CIN_CLE,REG,1,CLE,,33.0,failed,1.0,0.0,A.Szmyt,00-0038428
2025_01_CIN_CLE,REG,1,CIN,made,35.0,,0.0,1.0,E.McPherson,00-0036854
2025_01_CIN_CLE,REG,1,CLE,missed,36.0,,0.0,1.0,A.Szmyt,00-0038428
2025_01_DAL_PHI,REG,1,DAL,,33.0,good,1.0,0.0,B.Aubrey,00-0037692
2025_01_DAL_PHI,REG,1,PHI,,33.0,good,1.0,0.0,J.Elliott,00-0033787
2025_01_DAL_PHI,REG,1,DAL,,33.0,good,1.0,0.0,B.Aubrey,00-0037692
2025_01_DAL_PHI,REG,1,PHI,,33.0,good,1.0,0.0,J.Elliott,00-0033787
2025_01_DAL_PHI,REG,1,DAL,made,41.0,,0.0,1.0,B.Aubrey,00-0037692
2025_01_DAL_PHI,REG,1,PHI,,33.0,good,1.0,0.0,J.Elliott,00-0033787
2025_01_DAL_PHI,REG,1,DAL,made,53.0,,0.0,1.0,B.Aubrey,00-0037692
2025_01_DAL_PHI,REG,1,PHI,made,58.0,,0.0,1.0,J.Elliott,00-0033787
2025_01_DET_GB,REG,1,GB,,33.0,good,1.0,0.0,B.McManus,00-0029822
2025_01_DET_GB,REG,1,GB,made,34.0,,0.0,1.0,B.McManus,00-0029822
2025_01_DET_GB,REG,1,DET,made,30.0,,0.0,1.0,J.Bates,00-0039172
2025_01_DET_GB,REG,1,GB,,33.0,good,1.0,0.0,B.McManus,00-0029822
2025_01_DET_GB,REG,1,DET,made,27.0,,0.0,1.0,J.Bates,00-0039172
2025_01_DET_GB,REG,1,GB,,33.0,good,1.0,0.0,B.McManus,00-0029822
2025_01_DET_GB,REG,1,GB,made,38.0,,0.0,1.0,B.McManus,00-0029822
2025_01_DET_GB,REG,1,DET,,33.0,good,1.0,0.0,J.Bates,00-0039172
2025_01_HOU_LA,REG,1,HOU,made,51.0,,0.0,1.0,K.Fairbairn,00-0032726
2025_01_HOU_LA,REG,1,HOU,made,45.0,,0.0,1.0,K.Fairbairn,00-0032726
2025_01_HOU_LA,REG,1,LAR,,33.0,good,1.0,0.0,J.Karty,00-0039750
2025_01_HOU_LA,REG,1,HOU,made,53.0,,0.0,1.0,K.Fairbairn,00-0032726
2025_01_HOU_LA,REG,1,LAR,,33.0,good,1.0,0.0,J.Karty,00-0039750
2025_01_KC_LAC,REG,1,LAC,,25.0,good,1.0,0.0,C.Dicker,00-0037224
2025_01_KC_LAC,REG,1,LAC,made,39.0,,0.0,1.0,C.Dicker,00-0037224
2025_01_KC_LAC,REG,1,KC,made,35.0,,0.0,1.0,H.Butker,00-0033303
2025_01_KC_LAC,REG,1,LAC,made,36.0,,0.0,1.0,C.Dicker,00-0037224
2025_01_KC_LAC,REG,1,KC,made,59.0,,0.0,1.0,H.Butker,00-0033303
2025_01_KC_LAC,REG,1,KC,,33.0,failed,1.0,0.0,H.Butker,00-0033303
2025_01_KC_LAC,REG,1,LAC,,33.0,good,1.0,0.0,C.Dicker,00-0037224
2025_01_KC_LAC,REG,1,LAC,,25.0,good,1.0,0.0,C.Dicker,00-0037224
2025_01_KC_LAC,REG,1,KC,made,27.0,,0.0,1.0,H.Butker,00-0033303
2025_01_LV_NE,REG,1,LV,,33.0,good,1.0,0.0,D.Carlson,00-0034161
2025_01_LV_NE,REG,1,NE,,33.0,good,1.0,0.0,A.Borregales,00-0040200
2025_01_LV_NE,REG,1,NE,missed,40.0,,0.0,1.0,A.Borregales,00-0040200
2025_01_LV_NE,REG,1,NE,made,35.0,,0.0,1.0,A.Borregales,00-0040200
2025_01_LV_NE,REG,1,LV,missed,58.0,,0.0,1.0,D.Carlson,00-0034161
2025_01_LV_NE,REG,1,LV,,33.0,good,1.0,0.0,D.Carlson,00-0034161
2025_01_LV_NE,REG,1,LV,made,51.0,,0.0,1.0,D.Carlson,00-0034161
2025_01_LV_NE,REG,1,LV,made,40.0,,0.0,1.0,D.Carlson,00-0034161
2025_01_LV_NE,REG,1,NE,made,44.0,,0.0,1.0,A.Borregales,00-0040200
2025_01_MIA_IND,REG,1,IND,made,24.0,,0.0,1.0,S.Shrader,00-0039576
2025_01_MIA_IND,REG,1,IND,,33.0,good,1.0,0.0,S.Shrader,00-0039576
2025_01_MIA_IND,REG,1,IND,,33.0,good,1.0,0.0,S.Shrader,00-0039576
2025_01_MIA_IND,REG,1,IND,made,35.0,,0.0,1.0,S.Shrader,00-0039576
2025_01_MIA_IND,REG,1,IND,made,28.0,,0.0,1.0,S.Shrader,00-0039576
2025_01_MIA_IND,REG,1,IND,,33.0,good,1.0,0.0,S.Shrader,00-0039576
2025_01_MIA_IND,REG,1,IND,made,48.0,,0.0,1.0,S.Shrader,00-0039576
2025_01_MIN_CHI,REG,1,CHI,,33.0,good,1.0,0.0,C.Santos,00-0031203
2025_01_MIN_CHI,REG,1,MIN,made,31.0,,0.0,1.0,W.Reichard,00-0039404
2025_01_MIN_CHI,REG,1,CHI,made,42.0,,0.0,1.0,C.Santos,00-0031203
2025_01_MIN_CHI,REG,1,MIN,made,59.0,,0.0,1.0,W.Reichard,00-0039404
2025_01_MIN_CHI,REG,1,CHI,,33.0,good,1.0,0.0,C.Santos,00-0031203
2025_01_MIN_CHI,REG,1,CHI,missed,50.0,,0.0,1.0,C.Santos,00-0031203
2025_01_MIN_CHI,REG,1,MIN,,33.0,good,1.0,0.0,W.Reichard,00-0039404
2025_01_MIN_CHI,REG,1,CHI,,33.0,good,1.0,0.0,C.Santos,00-0031203
2025_01_NYG_WAS,REG,1,WAS,,33.0,good,1.0,0.0,M.Gay,00-0035269
2025_01_NYG_WAS,REG,1,NYG,made,21.0,,0.0,1.0,G.Gano,00-0026858
2025_01_NYG_WAS,REG,1,WAS,,33.0,good,1.0,0.0,M.Gay,00-0035269
2025_01_NYG_WAS,REG,1,NYG,made,55.0,,0.0,1.0,G.Gano,00-0026858
2025_01_NYG_WAS,REG,1,WAS,,33.0,good,1.0,0.0,M.Gay,00-0035269
2025_01_PIT_NYJ,REG,1,NYJ,made,35.0,,0.0,1.0,N.Folk,00-0025565
2025_01_PIT_NYJ,REG,1,PIT,,33.0,good,1.0,0.0,C.Boswell,00-0031136
2025_01_PIT_NYJ,REG,1,PIT,made,56.0,,0.0,1.0,C.Boswell,00-0031136
2025_01_PIT_NYJ,REG,1,NYJ,,33.0,good,1.0,0.0,N.Folk,00-0025565
2025_01_PIT_NYJ,REG,1,NYJ,made,51.0,,0.0,1.0,N.Folk,00-0025565
2025_01_PIT_NYJ,REG,1,PIT,,33.0,good,1.0,0.0,C.Boswell,00-0031136
2025_01_PIT_NYJ,REG,1,NYJ,,33.0,good,1.0,0.0,N.Folk,00-0025565
2025_01_PIT_NYJ,REG,1,PIT,,33.0,good,1.0,0.0,C.Boswell,00-0031136
2025_01_PIT_NYJ,REG,1,PIT,,33.0,good,1.0,0.0,C.Boswell,00-0031136
2025_01_PIT_NYJ,REG,1,PIT,made,60.0,,0.0,1.0,C.Boswell,00-0031136
2025_01_SF_SEA,REG,1,SF,,33.0,good,1.0,0.0,J.Moody,00-0038562
2025_01_SF_SEA,REG,1,SEA,,33.0,good,1.0,0.0,J.Myers,00-0031492
2025_01_SF_SEA,REG,1,SF,missed,27.0,,0.0,1.0,J.Moody,00-0038562
2025_01_SF_SEA,REG,1,SEA,made,48.0,,0.0,1.0,J.Myers,00-0031492
2025_01_SF_SEA,REG,1,SF,blocked,36.0,,0.0,1.0,J.Moody,00-0038562
2025_01_SF_SEA,REG,1,SF,made,32.0,,0.0,1.0,J.Moody,00-0038562
2025_01_SF_SEA,REG,1,SEA,made,37.0,,0.0,1.0,J.Myers,00-0031492
2025_01_SF_SEA,REG,1,SF,,33.0,good,1.0,0.0,J.Moody,00-0038562
2025_01_TB_ATL,REG,1,ATL,,33.0,good,1.0,0.0,Y.Koo,00-0033702
2025_01_TB_ATL,REG,1,TB,made,48.0,,0.0,1.0,C.McLaughlin,00-0035358
2025_01_TB_ATL,REG,1,TB,,33.0,good,1.0,0.0,C.McLaughlin,00-0035358
2025_01_TB_ATL,REG,1,ATL,made,41.0,,0.0,1.0,Y.Koo,00-0033702
2025_01_TB_ATL,REG,1,TB,missed,44.0,,0.0,1.0,C.McLaughlin,00-0035358
2025_01_TB_ATL,REG,1,TB,,33.0,good,1.0,0.0,C.McLaughlin,00-0035358
2025_01_TB_ATL,REG,1,ATL,made,36.0,,0.0,1.0,Y.Koo,00-0033702
2025_01_TB_ATL,REG,1,ATL,,33.0,good,1.0,0.0,Y.Koo,00-0033702
2025_01_TB_ATL,REG,1,TB,,33.0,failed,1.0,0.0,C.McLaughlin,00-0035358
2025_01_TB_ATL,REG,1,ATL,missed,44.0,,0.0,1.0,Y.Koo,00-0033702
2025_01_TEN_DEN,REG,1,TEN,made,50.0,,0.0,1.0,J.Slye,00-0035192
2025_01_TEN_DEN,REG,1,DEN,made,39.0,,0.0,1.0,W.Lutz,00-0032569
2025_01_TEN_DEN,REG,1,TEN,made,33.0,,0.0,1.0,J.Slye,00-0035192
2025_01_TEN_DEN,REG,1,DEN,,33.0,good,1.0,0.0,W.Lutz,00-0032569
2025_01_TEN_DEN,REG,1,TEN,made,42.0,,0.0,1.0,J.Slye,00-0035192
2025_01_TEN_DEN,REG,1,TEN,made,35.0,,0.0,1.0,J.Slye,00-0035192
2025_01_TEN_DEN,REG,1,DEN,made,33.0,,0.0,1.0,W.Lutz,00-0032569
2025_01_TEN_DEN,REG,1,DEN,,33.0,good,1.0,0.0,W.Lutz,00-0032569
2025_02_ATL_MIN,REG,2,ATL,made,38.0,,0.0,1.0,J.Romo,00-0037542
2025_02_ATL_MIN,REG,2,ATL,made,29.0,,0.0,1.0,J.Romo,00-0037542
2025_02_ATL_MIN,REG,2,MIN,made,33.0,,0.0,1.0,W.Reichard,00-0039404
2025_02_ATL_MIN,REG,2,ATL,made,33.0,,0.0,1.0,J.Romo,00-0037542
2025_02_ATL_MIN,REG,2,MIN,made,51.0,,0.0,1.0,W.Reichard,00-0039404
2025_02_ATL_MIN,REG,2,ATL,made,33.0,,0.0,1.0,J.Romo,00-0037542
2025_02_ATL_MIN,REG,2,ATL,made,54.0,,0.0,1.0,J.Romo,00-0037542
2025_02_ATL_MIN,REG,2,ATL,,33.0,good,1.0,0.0,J.Romo,00-0037542
2025_02_BUF_NYJ,REG,2,BUF,,33.0,good,1.0,0.0,M.Prater,00-0023853
2025_02_BUF_NYJ,REG,2,BUF,made,28.0,,0.0,1.0,M.Prater,00-0023853
2025_02_BUF_NYJ,REG,2,BUF,made,52.0,,0.0,1.0,M.Prater,00-0023853
2025_02_BUF_NYJ,REG,2,BUF,,33.0,good,1.0,0.0,M.Prater,00-0023853
2025_02_BUF_NYJ,REG,2,NYJ,made,51.0,,0.0,1.0,N.Folk,00-0025565
2025_02_BUF_NYJ,REG,2,BUF,made,33.0,,0.0,1.0,M.Prater,00-0023853
2025_02_BUF_NYJ,REG,2,BUF,,33.0,good,1.0,0.0,M.Prater,00-0023853
2025_02_BUF_NYJ,REG,2,NYJ,,33.0,good,1.0,0.0,N.Folk,00-0025565
2025_02_CAR_ARI,REG,2,ARI,,33.0,good,1.0,0.0,C.Ryland,00-0038567
2025_02_CAR_ARI,REG,2,ARI,made,29.0,,0.0,1.0,C.Ryland,00-0038567
2025_02_CAR_ARI,REG,2,CAR,made,27.0,,0.0,1.0,R.Fitzgerald,00-0040279
2025_02_CAR_ARI,REG,2,ARI,made,47.0,,0.0,1.0,C.Ryland,00-0038567
2025_02_CAR_ARI,REG,2,ARI,,33.0,good,1.0,0.0,C.Ryland,00-0038567
2025_02_CAR_ARI,REG,2,ARI,,33.0,good,1.0,0.0,C.Ryland,00-0038567
2025_02_CAR_ARI,REG,2,CAR,,33.0,good,1.0,0.0,R.Fitzgerald,00-0040279
2025_02_CHI_DET,REG,2,DET,,33.0,good,1.0,0.0,J.Bates,00-0039172
2025_02_CHI_DET,REG,2,CHI,,33.0,good,1.0,0.0,C.Santos,00-0031203
2025_02_CHI_DET,REG,2,DET,,33.0,good,1.0,0.0,J.Bates,00-0039172
2025_02_CHI_DET,REG,2,DET,missed,55.0,,0.0,1.0,J.Bates,00-0039172
2025_02_CHI_DET,REG,2,DET,,33.0,good,1.0,0.0,J.Bates,00-0039172
2025_02_CHI_DET,REG,2,CHI,,33.0,good,1.0,0.0,C.Santos,00-0031203
2025_02_CHI_DET,REG,2,DET,,33.0,good,1.0,0.0,J.Bates,00-0039172
2025_02_CHI_DET,REG,2,DET,made,34.0,,0.0,1.0,J.Bates,00-0039172
2025_02_CHI_DET,REG,2,DET,,33.0,good,1.0,0.0,J.Bates,00-0039172
2025_02_CHI_DET,REG,2,DET,,33.0,good,1.0,0.0,J.Bates,00-0039172
2025_02_CHI_DET,REG,2,CHI,,33.0,good,1.0,0.0,C.Santos,00-0031203
2025_02_CHI_DET,REG,2,DET,,33.0,good,1.0,0.0,J.Bates,00-0039172
2025_02_CLE_BAL,REG,2,BAL,made,43.0,,0.0,1.0,T.Loop,00-0040074
2025_02_CLE_BAL,REG,2,BAL,,33.0,good,1.0,0.0,T.Loop,00-0040074
2025_02_CLE_BAL,REG,2,CLE,made,38.0,,0.0,1.0,A.Szmyt,00-0038428
2025_02_CLE_BAL,REG,2,BAL,made,32.0,,0.0,1.0,T.Loop,00-0040074
2025_02_CLE_BAL,REG,2,BAL,,33.0,good,1.0,0.0,T.Loop,00-0040074
2025_02_CLE_BAL,REG,2,CLE,,33.0,good,1.0,0.0,A.Szmyt,00-0038428
2025_02_CLE_BAL,REG,2,BAL,,33.0,good,1.0,0.0,T.Loop,00-0040074
2025_02_CLE_BAL,REG,2,BAL,,33.0,good,1.0,0.0,T.Loop,00-0040074
2025_02_CLE_BAL,REG,2,BAL,,33.0,good,1.0,0.0,T.Loop,00-0040074
2025_02_CLE_BAL,REG,2,CLE,,33.0,good,1.0,0.0,A.Szmyt,00-0038428
2025_02_DEN_IND,REG,2,IND,made,29.0,,0.0,1.0,S.Shrader,00-0039576
2025_02_DEN_IND,REG,2,DEN,,33.0,good,1.0,0.0,W.Lutz,00-0032569
2025_02_DEN_IND,REG,2,IND,made,33.0,,0.0,1.0,S.Shrader,00-0039576
2025_02_DEN_IND,REG,2,IND,,33.0,good,1.0,0.0,S.Shrader,00-0039576
2025_02_DEN_IND,REG,2,DEN,,33.0,good,1.0,0.0,W.Lutz,00-0032569
2025_02_DEN_IND,REG,2,DEN,,33.0,good,1.0,0.0,W.Lutz,00-0032569
2025_02_DEN_IND,REG,2,IND,,33.0,good,1.0,0.0,S.Shrader,00-0039576
2025_02_DEN_IND,REG,2,DEN,,33.0,good,1.0,0.0,W.Lutz,00-0032569
2025_02_DEN_IND,REG,2,IND,made,36.0,,0.0,1.0,S.Shrader,00-0039576
2025_02_DEN_IND,REG,2,IND,made,28.0,,0.0,1.0,S.Shrader,00-0039576
2025_02_DEN_IND,REG,2,DEN,missed,42.0,,0.0,1.0,W.Lutz,00-0032569
2025_02_DEN_IND,REG,2,IND,made,45.0,,0.0,1.0,S.Shrader,00-0039576
2025_02_JAX_CIN,REG,2,JAX,,33.0,good,1.0,0.0,C.Little,00-0039409
2025_02_JAX_CIN,REG,2,CIN,,33.0,good,1.0,0.0,E.McPherson,00-0036854
2025_02_JAX_CIN,REG,2,JAX,,33.0,good,1.0,0.0,C.Little,00-0039409
2025_02_JAX_CIN,REG,2,CIN,made,31.0,,0.0,1.0,E.McPherson,00-0036854
2025_02_JAX_CIN,REG,2,JAX,made,42.0,,0.0,1.0,C.Little,00-0039409
2025_02_JAX_CIN,REG,2,CIN,,33.0,good,1.0,0.0,E.McPherson,00-0036854
2025_02_JAX_CIN,REG,2,JAX,,33.0,good,1.0,0.0,C.Little,00-0039409
2025_02_JAX_CIN,REG,2,CIN,,33.0,good,1.0,0.0,E.McPherson,00-0036854
2025_02_JAX_CIN,REG,2,JAX,made,25.0,,0.0,1.0,C.Little,00-0039409
2025_02_JAX_CIN,REG,2,CIN,,33.0,good,1.0,0.0,E.McPherson,00-0036854
2025_02_LAC_LV,REG,2,LAC,made,38.0,,0.0,1.0,C.Dicker,00-0037224
2025_02_LAC_LV,REG,2,LV,made,54.0,,0.0,1.0,D.Carlson,00-0034161
2025_02_LAC_LV,REG,2,LAC,,33.0,good,1.0,0.0,C.Dicker,00-0037224
2025_02_LAC_LV,REG,2,LV,made,40.0,,0.0,1.0,D.Carlson,00-0034161
2025_02_LAC_LV,REG,2,LAC,,33.0,good,1.0,0.0,C.Dicker,00-0037224
2025_02_LAC_LV,REG,2,LAC,made,20.0,,0.0,1.0,C.Dicker,00-0037224
2025_02_LAC_LV,REG,2,LV,made,37.0,,0.0,1.0,D.Carlson,00-0034161
2025_02_LA_TEN,REG,2,LAR,,33.0,good,1.0,0.0,J.Karty,00-0039750
2025_02_LA_TEN,REG,2,TEN,made,55.0,,0.0,1.0,J.Slye,00-0035192
2025_02_LA_TEN,REG,2,LAR,made,21.0,,0.0,1.0,J.Karty,00-0039750
2025_02_LA_TEN,REG,2,TEN,,33.0,good,1.0,0.0,J.Slye,00-0035192
2025_02_LA_TEN,REG,2,TEN,made,37.0,,0.0,1.0,J.Slye,00-0035192
2025_02_LA_TEN,REG,2,LAR,made,21.0,,0.0,1.0,J.Karty,00-0039750
2025_02_LA_TEN,REG,2,TEN,made,57.0,,0.0,1.0,J.Slye,00-0035192
2025_02_LA_TEN,REG,2,LAR,,33.0,good,1.0,0.0,J.Karty,00-0039750
2025_02_LA_TEN,REG,2,LAR,,33.0,good,1.0,0.0,J.Karty,00-0039750
2025_02_LA_TEN,REG,2,LAR,,33.0,blocked,1.0,0.0,J.Karty,00-0039750
2025_02_LA_TEN,REG,2,TEN,made,35.0,,0.0,1.0,J.Slye,00-0035192
2025_02_NE_MIA,REG,2,NE,,33.0,failed,1.0,0.0,A.Borregales,00-0040200
2025_02_NE_MIA,REG,2,NE,,33.0,failed,1.0,0.0,A.Borregales,00-0040200
2025_02_NE_MIA,REG,2,MIA,,33.0,good,1.0,0.0,R.Patterson,00-0036816
2025_02_NE_MIA,REG,2,NE,made,22.0,,0.0,1.0,A.Borregales,00-0040200
2025_02_NE_MIA,REG,2,MIA,,38.0,good,1.0,0.0,R.Patterson,00-0036816
2025_02_NE_MIA,REG,2,MIA,made,40.0,,0.0,1.0,R.Patterson,00-0036816
2025_02_NE_MIA,REG,2,MIA,made,44.0,,0.0,1.0,R.Patterson,00-0036816
2025_02_NE_MIA,REG,2,MIA,,33.0,good,1.0,0.0,R.Patterson,00-0036816
2025_02_NE_MIA,REG,2,NE,,33.0,good,1.0,0.0,A.Borregales,00-0040200
2025_02_NE_MIA,REG,2,NE,made,53.0,,0.0,1.0,A.Borregales,00-0040200
2025_02_NYG_DAL,REG,2,NYG,made,38.0,,0.0,1.0,G.Gano,00-0026858
2025_02_NYG_DAL,REG,2,NYG,made,33.0,,0.0,1.0,G.Gano,00-0026858
2025_02_NYG_DAL,REG,2,DAL,made,51.0,,0.0,1.0,B.Aubrey,00-0037692
2025_02_NYG_DAL,REG,2,NYG,,33.0,good,1.0,0.0,G.Gano,00-0026858
2025_02_NYG_DAL,REG,2,DAL,,33.0,good,1.0,0.0,B.Aubrey,00-0037692
2025_02_NYG_DAL,REG,2,DAL,,33.0,good,1.0,0.0,B.Aubrey,00-0037692
2025_02_NYG_DAL,REG,2,NYG,made,33.0,,0.0,1.0,G.Gano,00-0026858
2025_02_NYG_DAL,REG,2,DAL,made,44.0,,0.0,1.0,B.Aubrey,00-0037692
2025_02_NYG_DAL,REG,2,NYG,,33.0,good,1.0,0.0,G.Gano,00-0026858
2025_02_NYG_DAL,REG,2,DAL,,33.0,good,1.0,0.0,B.Aubrey,00-0037692
2025_02_NYG_DAL,REG,2,NYG,,33.0,good,1.0,0.0,G.Gano,00-0026858
2025_02_NYG_DAL,REG,2,DAL,,33.0,good,1.0,0.0,B.Aubrey,00-0037692
2025_02_NYG_DAL,REG,2,NYG,,33.0,good,1.0,0.0,G.Gano,00-0026858
2025_02_NYG_DAL,REG,2,DAL,made,64.0,,0.0,1.0,B.Aubrey,00-0037692
2025_02_NYG_DAL,REG,2,DAL,made,46.0,,0.0,1.0,B.Aubrey,00-0037692
2025_02_PHI_KC,REG,2,KC,missed,58.0,,0.0,1.0,H.Butker,00-0033303
2025_02_PHI_KC,REG,2,PHI,,33.0,good,1.0,0.0,J.Elliott,00-0033787
2025_02_PHI_KC,REG,2,KC,made,56.0,,0.0,1.0,H.Butker,00-0033303
2025_02_PHI_KC,REG,2,KC,,33.0,good,1.0,0.0,H.Butker,00-0033303
2025_02_PHI_KC,REG,2,PHI,made,58.0,,0.0,1.0,J.Elliott,00-0033787
2025_02_PHI_KC,REG,2,PHI,made,51.0,,0.0,1.0,J.Elliott,00-0033787
2025_02_PHI_KC,REG,2,PHI,,33.0,good,1.0,0.0,J.Elliott,00-0033787
2025_02_PHI_KC,REG,2,KC,,33.0,good,1.0,0.0,H.Butker,00-0033303
2025_02_SEA_PIT,REG,2,SEA,,33.0,good,1.0,0.0,J.Myers,00-0031492
2025_02_SEA_PIT,REG,2,PIT,made,48.0,,0.0,1.0,C.Boswell,00-0031136
2025_02_SEA_PIT,REG,2,PIT,made,48.0,,0.0,1.0,C.Boswell,00-0031136
2025_02_SEA_PIT,REG,2,SEA,missed,36.0,,0.0,1.0,J.Myers,00-0031492
2025_02_SEA_PIT,REG,2,SEA,,33.0,good,1.0,0.0,J.Myers,00-0031492
2025_02_SEA_PIT,REG,2,SEA,made,54.0,,0.0,1.0,J.Myers,00-0031492
2025_02_SEA_PIT,REG,2,SEA,,33.0,good,1.0,0.0,J.Myers,00-0031492
2025_02_SEA_PIT,REG,2,PIT,made,45.0,,0.0,1.0,C.Boswell,00-0031136
2025_02_SEA_PIT,REG,2,SEA,,33.0,good,1.0,0.0,J.Myers,00-0031492
2025_02_SF_NO,REG,2,NO,missed,40.0,,0.0,1.0,B.Grupe,00-0038905
2025_02_SF_NO,REG,2,SF,,33.0,failed,1.0,0.0,E.Pineiro,00-0034173
2025_02_SF_NO,REG,2,SF,made,44.0,,0.0,1.0,E.Pineiro,00-0034173
2025_02_SF_NO,REG,2,NO,,33.0,good,1.0,0.0,B.Grupe,00-0038905
2025_02_SF_NO,REG,2,SF,,33.0,good,1.0,0.0,E.Pineiro,00-0034173
2025_02_SF_NO,REG,2,NO,,33.0,good,1.0,0.0,B.Grupe,00-0038905
2025_02_SF_NO,REG,2,SF,made,46.0,,0.0,1.0,E.Pineiro,00-0034173
2025_02_SF_NO,REG,2,SF,,33.0,good,1.0,0.0,E.Pineiro,00-0034173
2025_02_SF_NO,REG,2,NO,,33.0,good,1.0,0.0,B.Grupe,00-0038905
2025_02_TB_HOU,REG,2,HOU,,33.0,good,1.0,0.0,K.Fairbairn,00-0032726
2025_02_TB_HOU,REG,2,TB,,33.0,good,1.0,0.0,C.McLaughlin,00-0035358
2025_02_TB_HOU,REG,2,HOU,made,35.0,,0.0,1.0,K.Fairbairn,00-0032726
2025_02_TB_HOU,REG,2,TB,,33.0,good,1.0,0.0,C.McLaughlin,00-0035358
2025_02_TB_HOU,REG,2,TB,missed,38.0,,0.0,1.0,C.McLaughlin,00-0035358
2025_02_TB_HOU,REG,2,HOU,made,53.0,,0.0,1.0,K.Fairbairn,00-0032726
2025_02_WAS_GB,REG,2,GB,,33.0,good,1.0,0.0,B.McManus,00-0029822
2025_02_WAS_GB,REG,2,GB,,33.0,good,1.0,0.0,B.McManus,00-0029822
2025_02_WAS_GB,REG,2,WAS,made,51.0,,0.0,1.0,M.Gay,00-0035269
2025_02_WAS_GB,REG,2,WAS,missed,58.0,,0.0,1.0,M.Gay,00-0035269
2025_02_WAS_GB,REG,2,GB,missed,48.0,,0.0,1.0,B.McManus,00-0029822
2025_02_WAS_GB,REG,2,WAS,missed,52.0,,0.0,1.0,M.Gay,00-0035269
2025_02_WAS_GB,REG,2,GB,made,22.0,,0.0,1.0,B.McManus,00-0029822
2025_02_WAS_GB,REG,2,WAS,,33.0,good,1.0,0.0,M.Gay,00-0035269
2025_02_WAS_GB,REG,2,GB,,33.0,good,1.0,0.0,B.McManus,00-0029822
2025_02_WAS_GB,REG,2,GB,made,56.0,,0.0,1.0,B.McManus,00-0029822
2025_03_ARI_SF,REG,3,ARI,missed,57.0,,0.0,1.0,C.Ryland,00-0038567
2025_03_ARI_SF,REG,3,ARI,made,34.0,,0.0,1.0,C.Ryland,00-0038567
2025_03_ARI_SF,REG,3,SF,made,38.0,,0.0,1.0,E.Pineiro,00-0034173
2025_03_ARI_SF,REG,3,SF,made,51.0,,0.0,1.0,E.Pineiro,00-0034173
2025_03_ARI_SF,REG,3,ARI,made,28.0,,0.0,1.0,C.Ryland,00-0038567
2025_03_ARI_SF,REG,3,SF,,33.0,good,1.0,0.0,E.Pineiro,00-0034173
2025_03_ARI_SF,REG,3,ARI,,33.0,good,1.0,0.0,C.Ryland,00-0038567
2025_03_ARI_SF,REG,3,SF,made,35.0,,0.0,1.0,E.Pineiro,00-0034173
2025_03_ATL_CAR,REG,3,ATL,missed,49.0,,0.0,1.0,J.Romo,00-0037542
2025_03_ATL_CAR,REG,3,CAR,,33.0,good,1.0,0.0,R.Fitzgerald,00-0040279
2025_03_ATL_CAR,REG,3,ATL,missed,55.0,,0.0,1.0,J.Romo,00-0037542
2025_03_ATL_CAR,REG,3,CAR,made,57.0,,0.0,1.0,R.Fitzgerald,00-0040279
2025_03_ATL_CAR,REG,3,CAR,,48.0,good,1.0,0.0,R.Fitzgerald,00-0040279
2025_03_ATL_CAR,REG,3,CAR,made,35.0,,0.0,1.0,R.Fitzgerald,00-0040279
2025_03_ATL_CAR,REG,3,CAR,,33.0,good,1.0,0.0,R.Fitzgerald,00-0040279
2025_03_ATL_CAR,REG,3,CAR,made,41.0,,0.0,1.0,R.Fitzgerald,00-0040279
2025_03_CIN_MIN,REG,3,MIN,,33.0,good,1.0,0.0,W.Reichard,00-0039404
2025_03_CIN_MIN,REG,3,MIN,,33.0,good,1.0,0.0,W.Reichard,00-0039404
2025_03_CIN_MIN,REG,3,MIN,made,35.0,,0.0,1.0,W.Reichard,00-0039404
2025_03_CIN_MIN,REG,3,CIN,made,45.0,,0.0,1.0,E.McPherson,00-0036854
2025_03_CIN_MIN,REG,3,MIN,,33.0,good,1.0,0.0,W.Reichard,00-0039404
2025_03_CIN_MIN,REG,3,MIN,,33.0,good,1.0,0.0,W.Reichard,00-0039404
2025_03_CIN_MIN,REG,3,MIN,made,62.0,,0.0,1.0,W.Reichard,00-0039404
2025_03_CIN_MIN,REG,3,MIN,,33.0,good,1.0,0.0,W.Reichard,00-0039404
2025_03_CIN_MIN,REG,3,MIN,,33.0,good,1.0,0.0,W.Reichard,00-0039404
2025_03_CIN_MIN,REG,3,CIN,,33.0,good,1.0,0.0,E.McPherson,00-0036854
2025_03_DAL_CHI,REG,3,CHI,,33.0,good,1.0,0.0,C.Santos,00-0031203
2025_03_DAL_CHI,REG,3,DAL,made,53.0,,0.0,1.0,B.Aubrey,00-0037692
2025_03_DAL_CHI,REG,3,CHI,,33.0,good,1.0,0.0,C.Santos,00-0031203
2025_03_DAL_CHI,REG,3,DAL,made,33.0,,0.0,1.0,B.Aubrey,00-0037692
2025_03_DAL_CHI,REG,3,CHI,made,30.0,,0.0,1.0,C.Santos,00-0031203
2025_03_DAL_CHI,REG,3,CHI,,33.0,good,1.0,0.0,C.Santos,00-0031203
2025_03_DAL_CHI,REG,3,CHI,,33.0,good,1.0,0.0,C.Santos,00-0031203
2025_03_DEN_LAC,REG,3,LAC,made,32.0,,0.0,1.0,C.Dicker,00-0037224
2025_03_DEN_LAC,REG,3,LAC,,33.0,good,1.0,0.0,C.Dicker,00-0037224
2025_03_DEN_LAC,REG,3,DEN,,33.0,good,1.0,0.0,W.Lutz,00-0032569
2025_03_DEN_LAC,REG,3,DEN,,33.0,good,1.0,0.0,W.Lutz,00-0032569
2025_03_DEN_LAC,REG,3,DEN,made,42.0,,0.0,1.0,W.Lutz,00-0032569
2025_03_DEN_LAC,REG,3,LAC,made,24.0,,0.0,1.0,C.Dicker,00-0037224
2025_03_DEN_LAC,REG,3,DEN,made,26.0,,0.0,1.0,W.Lutz,00-0032569
2025_03_DEN_LAC,REG,3,LAC,,33.0,good,1.0,0.0,C.Dicker,00-0037224
2025_03_DEN_LAC,REG,3,LAC,made,43.0,,0.0,1.0,C.Dicker,00-0037224
2025_03_DET_BAL,REG,3,DET,,33.0,good,1.0,0.0,J.Bates,00-0039172
2025_03_DET_BAL,REG,3,BAL,,33.0,good,1.0,0.0,T.Loop,00-0040074
2025_03_DET_BAL,REG,3,DET,,33.0,good,1.0,0.0,J.Bates,00-0039172
2025_03_DET_BAL,REG,3,BAL,,33.0,good,1.0,0.0,T.Loop,00-0040074
2025_03_DET_BAL,REG,3,DET,missed,67.0,,0.0,1.0,J.Bates,00-0039172
2025_03_DET_BAL,REG,3,BAL,,33.0,good,1.0,0.0,T.Loop,00-0040074
2025_03_DET_BAL,REG,3,DET,,33.0,good,1.0,0.0,J.Bates,00-0039172
2025_03_DET_BAL,REG,3,DET,,33.0,good,1.0,0.0,J.Bates,00-0039172
2025_03_DET_BAL,REG,3,BAL,made,41.0,,0.0,1.0,T.Loop,00-0040074
2025_03_DET_BAL,REG,3,DET,made,45.0,,0.0,1.0,J.Bates,00-0039172
2025_03_DET_BAL,REG,3,DET,,33.0,good,1.0,0.0,J.Bates,00-0039172
2025_03_GB_CLE,REG,3,GB,made,39.0,,0.0,1.0,B.McManus,00-0029822
2025_03_GB_CLE,REG,3,GB,,33.0,good,1.0,0.0,B.McManus,00-0029822
2025_03_GB_CLE,REG,3,CLE,made,35.0,,0.0,1.0,A.Szmyt,00-0038428
2025_03_GB_CLE,REG,3,CLE,,33.0,good,1.0,0.0,A.Szmyt,00-0038428
2025_03_GB_CLE,REG,3,GB,blocked,43.0,,0.0,1.0,B.McManus,00-0029822
2025_03_GB_CLE,REG,3,CLE,made,55.0,,0.0,1.0,A.Szmyt,00-0038428
2025_03_HOU_JAX,REG,3,HOU,missed,52.0,,0.0,1.0,K.Fairbairn,00-0032726
2025_03_HOU_JAX,REG,3,JAX,,33.0,good,1.0,0.0,C.Little,00-0039409
2025_03_HOU_JAX,REG,3,HOU,made,27.0,,0.0,1.0,K.Fairbairn,00-0032726
2025_03_HOU_JAX,REG,3,JAX,made,39.0,,0.0,1.0,C.Little,00-0039409
2025_03_HOU_JAX,REG,3,JAX,missed,47.0,,0.0,1.0,C.Little,00-0039409
2025_03_HOU_JAX,REG,3,HOU,,33.0,good,1.0,0.0,K.Fairbairn,00-0032726
2025_03_HOU_JAX,REG,3,JAX,,33.0,good,1.0,0.0,C.Little,00-0039409
2025_03_IND_TEN,REG,3,IND,,33.0,good,1.0,0.0,S.Shrader,00-0039576
2025_03_IND_TEN,REG,3,TEN,made,57.0,,0.0,1.0,J.Slye,00-0035192
2025_03_IND_TEN,REG,3,IND,made,24.0,,0.0,1.0,S.Shrader,00-0039576
2025_03_IND_TEN,REG,3,IND,,33.0,good,1.0,0.0,S.Shrader,00-0039576
2025_03_IND_TEN,REG,3,TEN,made,42.0,,0.0,1.0,J.Slye,00-0035192
2025_03_IND_TEN,REG,3,TEN,missed,64.0,,0.0,1.0,J.Slye,00-0035192
2025_03_IND_TEN,REG,3,IND,missed,51.0,,0.0,1.0,S.Shrader,00-0039576
2025_03_IND_TEN,REG,3,TEN,blocked,62.0,,0.0,1.0,J.Slye,00-0035192
2025_03_IND_TEN,REG,3,IND,made,36.0,,0.0,1.0,S.Shrader,00-0039576
2025_03_IND_TEN,REG,3,IND,,33.0,good,1.0,0.0,S.Shrader,00-0039576
2025_03_IND_TEN,REG,3,TEN,,33.0,good,1.0,0.0,J.Slye,00-0035192
2025_03_IND_TEN,REG,3,IND,,33.0,good,1.0,0.0,S.Shrader,00-0039576
2025_03_IND_TEN,REG,3,TEN,,33.0,good,1.0,0.0,J.Slye,00-0035192
2025_03_IND_TEN,REG,3,IND,,33.0,good,1.0,0.0,S.Shrader,00-0039576
2025_03_KC_NYG,REG,3,KC,made,54.0,,0.0,1.0,H.Butker,00-0033303
2025_03_KC_NYG,REG,3,KC,made,48.0,,0.0,1.0,H.Butker,00-0033303
2025_03_KC_NYG,REG,3,KC,missed,40.0,,0.0,1.0,H.Butker,00-0033303
2025_03_KC_NYG,REG,3,NYG,,33.0,blocked,1.0,0.0,J.Gillan,00-0035042
2025_03_KC_NYG,REG,3,KC,made,28.0,,0.0,1.0,H.Butker,00-0033303
2025_03_KC_NYG,REG,3,KC,,33.0,good,1.0,0.0,H.Butker,00-0033303
2025_03_KC_NYG,REG,3,NYG,made,25.0,,0.0,1.0,G.Gano,00-0026858
2025_03_KC_NYG,REG,3,KC,,48.0,failed,1.0,0.0,H.Butker,00-0033303
2025_03_LA_PHI,REG,3,PHI,,33.0,good,1.0,0.0,J.Elliott,00-0033787
2025_03_LA_PHI,REG,3,LAR,made,51.0,,0.0,1.0,J.Karty,00-0039750
2025_03_LA_PHI,REG,3,LAR,,33.0,good,1.0,0.0,J.Karty,00-0039750
2025_03_LA_PHI,REG,3,LAR,made,28.0,,0.0,1.0,J.Karty,00-0039750
2025_03_LA_PHI,REG,3,LAR,made,33.0,,0.0,1.0,J.Karty,00-0039750
2025_03_LA_PHI,REG,3,LAR,made,46.0,,0.0,1.0,J.Karty,00-0039750
2025_03_LA_PHI,REG,3,LAR,,33.0,good,1.0,0.0,J.Karty,00-0039750
2025_03_LA_PHI,REG,3,PHI,,33.0,good,1.0,0.0,J.Elliott,00-0033787
2025_03_LA_PHI,REG,3,PHI,,33.0,good,1.0,0.0,J.Elliott,00-0033787
2025_03_LA_PHI,REG,3,LAR,blocked,36.0,,0.0,1.0,J.Karty,00-0039750
2025_03_LA_PHI,REG,3,LAR,blocked,44.0,,0.0,1.0,J.Karty,00-0039750
2025_03_LV_WAS,REG,3,WAS,,33.0,good,1.0,0.0,M.Gay,00-0035269
2025_03_LV_WAS,REG,3,LV,made,37.0,,0.0,1.0,D.Carlson,00-0034161
2025_03_LV_WAS,REG,3,WAS,missed,37.0,,0.0,1.0,M.Gay,00-0035269
2025_03_LV_WAS,REG,3,WAS,made,46.0,,0.0,1.0,M.Gay,00-0035269
2025_03_LV_WAS,REG,3,LV,,33.0,good,1.0,0.0,D.Carlson,00-0034161
2025_03_LV_WAS,REG,3,WAS,,33.0,good,1.0,0.0,M.Gay,00-0035269
2025_03_LV_WAS,REG,3,WAS,made,56.0,,0.0,1.0,M.Gay,00-0035269
2025_03_LV_WAS,REG,3,WAS,,25.0,good,1.0,0.0,M.Gay,00-0035269
2025_03_LV_WAS,REG,3,WAS,,33.0,good,1.0,0.0,M.Gay,00-0035269
2025_03_LV_WAS,REG,3,WAS,,33.0,good,1.0,0.0,M.Gay,00-0035269
2025_03_MIA_BUF,REG,3,MIA,,33.0,good,1.0,0.0,R.Patterson,00-0036816
2025_03_MIA_BUF,REG,3,BUF,,33.0,good,1.0,0.0,M.Prater,00-0023853
2025_03_MIA_BUF,REG,3,BUF,,33.0,good,1.0,0.0,M.Prater,00-0023853
2025_03_MIA_BUF,REG,3,BUF,missed,39.0,,0.0,1.0,M.Prater,00-0023853
2025_03_MIA_BUF,REG,3,MIA,,33.0,good,1.0,0.0,R.Patterson,00-0036816
2025_03_MIA_BUF,REG,3,BUF,,33.0,good,1.0,0.0,M.Prater,00-0023853
2025_03_MIA_BUF,REG,3,MIA,,33.0,good,1.0,0.0,R.Patterson,00-0036816
2025_03_MIA_BUF,REG,3,BUF,,33.0,good,1.0,0.0,M.Prater,00-0023853
2025_03_MIA_BUF,REG,3,BUF,made,48.0,,0.0,1.0,M.Prater,00-0023853
2025_03_NO_SEA,REG,3,SEA,,33.0,good,1.0,0.0,J.Myers,00-0031492
2025_03_NO_SEA,REG,3,SEA,,33.0,good,1.0,0.0,J.Myers,00-0031492
2025_03_NO_SEA,REG,3,SEA,,33.0,good,1.0,0.0,J.Myers,00-0031492
2025_03_NO_SEA,REG,3,NO,made,27.0,,0.0,1.0,B.Grupe,00-0038905
2025_03_NO_SEA,REG,3,SEA,,33.0,good,1.0,0.0,J.Myers,00-0031492
2025_03_NO_SEA,REG,3,SEA,,33.0,good,1.0,0.0,J.Myers,00-0031492
2025_03_NO_SEA,REG,3,NO,missed,52.0,,0.0,1.0,B.Grupe,00-0038905
2025_03_NO_SEA,REG,3,SEA,made,56.0,,0.0,1.0,J.Myers,00-0031492
2025_03_NO_SEA,REG,3,NO,made,23.0,,0.0,1.0,B.Grupe,00-0038905
2025_03_NO_SEA,REG,3,SEA,made,46.0,,0.0,1.0,J.Myers,00-0031492
2025_03_NO_SEA,REG,3,SEA,made,37.0,,0.0,1.0,J.Myers,00-0031492
2025_03_NO_SEA,REG,3,NO,,38.0,good,1.0,0.0,B.Grupe,00-0038905
2025_03_NYJ_TB,REG,3,NYJ,made,38.0,,0.0,1.0,N.Folk,00-0025565
2025_03_NYJ_TB,REG,3,TB,made,54.0,,0.0,1.0,C.McLaughlin,00-0035358
2025_03_NYJ_TB,REG,3,NYJ,made,42.0,,0.0,1.0,N.Folk,00-0025565
2025_03_NYJ_TB,REG,3,TB,,33.0,good,1.0,0.0,C.McLaughlin,00-0035358
2025_03_NYJ_TB,REG,3,TB,made,33.0,,0.0,1.0,C.McLaughlin,00-0035358
2025_03_NYJ_TB,REG,3,TB,,33.0,good,1.0,0.0,C.McLaughlin,00-0035358
2025_03_NYJ_TB,REG,3,TB,made,28.0,,0.0,1.0,C.McLaughlin,00-0035358
2025_03_NYJ_TB,REG,3,NYJ,,33.0,good,1.0,0.0,N.Folk,00-0025565
2025_03_NYJ_TB,REG,3,TB,made,55.0,,0.0,1.0,C.McLaughlin,00-0035358
2025_03_NYJ_TB,REG,3,NYJ,,33.0,good,1.0,0.0,N.Folk,00-0025565
2025_03_NYJ_TB,REG,3,TB,blocked,43.0,,0.0,1.0,C.McLaughlin,00-0035358
2025_03_NYJ_TB,REG,3,NYJ,,33.0,good,1.0,0.0,N.Folk,00-0025565
2025_03_NYJ_TB,REG,3,TB,made,36.0,,0.0,1.0,C.McLaughlin,00-0035358
2025_03_PIT_NE,REG,3,PIT,,33.0,good,1.0,0.0,C.Boswell,00-0031136
2025_03_PIT_NE,REG,3,PIT,,33.0,good,1.0,0.0,C.Boswell,00-0031136
2025_03_PIT_NE,REG,3,NE,,33.0,good,1.0,0.0,A.Borregales,00-0040200
2025_03_PIT_NE,REG,3,NE,,33.0,good,1.0,0.0,A.Borregales,00-0040200
2025_03_PIT_NE,REG,3,PIT,,33.0,good,1.0,0.0,C.Boswell,00-0031136
2025_04_BAL_KC,REG,4,BAL,,33.0,good,1.0,0.0,T.Loop,00-0040074
2025_04_BAL_KC,REG,4,KC,made,38.0,,0.0,1.0,H.Butker,00-0033303
2025_04_BAL_KC,REG,4,KC,made,23.0,,0.0,1.0,H.Butker,00-0033303
2025_04_BAL_KC,REG,4,KC,,33.0,good,1.0,0.0,H.Butker,00-0033303
2025_04_BAL_KC,REG,4,KC,,33.0,good,1.0,0.0,H.Butker,00-0033303
2025_04_BAL_KC,REG,4,KC,missed,56.0,,0.0,1.0,H.Butker,00-0033303
2025_04_BAL_KC,REG,4,BAL,made,43.0,,0.0,1.0,T.Loop,00-0040074
2025_04_BAL_KC,REG,4,KC,,33.0,good,1.0,0.0,H.Butker,00-0033303
2025_04_BAL_KC,REG,4,BAL,made,32.0,,0.0,1.0,T.Loop,00-0040074
2025_04_BAL_KC,REG,4,KC,made,31.0,,0.0,1.0,H.Butker,00-0033303
2025_04_BAL_KC,REG,4,KC,,33.0,good,1.0,0.0,H.Butker,00-0033303
2025_04_BAL_KC,REG,4,BAL,,33.0,good,1.0,0.0,T.Loop,00-0040074
2025_04_CAR_NE,REG,4,CAR,,33.0,failed,1.0,0.0,R.Fitzgerald,00-0040279
2025_04_CAR_NE,REG,4,NE,,33.0,good,1.0,0.0,A.Borregales,00-0040200
2025_04_CAR_NE,REG,4,NE,,33.0,good,1.0,0.0,A.Borregales,00-0040200
2025_04_CAR_NE,REG,4,CAR,missed,55.0,,0.0,1.0,R.Fitzgerald,00-0040279
2025_04_CAR_NE,REG,4,NE,,33.0,good,1.0,0.0,A.Borregales,00-0040200
2025_04_CAR_NE,REG,4,NE,,33.0,good,1.0,0.0,A.Borregales,00-0040200
2025_04_CAR_NE,REG,4,NE,,33.0,good,1.0,0.0,A.Borregales,00-0040200
2025_04_CAR_NE,REG,4,NE,,33.0,good,1.0,0.0,A.Borregales,00-0040200
2025_04_CAR_NE,REG,4,CAR,,33.0,good,1.0,0.0,R.Fitzgerald,00-0040279
2025_04_CHI_LV,REG,4,CHI,made,46.0,,0.0,1.0,C.Santos,00-0031203
2025_04_CHI_LV,REG,4,LV,,33.0,good,1.0,0.0,D.Carlson,00-0034161
2025_04_CHI_LV,REG,4,CHI,made,43.0,,0.0,1.0,C.Santos,00-0031203
2025_04_CHI_LV,REG,4,LV,,33.0,good,1.0,0.0,D.Carlson,00-0034161
2025_04_CHI_LV,REG,4,CHI,made,52.0,,0.0,1.0,C.Santos,00-0031203
2025_04_CHI_LV,REG,4,CHI,,33.0,good,1.0,0.0,C.Santos,00-0031203
2025_04_CHI_LV,REG,4,LV,,33.0,good,1.0,0.0,D.Carlson,00-0034161
2025_04_CHI_LV,REG,4,CHI,made,51.0,,0.0,1.0,C.Santos,00-0031203
2025_04_CHI_LV,REG,4,LV,made,29.0,,0.0,1.0,D.Carlson,00-0034161
2025_04_CHI_LV,REG,4,LV,blocked,54.0,,0.0,1.0,D.Carlson,00-0034161
2025_04_CIN_DEN,REG,4,CIN,made,26.0,,0.0,1.0,E.McPherson,00-0036854
2025_04_CIN_DEN,REG,4,DEN,,33.0,good,1.0,0.0,W.Lutz,00-0032569
2025_04_CIN_DEN,REG,4,DEN,,33.0,good,1.0,0.0,W.Lutz,00-0032569
2025_04_CIN_DEN,REG,4,DEN,,33.0,good,1.0,0.0,W.Lutz,00-0032569
2025_04_CIN_DEN,REG,4,DEN,,33.0,good,1.0,0.0,W.Lutz,00-0032569
2025_04_CLE_DET,REG,4,CLE,,33.0,good,1.0,0.0,A.Szmyt,00-0038428
2025_04_CLE_DET,REG,4,DET,,33.0,good,1.0,0.0,J.Bates,00-0039172
2025_04_CLE_DET,REG,4,DET,made,48.0,,0.0,1.0,J.Bates,00-0039172
2025_04_CLE_DET,REG,4,DET,,33.0,good,1.0,0.0,J.Bates,00-0039172
2025_04_CLE_DET,REG,4,DET,made,58.0,,0.0,1.0,J.Bates,00-0039172
2025_04_CLE_DET,REG,4,CLE,made,33.0,,0.0,1.0,A.Szmyt,00-0038428
2025_04_CLE_DET,REG,4,CLE,missed,56.0,,0.0,1.0,A.Szmyt,00-0038428
2025_04_CLE_DET,REG,4,DET,,33.0,good,1.0,0.0,J.Bates,00-0039172
2025_04_CLE_DET,REG,4,DET,,33.0,good,1.0,0.0,J.Bates,00-0039172
2025_04_GB_DAL,REG,4,GB,,33.0,good,1.0,0.0,B.McManus,00-0029822
2025_04_GB_DAL,REG,4,GB,,33.0,blocked,1.0,0.0,B.McManus,00-0029822
2025_04_GB_DAL,REG,4,DAL,,33.0,good,1.0,0.0,B.Aubrey,00-0037692
2025_04_GB_DAL,REG,4,DAL,,33.0,good,1.0,0.0,B.Aubrey,00-0037692
2025_04_GB_DAL,REG,4,GB,,33.0,good,1.0,0.0,B.McManus,00-0029822
2025_04_GB_DAL,REG,4,DAL,,33.0,good,1.0,0.0,B.Aubrey,00-0037692
2025_04_GB_DAL,REG,4,GB,,33.0,good,1.0,0.0,B.McManus,00-0029822
2025_04_GB_DAL,REG,4,DAL,,33.0,good,1.0,0.0,B.Aubrey,00-0037692
2025_04_GB_DAL,REG,4,GB,,33.0,good,1.0,0.0,B.McManus,00-0029822
2025_04_GB_DAL,REG,4,DAL,,33.0,good,1.0,0.0,B.Aubrey,00-0037692
2025_04_GB_DAL,REG,4,GB,made,53.0,,0.0,1.0,B.McManus,00-0029822
2025_04_GB_DAL,REG,4,DAL,made,22.0,,0.0,1.0,B.Aubrey,00-0037692
2025_04_GB_DAL,REG,4,GB,made,34.0,,0.0,1.0,B.McManus,00-0029822
2025_04_IND_LA,REG,4,LAR,made,42.0,,0.0,1.0,J.Karty,00-0039750
2025_04_IND_LA,REG,4,IND,made,52.0,,0.0,1.0,S.Shrader,00-0039576
2025_04_IND_LA,REG,4,IND,,33.0,good,1.0,0.0,S.Shrader,00-0039576
2025_04_IND_LA,REG,4,LAR,made,37.0,,0.0,1.0,J.Karty,00-0039750
2025_04_IND_LA,REG,4,LAR,,33.0,good,1.0,0.0,J.Karty,00-0039750
2025_04_IND_LA,REG,4,IND,,33.0,good,1.0,0.0,S.Shrader,00-0039576
2025_04_IND_LA,REG,4,IND,made,38.0,,0.0,1.0,S.Shrader,00-0039576
2025_04_IND_LA,REG,4,LAR,,33.0,good,1.0,0.0,J.Karty,00-0039750
2025_04_IND_LA,REG,4,LAR,,33.0,good,1.0,0.0,J.Karty,00-0039750
2025_04_JAX_SF,REG,4,SF,made,26.0,,0.0,1.0,E.Pineiro,00-0034173
2025_04_JAX_SF,REG,4,JAX,,33.0,good,1.0,0.0,C.Little,00-0039409
2025_04_JAX_SF,REG,4,JAX,,33.0,good,1.0,0.0,C.Little,00-0039409
2025_04_JAX_SF,REG,4,SF,made,23.0,,0.0,1.0,E.Pineiro,00-0034173
2025_04_JAX_SF,REG,4,JAX,made,26.0,,0.0,1.0,C.Little,00-0039409
2025_04_JAX_SF,REG,4,JAX,made,44.0,,0.0,1.0,C.Little,00-0039409
2025_04_JAX_SF,REG,4,SF,,33.0,good,1.0,0.0,E.Pineiro,00-0034173
2025_04_JAX_SF,REG,4,JAX,missed,47.0,,0.0,1.0,C.Little,00-0039409
2025_04_LAC_NYG,REG,4,NYG,,33.0,good,1.0,0.0,J.McAtamney,00-0039934
2025_04_LAC_NYG,REG,4,NYG,made,22.0,,0.0,1.0,J.McAtamney,00-0039934
2025_04_LAC_NYG,REG,4,LAC,made,43.0,,0.0,1.0,C.Dicker,00-0037224
2025_04_LAC_NYG,REG,4,NYG,made,31.0,,0.0,1.0,J.McAtamney,00-0039934
2025_04_LAC_NYG,REG,4,LAC,,33.0,good,1.0,0.0,C.Dicker,00-0037224
2025_04_MIN_PIT,REG,4,MIN,made,41.0,,0.0,1.0,W.Reichard,00-0039404
2025_04_MIN_PIT,REG,4,PIT,,33.0,good,1.0,0.0,C.Boswell,00-0031136
2025_04_MIN_PIT,REG,4,PIT,,33.0,good,1.0,0.0,C.Boswell,00-0031136
2025_04_MIN_PIT,REG,4,PIT,blocked,30.0,,0.0,1.0,C.Boswell,00-0031136
2025_04_MIN_PIT,REG,4,MIN,made,28.0,,0.0,1.0,W.Reichard,00-0039404
2025_04_MIN_PIT,REG,4,PIT,,33.0,good,1.0,0.0,C.Boswell,00-0031136
2025_04_MIN_PIT,REG,4,PIT,made,33.0,,0.0,1.0,C.Boswell,00-0031136
2025_04_MIN_PIT,REG,4,MIN,,33.0,good,1.0,0.0,W.Reichard,00-0039404
2025_04_NO_BUF,REG,4,BUF,,33.0,good,1.0,0.0,M.Prater,00-0023853
2025_04_NO_BUF,REG,4,NO,,33.0,good,1.0,0.0,B.Grupe,00-0038905
2025_04_NO_BUF,REG,4,BUF,,33.0,good,1.0,0.0,M.Prater,00-0023853
2025_04_NO_BUF,REG,4,NO,made,54.0,,0.0,1.0,B.Grupe,00-0038905
2025_04_NO_BUF,REG,4,BUF,,33.0,good,1.0,0.0,M.Prater,00-0023853
2025_04_NO_BUF,REG,4,NO,made,35.0,,0.0,1.0,B.Grupe,00-0038905
2025_04_NO_BUF,REG,4,BUF,,38.0,good,1.0,0.0,M.Prater,00-0023853
2025_04_NO_BUF,REG,4,BUF,made,35.0,,0.0,1.0,M.Prater,00-0023853
2025_04_NYJ_MIA,REG,4,MIA,made,47.0,,0.0,1.0,R.Patterson,00-0036816
2025_04_NYJ_MIA,REG,4,MIA,,33.0,good,1.0,0.0,R.Patterson,00-0036816
2025_04_NYJ_MIA,REG,4,NYJ,made,58.0,,0.0,1.0,N.Folk,00-0025565
2025_04_NYJ_MIA,REG,4,MIA,,33.0,good,1.0,0.0,R.Patterson,00-0036816
2025_04_NYJ_MIA,REG,4,NYJ,,33.0,good,1.0,0.0,N.Folk,00-0025565
2025_04_NYJ_MIA,REG,4,MIA,,33.0,good,1.0,0.0,R.Patterson,00-0036816
2025_04_NYJ_MIA,REG,4,NYJ,made,50.0,,0.0,1.0,N.Folk,00-0025565
2025_04_NYJ_MIA,REG,4,MIA,made,36.0,,0.0,1.0,R.Patterson,00-0036816
2025_04_PHI_TB,REG,4,PHI,,33.0,good,1.0,0.0,J.Elliott,00-0033787
2025_04_PHI_TB,REG,4,PHI,,33.0,good,1.0,0.0,J.Elliott,00-0033787
2025_04_PHI_TB,REG,4,TB,made,42.0,,0.0,1.0,C.McLaughlin,00-0035358
2025_04_PHI_TB,REG,4,PHI,,33.0,good,1.0,0.0,J.Elliott,00-0033787
2025_04_PHI_TB,REG,4,PHI,made,39.0,,0.0,1.0,J.Elliott,00-0033787
2025_04_PHI_TB,REG,4,TB,made,65.0,,0.0,1.0,C.McLaughlin,00-0035358
2025_04_PHI_TB,REG,4,TB,,33.0,good,1.0,0.0,C.McLaughlin,00-0035358
2025_04_PHI_TB,REG,4,PHI,,33.0,good,1.0,0.0,J.Elliott,00-0033787
2025_04_PHI_TB,REG,4,TB,,33.0,good,1.0,0.0,C.McLaughlin,00-0035358
2025_04_PHI_TB,REG,4,TB,made,58.0,,0.0,1.0,C.McLaughlin,00-0035358
2025_04_SEA_ARI,REG,4,ARI,made,33.0,,0.0,1.0,C.Ryland,00-0038567
2025_04_SEA_ARI,REG,4,SEA,,33.0,good,1.0,0.0,J.Myers,00-0031492
2025_04_SEA_ARI,REG,4,SEA,,33.0,good,1.0,0.0,J.Myers,00-0031492
2025_04_SEA_ARI,REG,4,SEA,made,44.0,,0.0,1.0,J.Myers,00-0031492
2025_04_SEA_ARI,REG,4,ARI,made,57.0,,0.0,1.0,C.Ryland,00-0038567
2025_04_SEA_ARI,REG,4,SEA,made,31.0,,0.0,1.0,J.Myers,00-0031492
2025_04_SEA_ARI,REG,4,ARI,,33.0,good,1.0,0.0,C.Ryland,00-0038567
2025_04_SEA_ARI,REG,4,SEA,missed,53.0,,0.0,1.0,J.Myers,00-0031492
2025_04_SEA_ARI,REG,4,ARI,,33.0,good,1.0,0.0,C.Ryland,00-0038567
2025_04_SEA_ARI,REG,4,SEA,made,52.0,,0.0,1.0,J.Myers,00-0031492
2025_04_TEN_HOU,REG,4,TEN,missed,41.0,,0.0,1.0,J.Slye,00-0035192
2025_04_TEN_HOU,REG,4,HOU,made,47.0,,0.0,1.0,K.Fairbairn,00-0032726
2025_04_TEN_HOU,REG,4,HOU,made,43.0,,0.0,1.0,K.Fairbairn,00-0032726
2025_04_TEN_HOU,REG,4,TEN,missed,43.0,,0.0,1.0,J.Slye,00-0035192
2025_04_TEN_HOU,REG,4,HOU,missed,54.0,,0.0,1.0,K.Fairbairn,00-0032726
2025_04_TEN_HOU,REG,4,HOU,,33.0,good,1.0,0.0,K.Fairbairn,00-0032726
2025_04_TEN_HOU,REG,4,HOU,,33.0,good,1.0,0.0,K.Fairbairn,00-0032726
2025_04_WAS_ATL,REG,4,ATL,made,38.0,,0.0,1.0,J.Romo,00-0037542
2025_04_WAS_ATL,REG,4,ATL,,33.0,good,1.0,0.0,J.Romo,00-0037542
2025_04_WAS_ATL,REG,4,WAS,,33.0,good,1.0,0.0,M.Gay,00-0035269
2025_04_WAS_ATL,REG,4,ATL,,33.0,good,1.0,0.0,J.Romo,00-0037542
2025_04_WAS_ATL,REG,4,WAS,made,43.0,,0.0,1.0,M.Gay,00-0035269
2025_04_WAS_ATL,REG,4,WAS,made,52.0,,0.0,1.0,M.Gay,00-0035269
2025_04_WAS_ATL,REG,4,ATL,,33.0,good,1.0,0.0,J.Romo,00-0037542
2025_04_WAS_ATL,REG,4,WAS,made,41.0,,0.0,1.0,M.Gay,00-0035269
2025_04_WAS_ATL,REG,4,ATL,,33.0,good,1.0,0.0,J.Romo,00-0037542
2025_04_WAS_ATL,REG,4,ATL,made,26.0,,0.0,1.0,J.Romo,00-0037542
2025_04_WAS_ATL,REG,4,WAS,made,42.0,,0.0,1.0,M.Gay,00-0035269
2025_05_DAL_NYJ,REG,5,NYJ,made,25.0,,0.0,1.0,N.Folk,00-0025565
2025_05_DAL_NYJ,REG,5,DAL,made,35.0,,0.0,1.0,B.Aubrey,00-0037692
2025_05_DAL_NYJ,REG,5,DAL,,33.0,good,1.0,0.0,B.Aubrey,00-0037692
2025_05_DAL_NYJ,REG,5,DAL,,33.0,good,1.0,0.0,B.Aubrey,00-0037692
2025_05_DAL_NYJ,REG,5,DAL,,48.0,failed,1.0,0.0,B.Aubrey,00-0037692
2025_05_DAL_NYJ,REG,5,DAL,,33.0,good,1.0,0.0,B.Aubrey,00-0037692
2025_05_DAL_NYJ,REG,5,NYJ,made,48.0,,0.0,1.0,N.Folk,00-0025565
2025_05_DAL_NYJ,REG,5,DAL,,33.0,good,1.0,0.0,B.Aubrey,00-0037692
2025_05_DEN_PHI,REG,5,DEN,made,55.0,,0.0,1.0,W.Lutz,00-0032569
2025_05_DEN_PHI,REG,5,PHI,made,31.0,,0.0,1.0,J.Elliott,00-0033787
2025_05_DEN_PHI,REG,5,PHI,,33.0,good,1.0,0.0,J.Elliott,00-0033787
2025_05_DEN_PHI,REG,5,PHI,,33.0,good,1.0,0.0,J.Elliott,00-0033787
2025_05_DEN_PHI,REG,5,DEN,,33.0,good,1.0,0.0,W.Lutz,00-0032569
2025_05_DEN_PHI,REG,5,DEN,made,36.0,,0.0,1.0,W.Lutz,00-0032569
2025_05_DET_CIN,REG,5,DET,,33.0,good,1.0,0.0,J.Bates,00-0039172
2025_05_DET_CIN,REG,5,DET,,33.0,good,1.0,0.0,J.Bates,00-0039172
2025_05_DET_CIN,REG,5,CIN,made,50.0,,0.0,1.0,E.McPherson,00-0036854
2025_05_DET_CIN,REG,5,DET,,33.0,good,1.0,0.0,J.Bates,00-0039172
2025_05_DET_CIN,REG,5,DET,,33.0,good,1.0,0.0,J.Bates,00-0039172
2025_05_DET_CIN,REG,5,CIN,,33.0,good,1.0,0.0,E.McPherson,00-0036854
2025_05_DET_CIN,REG,5,CIN,,33.0,good,1.0,0.0,E.McPherson,00-0036854
2025_05_DET_CIN,REG,5,DET,,33.0,good,1.0,0.0,J.Bates,00-0039172
2025_05_DET_CIN,REG,5,CIN,,33.0,good,1.0,0.0,E.McPherson,00-0036854
2025_05_HOU_BAL,REG,5,HOU,,33.0,good,1.0,0.0,K.Fairbairn,00-0032726
2025_05_HOU_BAL,REG,5,BAL,made,27.0,,0.0,1.0,T.Loop,00-0040074
2025_05_HOU_BAL,REG,5,HOU,made,50.0,,0.0,1.0,K.Fairbairn,00-0032726
2025_05_HOU_BAL,REG,5,HOU,,33.0,good,1.0,0.0,K.Fairbairn,00-0032726
2025_05_HOU_BAL,REG,5,HOU,,33.0,good,1.0,0.0,K.Fairbairn,00-0032726
2025_05_HOU_BAL,REG,5,BAL,missed,55.0,,0.0,1.0,T.Loop,00-0040074
2025_05_HOU_BAL,REG,5,HOU,,33.0,good,1.0,0.0,K.Fairbairn,00-0032726
2025_05_HOU_BAL,REG,5,HOU,made,57.0,,0.0,1.0,K.Fairbairn,00-0032726
2025_05_HOU_BAL,REG,5,BAL,,33.0,good,1.0,0.0,T.Loop,00-0040074
2025_05_HOU_BAL,REG,5,HOU,,33.0,good,1.0,0.0,K.Fairbairn,00-0032726
2025_05_HOU_BAL,REG,5,HOU,made,34.0,,0.0,1.0,K.Fairbairn,00-0032726
2025_05_KC_JAX,REG,5,KC,,33.0,good,1.0,0.0,H.Butker,00-0033303
2025_05_KC_JAX,REG,5,KC,,33.0,good,1.0,0.0,H.Butker,00-0033303
2025_05_KC_JAX,REG,5,JAX,,33.0,good,1.0,0.0,C.Little,00-0039409
2025_05_KC_JAX,REG,5,JAX,,33.0,good,1.0,0.0,C.Little,00-0039409
2025_05_KC_JAX,REG,5,JAX,,33.0,good,1.0,0.0,C.Little,00-0039409
2025_05_KC_JAX,REG,5,KC,,33.0,good,1.0,0.0,H.Butker,00-0033303
2025_05_KC_JAX,REG,5,JAX,made,52.0,,0.0,1.0,C.Little,00-0039409
2025_05_KC_JAX,REG,5,KC,,33.0,good,1.0,0.0,H.Butker,00-0033303
2025_05_KC_JAX,REG,5,JAX,,33.0,good,1.0,0.0,C.Little,00-0039409
2025_05_LV_IND,REG,5,LV,made,24.0,,0.0,1.0,D.Carlson,00-0034161
2025_05_LV_IND,REG,5,IND,,33.0,good,1.0,0.0,S.Shrader,00-0039576
2025_05_LV_IND,REG,5,IND,,33.0,good,1.0,0.0,S.Shrader,00-0039576
2025_05_LV_IND,REG,5,LV,missed,57.0,,0.0,1.0,D.Carlson,00-0034161
2025_05_LV_IND,REG,5,LV,made,37.0,,0.0,1.0,D.Carlson,00-0034161
2025_05_MIA_CAR,REG,5,MIA,made,43.0,,0.0,1.0,R.Patterson,00-0036816
2025_05_MIA_CAR,REG,5,MIA,,33.0,good,1.0,0.0,R.Patterson,00-0036816
2025_05_MIA_CAR,REG,5,MIA,,33.0,good,1.0,0.0,R.Patterson,00-0036816
2025_05_MIA_CAR,REG,5,CAR,,33.0,good,1.0,0.0,R.Fitzgerald,00-0040279
2025_05_MIA_CAR,REG,5,CAR,made,35.0,,0.0,1.0,R.Fitzgerald,00-0040279
2025_05_MIA_CAR,REG,5,CAR,made,49.0,,0.0,1.0,R.Fitzgerald,00-0040279
2025_05_MIA_CAR,REG,5,CAR,,33.0,good,1.0,0.0,R.Fitzgerald,00-0040279
2025_05_MIA_CAR,REG,5,MIA,,33.0,good,1.0,0.0,R.Patterson,00-0036816
2025_05_MIA_CAR,REG,5,CAR,,33.0,good,1.0,0.0,R.Fitzgerald,00-0040279
2025_05_MIN_CLE,REG,5,CLE,,33.0,good,1.0,0.0,A.Szmyt,00-0038428
2025_05_MIN_CLE,REG,5,MIN,,33.0,good,1.0,0.0,W.Reichard,00-0039404
2025_05_MIN_CLE,REG,5,CLE,made,31.0,,0.0,1.0,A.Szmyt,00-0038428
2025_05_MIN_CLE,REG,5,MIN,,33.0,good,1.0,0.0,W.Reichard,00-0039404
2025_05_MIN_CLE,REG,5,CLE,,33.0,good,1.0,0.0,A.Szmyt,00-0038428
2025_05_MIN_CLE,REG,5,MIN,missed,51.0,,0.0,1.0,W.Reichard,00-0039404
2025_05_MIN_CLE,REG,5,MIN,,33.0,good,1.0,0.0,W.Reichard,00-0039404
2025_05_NE_BUF,REG,5,NE,made,30.0,,0.0,1.0,A.Borregales,00-0040200
2025_05_NE_BUF,REG,5,BUF,made,31.0,,0.0,1.0,M.Prater,00-0023853
2025_05_NE_BUF,REG,5,NE,made,19.0,,0.0,1.0,A.Borregales,00-0040200
2025_05_NE_BUF,REG,5,BUF,,33.0,good,1.0,0.0,M.Prater,00-0023853
2025_05_NE_BUF,REG,5,NE,,33.0,good,1.0,0.0,A.Borregales,00-0040200
2025_05_NE_BUF,REG,5,NE,,33.0,good,1.0,0.0,A.Borregales,00-0040200
2025_05_NE_BUF,REG,5,BUF,,33.0,good,1.0,0.0,M.Prater,00-0023853
2025_05_NE_BUF,REG,5,BUF,made,45.0,,0.0,1.0,M.Prater,00-0023853
2025_05_NE_BUF,REG,5,NE,made,52.0,,0.0,1.0,A.Borregales,00-0040200
2025_05_NYG_NO,REG,5,NYG,,33.0,good,1.0,0.0,J.McAtamney,00-0039934
2025_05_NYG_NO,REG,5,NO,made,28.0,,0.0,1.0,B.Grupe,00-0038905
2025_05_NYG_NO,REG,5,NYG,,33.0,good,1.0,0.0,J.McAtamney,00-0039934
2025_05_NYG_NO,REG,5,NO,made,53.0,,0.0,1.0,B.Grupe,00-0038905
2025_05_NYG_NO,REG,5,NO,,33.0,good,1.0,0.0,B.Grupe,00-0038905
2025_05_NYG_NO,REG,5,NO,missed,52.0,,0.0,1.0,B.Grupe,00-0038905
2025_05_NYG_NO,REG,5,NO,made,29.0,,0.0,1.0,B.Grupe,00-0038905
2025_05_NYG_NO,REG,5,NO,made,28.0,,0.0,1.0,B.Grupe,00-0038905
2025_05_NYG_NO,REG,5,NO,,33.0,good,1.0,0.0,B.Grupe,00-0038905
2025_05_NYG_NO,REG,5,NO,missed,46.0,,0.0,1.0,B.Grupe,00-0038905
2025_05_SF_LA,REG,5,SF,,33.0,good,1.0,0.0,E.Pineiro,00-0034173
2025_05_SF_LA,REG,5,SF,,33.0,good,1.0,0.0,E.Pineiro,00-0034173
2025_05_SF_LA,REG,5,LAR,,33.0,good,1.0,0.0,J.Karty,00-0039750
2025_05_SF_LA,REG,5,SF,made,37.0,,0.0,1.0,E.Pineiro,00-0034173
2025_05_SF_LA,REG,5,LAR,missed,53.0,,0.0,1.0,J.Karty,00-0039750
2025_05_SF_LA,REG,5,SF,made,20.0,,0.0,1.0,E.Pineiro,00-0034173
2025_05_SF_LA,REG,5,LAR,,33.0,good,1.0,0.0,J.Karty,00-0039750
2025_05_SF_LA,REG,5,LAR,,33.0,blocked,1.0,0.0,J.Karty,00-0039750
2025_05_SF_LA,REG,5,SF,made,59.0,,0.0,1.0,E.Pineiro,00-0034173
2025_05_SF_LA,REG,5,LAR,made,48.0,,0.0,1.0,J.Karty,00-0039750
2025_05_SF_LA,REG,5,SF,made,41.0,,0.0,1.0,E.Pineiro,00-0034173
2025_05_TB_SEA,REG,5,TB,made,30.0,,0.0,1.0,C.McLaughlin,00-0035358
2025_05_TB_SEA,REG,5,SEA,missed,44.0,,0.0,1.0,J.Myers,00-0031492
2025_05_TB_SEA,REG,5,TB,made,36.0,,0.0,1.0,C.McLaughlin,00-0035358
2025_05_TB_SEA,REG,5,TB,,33.0,good,1.0,0.0,C.McLaughlin,00-0035358
2025_05_TB_SEA,REG,5,SEA,,33.0,good,1.0,0.0,J.Myers,00-0031492
2025_05_TB_SEA,REG,5,SEA,,33.0,good,1.0,0.0,J.Myers,00-0031492
2025_05_TB_SEA,REG,5,SEA,,33.0,good,1.0,0.0,J.Myers,00-0031492
2025_05_TB_SEA,REG,5,TB,,33.0,good,1.0,0.0,C.McLaughlin,00-0035358
2025_05_TB_SEA,REG,5,SEA,,33.0,good,1.0,0.0,J.Myers,00-0031492
2025_05_TB_SEA,REG,5,SEA,,33.0,good,1.0,0.0,J.Myers,00-0031492
2025_05_TB_SEA,REG,5,TB,,33.0,good,1.0,0.0,C.McLaughlin,00-0035358
2025_05_TB_SEA,REG,5,TB,made,39.0,,0.0,1.0,C.McLaughlin,00-0035358
2025_05_TEN_ARI,REG,5,ARI,,33.0,good,1.0,0.0,C.Ryland,00-0038567
2025_05_TEN_ARI,REG,5,TEN,made,44.0,,0.0,1.0,J.Slye,00-0035192
2025_05_TEN_ARI,REG,5,ARI,,33.0,good,1.0,0.0,C.Ryland,00-0038567
2025_05_TEN_ARI,REG,5,ARI,,33.0,good,1.0,0.0,C.Ryland,00-0038567
2025_05_TEN_ARI,REG,5,TEN,made,51.0,,0.0,1.0,J.Slye,00-0035192
2025_05_TEN_ARI,REG,5,TEN,,33.0,failed,1.0,0.0,J.Slye,00-0035192
2025_05_TEN_ARI,REG,5,TEN,,33.0,good,1.0,0.0,J.Slye,00-0035192
2025_05_TEN_ARI,REG,5,TEN,made,29.0,,0.0,1.0,J.Slye,00-0035192
2025_05_WAS_LAC,REG,5,LAC,,33.0,good,1.0,0.0,C.Dicker,00-0037224
2025_05_WAS_LAC,REG,5,LAC,made,55.0,,0.0,1.0,C.Dicker,00-0037224
2025_05_WAS_LAC,REG,5,WAS,,33.0,good,1.0,0.0,M.Gay,00-0035269
2025_05_WAS_LAC,REG,5,WAS,made,29.0,,0.0,1.0,M.Gay,00-0035269
2025_05_WAS_LAC,REG,5,WAS,,33.0,good,1.0,0.0,M.Gay,00-0035269
2025_05_WAS_LAC,REG,5,WAS,made,36.0,,0.0,1.0,M.Gay,00-0035269
2025_05_WAS_LAC,REG,5,WAS,,33.0,good,1.0,0.0,M.Gay,00-0035269
2025_06_ARI_IND,REG,6,IND,,33.0,good,1.0,0.0,M.Badgley,00-0034084
2025_06_ARI_IND,REG,6,ARI,,33.0,good,1.0,0.0,C.Ryland,00-0038567
2025_06_ARI_IND,REG,6,IND,,33.0,good,1.0,0.0,M.Badgley,00-0034084
2025_06_ARI_IND,REG,6,ARI,made,40.0,,0.0,1.0,C.Ryland,00-0038567
2025_06_ARI_IND,REG,6,ARI,,33.0,good,1.0,0.0,C.Ryland,00-0038567
2025_06_ARI_IND,REG,6,IND,made,45.0,,0.0,1.0,M.Badgley,00-0034084
2025_06_ARI_IND,REG,6,ARI,,33.0,good,1.0,0.0,C.Ryland,00-0038567
2025_06_ARI_IND,REG,6,IND,,33.0,good,1.0,0.0,M.Badgley,00-0034084
2025_06_ARI_IND,REG,6,ARI,made,44.0,,0.0,1.0,C.Ryland,00-0038567
2025_06_ARI_IND,REG,6,IND,,33.0,good,1.0,0.0,M.Badgley,00-0034084
2025_06_BUF_ATL,REG,6,ATL,,33.0,good,1.0,0.0,J.Romo,00-0037542
2025_06_BUF_ATL,REG,6,BUF,,33.0,good,1.0,0.0,M.Prater,00-0023853
2025_06_BUF_ATL,REG,6,ATL,,33.0,good,1.0,0.0,J.Romo,00-0037542
2025_06_BUF_ATL,REG,6,ATL,,33.0,good,1.0,0.0,J.Romo,00-0037542
2025_06_BUF_ATL,REG,6,BUF,,33.0,good,1.0,0.0,M.Prater,00-0023853
2025_06_BUF_ATL,REG,6,ATL,blocked,37.0,,0.0,1.0,J.Romo,00-0037542
2025_06_BUF_ATL,REG,6,ATL,made,33.0,,0.0,1.0,J.Romo,00-0037542
2025_06_CHI_WAS,REG,6,CHI,made,47.0,,0.0,1.0,J.Moody,00-0038562
2025_06_CHI_WAS,REG,6,CHI,made,48.0,,0.0,1.0,J.Moody,00-0038562
2025_06_CHI_WAS,REG,6,CHI,,33.0,good,1.0,0.0,J.Moody,00-0038562
2025_06_CHI_WAS,REG,6,WAS,,33.0,good,1.0,0.0,M.Gay,00-0035269
2025_06_CHI_WAS,REG,6,WAS,missed,50.0,,0.0,1.0,M.Gay,00-0035269
2025_06_CHI_WAS,REG,6,WAS,made,53.0,,0.0,1.0,M.Gay,00-0035269
2025_06_CHI_WAS,REG,6,CHI,made,41.0,,0.0,1.0,J.Moody,00-0038562
2025_06_CHI_WAS,REG,6,WAS,,33.0,good,1.0,0.0,M.Gay,00-0035269
2025_06_CHI_WAS,REG,6,CHI,blocked,48.0,,0.0,1.0,J.Moody,00-0038562
2025_06_CHI_WAS,REG,6,WAS,,33.0,good,1.0,0.0,M.Gay,00-0035269
2025_06_CHI_WAS,REG,6,CHI,made,38.0,,0.0,1.0,J.Moody,00-0038562
2025_06_CIN_GB,REG,6,GB,made,43.0,,0.0,1.0,L.Havrisik,00-0038152
2025_06_CIN_GB,REG,6,GB,,33.0,good,1.0,0.0,L.Havrisik,00-0038152
2025_06_CIN_GB,REG,6,CIN,missed,67.0,,0.0,1.0,E.McPherson,00-0036854
2025_06_CIN_GB,REG,6,CIN,,33.0,good,1.0,0.0,E.McPherson,00-0036854
2025_06_CIN_GB,REG,6,GB,,33.0,good,1.0,0.0,L.Havrisik,00-0038152
2025_06_CIN_GB,REG,6,CIN,made,45.0,,0.0,1.0,E.McPherson,00-0036854
2025_06_CIN_GB,REG,6,GB,,33.0,good,1.0,0.0,L.Havrisik,00-0038152
2025_06_CIN_GB,REG,6,GB,made,39.0,,0.0,1.0,L.Havrisik,00-0038152
2025_06_CIN_GB,REG,6,CIN,missed,56.0,,0.0,1.0,E.McPherson,00-0036854
2025_06_CLE_PIT,REG,6,PIT,made,44.0,,0.0,1.0,C.Boswell,00-0031136
2025_06_CLE_PIT,REG,6,PIT,made,50.0,,0.0,1.0,C.Boswell,00-0031136
2025_06_CLE_PIT,REG,6,PIT,made,48.0,,0.0,1.0,C.Boswell,00-0031136
2025_06_CLE_PIT,REG,6,CLE,made,31.0,,0.0,1.0,A.Szmyt,00-0038428
2025_06_CLE_PIT,REG,6,PIT,,33.0,good,1.0,0.0,C.Boswell,00-0031136
2025_06_CLE_PIT,REG,6,CLE,made,53.0,,0.0,1.0,A.Szmyt,00-0038428
2025_06_CLE_PIT,REG,6,PIT,,33.0,good,1.0,0.0,C.Boswell,00-0031136
2025_06_CLE_PIT,REG,6,CLE,made,32.0,,0.0,1.0,A.Szmyt,00-0038428
2025_06_CLE_PIT,REG,6,PIT,missed,54.0,,0.0,1.0,C.Boswell,00-0031136
2025_06_DAL_CAR,REG,6,CAR,made,31.0,,0.0,1.0,R.Fitzgerald,00-0040279
2025_06_DAL_CAR,REG,6,DAL,made,23.0,,0.0,1.0,B.Aubrey,00-0037692
2025_06_DAL_CAR,REG,6,DAL,,33.0,good,1.0,0.0,B.Aubrey,00-0037692
2025_06_DAL_CAR,REG,6,CAR,,33.0,good,1.0,0.0,R.Fitzgerald,00-0040279
2025_06_DAL_CAR,REG,6,DAL,,33.0,good,1.0,0.0,B.Aubrey,00-0037692
2025_06_DAL_CAR,REG,6,CAR,made,55.0,,0.0,1.0,R.Fitzgerald,00-0040279
2025_06_DAL_CAR,REG,6,CAR,,33.0,good,1.0,0.0,R.Fitzgerald,00-0040279
2025_06_DAL_CAR,REG,6,DAL,,33.0,good,1.0,0.0,B.Aubrey,00-0037692
2025_06_DAL_CAR,REG,6,CAR,,33.0,good,1.0,0.0,R.Fitzgerald,00-0040279
2025_06_DAL_CAR,REG,6,DAL,made,28.0,,0.0,1.0,B.Aubrey,00-0037692
2025_06_DAL_CAR,REG,6,CAR,made,33.0,,0.0,1.0,R.Fitzgerald,00-0040279
2025_06_DEN_NYJ,REG,6,NYJ,made,52.0,,0.0,1.0,N.Folk,00-0025565
2025_06_DEN_NYJ,REG,6,DEN,made,57.0,,0.0,1.0,W.Lutz,00-0032569
2025_06_DEN_NYJ,REG,6,NYJ,made,41.0,,0.0,1.0,N.Folk,00-0025565
2025_06_DEN_NYJ,REG,6,DEN,,33.0,good,1.0,0.0,W.Lutz,00-0032569
2025_06_DEN_NYJ,REG,6,NYJ,made,38.0,,0.0,1.0,N.Folk,00-0025565
2025_06_DEN_NYJ,REG,6,DEN,made,27.0,,0.0,1.0,W.Lutz,00-0032569
2025_06_DET_KC,REG,6,DET,made,28.0,,0.0,1.0,J.Bates,00-0039172
2025_06_DET_KC,REG,6,KC,,33.0,failed,1.0,0.0,H.Butker,00-0033303
2025_06_DET_KC,REG,6,DET,,33.0,good,1.0,0.0,J.Bates,00-0039172
2025_06_DET_KC,REG,6,KC,,33.0,good,1.0,0.0,H.Butker,00-0033303
2025_06_DET_KC,REG,6,KC,,33.0,good,1.0,0.0,H.Butker,00-0033303
2025_06_DET_KC,REG,6,DET,,33.0,good,1.0,0.0,J.Bates,00-0039172
2025_06_DET_KC,REG,6,KC,,33.0,good,1.0,0.0,H.Butker,00-0033303
2025_06_DET_KC,REG,6,KC,made,33.0,,0.0,1.0,H.Butker,00-0033303
2025_06_LAC_MIA,REG,6,LAC,made,35.0,,0.0,1.0,C.Dicker,00-0037224
2025_06_LAC_MIA,REG,6,MIA,,33.0,good,1.0,0.0,R.Patterson,00-0036816
2025_06_LAC_MIA,REG,6,LAC,made,31.0,,0.0,1.0,C.Dicker,00-0037224
2025_06_LAC_MIA,REG,6,MIA,missed,57.0,,0.0,1.0,R.Patterson,00-0036816
2025_06_LAC_MIA,REG,6,LAC,made,29.0,,0.0,1.0,C.Dicker,00-0037224
2025_06_LAC_MIA,REG,6,MIA,made,47.0,,0.0,1.0,R.Patterson,00-0036816
2025_06_LAC_MIA,REG,6,MIA,made,27.0,,0.0,1.0,R.Patterson,00-0036816
2025_06_LAC_MIA,REG,6,LAC,,33.0,good,1.0,0.0,C.Dicker,00-0037224
2025_06_LAC_MIA,REG,6,LAC,,33.0,good,1.0,0.0,C.Dicker,00-0037224
2025_06_LAC_MIA,REG,6,LAC,made,35.0,,0.0,1.0,C.Dicker,00-0037224
2025_06_LAC_MIA,REG,6,MIA,,33.0,good,1.0,0.0,R.Patterson,00-0036816
2025_06_LAC_MIA,REG,6,MIA,,33.0,good,1.0,0.0,R.Patterson,00-0036816
2025_06_LAC_MIA,REG,6,LAC,made,33.0,,0.0,1.0,C.Dicker,00-0037224
2025_06_LA_BAL,REG,6,BAL,made,37.0,,0.0,1.0,T.Loop,00-0040074
2025_06_LA_BAL,REG,6,LAR,missed,26.0,,0.0,1.0,J.Karty,00-0039750
2025_06_LA_BAL,REG,6,LAR,made,36.0,,0.0,1.0,J.Karty,00-0039750
2025_06_LA_BAL,REG,6,LAR,,33.0,good,1.0,0.0,J.Karty,00-0039750
2025_06_LA_BAL,REG,6,LAR,,33.0,good,1.0,0.0,J.Karty,00-0039750
2025_06_NE_NO,REG,6,NO,made,34.0,,0.0,1.0,B.Grupe,00-0038905
2025_06_NE_NO,REG,6,NE,,33.0,good,1.0,0.0,A.Borregales,00-0040200
2025_06_NE_NO,REG,6,NO,made,48.0,,0.0,1.0,B.Grupe,00-0038905
2025_06_NE_NO,REG,6,NE,,33.0,good,1.0,0.0,A.Borregales,00-0040200
2025_06_NE_NO,REG,6,NO,,33.0,good,1.0,0.0,B.Grupe,00-0038905
2025_06_NE_NO,REG,6,NO,made,38.0,,0.0,1.0,B.Grupe,00-0038905
2025_06_NE_NO,REG,6,NE,made,24.0,,0.0,1.0,A.Borregales,00-0040200
2025_06_NE_NO,REG,6,NO,made,54.0,,0.0,1.0,B.Grupe,00-0038905
2025_06_PHI_NYG,REG,6,PHI,made,42.0,,0.0,1.0,J.Elliott,00-0033787
2025_06_PHI_NYG,REG,6,NYG,,33.0,good,1.0,0.0,J.McAtamney,00-0039934
2025_06_PHI_NYG,REG,6,NYG,,33.0,failed,1.0,0.0,J.McAtamney,00-0039934
2025_06_PHI_NYG,REG,6,PHI,,33.0,good,1.0,0.0,J.Elliott,00-0033787
2025_06_PHI_NYG,REG,6,PHI,,33.0,good,1.0,0.0,J.Elliott,00-0033787
2025_06_PHI_NYG,REG,6,NYG,,33.0,good,1.0,0.0,J.McAtamney,00-0039934
2025_06_PHI_NYG,REG,6,NYG,,33.0,good,1.0,0.0,J.McAtamney,00-0039934
2025_06_PHI_NYG,REG,6,NYG,,33.0,good,1.0,0.0,J.McAtamney,00-0039934
2025_06_SEA_JAX,REG,6,JAX,,33.0,failed,1.0,0.0,C.Little,00-0039409
2025_06_SEA_JAX,REG,6,SEA,made,24.0,,0.0,1.0,J.Myers,00-0031492
2025_06_SEA_JAX,REG,6,SEA,,33.0,good,1.0,0.0,J.Myers,00-0031492
2025_06_SEA_JAX,REG,6,JAX,missed,50.0,,0.0,1.0,C.Little,00-0039409
2025_06_SEA_JAX,REG,6,SEA,made,53.0,,0.0,1.0,J.Myers,00-0031492
2025_06_SEA_JAX,REG,6,SEA,,33.0,good,1.0,0.0,J.Myers,00-0031492
2025_06_SF_TB,REG,6,TB,,33.0,good,1.0,0.0,C.McLaughlin,00-0035358
2025_06_SF_TB,REG,6,SF,made,52.0,,0.0,1.0,E.Pineiro,00-0034173
2025_06_SF_TB,REG,6,SF,,33.0,good,1.0,0.0,E.Pineiro,00-0034173
2025_06_SF_TB,REG,6,TB,,33.0,good,1.0,0.0,C.McLaughlin,00-0035358
2025_06_SF_TB,REG,6,SF,made,54.0,,0.0,1.0,E.Pineiro,00-0034173
2025_06_SF_TB,REG,6,SF,made,42.0,,0.0,1.0,E.Pineiro,00-0034173
2025_06_SF_TB,REG,6,SF,made,29.0,,0.0,1.0,E.Pineiro,00-0034173
2025_06_SF_TB,REG,6,TB,,33.0,good,1.0,0.0,C.McLaughlin,00-0035358
2025_06_SF_TB,REG,6,TB,missed,49.0,,0.0,1.0,C.McLaughlin,00-0035358
2025_06_SF_TB,REG,6,TB,made,45.0,,0.0,1.0,C.McLaughlin,00-0035358
2025_06_TEN_LV,REG,6,LV,made,50.0,,0.0,1.0,D.Carlson,00-0034161
2025_06_TEN_LV,REG,6,LV,,33.0,good,1.0,0.0,D.Carlson,00-0034161
2025_06_TEN_LV,REG,6,LV,,33.0,good,1.0,0.0,D.Carlson,00-0034161
2025_06_TEN_LV,REG,6,TEN,made,46.0,,0.0,1.0,M.Wright,00-0035189
2025_06_TEN_LV,REG,6,LV,made,29.0,,0.0,1.0,D.Carlson,00-0034161
2025_06_TEN_LV,REG,6,TEN,,33.0,good,1.0,0.0,M.Wright,00-0035189
2025_07_ATL_SF,REG,7,ATL,made,38.0,,0.0,1.0,J.Romo,00-0037542
2025_07_ATL_SF,REG,7,SF,,33.0,good,1.0,0.0,E.Pineiro,00-0034173
2025_07_ATL_SF,REG,7,SF,made,55.0,,0.0,1.0,E.Pineiro,00-0034173
2025_07_ATL_SF,REG,7,SF,made,43.0,,0.0,1.0,E.Pineiro,00-0034173
2025_07_ATL_SF,REG,7,ATL,,33.0,good,1.0,0.0,J.Romo,00-0037542
2025_07_ATL_SF,REG,7,SF,,33.0,good,1.0,0.0,E.Pineiro,00-0034173
2025_07_CAR_NYJ,REG,7,CAR,made,30.0,,0.0,1.0,R.Fitzgerald,00-0040279
2025_07_CAR_NYJ,REG,7,NYJ,made,34.0,,0.0,1.0,N.Folk,00-0025565
2025_07_CAR_NYJ,REG,7,CAR,,33.0,good,1.0,0.0,R.Fitzgerald,00-0040279
2025_07_CAR_NYJ,REG,7,CAR,made,29.0,,0.0,1.0,R.Fitzgerald,00-0040279
2025_07_CAR_NYJ,REG,7,NYJ,made,47.0,,0.0,1.0,N.Folk,00-0025565
2025_07_GB_ARI,REG,7,ARI,made,32.0,,0.0,1.0,C.Ryland,00-0038567
2025_07_GB_ARI,REG,7,GB,made,31.0,,0.0,1.0,L.Havrisik,00-0038152
2025_07_GB_ARI,REG,7,ARI,made,40.0,,0.0,1.0,C.Ryland,00-0038567
2025_07_GB_ARI,REG,7,ARI,,33.0,good,1.0,0.0,C.Ryland,00-0038567
2025_07_GB_ARI,REG,7,GB,made,61.0,,0.0,1.0,L.Havrisik,00-0038152
2025_07_GB_ARI,REG,7,GB,,33.0,good,1.0,0.0,L.Havrisik,00-0038152
2025_07_GB_ARI,REG,7,ARI,,33.0,good,1.0,0.0,C.Ryland,00-0038567
2025_07_GB_ARI,REG,7,GB,,33.0,good,1.0,0.0,L.Havrisik,00-0038152
2025_07_GB_ARI,REG,7,ARI,made,39.0,,0.0,1.0,C.Ryland,00-0038567
2025_07_GB_ARI,REG,7,GB,,33.0,good,1.0,0.0,L.Havrisik,00-0038152
2025_07_HOU_SEA,REG,7,SEA,,33.0,good,1.0,0.0,J.Myers,00-0031492
2025_07_HOU_SEA,REG,7,SEA,,48.0,good,1.0,0.0,J.Myers,00-0031492
2025_07_HOU_SEA,REG,7,HOU,made,36.0,,0.0,1.0,K.Fairbairn,00-0032726
2025_07_HOU_SEA,REG,7,SEA,blocked,53.0,,0.0,1.0,J.Myers,00-0031492
2025_07_HOU_SEA,REG,7,HOU,made,46.0,,0.0,1.0,K.Fairbairn,00-0032726
2025_07_HOU_SEA,REG,7,SEA,made,26.0,,0.0,1.0,J.Myers,00-0031492
2025_07_HOU_SEA,REG,7,SEA,made,47.0,,0.0,1.0,J.Myers,00-0031492
2025_07_HOU_SEA,REG,7,SEA,,33.0,good,1.0,0.0,J.Myers,00-0031492
2025_07_HOU_SEA,REG,7,HOU,,33.0,good,1.0,0.0,K.Fairbairn,00-0032726
2025_07_IND_LAC,REG,7,IND,,33.0,failed,1.0,0.0,M.Badgley,00-0034084
2025_07_IND_LAC,REG,7,LAC,made,43.0,,0.0,1.0,C.Dicker,00-0037224
2025_07_IND_LAC,REG,7,IND,,33.0,good,1.0,0.0,M.Badgley,00-0034084
2025_07_IND_LAC,REG,7,IND,,33.0,good,1.0,0.0,M.Badgley,00-0034084
2025_07_IND_LAC,REG,7,IND,made,36.0,,0.0,1.0,M.Badgley,00-0034084
2025_07_IND_LAC,REG,7,LAC,,33.0,good,1.0,0.0,C.Dicker,00-0037224
2025_07_IND_LAC,REG,7,LAC,,33.0,good,1.0,0.0,C.Dicker,00-0037224
2025_07_IND_LAC,REG,7,IND,,33.0,good,1.0,0.0,M.Badgley,00-0034084
2025_07_IND_LAC,REG,7,LAC,,33.0,good,1.0,0.0,C.Dicker,00-0037224
2025_07_LA_JAX,REG,7,LAR,,33.0,good,1.0,0.0,J.Karty,00-0039750
2025_07_LA_JAX,REG,7,LAR,,33.0,good,1.0,0.0,J.Karty,00-0039750
2025_07_LA_JAX,REG,7,JAX,missed,50.0,,0.0,1.0,C.Little,00-0039409
2025_07_LA_JAX,REG,7,LAR,,33.0,good,1.0,0.0,J.Karty,00-0039750
2025_07_LA_JAX,REG,7,LAR,,33.0,good,1.0,0.0,J.Karty,00-0039750
2025_07_LA_JAX,REG,7,JAX,,33.0,good,1.0,0.0,C.Little,00-0039409
2025_07_LA_JAX,REG,7,LAR,,33.0,good,1.0,0.0,J.Karty,00-0039750
2025_07_LV_KC,REG,7,KC,,25.0,good,1.0,0.0,H.Butker,00-0033303
2025_07_LV_KC,REG,7,KC,,33.0,good,1.0,0.0,H.Butker,00-0033303
2025_07_LV_KC,REG,7,KC,,33.0,good,1.0,0.0,H.Butker,00-0033303
2025_07_LV_KC,REG,7,KC,,33.0,good,1.0,0.0,H.Butker,00-0033303
2025_07_LV_KC,REG,7,KC,made,38.0,,0.0,1.0,H.Butker,00-0033303
2025_07_MIA_CLE,REG,7,CLE,made,30.0,,0.0,1.0,A.Szmyt,00-0038428
2025_07_MIA_CLE,REG,7,MIA,made,33.0,,0.0,1.0,R.Patterson,00-0036816
2025_07_MIA_CLE,REG,7,CLE,,33.0,good,1.0,0.0,A.Szmyt,00-0038428
2025_07_MIA_CLE,REG,7,CLE,,33.0,good,1.0,0.0,A.Szmyt,00-0038428
2025_07_MIA_CLE,REG,7,MIA,made,26.0,,0.0,1.0,R.Patterson,00-0036816
2025_07_MIA_CLE,REG,7,CLE,,33.0,good,1.0,0.0,A.Szmyt,00-0038428
2025_07_MIA_CLE,REG,7,CLE,,33.0,good,1.0,0.0,A.Szmyt,00-0038428
2025_07_NE_TEN,REG,7,TEN,made,49.0,,0.0,1.0,J.Slye,00-0035192
2025_07_NE_TEN,REG,7,NE,made,36.0,,0.0,1.0,A.Borregales,00-0040200
2025_07_NE_TEN,REG,7,TEN,,33.0,good,1.0,0.0,J.Slye,00-0035192
2025_07_NE_TEN,REG,7,NE,,33.0,good,1.0,0.0,A.Borregales,00-0040200
2025_07_NE_TEN,REG,7,TEN,made,50.0,,0.0,1.0,J.Slye,00-0035192
2025_07_NE_TEN,REG,7,NE,,33.0,good,1.0,0.0,A.Borregales,00-0040200
2025_07_NE_TEN,REG,7,NE,,33.0,good,1.0,0.0,A.Borregales,00-0040200
2025_07_NE_TEN,REG,7,NE,,33.0,good,1.0,0.0,A.Borregales,00-0040200
2025_07_NO_CHI,REG,7,CHI,made,27.0,,0.0,1.0,J.Moody,00-0038562
2025_07_NO_CHI,REG,7,NO,missed,53.0,,0.0,1.0,B.Grupe,00-0038905
2025_07_NO_CHI,REG,7,CHI,made,39.0,,0.0,1.0,J.Moody,00-0038562
2025_07_NO_CHI,REG,7,CHI,,33.0,good,1.0,0.0,J.Moody,00-0038562
2025_07_NO_CHI,REG,7,CHI,,33.0,good,1.0,0.0,J.Moody,00-0038562
2025_07_NO_CHI,REG,7,NO,,33.0,good,1.0,0.0,B.Grupe,00-0038905
2025_07_NO_CHI,REG,7,NO,,33.0,good,1.0,0.0,B.Grupe,00-0038905
2025_07_NO_CHI,REG,7,CHI,made,24.0,,0.0,1.0,J.Moody,00-0038562
2025_07_NO_CHI,REG,7,CHI,made,33.0,,0.0,1.0,J.Moody,00-0038562
2025_07_NYG_DEN,REG,7,NYG,,33.0,good,1.0,0.0,J.McAtamney,00-0039934
2025_07_NYG_DEN,REG,7,NYG,,33.0,failed,1.0,0.0,J.McAtamney,00-0039934
2025_07_NYG_DEN,REG,7,NYG,,33.0,good,1.0,0.0,J.McAtamney,00-0039934
2025_07_NYG_DEN,REG,7,DEN,,33.0,good,1.0,0.0,W.Lutz,00-0032569
2025_07_NYG_DEN,REG,7,DEN,,33.0,good,1.0,0.0,W.Lutz,00-0032569
2025_07_NYG_DEN,REG,7,NYG,,33.0,failed,1.0,0.0,J.McAtamney,00-0039934
2025_07_NYG_DEN,REG,7,DEN,made,39.0,,0.0,1.0,W.Lutz,00-0032569
2025_07_PHI_MIN,REG,7,PHI,,33.0,good,1.0,0.0,J.Elliott,00-0033787
2025_07_PHI_MIN,REG,7,MIN,made,59.0,,0.0,1.0,W.Reichard,00-0039404
2025_07_PHI_MIN,REG,7,PHI,,33.0,good,1.0,0.0,J.Elliott,00-0033787
2025_07_PHI_MIN,REG,7,MIN,made,34.0,,0.0,1.0,W.Reichard,00-0039404
2025_07_PHI_MIN,REG,7,MIN,made,28.0,,0.0,1.0,W.Reichard,00-0039404
2025_07_PHI_MIN,REG,7,PHI,,33.0,good,1.0,0.0,J.Elliott,00-0033787
2025_07_PHI_MIN,REG,7,MIN,,33.0,good,1.0,0.0,W.Reichard,00-0039404
2025_07_PHI_MIN,REG,7,PHI,missed,42.0,,0.0,1.0,J.Elliott,00-0033787
2025_07_PHI_MIN,REG,7,MIN,made,35.0,,0.0,1.0,W.Reichard,00-0039404
2025_07_PHI_MIN,REG,7,PHI,,33.0,good,1.0,0.0,J.Elliott,00-0033787
2025_07_PHI_MIN,REG,7,MIN,made,29.0,,0.0,1.0,W.Reichard,00-0039404
2025_07_PIT_CIN,REG,7,PIT,,33.0,good,1.0,0.0,C.Boswell,00-0031136
2025_07_PIT_CIN,REG,7,PIT,made,41.0,,0.0,1.0,C.Boswell,00-0031136
2025_07_PIT_CIN,REG,7,CIN,,33.0,good,1.0,0.0,E.McPherson,00-0036854
2025_07_PIT_CIN,REG,7,CIN,,33.0,good,1.0,0.0,E.McPherson,00-0036854
2025_07_PIT_CIN,REG,7,CIN,made,49.0,,0.0,1.0,E.McPherson,00-0036854
2025_07_PIT_CIN,REG,7,CIN,made,23.0,,0.0,1.0,E.McPherson,00-0036854
2025_07_PIT_CIN,REG,7,PIT,,33.0,good,1.0,0.0,C.Boswell,00-0031136
2025_07_PIT_CIN,REG,7,CIN,,33.0,good,1.0,0.0,E.McPherson,00-0036854
2025_07_PIT_CIN,REG,7,PIT,,33.0,good,1.0,0.0,C.Boswell,00-0031136
2025_07_PIT_CIN,REG,7,CIN,made,45.0,,0.0,1.0,E.McPherson,00-0036854
2025_07_PIT_CIN,REG,7,PIT,,33.0,good,1.0,0.0,C.Boswell,00-0031136
2025_07_PIT_CIN,REG,7,CIN,made,36.0,,0.0,1.0,E.McPherson,00-0036854
2025_07_TB_DET,REG,7,DET,,33.0,good,1.0,0.0,J.Bates,00-0039172
2025_07_TB_DET,REG,7,DET,,33.0,good,1.0,0.0,J.Bates,00-0039172
2025_07_TB_DET,REG,7,DET,missed,54.0,,0.0,1.0,J.Bates,00-0039172
2025_07_TB_DET,REG,7,TB,made,53.0,,0.0,1.0,C.McLaughlin,00-0035358
2025_07_TB_DET,REG,7,DET,,33.0,good,1.0,0.0,J.Bates,00-0039172
2025_07_TB_DET,REG,7,DET,made,58.0,,0.0,1.0,J.Bates,00-0039172
2025_07_WAS_DAL,REG,7,DAL,,33.0,good,1.0,0.0,B.Aubrey,00-0037692
2025_07_WAS_DAL,REG,7,DAL,made,47.0,,0.0,1.0,B.Aubrey,00-0037692
2025_07_WAS_DAL,REG,7,DAL,,33.0,good,1.0,0.0,B.Aubrey,00-0037692
2025_07_WAS_DAL,REG,7,DAL,made,61.0,,0.0,1.0,B.Aubrey,00-0037692
2025_07_WAS_DAL,REG,7,WAS,,33.0,good,1.0,0.0,M.Gay,00-0035269
2025_07_WAS_DAL,REG,7,DAL,,33.0,good,1.0,0.0,B.Aubrey,00-0037692
2025_07_WAS_DAL,REG,7,DAL,,33.0,good,1.0,0.0,B.Aubrey,00-0037692
2025_07_WAS_DAL,REG,7,DAL,,33.0,good,1.0,0.0,B.Aubrey,00-0037692
2025_07_WAS_DAL,REG,7,WAS,,33.0,good,1.0,0.0,M.Gay,00-0035269
2025_07_WAS_DAL,REG,7,DAL,made,29.0,,0.0,1.0,B.Aubrey,00-0037692
2025_08_BUF_CAR,REG,8,BUF,made,45.0,,0.0,1.0,M.Prater,00-0023853
2025_08_BUF_CAR,REG,8,BUF,made,43.0,,0.0,1.0,M.Prater,00-0023853
2025_08_BUF_CAR,REG,8,CAR,made,48.0,,0.0,1.0,R.Fitzgerald,00-0040279
2025_08_BUF_CAR,REG,8,BUF,,33.0,failed,1.0,0.0,M.Prater,00-0023853
2025_08_BUF_CAR,REG,8,BUF,,33.0,good,1.0,0.0,M.Prater,00-0023853
2025_08_BUF_CAR,REG,8,CAR,missed,32.0,,0.0,1.0,R.Fitzgerald,00-0040279
2025_08_BUF_CAR,REG,8,BUF,,33.0,good,1.0,0.0,M.Prater,00-0023853
2025_08_BUF_CAR,REG,8,BUF,,33.0,good,1.0,0.0,M.Prater,00-0023853
2025_08_BUF_CAR,REG,8,BUF,,33.0,good,1.0,0.0,M.Prater,00-0023853
2025_08_BUF_CAR,REG,8,CAR,,33.0,failed,1.0,0.0,R.Fitzgerald,00-0040279
2025_08_CHI_BAL,REG,8,CHI,made,32.0,,0.0,1.0,C.Santos,00-0031203
2025_08_CHI_BAL,REG,8,CHI,made,39.0,,0.0,1.0,C.Santos,00-0031203
2025_08_CHI_BAL,REG,8,BAL,,33.0,good,1.0,0.0,T.Loop,00-0040074
2025_08_CHI_BAL,REG,8,BAL,made,42.0,,0.0,1.0,T.Loop,00-0040074
2025_08_CHI_BAL,REG,8,CHI,missed,58.0,,0.0,1.0,C.Santos,00-0031203
2025_08_CHI_BAL,REG,8,BAL,made,28.0,,0.0,1.0,T.Loop,00-0040074
2025_08_CHI_BAL,REG,8,BAL,made,32.0,,0.0,1.0,T.Loop,00-0040074
2025_08_CHI_BAL,REG,8,CHI,,33.0,good,1.0,0.0,C.Santos,00-0031203
2025_08_CHI_BAL,REG,8,BAL,,33.0,good,1.0,0.0,T.Loop,00-0040074
2025_08_CHI_BAL,REG,8,CHI,made,47.0,,0.0,1.0,C.Santos,00-0031203
2025_08_CHI_BAL,REG,8,BAL,,33.0,good,1.0,0.0,T.Loop,00-0040074
2025_08_CLE_NE,REG,8,NE,made,36.0,,0.0,1.0,A.Borregales,00-0040200
2025_08_CLE_NE,REG,8,CLE,,33.0,good,1.0,0.0,A.Szmyt,00-0038428
2025_08_CLE_NE,REG,8,CLE,missed,47.0,,0.0,1.0,A.Szmyt,00-0038428
2025_08_CLE_NE,REG,8,NE,made,32.0,,0.0,1.0,A.Borregales,00-0040200
2025_08_CLE_NE,REG,8,NE,made,42.0,,0.0,1.0,A.Borregales,00-0040200
2025_08_CLE_NE,REG,8,NE,,33.0,good,1.0,0.0,A.Borregales,00-0040200
2025_08_CLE_NE,REG,8,NE,,33.0,good,1.0,0.0,A.Borregales,00-0040200
2025_08_CLE_NE,REG,8,NE,,33.0,good,1.0,0.0,A.Borregales,00-0040200
2025_08_DAL_DEN,REG,8,DAL,made,24.0,,0.0,1.0,B.Aubrey,00-0037692
2025_08_DAL_DEN,REG,8,DEN,,33.0,good,1.0,0.0,W.Lutz,00-0032569
2025_08_DAL_DEN,REG,8,DEN,,33.0,good,1.0,0.0,W.Lutz,00-0032569
2025_08_DAL_DEN,REG,8,DAL,,33.0,good,1.0,0.0,B.Aubrey,00-0037692
2025_08_DAL_DEN,REG,8,DEN,,33.0,good,1.0,0.0,W.Lutz,00-0032569
2025_08_DAL_DEN,REG,8,DAL,,33.0,good,1.0,0.0,B.Aubrey,00-0037692
2025_08_DAL_DEN,REG,8,DEN,made,42.0,,0.0,1.0,W.Lutz,00-0032569
2025_08_DAL_DEN,REG,8,DEN,,33.0,good,1.0,0.0,W.Lutz,00-0032569
2025_08_DAL_DEN,REG,8,DEN,,33.0,good,1.0,0.0,W.Lutz,00-0032569
2025_08_DAL_DEN,REG,8,DAL,,33.0,good,1.0,0.0,B.Aubrey,00-0037692
2025_08_GB_PIT,REG,8,PIT,made,56.0,,0.0,1.0,C.Boswell,00-0031136
2025_08_GB_PIT,REG,8,GB,,33.0,good,1.0,0.0,B.McManus,00-0029822
2025_08_GB_PIT,REG,8,GB,missed,57.0,,0.0,1.0,B.McManus,00-0029822
2025_08_GB_PIT,REG,8,PIT,made,50.0,,0.0,1.0,C.Boswell,00-0031136
2025_08_GB_PIT,REG,8,PIT,made,48.0,,0.0,1.0,C.Boswell,00-0031136
2025_08_GB_PIT,REG,8,PIT,,33.0,good,1.0,0.0,C.Boswell,00-0031136
2025_08_GB_PIT,REG,8,GB,missed,44.0,,0.0,1.0,B.McManus,00-0029822
2025_08_GB_PIT,REG,8,GB,,33.0,good,1.0,0.0,B.McManus,00-0029822
2025_08_GB_PIT,REG,8,PIT,made,56.0,,0.0,1.0,C.Boswell,00-0031136
2025_08_GB_PIT,REG,8,GB,,33.0,good,1.0,0.0,B.McManus,00-0029822
2025_08_GB_PIT,REG,8,GB,made,28.0,,0.0,1.0,B.McManus,00-0029822
2025_08_GB_PIT,REG,8,GB,made,25.0,,0.0,1.0,B.McManus,00-0029822
2025_08_MIA_ATL,REG,8,MIA,,33.0,good,1.0,0.0,R.Patterson,00-0036816
2025_08_MIA_ATL,REG,8,ATL,made,45.0,,0.0,1.0,J.Romo,00-0037542
2025_08_MIA_ATL,REG,8,MIA,made,34.0,,0.0,1.0,R.Patterson,00-0036816
2025_08_MIA_ATL,REG,8,MIA,,33.0,good,1.0,0.0,R.Patterson,00-0036816
2025_08_MIA_ATL,REG,8,MIA,,33.0,good,1.0,0.0,R.Patterson,00-0036816
2025_08_MIA_ATL,REG,8,MIA,,33.0,good,1.0,0.0,R.Patterson,00-0036816
2025_08_MIA_ATL,REG,8,MIA,made,36.0,,0.0,1.0,R.Patterson,00-0036816
2025_08_MIA_ATL,REG,8,ATL,,33.0,good,1.0,0.0,J.Romo,00-0037542
2025_08_MIN_LAC,REG,8,LAC,,48.0,good,1.0,0.0,C.Dicker,00-0037224
2025_08_MIN_LAC,REG,8,LAC,,33.0,good,1.0,0.0,C.Dicker,00-0037224
2025_08_MIN_LAC,REG,8,MIN,made,54.0,,0.0,1.0,W.Reichard,00-0039404
2025_08_MIN_LAC,REG,8,LAC,missed,49.0,,0.0,1.0,C.Dicker,00-0037224
2025_08_MIN_LAC,REG,8,LAC,,33.0,good,1.0,0.0,C.Dicker,00-0037224
2025_08_MIN_LAC,REG,8,MIN,missed,53.0,,0.0,1.0,W.Reichard,00-0039404
2025_08_MIN_LAC,REG,8,LAC,made,43.0,,0.0,1.0,C.Dicker,00-0037224
2025_08_MIN_LAC,REG,8,MIN,,33.0,good,1.0,0.0,W.Reichard,00-0039404
2025_08_MIN_LAC,REG,8,LAC,,33.0,good,1.0,0.0,C.Dicker,00-0037224
2025_08_MIN_LAC,REG,8,LAC,made,34.0,,0.0,1.0,C.Dicker,00-0037224
2025_08_MIN_LAC,REG,8,LAC,made,45.0,,0.0,1.0,C.Dicker,00-0037224
2025_08_NYG_PHI,REG,8,PHI,,33.0,good,1.0,0.0,J.Elliott,00-0033787
2025_08_NYG_PHI,REG,8,PHI,missed,58.0,,0.0,1.0,J.Elliott,00-0033787
2025_08_NYG_PHI,REG,8,NYG,,33.0,good,1.0,0.0,G.Gano,00-0026858
2025_08_NYG_PHI,REG,8,PHI,,33.0,good,1.0,0.0,J.Elliott,00-0033787
2025_08_NYG_PHI,REG,8,NYG,made,47.0,,0.0,1.0,G.Gano,00-0026858
2025_08_NYG_PHI,REG,8,PHI,,33.0,good,1.0,0.0,J.Elliott,00-0033787
2025_08_NYG_PHI,REG,8,PHI,made,40.0,,0.0,1.0,J.Elliott,00-0033787
2025_08_NYG_PHI,REG,8,NYG,made,34.0,,0.0,1.0,G.Gano,00-0026858
2025_08_NYG_PHI,REG,8,PHI,,33.0,good,1.0,0.0,J.Elliott,00-0033787
2025_08_NYG_PHI,REG,8,PHI,,33.0,good,1.0,0.0,J.Elliott,00-0033787
2025_08_NYG_PHI,REG,8,NYG,,33.0,good,1.0,0.0,G.Gano,00-0026858
2025_08_NYJ_CIN,REG,8,CIN,made,26.0,,0.0,1.0,E.McPherson,00-0036854
2025_08_NYJ_CIN,REG,8,CIN,,33.0,good,1.0,0.0,E.McPherson,00-0036854
2025_08_NYJ_CIN,REG,8,NYJ,made,46.0,,0.0,1.0,N.Folk,00-0025565
2025_08_NYJ_CIN,REG,8,CIN,,33.0,good,1.0,0.0,E.McPherson,00-0036854
2025_08_NYJ_CIN,REG,8,NYJ,,33.0,good,1.0,0.0,N.Folk,00-0025565
2025_08_NYJ_CIN,REG,8,CIN,,33.0,good,1.0,0.0,E.McPherson,00-0036854
2025_08_NYJ_CIN,REG,8,NYJ,made,25.0,,0.0,1.0,N.Folk,00-0025565
2025_08_NYJ_CIN,REG,8,NYJ,made,24.0,,0.0,1.0,N.Folk,00-0025565
2025_08_NYJ_CIN,REG,8,CIN,,33.0,good,1.0,0.0,E.McPherson,00-0036854
2025_08_NYJ_CIN,REG,8,CIN,,33.0,good,1.0,0.0,E.McPherson,00-0036854
2025_08_NYJ_CIN,REG,8,NYJ,,33.0,good,1.0,0.0,N.Folk,00-0025565
2025_08_SF_HOU,REG,8,HOU,made,33.0,,0.0,1.0,K.Fairbairn,00-0032726
2025_08_SF_HOU,REG,8,HOU,made,34.0,,0.0,1.0,K.Fairbairn,00-0032726
2025_08_SF_HOU,REG,8,HOU,,33.0,good,1.0,0.0,K.Fairbairn,00-0032726
2025_08_SF_HOU,REG,8,HOU,made,37.0,,0.0,1.0,K.Fairbairn,00-0032726
2025_08_SF_HOU,REG,8,SF,,33.0,good,1.0,0.0,E.Pineiro,00-0034173
2025_08_SF_HOU,REG,8,HOU,,33.0,good,1.0,0.0,K.Fairbairn,00-0032726
2025_08_SF_HOU,REG,8,HOU,made,30.0,,0.0,1.0,K.Fairbairn,00-0032726
2025_08_TB_NO,REG,8,TB,,33.0,good,1.0,0.0,C.McLaughlin,00-0035358
2025_08_TB_NO,REG,8,NO,made,48.0,,0.0,1.0,B.Grupe,00-0038905
2025_08_TB_NO,REG,8,TB,,33.0,good,1.0,0.0,C.McLaughlin,00-0035358
2025_08_TB_NO,REG,8,TB,made,55.0,,0.0,1.0,C.McLaughlin,00-0035358
2025_08_TB_NO,REG,8,TB,made,52.0,,0.0,1.0,C.McLaughlin,00-0035358
2025_08_TB_NO,REG,8,TB,made,54.0,,0.0,1.0,C.McLaughlin,00-0035358
2025_08_TEN_IND,REG,8,IND,made,43.0,,0.0,1.0,M.Badgley,00-0034084
2025_08_TEN_IND,REG,8,IND,,33.0,good,1.0,0.0,M.Badgley,00-0034084
2025_08_TEN_IND,REG,8,TEN,,33.0,good,1.0,0.0,J.Slye,00-0035192
2025_08_TEN_IND,REG,8,IND,,33.0,good,1.0,0.0,M.Badgley,00-0034084
2025_08_TEN_IND,REG,8,TEN,missed,58.0,,0.0,1.0,J.Slye,00-0035192
2025_08_TEN_IND,REG,8,IND,,33.0,good,1.0,0.0,M.Badgley,00-0034084
2025_08_TEN_IND,REG,8,IND,,33.0,good,1.0,0.0,M.Badgley,00-0034084
2025_08_TEN_IND,REG,8,IND,,33.0,good,1.0,0.0,M.Badgley,00-0034084
2025_08_TEN_IND,REG,8,TEN,,33.0,good,1.0,0.0,J.Slye,00-0035192
2025_08_WAS_KC,REG,8,KC,,33.0,good,1.0,0.0,H.Butker,00-0033303
2025_08_WAS_KC,REG,8,WAS,,33.0,good,1.0,0.0,M.Wright,00-0035189
2025_08_WAS_KC,REG,8,KC,,33.0,good,1.0,0.0,H.Butker,00-0033303
2025_08_WAS_KC,REG,8,KC,,33.0,good,1.0,0.0,H.Butker,00-0033303
2025_08_WAS_KC,REG,8,KC,,33.0,good,1.0,0.0,H.Butker,00-0033303
2025_09_ARI_DAL,REG,9,ARI,made,48.0,,0.0,1.0,C.Ryland,00-0038567
2025_09_ARI_DAL,REG,9,ARI,,33.0,good,1.0,0.0,C.Ryland,00-0038567
2025_09_ARI_DAL,REG,9,DAL,,33.0,good,1.0,0.0,B.Aubrey,00-0037692
2025_09_ARI_DAL,REG,9,ARI,,33.0,good,1.0,0.0,C.Ryland,00-0038567
2025_09_ARI_DAL,REG,9,DAL,missed,68.0,,0.0,1.0,B.Aubrey,00-0037692
2025_09_ARI_DAL,REG,9,ARI,,33.0,good,1.0,0.0,C.Ryland,00-0038567
2025_09_ARI_DAL,REG,9,DAL,made,26.0,,0.0,1.0,B.Aubrey,00-0037692
2025_09_ARI_DAL,REG,9,ARI,made,34.0,,0.0,1.0,C.Ryland,00-0038567
2025_09_ARI_DAL,REG,9,DAL,,33.0,good,1.0,0.0,B.Aubrey,00-0037692
2025_09_ATL_NE,REG,9,NE,,33.0,good,1.0,0.0,A.Borregales,00-0040200
2025_09_ATL_NE,REG,9,ATL,,33.0,good,1.0,0.0,J.Romo,00-0037542
2025_09_ATL_NE,REG,9,NE,,33.0,good,1.0,0.0,A.Borregales,00-0040200
2025_09_ATL_NE,REG,9,NE,,33.0,good,1.0,0.0,A.Borregales,00-0040200
2025_09_ATL_NE,REG,9,ATL,,33.0,good,1.0,0.0,J.Romo,00-0037542
2025_09_ATL_NE,REG,9,NE,made,32.0,,0.0,1.0,A.Borregales,00-0040200
2025_09_ATL_NE,REG,9,ATL,made,38.0,,0.0,1.0,J.Romo,00-0037542
2025_09_ATL_NE,REG,9,ATL,,33.0,failed,1.0,0.0,J.Romo,00-0037542
2025_09_BAL_MIA,REG,9,MIA,made,49.0,,0.0,1.0,R.Patterson,00-0036816
2025_09_BAL_MIA,REG,9,BAL,,33.0,good,1.0,0.0,T.Loop,00-0040074
2025_09_BAL_MIA,REG,9,MIA,missed,35.0,,0.0,1.0,R.Patterson,00-0036816
2025_09_BAL_MIA,REG,9,BAL,,33.0,good,1.0,0.0,T.Loop,00-0040074
2025_09_BAL_MIA,REG,9,MIA,made,43.0,,0.0,1.0,R.Patterson,00-0036816
2025_09_BAL_MIA,REG,9,BAL,,33.0,good,1.0,0.0,T.Loop,00-0040074
2025_09_BAL_MIA,REG,9,BAL,,33.0,good,1.0,0.0,T.Loop,00-0040074
2025_09_CAR_GB,REG,9,GB,made,49.0,,0.0,1.0,B.McManus,00-0029822
2025_09_CAR_GB,REG,9,CAR,,33.0,good,1.0,0.0,R.Fitzgerald,00-0040279
2025_09_CAR_GB,REG,9,GB,made,27.0,,0.0,1.0,B.McManus,00-0029822
2025_09_CAR_GB,REG,9,GB,missed,43.0,,0.0,1.0,B.McManus,00-0029822
2025_09_CAR_GB,REG,9,CAR,,48.0,failed,1.0,0.0,R.Fitzgerald,00-0040279
2025_09_CAR_GB,REG,9,GB,,33.0,good,1.0,0.0,B.McManus,00-0029822
2025_09_CAR_GB,REG,9,CAR,made,49.0,,0.0,1.0,R.Fitzgerald,00-0040279
2025_09_CHI_CIN,REG,9,CIN,,33.0,good,1.0,0.0,E.McPherson,00-0036854
2025_09_CHI_CIN,REG,9,CHI,,33.0,good,1.0,0.0,C.Santos,00-0031203
2025_09_CHI_CIN,REG,9,CIN,made,41.0,,0.0,1.0,E.McPherson,00-0036854
2025_09_CHI_CIN,REG,9,CHI,,33.0,good,1.0,0.0,C.Santos,00-0031203
2025_09_CHI_CIN,REG,9,CIN,made,33.0,,0.0,1.0,E.McPherson,00-0036854
2025_09_CHI_CIN,REG,9,CHI,made,24.0,,0.0,1.0,C.Santos,00-0031203
2025_09_CHI_CIN,REG,9,CIN,,33.0,good,1.0,0.0,E.McPherson,00-0036854
2025_09_CHI_CIN,REG,9,CHI,blocked,47.0,,0.0,1.0,C.Santos,00-0031203
2025_09_CHI_CIN,REG,9,CHI,,33.0,good,1.0,0.0,C.Santos,00-0031203
2025_09_CHI_CIN,REG,9,CIN,,33.0,good,1.0,0.0,E.McPherson,00-0036854
2025_09_CHI_CIN,REG,9,CHI,,33.0,good,1.0,0.0,C.Santos,00-0031203
2025_09_CHI_CIN,REG,9,CHI,made,36.0,,0.0,1.0,C.Santos,00-0031203
2025_09_CHI_CIN,REG,9,CIN,missed,54.0,,0.0,1.0,E.McPherson,00-0036854
2025_09_CHI_CIN,REG,9,CHI,,33.0,good,1.0,0.0,C.Santos,00-0031203
2025_09_CHI_CIN,REG,9,CIN,,33.0,good,1.0,0.0,E.McPherson,00-0036854
2025_09_DEN_HOU,REG,9,HOU,missed,51.0,,0.0,1.0,K.Fairbairn,00-0032726
2025_09_DEN_HOU,REG,9,DEN,blocked,51.0,,0.0,1.0,W.Lutz,00-0032569
2025_09_DEN_HOU,REG,9,HOU,made,23.0,,0.0,1.0,K.Fairbairn,00-0032726
2025_09_DEN_HOU,REG,9,HOU,made,41.0,,0.0,1.0,K.Fairbairn,00-0032726
2025_09_DEN_HOU,REG,9,DEN,,33.0,good,1.0,0.0,W.Lutz,00-0032569
2025_09_DEN_HOU,REG,9,HOU,made,38.0,,0.0,1.0,K.Fairbairn,00-0032726
2025_09_DEN_HOU,REG,9,HOU,made,40.0,,0.0,1.0,K.Fairbairn,00-0032726
2025_09_DEN_HOU,REG,9,HOU,made,41.0,,0.0,1.0,K.Fairbairn,00-0032726
2025_09_DEN_HOU,REG,9,DEN,made,34.0,,0.0,1.0,W.Lutz,00-0032569
2025_09_IND_PIT,REG,9,IND,,33.0,good,1.0,0.0,M.Badgley,00-0034084
2025_09_IND_PIT,REG,9,PIT,,33.0,good,1.0,0.0,C.Boswell,00-0031136
2025_09_IND_PIT,REG,9,PIT,,33.0,good,1.0,0.0,C.Boswell,00-0031136
2025_09_IND_PIT,REG,9,PIT,made,25.0,,0.0,1.0,C.Boswell,00-0031136
2025_09_IND_PIT,REG,9,PIT,,33.0,good,1.0,0.0,C.Boswell,00-0031136
2025_09_IND_PIT,REG,9,IND,made,52.0,,0.0,1.0,M.Badgley,00-0034084
2025_09_IND_PIT,REG,9,PIT,made,46.0,,0.0,1.0,C.Boswell,00-0031136
2025_09_IND_PIT,REG,9,IND,,33.0,good,1.0,0.0,M.Badgley,00-0034084
2025_09_IND_PIT,REG,9,IND,made,53.0,,0.0,1.0,M.Badgley,00-0034084
2025_09_JAX_LV,REG,9,LV,,33.0,failed,1.0,0.0,D.Carlson,00-0034161
2025_09_JAX_LV,REG,9,JAX,made,68.0,,0.0,1.0,C.Little,00-0039409
2025_09_JAX_LV,REG,9,JAX,made,33.0,,0.0,1.0,C.Little,00-0039409
2025_09_JAX_LV,REG,9,LV,made,24.0,,0.0,1.0,D.Carlson,00-0034161
2025_09_JAX_LV,REG,9,JAX,,33.0,good,1.0,0.0,C.Little,00-0039409
2025_09_JAX_LV,REG,9,LV,,33.0,good,1.0,0.0,D.Carlson,00-0034161
2025_09_JAX_LV,REG,9,JAX,,33.0,good,1.0,0.0,C.Little,00-0039409
2025_09_JAX_LV,REG,9,LV,,33.0,good,1.0,0.0,D.Carlson,00-0034161
2025_09_JAX_LV,REG,9,JAX,made,48.0,,0.0,1.0,C.Little,00-0039409
2025_09_JAX_LV,REG,9,JAX,,33.0,good,1.0,0.0,C.Little,00-0039409
2025_09_KC_BUF,REG,9,BUF,,33.0,good,1.0,0.0,M.Prater,00-0023853
2025_09_KC_BUF,REG,9,KC,,33.0,good,1.0,0.0,H.Butker,00-0033303
2025_09_KC_BUF,REG,9,KC,made,46.0,,0.0,1.0,H.Butker,00-0033303
2025_09_KC_BUF,REG,9,BUF,,33.0,good,1.0,0.0,M.Prater,00-0023853
2025_09_KC_BUF,REG,9,BUF,,33.0,good,1.0,0.0,M.Prater,00-0023853
2025_09_KC_BUF,REG,9,KC,made,19.0,,0.0,1.0,H.Butker,00-0033303
2025_09_KC_BUF,REG,9,BUF,,33.0,good,1.0,0.0,M.Prater,00-0023853
2025_09_KC_BUF,REG,9,BUF,missed,52.0,,0.0,1.0,M.Prater,00-0023853
2025_09_LAC_TEN,REG,9,TEN,,33.0,good,1.0,0.0,J.Slye,00-0035192
2025_09_LAC_TEN,REG,9,LAC,,33.0,good,1.0,0.0,C.Dicker,00-0037224
2025_09_LAC_TEN,REG,9,TEN,,33.0,good,1.0,0.0,J.Slye,00-0035192
2025_09_LAC_TEN,REG,9,LAC,made,27.0,,0.0,1.0,C.Dicker,00-0037224
2025_09_LAC_TEN,REG,9,LAC,,33.0,good,1.0,0.0,C.Dicker,00-0037224
2025_09_LAC_TEN,REG,9,TEN,made,49.0,,0.0,1.0,J.Slye,00-0035192
2025_09_LAC_TEN,REG,9,LAC,made,52.0,,0.0,1.0,C.Dicker,00-0037224
2025_09_LAC_TEN,REG,9,LAC,,33.0,good,1.0,0.0,C.Dicker,00-0037224
2025_09_LAC_TEN,REG,9,TEN,made,37.0,,0.0,1.0,J.Slye,00-0035192
2025_09_MIN_DET,REG,9,DET,,33.0,good,1.0,0.0,J.Bates,00-0039172
2025_09_MIN_DET,REG,9,MIN,,33.0,good,1.0,0.0,W.Reichard,00-0039404
2025_09_MIN_DET,REG,9,MIN,,33.0,good,1.0,0.0,W.Reichard,00-0039404
2025_09_MIN_DET,REG,9,DET,,33.0,good,1.0,0.0,J.Bates,00-0039172
2025_09_MIN_DET,REG,9,MIN,made,50.0,,0.0,1.0,W.Reichard,00-0039404
2025_09_MIN_DET,REG,9,MIN,,33.0,good,1.0,0.0,W.Reichard,00-0039404
2025_09_MIN_DET,REG,9,DET,made,41.0,,0.0,1.0,J.Bates,00-0039172
2025_09_MIN_DET,REG,9,DET,blocked,45.0,,0.0,1.0,J.Bates,00-0039172
2025_09_MIN_DET,REG,9,MIN,made,20.0,,0.0,1.0,W.Reichard,00-0039404
2025_09_MIN_DET,REG,9,DET,,33.0,good,1.0,0.0,J.Bates,00-0039172
2025_09_NO_LA,REG,9,LAR,,38.0,good,1.0,0.0,J.Karty,00-0039750
2025_09_NO_LA,REG,9,LAR,,33.0,failed,1.0,0.0,J.Karty,00-0039750
2025_09_NO_LA,REG,9,NO,made,39.0,,0.0,1.0,B.Grupe,00-0038905
2025_09_NO_LA,REG,9,LAR,,33.0,good,1.0,0.0,J.Karty,00-0039750
2025_09_NO_LA,REG,9,LAR,missed,39.0,,0.0,1.0,J.Karty,00-0039750
2025_09_NO_LA,REG,9,NO,,33.0,good,1.0,0.0,B.Grupe,00-0038905
2025_09_NO_LA,REG,9,LAR,,33.0,good,1.0,0.0,J.Karty,00-0039750
2025_09_NO_LA,REG,9,LAR,,33.0,good,1.0,0.0,J.Karty,00-0039750
2025_09_SEA_WAS,REG,9,SEA,,33.0,good,1.0,0.0,J.Myers,00-0031492
2025_09_SEA_WAS,REG,9,SEA,,33.0,good,1.0,0.0,J.Myers,00-0031492
2025_09_SEA_WAS,REG,9,SEA,,33.0,good,1.0,0.0,J.Myers,00-0031492
2025_09_SEA_WAS,REG,9,SEA,,33.0,good,1.0,0.0,J.Myers,00-0031492
2025_09_SEA_WAS,REG,9,WAS,,33.0,good,1.0,0.0,M.Gay,00-0035269
2025_09_SEA_WAS,REG,9,SEA,made,41.0,,0.0,1.0,J.Myers,00-0031492
2025_09_SEA_WAS,REG,9,SEA,,33.0,good,1.0,0.0,J.Myers,00-0031492
2025_09_SEA_WAS,REG,9,WAS,,33.0,good,1.0,0.0,M.Gay,00-0035269
2025_09_SF_NYG,REG,9,NYG,,33.0,good,1.0,0.0,G.Gano,00-0026858
2025_09_SF_NYG,REG,9,SF,,33.0,good,1.0,0.0,E.Pineiro,00-0034173
2025_09_SF_NYG,REG,9,SF,,33.0,good,1.0,0.0,E.Pineiro,00-0034173
2025_09_SF_NYG,REG,9,SF,made,54.0,,0.0,1.0,E.Pineiro,00-0034173
2025_09_SF_NYG,REG,9,NYG,missed,45.0,,0.0,1.0,G.Gano,00-0026858
2025_09_SF_NYG,REG,9,SF,made,33.0,,0.0,1.0,E.Pineiro,00-0034173
2025_09_SF_NYG,REG,9,NYG,made,22.0,,0.0,1.0,G.Gano,00-0026858
2025_09_SF_NYG,REG,9,SF,,33.0,good,1.0,0.0,E.Pineiro,00-0034173
2025_09_SF_NYG,REG,9,NYG,,33.0,good,1.0,0.0,G.Gano,00-0026858
2025_09_SF_NYG,REG,9,SF,,33.0,good,1.0,0.0,E.Pineiro,00-0034173
2025_09_SF_NYG,REG,9,NYG,,33.0,good,1.0,0.0,G.Gano,00-0026858
2025_10_ARI_SEA,REG,10,SEA,,33.0,good,1.0,0.0,J.Myers,00-0031492
2025_10_ARI_SEA,REG,10,SEA,,33.0,good,1.0,0.0,J.Myers,00-0031492
2025_10_ARI_SEA,REG,10,SEA,,33.0,good,1.0,0.0,J.Myers,00-0031492
2025_10_ARI_SEA,REG,10,SEA,,33.0,good,1.0,0.0,J.Myers,00-0031492
2025_10_ARI_SEA,REG,10,SEA,,33.0,good,1.0,0.0,J.Myers,00-0031492
2025_10_ARI_SEA,REG,10,ARI,,33.0,good,1.0,0.0,C.Ryland,00-0038567
2025_10_ARI_SEA,REG,10,SEA,made,46.0,,0.0,1.0,J.Myers,00-0031492
2025_10_ARI_SEA,REG,10,SEA,made,32.0,,0.0,1.0,J.Myers,00-0031492
2025_10_ARI_SEA,REG,10,ARI,,33.0,good,1.0,0.0,C.Ryland,00-0038567
2025_10_ARI_SEA,REG,10,SEA,made,34.0,,0.0,1.0,J.Myers,00-0031492
2025_10_ATL_IND,REG,10,IND,,33.0,failed,1.0,0.0,M.Badgley,00-0034084
2025_10_ATL_IND,REG,10,ATL,,33.0,good,1.0,0.0,Z.Gonzalez,00-0033862
2025_10_ATL_IND,REG,10,IND,,33.0,good,1.0,0.0,M.Badgley,00-0034084
2025_10_ATL_IND,REG,10,IND,missed,53.0,,0.0,1.0,M.Badgley,00-0034084
2025_10_ATL_IND,REG,10,ATL,,33.0,good,1.0,0.0,Z.Gonzalez,00-0033862
2025_10_ATL_IND,REG,10,ATL,made,43.0,,0.0,1.0,Z.Gonzalez,00-0033862
2025_10_ATL_IND,REG,10,IND,made,34.0,,0.0,1.0,M.Badgley,00-0034084
2025_10_ATL_IND,REG,10,IND,made,44.0,,0.0,1.0,M.Badgley,00-0034084
2025_10_BAL_MIN,REG,10,MIN,,33.0,good,1.0,0.0,W.Reichard,00-0039404
2025_10_BAL_MIN,REG,10,BAL,made,44.0,,0.0,1.0,T.Loop,00-0040074
2025_10_BAL_MIN,REG,10,MIN,made,49.0,,0.0,1.0,W.Reichard,00-0039404
2025_10_BAL_MIN,REG,10,BAL,made,28.0,,0.0,1.0,T.Loop,00-0040074
2025_10_BAL_MIN,REG,10,BAL,made,30.0,,0.0,1.0,T.Loop,00-0040074
2025_10_BAL_MIN,REG,10,BAL,made,22.0,,0.0,1.0,T.Loop,00-0040074
2025_10_BAL_MIN,REG,10,BAL,,33.0,good,1.0,0.0,T.Loop,00-0040074
2025_10_BAL_MIN,REG,10,BAL,missed,56.0,,0.0,1.0,T.Loop,00-0040074
2025_10_BAL_MIN,REG,10,MIN,made,43.0,,0.0,1.0,W.Reichard,00-0039404
2025_10_BUF_MIA,REG,10,MIA,,33.0,good,1.0,0.0,R.Patterson,00-0036816
2025_10_BUF_MIA,REG,10,MIA,,33.0,failed,1.0,0.0,R.Patterson,00-0036816
2025_10_BUF_MIA,REG,10,MIA,made,46.0,,0.0,1.0,R.Patterson,00-0036816
2025_10_BUF_MIA,REG,10,MIA,,33.0,good,1.0,0.0,R.Patterson,00-0036816
2025_10_BUF_MIA,REG,10,BUF,,33.0,good,1.0,0.0,M.Prater,00-0023853
2025_10_BUF_MIA,REG,10,MIA,,33.0,good,1.0,0.0,R.Patterson,00-0036816
2025_10_CLE_NYJ,REG,10,CLE,,33.0,good,1.0,0.0,A.Szmyt,00-0038428
2025_10_CLE_NYJ,REG,10,NYJ,,33.0,good,1.0,0.0,N.Folk,00-0025565
2025_10_CLE_NYJ,REG,10,NYJ,,33.0,good,1.0,0.0,N.Folk,00-0025565
2025_10_CLE_NYJ,REG,10,CLE,,33.0,good,1.0,0.0,A.Szmyt,00-0038428
2025_10_CLE_NYJ,REG,10,NYJ,made,26.0,,0.0,1.0,N.Folk,00-0025565
2025_10_CLE_NYJ,REG,10,CLE,made,45.0,,0.0,1.0,A.Szmyt,00-0038428
2025_10_CLE_NYJ,REG,10,NYJ,,33.0,good,1.0,0.0,N.Folk,00-0025565
2025_10_CLE_NYJ,REG,10,NYJ,made,37.0,,0.0,1.0,N.Folk,00-0025565
2025_10_CLE_NYJ,REG,10,CLE,made,29.0,,0.0,1.0,A.Szmyt,00-0038428
2025_10_DET_WAS,REG,10,DET,,33.0,good,1.0,0.0,J.Bates,00-0039172
2025_10_DET_WAS,REG,10,WAS,made,44.0,,0.0,1.0,M.Gay,00-0035269
2025_10_DET_WAS,REG,10,DET,,33.0,good,1.0,0.0,J.Bates,00-0039172
2025_10_DET_WAS,REG,10,WAS,,38.0,good,1.0,0.0,M.Gay,00-0035269
2025_10_DET_WAS,REG,10,DET,made,22.0,,0.0,1.0,J.Bates,00-0039172
2025_10_DET_WAS,REG,10,DET,,33.0,good,1.0,0.0,J.Bates,00-0039172
2025_10_DET_WAS,REG,10,DET,made,28.0,,0.0,1.0,J.Bates,00-0039172
2025_10_DET_WAS,REG,10,DET,,33.0,blocked,1.0,0.0,J.Bates,00-0039172
2025_10_DET_WAS,REG,10,DET,made,48.0,,0.0,1.0,J.Bates,00-0039172
2025_10_JAX_HOU,REG,10,JAX,made,32.0,,0.0,1.0,C.Little,00-0039409
2025_10_JAX_HOU,REG,10,JAX,,33.0,good,1.0,0.0,C.Little,00-0039409
2025_10_JAX_HOU,REG,10,JAX,,33.0,good,1.0,0.0,C.Little,00-0039409
2025_10_JAX_HOU,REG,10,HOU,made,23.0,,0.0,1.0,M.Wright,00-0035189
2025_10_JAX_HOU,REG,10,JAX,made,53.0,,0.0,1.0,C.Little,00-0039409
2025_10_JAX_HOU,REG,10,HOU,,33.0,good,1.0,0.0,M.Wright,00-0035189
2025_10_JAX_HOU,REG,10,JAX,made,33.0,,0.0,1.0,C.Little,00-0039409
2025_10_LA_SF,REG,10,LAR,,33.0,good,1.0,0.0,H.Mevis,00-0039498
2025_10_LA_SF,REG,10,LAR,,33.0,good,1.0,0.0,H.Mevis,00-0039498
2025_10_LA_SF,REG,10,LAR,,33.0,good,1.0,0.0,H.Mevis,00-0039498
2025_10_LA_SF,REG,10,SF,,33.0,good,1.0,0.0,E.Pineiro,00-0034173
2025_10_LA_SF,REG,10,SF,,33.0,good,1.0,0.0,E.Pineiro,00-0034173
2025_10_LA_SF,REG,10,LAR,,33.0,good,1.0,0.0,H.Mevis,00-0039498
2025_10_LA_SF,REG,10,SF,,33.0,blocked,1.0,0.0,E.Pineiro,00-0034173
2025_10_LA_SF,REG,10,LAR,,33.0,good,1.0,0.0,H.Mevis,00-0039498
2025_10_LA_SF,REG,10,LAR,,33.0,good,1.0,0.0,H.Mevis,00-0039498
2025_10_LV_DEN,REG,10,LV,,33.0,good,1.0,0.0,D.Carlson,00-0034161
2025_10_LV_DEN,REG,10,DEN,,33.0,good,1.0,0.0,W.Lutz,00-0032569
2025_10_LV_DEN,REG,10,DEN,missed,59.0,,0.0,1.0,W.Lutz,00-0032569
2025_10_LV_DEN,REG,10,DEN,made,32.0,,0.0,1.0,W.Lutz,00-0032569
2025_10_LV_DEN,REG,10,LV,missed,48.0,,0.0,1.0,D.Carlson,00-0034161
2025_10_NE_TB,REG,10,TB,,33.0,good,1.0,0.0,C.McLaughlin,00-0035358
2025_10_NE_TB,REG,10,NE,,33.0,good,1.0,0.0,A.Borregales,00-0040200
2025_10_NE_TB,REG,10,TB,made,36.0,,0.0,1.0,C.McLaughlin,00-0035358
2025_10_NE_TB,REG,10,NE,,33.0,good,1.0,0.0,A.Borregales,00-0040200
2025_10_NE_TB,REG,10,NE,,33.0,good,1.0,0.0,A.Borregales,00-0040200
2025_10_NE_TB,REG,10,NE,,33.0,good,1.0,0.0,A.Borregales,00-0040200
2025_10_NE_TB,REG,10,TB,,33.0,good,1.0,0.0,C.McLaughlin,00-0035358
2025_10_NO_CAR,REG,10,CAR,,33.0,good,1.0,0.0,R.Fitzgerald,00-0040279
2025_10_NO_CAR,REG,10,NO,made,20.0,,0.0,1.0,B.Grupe,00-0038905
2025_10_NO_CAR,REG,10,NO,,33.0,good,1.0,0.0,B.Grupe,00-0038905
2025_10_NO_CAR,REG,10,CAR,blocked,48.0,,0.0,1.0,R.Fitzgerald,00-0040279
2025_10_NO_CAR,REG,10,NO,,33.0,good,1.0,0.0,B.Grupe,00-0038905
2025_10_NYG_CHI,REG,10,CHI,,33.0,good,1.0,0.0,C.Santos,00-0031203
2025_10_NYG_CHI,REG,10,NYG,,33.0,good,1.0,0.0,Y.Koo,00-0033702
2025_10_NYG_CHI,REG,10,NYG,made,32.0,,0.0,1.0,Y.Koo,00-0033702
2025_10_NYG_CHI,REG,10,NYG,,33.0,good,1.0,0.0,Y.Koo,00-0033702
2025_10_NYG_CHI,REG,10,CHI,made,22.0,,0.0,1.0,C.Santos,00-0031203
2025_10_NYG_CHI,REG,10,NYG,made,19.0,,0.0,1.0,Y.Koo,00-0033702
2025_10_NYG_CHI,REG,10,CHI,,33.0,good,1.0,0.0,C.Santos,00-0031203
2025_10_NYG_CHI,REG,10,CHI,,33.0,good,1.0,0.0,C.Santos,00-0031203
2025_10_PHI_GB,REG,10,PHI,made,39.0,,0.0,1.0,J.Elliott,00-0033787
2025_10_PHI_GB,REG,10,PHI,,33.0,good,1.0,0.0,J.Elliott,00-0033787
2025_10_PHI_GB,REG,10,GB,,33.0,good,1.0,0.0,B.McManus,00-0029822
2025_10_PHI_GB,REG,10,GB,missed,64.0,,0.0,1.0,B.McManus,00-0029822
2025_10_PIT_LAC,REG,10,PIT,made,59.0,,0.0,1.0,C.Boswell,00-0031136
2025_10_PIT_LAC,REG,10,PIT,missed,45.0,,0.0,1.0,C.Boswell,00-0031136
2025_10_PIT_LAC,REG,10,LAC,made,32.0,,0.0,1.0,C.Dicker,00-0037224
2025_10_PIT_LAC,REG,10,LAC,,33.0,good,1.0,0.0,C.Dicker,00-0037224
2025_10_PIT_LAC,REG,10,LAC,made,59.0,,0.0,1.0,C.Dicker,00-0037224
2025_10_PIT_LAC,REG,10,LAC,missed,55.0,,0.0,1.0,C.Dicker,00-0037224
2025_10_PIT_LAC,REG,10,LAC,,33.0,good,1.0,0.0,C.Dicker,00-0037224
2025_10_PIT_LAC,REG,10,LAC,made,42.0,,0.0,1.0,C.Dicker,00-0037224
2025_10_PIT_LAC,REG,10,PIT,,33.0,good,1.0,0.0,C.Boswell,00-0031136
2025_11_BAL_CLE,REG,11,BAL,made,25.0,,0.0,1.0,T.Loop,00-0040074
2025_11_BAL_CLE,REG,11,CLE,made,30.0,,0.0,1.0,A.Szmyt,00-0038428
2025_11_BAL_CLE,REG,11,CLE,made,24.0,,0.0,1.0,A.Szmyt,00-0038428
2025_11_BAL_CLE,REG,11,CLE,,33.0,good,1.0,0.0,A.Szmyt,00-0038428
2025_11_BAL_CLE,REG,11,BAL,,33.0,good,1.0,0.0,T.Loop,00-0040074
2025_11_BAL_CLE,REG,11,CLE,made,46.0,,0.0,1.0,A.Szmyt,00-0038428
2025_11_BAL_CLE,REG,11,BAL,made,24.0,,0.0,1.0,T.Loop,00-0040074
2025_11_BAL_CLE,REG,11,BAL,made,44.0,,0.0,1.0,T.Loop,00-0040074
2025_11_BAL_CLE,REG,11,BAL,,33.0,good,1.0,0.0,T.Loop,00-0040074
2025_11_CAR_ATL,REG,11,CAR,,33.0,good,1.0,0.0,R.Fitzgerald,00-0040279
2025_11_CAR_ATL,REG,11,ATL,,33.0,good,1.0,0.0,Z.Gonzalez,00-0033862
2025_11_CAR_ATL,REG,11,ATL,,33.0,good,1.0,0.0,Z.Gonzalez,00-0033862
2025_11_CAR_ATL,REG,11,ATL,,33.0,good,1.0,0.0,Z.Gonzalez,00-0033862
2025_11_CAR_ATL,REG,11,CAR,made,29.0,,0.0,1.0,R.Fitzgerald,00-0040279
2025_11_CAR_ATL,REG,11,CAR,made,34.0,,0.0,1.0,R.Fitzgerald,00-0040279
2025_11_CAR_ATL,REG,11,ATL,made,52.0,,0.0,1.0,Z.Gonzalez,00-0033862
2025_11_CAR_ATL,REG,11,ATL,made,45.0,,0.0,1.0,Z.Gonzalez,00-0033862
2025_11_CAR_ATL,REG,11,CAR,made,28.0,,0.0,1.0,R.Fitzgerald,00-0040279
2025_11_CHI_MIN,REG,11,MIN,made,31.0,,0.0,1.0,W.Reichard,00-0039404
2025_11_CHI_MIN,REG,11,CHI,,33.0,good,1.0,0.0,C.Santos,00-0031203
2025_11_CHI_MIN,REG,11,CHI,made,38.0,,0.0,1.0,C.Santos,00-0031203
2025_11_CHI_MIN,REG,11,CHI,made,54.0,,0.0,1.0,C.Santos,00-0031203
2025_11_CHI_MIN,REG,11,CHI,made,33.0,,0.0,1.0,C.Santos,00-0031203
2025_11_CHI_MIN,REG,11,MIN,,33.0,good,1.0,0.0,W.Reichard,00-0039404
2025_11_CHI_MIN,REG,11,CHI,missed,45.0,,0.0,1.0,C.Santos,00-0031203
2025_11_CHI_MIN,REG,11,MIN,,33.0,good,1.0,0.0,W.Reichard,00-0039404
2025_11_CHI_MIN,REG,11,CHI,made,48.0,,0.0,1.0,C.Santos,00-0031203
2025_11_CIN_PIT,REG,11,PIT,,33.0,good,1.0,0.0,C.Boswell,00-0031136
2025_11_CIN_PIT,REG,11,PIT,made,25.0,,0.0,1.0,C.Boswell,00-0031136
2025_11_CIN_PIT,REG,11,CIN,made,43.0,,0.0,1.0,E.McPherson,00-0036854
2025_11_CIN_PIT,REG,11,PIT,made,30.0,,0.0,1.0,C.Boswell,00-0031136
2025_11_CIN_PIT,REG,11,PIT,,33.0,good,1.0,0.0,C.Boswell,00-0031136
2025_11_CIN_PIT,REG,11,CIN,made,48.0,,0.0,1.0,E.McPherson,00-0036854
2025_11_CIN_PIT,REG,11,PIT,,33.0,good,1.0,0.0,C.Boswell,00-0031136
2025_11_CIN_PIT,REG,11,PIT,,33.0,good,1.0,0.0,C.Boswell,00-0031136
2025_11_DAL_LV,REG,11,LV,made,35.0,,0.0,1.0,D.Carlson,00-0034161
2025_11_DAL_LV,REG,11,DAL,made,50.0,,0.0,1.0,B.Aubrey,00-0037692
2025_11_DAL_LV,REG,11,LV,made,45.0,,0.0,1.0,D.Carlson,00-0034161
2025_11_DAL_LV,REG,11,DAL,,33.0,good,1.0,0.0,B.Aubrey,00-0037692
2025_11_DAL_LV,REG,11,DAL,,38.0,good,1.0,0.0,B.Aubrey,00-0037692
2025_11_DAL_LV,REG,11,DAL,,48.0,good,1.0,0.0,B.Aubrey,00-0037692
2025_11_DAL_LV,REG,11,LV,made,38.0,,0.0,1.0,D.Carlson,00-0034161
2025_11_DAL_LV,REG,11,DAL,,33.0,good,1.0,0.0,B.Aubrey,00-0037692
2025_11_DAL_LV,REG,11,LV,,33.0,good,1.0,0.0,D.Carlson,00-0034161
2025_11_DET_PHI,REG,11,PHI,made,27.0,,0.0,1.0,J.Elliott,00-0033787
2025_11_DET_PHI,REG,11,PHI,made,34.0,,0.0,1.0,J.Elliott,00-0033787
2025_11_DET_PHI,REG,11,DET,,48.0,failed,1.0,0.0,J.Bates,00-0039172
2025_11_DET_PHI,REG,11,PHI,,33.0,good,1.0,0.0,J.Elliott,00-0033787
2025_11_DET_PHI,REG,11,PHI,made,49.0,,0.0,1.0,J.Elliott,00-0033787
2025_11_DET_PHI,REG,11,DET,made,54.0,,0.0,1.0,J.Bates,00-0039172
2025_11_GB_NYG,REG,11,NYG,,33.0,good,1.0,0.0,Y.Koo,00-0033702
2025_11_GB_NYG,REG,11,GB,,33.0,failed,1.0,0.0,L.Havrisik,00-0038152
2025_11_GB_NYG,REG,11,GB,,33.0,good,1.0,0.0,L.Havrisik,00-0038152
2025_11_GB_NYG,REG,11,NYG,,48.0,failed,1.0,0.0,Y.Koo,00-0033702
2025_11_GB_NYG,REG,11,GB,,33.0,failed,1.0,0.0,L.Havrisik,00-0038152
2025_11_GB_NYG,REG,11,NYG,,33.0,good,1.0,0.0,Y.Koo,00-0033702
2025_11_HOU_TEN,REG,11,TEN,made,56.0,,0.0,1.0,J.Slye,00-0035192
2025_11_HOU_TEN,REG,11,TEN,made,47.0,,0.0,1.0,J.Slye,00-0035192
2025_11_HOU_TEN,REG,11,HOU,,33.0,good,1.0,0.0,M.Wright,00-0035189
2025_11_HOU_TEN,REG,11,HOU,made,41.0,,0.0,1.0,M.Wright,00-0035189
2025_11_HOU_TEN,REG,11,HOU,made,43.0,,0.0,1.0,M.Wright,00-0035189
2025_11_HOU_TEN,REG,11,TEN,,33.0,good,1.0,0.0,J.Slye,00-0035192
2025_11_HOU_TEN,REG,11,HOU,made,35.0,,0.0,1.0,M.Wright,00-0035189
2025_11_KC_DEN,REG,11,DEN,made,29.0,,0.0,1.0,W.Lutz,00-0032569
2025_11_KC_DEN,REG,11,DEN,made,24.0,,0.0,1.0,W.Lutz,00-0032569
2025_11_KC_DEN,REG,11,KC,made,31.0,,0.0,1.0,H.Butker,00-0033303
2025_11_KC_DEN,REG,11,KC,made,31.0,,0.0,1.0,H.Butker,00-0033303
2025_11_KC_DEN,REG,11,DEN,,33.0,good,1.0,0.0,W.Lutz,00-0032569
2025_11_KC_DEN,REG,11,KC,,33.0,good,1.0,0.0,H.Butker,00-0033303
2025_11_KC_DEN,REG,11,DEN,made,38.0,,0.0,1.0,W.Lutz,00-0032569
2025_11_KC_DEN,REG,11,KC,,33.0,blocked,1.0,0.0,H.Butker,00-0033303
2025_11_KC_DEN,REG,11,DEN,made,54.0,,0.0,1.0,W.Lutz,00-0032569
2025_11_KC_DEN,REG,11,DEN,made,35.0,,0.0,1.0,W.Lutz,00-0032569
2025_11_LAC_JAX,REG,11,LAC,made,41.0,,0.0,1.0,C.Dicker,00-0037224
2025_11_LAC_JAX,REG,11,JAX,,33.0,good,1.0,0.0,C.Little,00-0039409
2025_11_LAC_JAX,REG,11,LAC,made,46.0,,0.0,1.0,C.Dicker,00-0037224
2025_11_LAC_JAX,REG,11,JAX,,33.0,good,1.0,0.0,C.Little,00-0039409
2025_11_LAC_JAX,REG,11,JAX,,33.0,good,1.0,0.0,C.Little,00-0039409
2025_11_LAC_JAX,REG,11,JAX,,33.0,good,1.0,0.0,C.Little,00-0039409
2025_11_LAC_JAX,REG,11,JAX,,33.0,good,1.0,0.0,C.Little,00-0039409
2025_11_NYJ_NE,REG,11,NYJ,,33.0,good,1.0,0.0,N.Folk,00-0025565
2025_11_NYJ_NE,REG,11,NE,,33.0,good,1.0,0.0,A.Borregales,00-0040200
2025_11_NYJ_NE,REG,11,NE,,33.0,good,1.0,0.0,A.Borregales,00-0040200
2025_11_NYJ_NE,REG,11,NE,missed,45.0,,0.0,1.0,A.Borregales,00-0040200
2025_11_NYJ_NE,REG,11,NE,,33.0,good,1.0,0.0,A.Borregales,00-0040200
2025_11_NYJ_NE,REG,11,NYJ,,33.0,good,1.0,0.0,N.Folk,00-0025565
2025_11_NYJ_NE,REG,11,NE,made,44.0,,0.0,1.0,A.Borregales,00-0040200
2025_11_NYJ_NE,REG,11,NE,made,26.0,,0.0,1.0,A.Borregales,00-0040200
2025_11_SEA_LA,REG,11,LAR,,33.0,good,1.0,0.0,H.Mevis,00-0039498
2025_11_SEA_LA,REG,11,SEA,made,57.0,,0.0,1.0,J.Myers,00-0031492
2025_11_SEA_LA,REG,11,LAR,,33.0,good,1.0,0.0,H.Mevis,00-0039498
2025_11_SEA_LA,REG,11,SEA,made,30.0,,0.0,1.0,J.Myers,00-0031492
2025_11_SEA_LA,REG,11,SEA,made,22.0,,0.0,1.0,J.Myers,00-0031492
2025_11_SEA_LA,REG,11,SEA,made,29.0,,0.0,1.0,J.Myers,00-0031492
2025_11_SEA_LA,REG,11,LAR,,33.0,good,1.0,0.0,H.Mevis,00-0039498
2025_11_SEA_LA,REG,11,SEA,,33.0,good,1.0,0.0,J.Myers,00-0031492
2025_11_SEA_LA,REG,11,SEA,missed,61.0,,0.0,1.0,J.Myers,00-0031492
2025_11_SF_ARI,REG,11,SF,,33.0,good,1.0,0.0,E.Pineiro,00-0034173
2025_11_SF_ARI,REG,11,SF,,33.0,blocked,1.0,0.0,E.Pineiro,00-0034173
2025_11_SF_ARI,REG,11,ARI,,33.0,good,1.0,0.0,C.Ryland,00-0038567
2025_11_SF_ARI,REG,11,ARI,missed,58.0,,0.0,1.0,C.Ryland,00-0038567
2025_11_SF_ARI,REG,11,SF,,33.0,failed,1.0,0.0,E.Pineiro,00-0034173
2025_11_SF_ARI,REG,11,ARI,made,26.0,,0.0,1.0,C.Ryland,00-0038567
2025_11_SF_ARI,REG,11,SF,made,48.0,,0.0,1.0,E.Pineiro,00-0034173
2025_11_SF_ARI,REG,11,SF,made,47.0,,0.0,1.0,E.Pineiro,00-0034173
2025_11_SF_ARI,REG,11,SF,made,47.0,,0.0,1.0,E.Pineiro,00-0034173
2025_11_SF_ARI,REG,11,SF,,33.0,good,1.0,0.0,E.Pineiro,00-0034173
2025_11_TB_BUF,REG,11,TB,made,23.0,,0.0,1.0,C.McLaughlin,00-0035358
2025_11_TB_BUF,REG,11,BUF,,33.0,good,1.0,0.0,M.Prater,00-0023853
2025_11_TB_BUF,REG,11,TB,,33.0,good,1.0,0.0,C.McLaughlin,00-0035358
2025_11_TB_BUF,REG,11,BUF,,33.0,good,1.0,0.0,M.Prater,00-0023853
2025_11_TB_BUF,REG,11,TB,,33.0,good,1.0,0.0,C.McLaughlin,00-0035358
2025_11_TB_BUF,REG,11,BUF,,33.0,good,1.0,0.0,M.Prater,00-0023853
2025_11_TB_BUF,REG,11,TB,made,24.0,,0.0,1.0,C.McLaughlin,00-0035358
2025_11_TB_BUF,REG,11,BUF,made,39.0,,0.0,1.0,M.Prater,00-0023853
2025_11_TB_BUF,REG,11,BUF,,33.0,good,1.0,0.0,M.Prater,00-0023853
2025_11_TB_BUF,REG,11,BUF,,33.0,good,1.0,0.0,M.Prater,00-0023853
2025_11_WAS_MIA,REG,11,MIA,made,46.0,,0.0,1.0,R.Patterson,00-0036816
2025_11_WAS_MIA,REG,11,WAS,made,26.0,,0.0,1.0,M.Gay,00-0035269
2025_11_WAS_MIA,REG,11,MIA,made,39.0,,0.0,1.0,R.Patterson,00-0036816
2025_11_WAS_MIA,REG,11,WAS,missed,51.0,,0.0,1.0,M.Gay,00-0035269
2025_11_WAS_MIA,REG,11,WAS,made,30.0,,0.0,1.0,M.Gay,00-0035269
2025_11_WAS_MIA,REG,11,WAS,,33.0,good,1.0,0.0,M.Gay,00-0035269
2025_11_WAS_MIA,REG,11,MIA,,33.0,good,1.0,0.0,R.Patterson,00-0036816
2025_11_WAS_MIA,REG,11,WAS,missed,56.0,,0.0,1.0,M.Gay,00-0035269
2025_11_WAS_MIA,REG,11,MIA,made,29.0,,0.0,1.0,R.Patterson,00-0036816
2025_12_ATL_NO,REG,12,ATL,made,56.0,,0.0,1.0,Z.Gonzalez,00-0033862
2025_12_ATL_NO,REG,12,NO,missed,38.0,,0.0,1.0,B.Grupe,00-0038905
2025_12_ATL_NO,REG,12,ATL,,33.0,good,1.0,0.0,Z.Gonzalez,00-0033862
2025_12_ATL_NO,REG,12,NO,,33.0,good,1.0,0.0,B.Grupe,00-0038905
2025_12_ATL_NO,REG,12,ATL,made,41.0,,0.0,1.0,Z.Gonzalez,00-0033862
2025_12_ATL_NO,REG,12,NO,missed,47.0,,0.0,1.0,B.Grupe,00-0038905
2025_12_ATL_NO,REG,12,ATL,made,54.0,,0.0,1.0,Z.Gonzalez,00-0033862
2025_12_ATL_NO,REG,12,NO,made,33.0,,0.0,1.0,B.Grupe,00-0038905
2025_12_BUF_HOU,REG,12,BUF,,33.0,failed,1.0,0.0,M.Prater,00-0023853
2025_12_BUF_HOU,REG,12,HOU,made,24.0,,0.0,1.0,K.Fairbairn,00-0032726
2025_12_BUF_HOU,REG,12,BUF,made,44.0,,0.0,1.0,M.Prater,00-0023853
2025_12_BUF_HOU,REG,12,HOU,,33.0,good,1.0,0.0,K.Fairbairn,00-0032726
2025_12_BUF_HOU,REG,12,HOU,made,43.0,,0.0,1.0,K.Fairbairn,00-0032726
2025_12_BUF_HOU,REG,12,BUF,,33.0,good,1.0,0.0,M.Prater,00-0023853
2025_12_BUF_HOU,REG,12,HOU,,33.0,good,1.0,0.0,K.Fairbairn,00-0032726
2025_12_BUF_HOU,REG,12,HOU,made,26.0,,0.0,1.0,K.Fairbairn,00-0032726
2025_12_BUF_HOU,REG,12,BUF,made,38.0,,0.0,1.0,M.Prater,00-0023853
2025_12_CAR_SF,REG,12,SF,,33.0,good,1.0,0.0,M.Gay,00-0035269
2025_12_CAR_SF,REG,12,CAR,made,25.0,,0.0,1.0,R.Fitzgerald,00-0040279
2025_12_CAR_SF,REG,12,SF,made,47.0,,0.0,1.0,M.Gay,00-0035269
2025_12_CAR_SF,REG,12,SF,,33.0,good,1.0,0.0,M.Gay,00-0035269
2025_12_CAR_SF,REG,12,SF,made,29.0,,0.0,1.0,M.Gay,00-0035269
2025_12_CAR_SF,REG,12,CAR,missed,57.0,,0.0,1.0,R.Fitzgerald,00-0040279
2025_12_CLE_LV,REG,12,CLE,,33.0,good,1.0,0.0,A.Szmyt,00-0038428
2025_12_CLE_LV,REG,12,CLE,,33.0,good,1.0,0.0,A.Szmyt,00-0038428
2025_12_CLE_LV,REG,12,LV,missed,48.0,,0.0,1.0,D.Carlson,00-0034161
2025_12_CLE_LV,REG,12,LV,made,41.0,,0.0,1.0,D.Carlson,00-0034161
2025_12_CLE_LV,REG,12,CLE,made,53.0,,0.0,1.0,A.Szmyt,00-0038428
2025_12_CLE_LV,REG,12,CLE,,33.0,good,1.0,0.0,A.Szmyt,00-0038428
2025_12_CLE_LV,REG,12,LV,,33.0,good,1.0,0.0,D.Carlson,00-0034161
2025_12_IND_KC,REG,12,IND,,33.0,good,1.0,0.0,M.Badgley,00-0034084
2025_12_IND_KC,REG,12,KC,made,28.0,,0.0,1.0,H.Butker,00-0033303
2025_12_IND_KC,REG,12,IND,,33.0,good,1.0,0.0,M.Badgley,00-0034084
2025_12_IND_KC,REG,12,KC,made,48.0,,0.0,1.0,H.Butker,00-0033303
2025_12_IND_KC,REG,12,KC,made,22.0,,0.0,1.0,H.Butker,00-0033303
2025_12_IND_KC,REG,12,IND,made,32.0,,0.0,1.0,M.Badgley,00-0034084
2025_12_IND_KC,REG,12,IND,made,23.0,,0.0,1.0,M.Badgley,00-0034084
2025_12_IND_KC,REG,12,KC,made,25.0,,0.0,1.0,H.Butker,00-0033303
2025_12_IND_KC,REG,12,KC,made,27.0,,0.0,1.0,H.Butker,00-0033303
2025_12_JAX_ARI,REG,12,JAX,,33.0,good,1.0,0.0,C.Little,00-0039409
2025_12_JAX_ARI,REG,12,ARI,,33.0,good,1.0,0.0,C.Ryland,00-0038567
2025_12_JAX_ARI,REG,12,JAX,made,52.0,,0.0,1.0,C.Little,00-0039409
2025_12_JAX_ARI,REG,12,ARI,,33.0,good,1.0,0.0,C.Ryland,00-0038567
2025_12_JAX_ARI,REG,12,ARI,missed,33.0,,0.0,1.0,C.Ryland,00-0038567
2025_12_JAX_ARI,REG,12,JAX,,33.0,good,1.0,0.0,C.Little,00-0039409
2025_12_JAX_ARI,REG,12,ARI,,33.0,good,1.0,0.0,C.Ryland,00-0038567
2025_12_JAX_ARI,REG,12,JAX,,33.0,good,1.0,0.0,C.Little,00-0039409
2025_12_JAX_ARI,REG,12,ARI,made,29.0,,0.0,1.0,C.Ryland,00-0038567
2025_12_JAX_ARI,REG,12,JAX,made,52.0,,0.0,1.0,C.Little,00-0039409
2025_12_MIN_GB,REG,12,MIN,made,52.0,,0.0,1.0,W.Reichard,00-0039404
2025_12_MIN_GB,REG,12,GB,,33.0,good,1.0,0.0,B.McManus,00-0029822
2025_12_MIN_GB,REG,12,GB,made,32.0,,0.0,1.0,B.McManus,00-0029822
2025_12_MIN_GB,REG,12,MIN,made,59.0,,0.0,1.0,W.Reichard,00-0039404
2025_12_MIN_GB,REG,12,GB,,33.0,good,1.0,0.0,B.McManus,00-0029822
2025_12_MIN_GB,REG,12,GB,made,30.0,,0.0,1.0,B.McManus,00-0029822
2025_12_MIN_GB,REG,12,GB,made,40.0,,0.0,1.0,B.McManus,00-0029822
2025_12_NE_CIN,REG,12,CIN,made,54.0,,0.0,1.0,E.McPherson,00-0036854
2025_12_NE_CIN,REG,12,CIN,,33.0,good,1.0,0.0,E.McPherson,00-0036854
2025_12_NE_CIN,REG,12,NE,,33.0,good,1.0,0.0,A.Borregales,00-0040200
2025_12_NE_CIN,REG,12,NE,,33.0,good,1.0,0.0,A.Borregales,00-0040200
2025_12_NE_CIN,REG,12,NE,made,41.0,,0.0,1.0,A.Borregales,00-0040200
2025_12_NE_CIN,REG,12,CIN,made,63.0,,0.0,1.0,E.McPherson,00-0036854
2025_12_NE_CIN,REG,12,NE,made,45.0,,0.0,1.0,A.Borregales,00-0040200
2025_12_NE_CIN,REG,12,NE,made,19.0,,0.0,1.0,A.Borregales,00-0040200
2025_12_NE_CIN,REG,12,CIN,,33.0,good,1.0,0.0,E.McPherson,00-0036854
2025_12_NE_CIN,REG,12,NE,made,52.0,,0.0,1.0,A.Borregales,00-0040200
2025_12_NYG_DET,REG,12,NYG,,33.0,good,1.0,0.0,Y.Koo,00-0033702
2025_12_NYG_DET,REG,12,NYG,made,21.0,,0.0,1.0,Y.Koo,00-0033702
2025_12_NYG_DET,REG,12,DET,,33.0,good,1.0,0.0,J.Bates,00-0039172
2025_12_NYG_DET,REG,12,NYG,,33.0,good,1.0,0.0,Y.Koo,00-0033702
2025_12_NYG_DET,REG,12,DET,,33.0,good,1.0,0.0,J.Bates,00-0039172
2025_12_NYG_DET,REG,12,NYG,made,44.0,,0.0,1.0,Y.Koo,00-0033702
2025_12_NYG_DET,REG,12,DET,made,37.0,,0.0,1.0,J.Bates,00-0039172
2025_12_NYG_DET,REG,12,NYG,,33.0,good,1.0,0.0,Y.Koo,00-0033702
2025_12_NYG_DET,REG,12,DET,,33.0,good,1.0,0.0,J.Bates,00-0039172
2025_12_NYG_DET,REG,12,DET,made,59.0,,0.0,1.0,J.Bates,00-0039172
2025_12_NYG_DET,REG,12,DET,,33.0,good,1.0,0.0,J.Bates,00-0039172
2025_12_NYJ_BAL,REG,12,NYJ,,33.0,good,1.0,0.0,N.Folk,00-0025565
2025_12_NYJ_BAL,REG,12,BAL,made,31.0,,0.0,1.0,T.Loop,00-0040074
2025_12_NYJ_BAL,REG,12,BAL,,33.0,good,1.0,0.0,T.Loop,00-0040074
2025_12_NYJ_BAL,REG,12,BAL,,33.0,good,1.0,0.0,T.Loop,00-0040074
2025_12_NYJ_BAL,REG,12,NYJ,made,42.0,,0.0,1.0,N.Folk,00-0025565
2025_12_NYJ_BAL,REG,12,BAL,made,35.0,,0.0,1.0,T.Loop,00-0040074
2025_12_NYJ_BAL,REG,12,BAL,made,27.0,,0.0,1.0,T.Loop,00-0040074
2025_12_PHI_DAL,REG,12,PHI,,33.0,good,1.0,0.0,J.Elliott,00-0033787
2025_12_PHI_DAL,REG,12,PHI,,33.0,good,1.0,0.0,J.Elliott,00-0033787
2025_12_PHI_DAL,REG,12,PHI,,33.0,good,1.0,0.0,J.Elliott,00-0033787
2025_12_PHI_DAL,REG,12,DAL,,33.0,good,1.0,0.0,B.Aubrey,00-0037692
2025_12_PHI_DAL,REG,12,DAL,missed,51.0,,0.0,1.0,B.Aubrey,00-0037692
2025_12_PHI_DAL,REG,12,DAL,,33.0,good,1.0,0.0,B.Aubrey,00-0037692
2025_12_PHI_DAL,REG,12,PHI,missed,56.0,,0.0,1.0,J.Elliott,00-0033787
2025_12_PHI_DAL,REG,12,DAL,,33.0,good,1.0,0.0,B.Aubrey,00-0037692
2025_12_PHI_DAL,REG,12,DAL,made,42.0,,0.0,1.0,B.Aubrey,00-0037692
2025_12_PIT_CHI,REG,12,CHI,,33.0,good,1.0,0.0,C.Santos,00-0031203
2025_12_PIT_CHI,REG,12,PIT,,33.0,good,1.0,0.0,C.Boswell,00-0031136
2025_12_PIT_CHI,REG,12,PIT,,33.0,good,1.0,0.0,C.Boswell,00-0031136
2025_12_PIT_CHI,REG,12,CHI,,33.0,good,1.0,0.0,C.Santos,00-0031203
2025_12_PIT_CHI,REG,12,PIT,,33.0,good,1.0,0.0,C.Boswell,00-0031136
2025_12_PIT_CHI,REG,12,CHI,made,47.0,,0.0,1.0,C.Santos,00-0031203
2025_12_PIT_CHI,REG,12,CHI,,33.0,good,1.0,0.0,C.Santos,00-0031203
2025_12_PIT_CHI,REG,12,CHI,,33.0,good,1.0,0.0,C.Santos,00-0031203
2025_12_PIT_CHI,REG,12,PIT,,33.0,good,1.0,0.0,C.Boswell,00-0031136
2025_12_SEA_TEN,REG,12,TEN,made,22.0,,0.0,1.0,J.Slye,00-0035192
2025_12_SEA_TEN,REG,12,SEA,made,47.0,,0.0,1.0,J.Myers,00-0031492
2025_12_SEA_TEN,REG,12,SEA,,33.0,good,1.0,0.0,J.Myers,00-0031492
2025_12_SEA_TEN,REG,12,SEA,made,30.0,,0.0,1.0,J.Myers,00-0031492
2025_12_SEA_TEN,REG,12,SEA,made,36.0,,0.0,1.0,J.Myers,00-0031492
2025_12_SEA_TEN,REG,12,SEA,,38.0,good,1.0,0.0,J.Myers,00-0031492
2025_12_SEA_TEN,REG,12,TEN,,33.0,good,1.0,0.0,J.Slye,00-0035192
2025_12_SEA_TEN,REG,12,SEA,,33.0,good,1.0,0.0,J.Myers,00-0031492
2025_12_SEA_TEN,REG,12,TEN,,33.0,good,1.0,0.0,J.Slye,00-0035192
2025_12_SEA_TEN,REG,12,TEN,,33.0,good,1.0,0.0,J.Slye,00-0035192
2025_12_TB_LA,REG,12,LAR,,33.0,good,1.0,0.0,H.Mevis,00-0039498
2025_12_TB_LA,REG,12,LAR,,33.0,good,1.0,0.0,H.Mevis,00-0039498
2025_12_TB_LA,REG,12,LAR,,33.0,good,1.0,0.0,H.Mevis,00-0039498
2025_12_TB_LA,REG,12,TB,,33.0,good,1.0,0.0,C.McLaughlin,00-0035358
2025_12_TB_LA,REG,12,LAR,,33.0,good,1.0,0.0,H.Mevis,00-0039498
2025_12_TB_LA,REG,12,LAR,made,40.0,,0.0,1.0,H.Mevis,00-0039498
2025_12_TB_LA,REG,12,LAR,made,52.0,,0.0,1.0,H.Mevis,00-0039498
2025_13_ARI_TB,REG,13,TB,made,25.0,,0.0,1.0,C.McLaughlin,00-0035358
2025_13_ARI_TB,REG,13,TB,,33.0,good,1.0,0.0,C.McLaughlin,00-0035358
2025_13_ARI_TB,REG,13,ARI,made,52.0,,0.0,1.0,C.Ryland,00-0038567
2025_13_ARI_TB,REG,13,ARI,missed,43.0,,0.0,1.0,C.Ryland,00-0038567
2025_13_ARI_TB,REG,13,TB,,33.0,good,1.0,0.0,C.McLaughlin,00-0035358
2025_13_ARI_TB,REG,13,ARI,,33.0,good,1.0,0.0,C.Ryland,00-0038567
2025_13_ARI_TB,REG,13,TB,made,57.0,,0.0,1.0,C.McLaughlin,00-0035358
2025_13_ARI_TB,REG,13,ARI,,33.0,good,1.0,0.0,C.Ryland,00-0038567
2025_13_ATL_NYJ,REG,13,NYJ,,33.0,good,1.0,0.0,N.Folk,00-0025565
2025_13_ATL_NYJ,REG,13,ATL,,33.0,good,1.0,0.0,Z.Gonzalez,00-0033862
2025_13_ATL_NYJ,REG,13,ATL,,33.0,good,1.0,0.0,Z.Gonzalez,00-0033862
2025_13_ATL_NYJ,REG,13,NYJ,,33.0,good,1.0,0.0,N.Folk,00-0025565
2025_13_ATL_NYJ,REG,13,ATL,missed,50.0,,0.0,1.0,Z.Gonzalez,00-0033862
2025_13_ATL_NYJ,REG,13,NYJ,missed,55.0,,0.0,1.0,N.Folk,00-0025565
2025_13_ATL_NYJ,REG,13,ATL,made,52.0,,0.0,1.0,Z.Gonzalez,00-0033862
2025_13_ATL_NYJ,REG,13,NYJ,made,32.0,,0.0,1.0,N.Folk,00-0025565
2025_13_ATL_NYJ,REG,13,ATL,,33.0,good,1.0,0.0,Z.Gonzalez,00-0033862
2025_13_ATL_NYJ,REG,13,NYJ,,33.0,good,1.0,0.0,N.Folk,00-0025565
2025_13_ATL_NYJ,REG,13,NYJ,made,56.0,,0.0,1.0,N.Folk,00-0025565
2025_13_BUF_PIT,REG,13,PIT,,33.0,good,1.0,0.0,C.Boswell,00-0031136
2025_13_BUF_PIT,REG,13,BUF,made,27.0,,0.0,1.0,M.Prater,00-0023853
2025_13_BUF_PIT,REG,13,BUF,,33.0,good,1.0,0.0,M.Prater,00-0023853
2025_13_BUF_PIT,REG,13,BUF,,33.0,failed,1.0,0.0,M.Prater,00-0023853
2025_13_BUF_PIT,REG,13,BUF,,33.0,good,1.0,0.0,M.Prater,00-0023853
2025_13_BUF_PIT,REG,13,BUF,made,37.0,,0.0,1.0,M.Prater,00-0023853
2025_13_CHI_PHI,REG,13,CHI,,33.0,good,1.0,0.0,C.Santos,00-0031203
2025_13_CHI_PHI,REG,13,PHI,made,44.0,,0.0,1.0,J.Elliott,00-0033787
2025_13_CHI_PHI,REG,13,CHI,made,30.0,,0.0,1.0,C.Santos,00-0031203
2025_13_CHI_PHI,REG,13,PHI,,33.0,failed,1.0,0.0,J.Elliott,00-0033787
2025_13_CHI_PHI,REG,13,CHI,,33.0,good,1.0,0.0,C.Santos,00-0031203
2025_13_CHI_PHI,REG,13,CHI,,33.0,good,1.0,0.0,C.Santos,00-0031203
2025_13_CHI_PHI,REG,13,PHI,missed,52.0,,0.0,1.0,J.Elliott,00-0033787
2025_13_CIN_BAL,REG,13,CIN,made,31.0,,0.0,1.0,E.McPherson,00-0036854
2025_13_CIN_BAL,REG,13,BAL,,33.0,good,1.0,0.0,T.Loop,00-0040074
2025_13_CIN_BAL,REG,13,CIN,made,42.0,,0.0,1.0,E.McPherson,00-0036854
2025_13_CIN_BAL,REG,13,CIN,made,24.0,,0.0,1.0,E.McPherson,00-0036854
2025_13_CIN_BAL,REG,13,CIN,made,33.0,,0.0,1.0,E.McPherson,00-0036854
2025_13_CIN_BAL,REG,13,CIN,,33.0,good,1.0,0.0,E.McPherson,00-0036854
2025_13_CIN_BAL,REG,13,BAL,,33.0,good,1.0,0.0,T.Loop,00-0040074
2025_13_CIN_BAL,REG,13,CIN,,33.0,good,1.0,0.0,E.McPherson,00-0036854
2025_13_CIN_BAL,REG,13,CIN,made,52.0,,0.0,1.0,E.McPherson,00-0036854
2025_13_CIN_BAL,REG,13,CIN,made,41.0,,0.0,1.0,E.McPherson,00-0036854
2025_13_DEN_WAS,REG,13,DEN,made,33.0,,0.0,1.0,W.Lutz,00-0032569
2025_13_DEN_WAS,REG,13,DEN,made,33.0,,0.0,1.0,W.Lutz,00-0032569
2025_13_DEN_WAS,REG,13,WAS,,33.0,good,1.0,0.0,J.Moody,00-0038562
2025_13_DEN_WAS,REG,13,DEN,,33.0,good,1.0,0.0,W.Lutz,00-0032569
2025_13_DEN_WAS,REG,13,WAS,,33.0,good,1.0,0.0,J.Moody,00-0038562
2025_13_DEN_WAS,REG,13,DEN,,33.0,good,1.0,0.0,W.Lutz,00-0032569
2025_13_DEN_WAS,REG,13,WAS,made,38.0,,0.0,1.0,J.Moody,00-0038562
2025_13_DEN_WAS,REG,13,WAS,made,32.0,,0.0,1.0,J.Moody,00-0038562
2025_13_DEN_WAS,REG,13,DEN,,33.0,good,1.0,0.0,W.Lutz,00-0032569
2025_13_GB_DET,REG,13,GB,made,45.0,,0.0,1.0,B.McManus,00-0029822
2025_13_GB_DET,REG,13,GB,,33.0,good,1.0,0.0,B.McManus,00-0029822
2025_13_GB_DET,REG,13,DET,,33.0,good,1.0,0.0,J.Bates,00-0039172
2025_13_GB_DET,REG,13,GB,,33.0,good,1.0,0.0,B.McManus,00-0029822
2025_13_GB_DET,REG,13,DET,,33.0,good,1.0,0.0,J.Bates,00-0039172
2025_13_GB_DET,REG,13,GB,,33.0,good,1.0,0.0,B.McManus,00-0029822
2025_13_GB_DET,REG,13,DET,,33.0,good,1.0,0.0,J.Bates,00-0039172
2025_13_GB_DET,REG,13,GB,,33.0,good,1.0,0.0,B.McManus,00-0029822
2025_13_GB_DET,REG,13,DET,made,31.0,,0.0,1.0,J.Bates,00-0039172
2025_13_HOU_IND,REG,13,HOU,made,23.0,,0.0,1.0,K.Fairbairn,00-0032726
2025_13_HOU_IND,REG,13,IND,,33.0,failed,1.0,0.0,M.Badgley,00-0034084
2025_13_HOU_IND,REG,13,HOU,,33.0,good,1.0,0.0,K.Fairbairn,00-0032726
2025_13_HOU_IND,REG,13,HOU,made,43.0,,0.0,1.0,K.Fairbairn,00-0032726
2025_13_HOU_IND,REG,13,IND,,33.0,good,1.0,0.0,M.Badgley,00-0034084
2025_13_HOU_IND,REG,13,HOU,,33.0,good,1.0,0.0,K.Fairbairn,00-0032726
2025_13_HOU_IND,REG,13,IND,made,42.0,,0.0,1.0,M.Badgley,00-0034084
2025_13_JAX_TEN,REG,13,TEN,made,28.0,,0.0,1.0,J.Slye,00-0035192
2025_13_JAX_TEN,REG,13,JAX,,33.0,good,1.0,0.0,C.Little,00-0039409
2025_13_JAX_TEN,REG,13,JAX,made,45.0,,0.0,1.0,C.Little,00-0039409
2025_13_JAX_TEN,REG,13,JAX,,33.0,good,1.0,0.0,C.Little,00-0039409
2025_13_KC_DAL,REG,13,KC,,33.0,good,1.0,0.0,H.Butker,00-0033303
2025_13_KC_DAL,REG,13,DAL,,33.0,good,1.0,0.0,B.Aubrey,00-0037692
2025_13_KC_DAL,REG,13,KC,,33.0,good,1.0,0.0,H.Butker,00-0033303
2025_13_KC_DAL,REG,13,DAL,made,49.0,,0.0,1.0,B.Aubrey,00-0037692
2025_13_KC_DAL,REG,13,DAL,,33.0,good,1.0,0.0,B.Aubrey,00-0037692
2025_13_KC_DAL,REG,13,DAL,made,36.0,,0.0,1.0,B.Aubrey,00-0037692
2025_13_KC_DAL,REG,13,KC,,33.0,good,1.0,0.0,H.Butker,00-0033303
2025_13_KC_DAL,REG,13,DAL,made,26.0,,0.0,1.0,B.Aubrey,00-0037692
2025_13_KC_DAL,REG,13,KC,,33.0,good,1.0,0.0,H.Butker,00-0033303
2025_13_LA_CAR,REG,13,LAR,,33.0,good,1.0,0.0,H.Mevis,00-0039498
2025_13_LA_CAR,REG,13,CAR,,33.0,good,1.0,0.0,R.Fitzgerald,00-0040279
2025_13_LA_CAR,REG,13,CAR,,33.0,good,1.0,0.0,R.Fitzgerald,00-0040279
2025_13_LA_CAR,REG,13,LAR,,33.0,good,1.0,0.0,H.Mevis,00-0039498
2025_13_LA_CAR,REG,13,CAR,made,33.0,,0.0,1.0,R.Fitzgerald,00-0040279
2025_13_LA_CAR,REG,13,LAR,,33.0,good,1.0,0.0,H.Mevis,00-0039498
2025_13_LA_CAR,REG,13,CAR,,33.0,good,1.0,0.0,R.Fitzgerald,00-0040279
2025_13_LA_CAR,REG,13,LAR,,33.0,good,1.0,0.0,H.Mevis,00-0039498
2025_13_LA_CAR,REG,13,CAR,,33.0,good,1.0,0.0,R.Fitzgerald,00-0040279
2025_13_LV_LAC,REG,13,LAC,,33.0,good,1.0,0.0,C.Dicker,00-0037224
2025_13_LV_LAC,REG,13,LV,,33.0,good,1.0,0.0,D.Carlson,00-0034161
2025_13_LV_LAC,REG,13,LAC,,33.0,good,1.0,0.0,C.Dicker,00-0037224
2025_13_LV_LAC,REG,13,LAC,,33.0,good,1.0,0.0,C.Dicker,00-0037224
2025_13_LV_LAC,REG,13,LAC,made,56.0,,0.0,1.0,C.Dicker,00-0037224
2025_13_LV_LAC,REG,13,LV,,33.0,good,1.0,0.0,D.Carlson,00-0034161
2025_13_LV_LAC,REG,13,LAC,,33.0,good,1.0,0.0,C.Dicker,00-0037224
2025_13_MIN_SEA,REG,13,SEA,made,33.0,,0.0,1.0,J.Myers,00-0031492
2025_13_MIN_SEA,REG,13,SEA,,33.0,good,1.0,0.0,J.Myers,00-0031492
2025_13_MIN_SEA,REG,13,SEA,made,56.0,,0.0,1.0,J.Myers,00-0031492
2025_13_MIN_SEA,REG,13,SEA,made,54.0,,0.0,1.0,J.Myers,00-0031492
2025_13_MIN_SEA,REG,13,SEA,made,40.0,,0.0,1.0,J.Myers,00-0031492
2025_13_MIN_SEA,REG,13,SEA,,33.0,good,1.0,0.0,J.Myers,00-0031492
2025_13_NO_MIA,REG,13,MIA,,33.0,good,1.0,0.0,R.Patterson,00-0036816
2025_13_NO_MIA,REG,13,MIA,made,39.0,,0.0,1.0,R.Patterson,00-0036816
2025_13_NO_MIA,REG,13,MIA,made,25.0,,0.0,1.0,R.Patterson,00-0036816
2025_13_NO_MIA,REG,13,MIA,made,48.0,,0.0,1.0,R.Patterson,00-0036816
2025_13_NO_MIA,REG,13,MIA,made,33.0,,0.0,1.0,R.Patterson,00-0036816
2025_13_NO_MIA,REG,13,NO,made,56.0,,0.0,1.0,C.Smyth,00-0039229
2025_13_NYG_NE,REG,13,NE,made,22.0,,0.0,1.0,A.Borregales,00-0040200
2025_13_NYG_NE,REG,13,NE,,33.0,good,1.0,0.0,A.Borregales,00-0040200
2025_13_NYG_NE,REG,13,NE,,33.0,good,1.0,0.0,A.Borregales,00-0040200
2025_13_NYG_NE,REG,13,NYG,,33.0,good,1.0,0.0,Y.Koo,00-0033702
2025_13_NYG_NE,REG,13,NE,,33.0,good,1.0,0.0,A.Borregales,00-0040200
2025_13_NYG_NE,REG,13,NE,made,30.0,,0.0,1.0,A.Borregales,00-0040200
2025_13_NYG_NE,REG,13,NE,made,28.0,,0.0,1.0,A.Borregales,00-0040200
2025_13_NYG_NE,REG,13,NE,missed,45.0,,0.0,1.0,A.Borregales,00-0040200
2025_13_NYG_NE,REG,13,NE,made,23.0,,0.0,1.0,A.Borregales,00-0040200
2025_13_SF_CLE,REG,13,SF,,33.0,good,1.0,0.0,M.Gay,00-0035269
2025_13_SF_CLE,REG,13,SF,made,25.0,,0.0,1.0,M.Gay,00-0035269
2025_13_SF_CLE,REG,13,SF,,33.0,good,1.0,0.0,M.Gay,00-0035269
2025_13_SF_CLE,REG,13,SF,made,31.0,,0.0,1.0,M.Gay,00-0035269
2025_14_CHI_GB,REG,14,GB,,33.0,good,1.0,0.0,B.McManus,00-0029822
2025_14_CHI_GB,REG,14,CHI,made,33.0,,0.0,1.0,C.Santos,00-0031203
2025_14_CHI_GB,REG,14,GB,,33.0,good,1.0,0.0,B.McManus,00-0029822
2025_14_CHI_GB,REG,14,GB,,33.0,good,1.0,0.0,B.McManus,00-0029822
2025_14_CHI_GB,REG,14,CHI,made,41.0,,0.0,1.0,C.Santos,00-0031203
2025_14_CHI_GB,REG,14,CHI,,33.0,good,1.0,0.0,C.Santos,00-0031203
2025_14_CHI_GB,REG,14,GB,,33.0,good,1.0,0.0,B.McManus,00-0029822
2025_14_CIN_BUF,REG,14,CIN,,33.0,good,1.0,0.0,E.McPherson,00-0036854
2025_14_CIN_BUF,REG,14,BUF,made,26.0,,0.0,1.0,M.Prater,00-0023853
2025_14_CIN_BUF,REG,14,CIN,,33.0,good,1.0,0.0,E.McPherson,00-0036854
2025_14_CIN_BUF,REG,14,CIN,,33.0,good,1.0,0.0,E.McPherson,00-0036854
2025_14_CIN_BUF,REG,14,BUF,,33.0,good,1.0,0.0,M.Prater,00-0023853
2025_14_CIN_BUF,REG,14,CIN,,33.0,good,1.0,0.0,E.McPherson,00-0036854
2025_14_CIN_BUF,REG,14,BUF,,33.0,good,1.0,0.0,M.Prater,00-0023853
2025_14_CIN_BUF,REG,14,BUF,,33.0,good,1.0,0.0,M.Prater,00-0023853
2025_14_CIN_BUF,REG,14,BUF,,33.0,good,1.0,0.0,M.Prater,00-0023853
2025_14_DAL_DET,REG,14,DET,made,38.0,,0.0,1.0,J.Bates,00-0039172
2025_14_DAL_DET,REG,14,DAL,made,57.0,,0.0,1.0,B.Aubrey,00-0037692
2025_14_DAL_DET,REG,14,DET,,33.0,good,1.0,0.0,J.Bates,00-0039172
2025_14_DAL_DET,REG,14,DAL,made,42.0,,0.0,1.0,B.Aubrey,00-0037692
2025_14_DAL_DET,REG,14,DET,,33.0,good,1.0,0.0,J.Bates,00-0039172
2025_14_DAL_DET,REG,14,DAL,made,55.0,,0.0,1.0,B.Aubrey,00-0037692
2025_14_DAL_DET,REG,14,DET,made,47.0,,0.0,1.0,J.Bates,00-0039172
2025_14_DAL_DET,REG,14,DET,,33.0,good,1.0,0.0,J.Bates,00-0039172
2025_14_DAL_DET,REG,14,DAL,,33.0,good,1.0,0.0,B.Aubrey,00-0037692
2025_14_DAL_DET,REG,14,DET,blocked,52.0,,0.0,1.0,J.Bates,00-0039172
2025_14_DAL_DET,REG,14,DAL,made,63.0,,0.0,1.0,B.Aubrey,00-0037692
2025_14_DAL_DET,REG,14,DET,made,46.0,,0.0,1.0,J.Bates,00-0039172
2025_14_DAL_DET,REG,14,DET,,33.0,good,1.0,0.0,J.Bates,00-0039172
2025_14_DAL_DET,REG,14,DAL,made,29.0,,0.0,1.0,B.Aubrey,00-0037692
2025_14_DAL_DET,REG,14,DET,,33.0,good,1.0,0.0,J.Bates,00-0039172
2025_14_DEN_LV,REG,14,DEN,,33.0,good,1.0,0.0,W.Lutz,00-0032569
2025_14_DEN_LV,REG,14,LV,,33.0,good,1.0,0.0,D.Carlson,00-0034161
2025_14_DEN_LV,REG,14,DEN,,33.0,good,1.0,0.0,W.Lutz,00-0032569
2025_14_DEN_LV,REG,14,DEN,,33.0,good,1.0,0.0,W.Lutz,00-0032569
2025_14_DEN_LV,REG,14,DEN,made,23.0,,0.0,1.0,W.Lutz,00-0032569
2025_14_DEN_LV,REG,14,LV,,33.0,good,1.0,0.0,D.Carlson,00-0034161
2025_14_DEN_LV,REG,14,LV,made,46.0,,0.0,1.0,D.Carlson,00-0034161
2025_14_HOU_KC,REG,14,HOU,made,35.0,,0.0,1.0,K.Fairbairn,00-0032726
2025_14_HOU_KC,REG,14,HOU,,33.0,good,1.0,0.0,K.Fairbairn,00-0032726
2025_14_HOU_KC,REG,14,KC,missed,43.0,,0.0,1.0,H.Butker,00-0033303
2025_14_HOU_KC,REG,14,KC,,33.0,good,1.0,0.0,H.Butker,00-0033303
2025_14_HOU_KC,REG,14,KC,made,36.0,,0.0,1.0,H.Butker,00-0033303
2025_14_HOU_KC,REG,14,HOU,,33.0,good,1.0,0.0,K.Fairbairn,00-0032726
2025_14_HOU_KC,REG,14,HOU,made,28.0,,0.0,1.0,K.Fairbairn,00-0032726
2025_14_IND_JAX,REG,14,JAX,,33.0,good,1.0,0.0,C.Little,00-0039409
2025_14_IND_JAX,REG,14,IND,,33.0,good,1.0,0.0,B.Grupe,00-0038905
2025_14_IND_JAX,REG,14,JAX,,33.0,good,1.0,0.0,C.Little,00-0039409
2025_14_IND_JAX,REG,14,JAX,,33.0,good,1.0,0.0,C.Little,00-0039409
2025_14_IND_JAX,REG,14,IND,made,28.0,,0.0,1.0,B.Grupe,00-0038905
2025_14_IND_JAX,REG,14,JAX,,33.0,good,1.0,0.0,C.Little,00-0039409
2025_14_IND_JAX,REG,14,IND,made,36.0,,0.0,1.0,B.Grupe,00-0038905
2025_14_IND_JAX,REG,14,JAX,made,35.0,,0.0,1.0,C.Little,00-0039409
2025_14_IND_JAX,REG,14,JAX,made,48.0,,0.0,1.0,C.Little,00-0039409
2025_14_LA_ARI,REG,14,ARI,,33.0,good,1.0,0.0,C.Ryland,00-0038567
2025_14_LA_ARI,REG,14,LAR,made,26.0,,0.0,1.0,H.Mevis,00-0039498
2025_14_LA_ARI,REG,14,LAR,,33.0,good,1.0,0.0,H.Mevis,00-0039498
2025_14_LA_ARI,REG,14,ARI,made,38.0,,0.0,1.0,C.Ryland,00-0038567
2025_14_LA_ARI,REG,14,LAR,,33.0,good,1.0,0.0,H.Mevis,00-0039498
2025_14_LA_ARI,REG,14,LAR,,33.0,good,1.0,0.0,H.Mevis,00-0039498
2025_14_LA_ARI,REG,14,ARI,missed,63.0,,0.0,1.0,C.Ryland,00-0038567
2025_14_LA_ARI,REG,14,LAR,,33.0,good,1.0,0.0,H.Mevis,00-0039498
2025_14_LA_ARI,REG,14,LAR,,33.0,good,1.0,0.0,H.Mevis,00-0039498
2025_14_LA_ARI,REG,14,LAR,,33.0,good,1.0,0.0,H.Mevis,00-0039498
2025_14_LA_ARI,REG,14,ARI,,33.0,good,1.0,0.0,C.Ryland,00-0038567
2025_14_MIA_NYJ,REG,14,MIA,,33.0,good,1.0,0.0,R.Patterson,00-0036816
2025_14_MIA_NYJ,REG,14,MIA,,33.0,good,1.0,0.0,R.Patterson,00-0036816
2025_14_MIA_NYJ,REG,14,MIA,,33.0,good,1.0,0.0,R.Patterson,00-0036816
2025_14_MIA_NYJ,REG,14,NYJ,,33.0,good,1.0,0.0,N.Folk,00-0025565
2025_14_MIA_NYJ,REG,14,MIA,made,43.0,,0.0,1.0,R.Patterson,00-0036816
2025_14_MIA_NYJ,REG,14,NYJ,made,31.0,,0.0,1.0,N.Folk,00-0025565
2025_14_MIA_NYJ,REG,14,MIA,,33.0,good,1.0,0.0,R.Patterson,00-0036816
2025_14_MIA_NYJ,REG,14,MIA,made,53.0,,0.0,1.0,R.Patterson,00-0036816
2025_14_NO_TB,REG,14,NO,,33.0,good,1.0,0.0,C.Smyth,00-0039229
2025_14_NO_TB,REG,14,TB,,33.0,good,1.0,0.0,C.McLaughlin,00-0035358
2025_14_NO_TB,REG,14,NO,missed,48.0,,0.0,1.0,C.Smyth,00-0039229
2025_14_NO_TB,REG,14,TB,made,41.0,,0.0,1.0,C.McLaughlin,00-0035358
2025_14_NO_TB,REG,14,NO,,33.0,good,1.0,0.0,C.Smyth,00-0039229
2025_14_NO_TB,REG,14,TB,,33.0,good,1.0,0.0,C.McLaughlin,00-0035358
2025_14_NO_TB,REG,14,NO,made,30.0,,0.0,1.0,C.Smyth,00-0039229
2025_14_NO_TB,REG,14,NO,,33.0,good,1.0,0.0,C.Smyth,00-0039229
2025_14_NO_TB,REG,14,TB,made,37.0,,0.0,1.0,C.McLaughlin,00-0035358
2025_14_PHI_LAC,REG,14,LAC,,33.0,good,1.0,0.0,C.Dicker,00-0037224
2025_14_PHI_LAC,REG,14,PHI,made,41.0,,0.0,1.0,J.Elliott,00-0033787
2025_14_PHI_LAC,REG,14,LAC,made,45.0,,0.0,1.0,C.Dicker,00-0037224
2025_14_PHI_LAC,REG,14,PHI,made,30.0,,0.0,1.0,J.Elliott,00-0033787
2025_14_PHI_LAC,REG,14,PHI,missed,48.0,,0.0,1.0,J.Elliott,00-0033787
2025_14_PHI_LAC,REG,14,LAC,made,34.0,,0.0,1.0,C.Dicker,00-0037224
2025_14_PHI_LAC,REG,14,PHI,made,54.0,,0.0,1.0,J.Elliott,00-0033787
2025_14_PHI_LAC,REG,14,PHI,,33.0,good,1.0,0.0,J.Elliott,00-0033787
2025_14_PHI_LAC,REG,14,LAC,made,31.0,,0.0,1.0,C.Dicker,00-0037224
2025_14_PHI_LAC,REG,14,PHI,made,44.0,,0.0,1.0,J.Elliott,00-0033787
2025_14_PHI_LAC,REG,14,LAC,made,46.0,,0.0,1.0,C.Dicker,00-0037224
2025_14_PHI_LAC,REG,14,LAC,made,54.0,,0.0,1.0,C.Dicker,00-0037224
2025_14_PIT_BAL,REG,14,BAL,made,36.0,,0.0,1.0,T.Loop,00-0040074
2025_14_PIT_BAL,REG,14,PIT,,33.0,good,1.0,0.0,C.Boswell,00-0031136
2025_14_PIT_BAL,REG,14,PIT,made,23.0,,0.0,1.0,C.Boswell,00-0031136
2025_14_PIT_BAL,REG,14,PIT,,33.0,good,1.0,0.0,C.Boswell,00-0031136
2025_14_PIT_BAL,REG,14,BAL,,33.0,failed,1.0,0.0,T.Loop,00-0040074
2025_14_PIT_BAL,REG,14,PIT,made,28.0,,0.0,1.0,C.Boswell,00-0031136
2025_14_PIT_BAL,REG,14,BAL,,33.0,good,1.0,0.0,T.Loop,00-0040074
2025_14_PIT_BAL,REG,14,PIT,,33.0,good,1.0,0.0,C.Boswell,00-0031136
2025_14_PIT_BAL,REG,14,BAL,made,28.0,,0.0,1.0,T.Loop,00-0040074
2025_14_PIT_BAL,REG,14,BAL,made,36.0,,0.0,1.0,T.Loop,00-0040074
2025_14_SEA_ATL,REG,14,ATL,made,35.0,,0.0,1.0,Z.Gonzalez,00-0033862
2025_14_SEA_ATL,REG,14,SEA,made,22.0,,0.0,1.0,J.Myers,00-0031492
2025_14_SEA_ATL,REG,14,ATL,blocked,50.0,,0.0,1.0,Z.Gonzalez,00-0033862
2025_14_SEA_ATL,REG,14,ATL,made,43.0,,0.0,1.0,Z.Gonzalez,00-0033862
2025_14_SEA_ATL,REG,14,SEA,made,48.0,,0.0,1.0,J.Myers,00-0031492
2025_14_SEA_ATL,REG,14,SEA,,33.0,good,1.0,0.0,J.Myers,00-0031492
2025_14_SEA_ATL,REG,14,SEA,,33.0,good,1.0,0.0,J.Myers,00-0031492
2025_14_SEA_ATL,REG,14,SEA,made,37.0,,0.0,1.0,J.Myers,00-0031492
2025_14_SEA_ATL,REG,14,ATL,made,27.0,,0.0,1.0,Z.Gonzalez,00-0033862
2025_14_SEA_ATL,REG,14,SEA,,33.0,good,1.0,0.0,J.Myers,00-0031492
2025_14_SEA_ATL,REG,14,SEA,,33.0,good,1.0,0.0,J.Myers,00-0031492
2025_14_TEN_CLE,REG,14,TEN,,33.0,good,1.0,0.0,J.Slye,00-0035192
2025_14_TEN_CLE,REG,14,CLE,made,38.0,,0.0,1.0,A.Szmyt,00-0038428
2025_14_TEN_CLE,REG,14,TEN,,33.0,good,1.0,0.0,J.Slye,00-0035192
2025_14_TEN_CLE,REG,14,CLE,,33.0,good,1.0,0.0,A.Szmyt,00-0038428
2025_14_TEN_CLE,REG,14,CLE,,33.0,good,1.0,0.0,A.Szmyt,00-0038428
2025_14_TEN_CLE,REG,14,TEN,,33.0,good,1.0,0.0,J.Slye,00-0035192
2025_14_TEN_CLE,REG,14,TEN,,33.0,good,1.0,0.0,J.Slye,00-0035192
2025_14_TEN_CLE,REG,14,TEN,made,41.0,,0.0,1.0,J.Slye,00-0035192
2025_14_WAS_MIN,REG,14,MIN,,33.0,good,1.0,0.0,W.Reichard,00-0039404
2025_14_WAS_MIN,REG,14,MIN,,33.0,good,1.0,0.0,W.Reichard,00-0039404
2025_14_WAS_MIN,REG,14,MIN,made,45.0,,0.0,1.0,W.Reichard,00-0039404
2025_14_WAS_MIN,REG,14,MIN,,33.0,good,1.0,0.0,W.Reichard,00-0039404
2025_14_WAS_MIN,REG,14,MIN,,33.0,good,1.0,0.0,W.Reichard,00-0039404
2025_15_ARI_HOU,REG,15,HOU,,33.0,good,1.0,0.0,K.Fairbairn,00-0032726
2025_15_ARI_HOU,REG,15,HOU,made,30.0,,0.0,1.0,K.Fairbairn,00-0032726
2025_15_ARI_HOU,REG,15,HOU,,33.0,good,1.0,0.0,K.Fairbairn,00-0032726
2025_15_ARI_HOU,REG,15,ARI,,33.0,good,1.0,0.0,C.Ryland,00-0038567
2025_15_ARI_HOU,REG,15,HOU,made,55.0,,0.0,1.0,K.Fairbairn,00-0032726
2025_15_ARI_HOU,REG,15,HOU,made,22.0,,0.0,1.0,K.Fairbairn,00-0032726
2025_15_ARI_HOU,REG,15,HOU,blocked,52.0,,0.0,1.0,K.Fairbairn,00-0032726
2025_15_ARI_HOU,REG,15,HOU,,33.0,good,1.0,0.0,K.Fairbairn,00-0032726
2025_15_ARI_HOU,REG,15,ARI,,33.0,good,1.0,0.0,C.Ryland,00-0038567
2025_15_ARI_HOU,REG,15,HOU,made,33.0,,0.0,1.0,K.Fairbairn,00-0032726
2025_15_ARI_HOU,REG,15,HOU,,33.0,good,1.0,0.0,K.Fairbairn,00-0032726
2025_15_ATL_TB,REG,15,TB,,33.0,good,1.0,0.0,C.McLaughlin,00-0035358
2025_15_ATL_TB,REG,15,ATL,,33.0,good,1.0,0.0,Z.Gonzalez,00-0033862
2025_15_ATL_TB,REG,15,TB,made,49.0,,0.0,1.0,C.McLaughlin,00-0035358
2025_15_ATL_TB,REG,15,ATL,,33.0,good,1.0,0.0,Z.Gonzalez,00-0033862
2025_15_ATL_TB,REG,15,TB,made,52.0,,0.0,1.0,C.McLaughlin,00-0035358
2025_15_ATL_TB,REG,15,TB,,33.0,good,1.0,0.0,C.McLaughlin,00-0035358
2025_15_ATL_TB,REG,15,ATL,made,43.0,,0.0,1.0,Z.Gonzalez,00-0033862
2025_15_BAL_CIN,REG,15,BAL,,33.0,good,1.0,0.0,T.Loop,00-0040074
2025_15_BAL_CIN,REG,15,BAL,,33.0,good,1.0,0.0,T.Loop,00-0040074
2025_15_BAL_CIN,REG,15,BAL,made,27.0,,0.0,1.0,T.Loop,00-0040074
2025_15_BAL_CIN,REG,15,BAL,,33.0,good,1.0,0.0,T.Loop,00-0040074
2025_15_BUF_NE,REG,15,NE,,33.0,good,1.0,0.0,A.Borregales,00-0040200
2025_15_BUF_NE,REG,15,NE,,33.0,good,1.0,0.0,A.Borregales,00-0040200
2025_15_BUF_NE,REG,15,NE,,33.0,good,1.0,0.0,A.Borregales,00-0040200
2025_15_BUF_NE,REG,15,BUF,,33.0,good,1.0,0.0,M.Prater,00-0023853
2025_15_BUF_NE,REG,15,NE,made,36.0,,0.0,1.0,A.Borregales,00-0040200
2025_15_BUF_NE,REG,15,BUF,,33.0,good,1.0,0.0,M.Prater,00-0023853
2025_15_BUF_NE,REG,15,BUF,,33.0,good,1.0,0.0,M.Prater,00-0023853
2025_15_BUF_NE,REG,15,BUF,,33.0,good,1.0,0.0,M.Prater,00-0023853
2025_15_BUF_NE,REG,15,NE,,33.0,good,1.0,0.0,A.Borregales,00-0040200
2025_15_BUF_NE,REG,15,BUF,,33.0,good,1.0,0.0,M.Prater,00-0023853
2025_15_CAR_NO,REG,15,CAR,,33.0,good,1.0,0.0,R.Fitzgerald,00-0040279
2025_15_CAR_NO,REG,15,NO,,33.0,good,1.0,0.0,C.Smyth,00-0039229
2025_15_CAR_NO,REG,15,CAR,made,40.0,,0.0,1.0,R.Fitzgerald,00-0040279
2025_15_CAR_NO,REG,15,CAR,,33.0,good,1.0,0.0,R.Fitzgerald,00-0040279
2025_15_CAR_NO,REG,15,NO,made,42.0,,0.0,1.0,C.Smyth,00-0039229
2025_15_CAR_NO,REG,15,NO,,33.0,good,1.0,0.0,C.Smyth,00-0039229
2025_15_CAR_NO,REG,15,NO,made,47.0,,0.0,1.0,C.Smyth,00-0039229
2025_15_CLE_CHI,REG,15,CHI,,33.0,good,1.0,0.0,C.Santos,00-0031203
2025_15_CLE_CHI,REG,15,CHI,,33.0,good,1.0,0.0,C.Santos,00-0031203
2025_15_CLE_CHI,REG,15,CHI,missed,35.0,,0.0,1.0,C.Santos,00-0031203
2025_15_CLE_CHI,REG,15,CLE,made,50.0,,0.0,1.0,A.Szmyt,00-0038428
2025_15_CLE_CHI,REG,15,CHI,,33.0,good,1.0,0.0,C.Santos,00-0031203
2025_15_CLE_CHI,REG,15,CHI,,33.0,good,1.0,0.0,C.Santos,00-0031203
2025_15_CLE_CHI,REG,15,CHI,made,41.0,,0.0,1.0,C.Santos,00-0031203
2025_15_DET_LA,REG,15,DET,missed,43.0,,0.0,1.0,J.Bates,00-0039172
2025_15_DET_LA,REG,15,DET,,33.0,good,1.0,0.0,J.Bates,00-0039172
2025_15_DET_LA,REG,15,LAR,,33.0,good,1.0,0.0,H.Mevis,00-0039498
2025_15_DET_LA,REG,15,DET,made,24.0,,0.0,1.0,J.Bates,00-0039172
2025_15_DET_LA,REG,15,LAR,,33.0,good,1.0,0.0,H.Mevis,00-0039498
2025_15_DET_LA,REG,15,DET,,33.0,good,1.0,0.0,J.Bates,00-0039172
2025_15_DET_LA,REG,15,DET,,33.0,good,1.0,0.0,J.Bates,00-0039172
2025_15_DET_LA,REG,15,LAR,made,37.0,,0.0,1.0,H.Mevis,00-0039498
2025_15_DET_LA,REG,15,LAR,made,44.0,,0.0,1.0,H.Mevis,00-0039498
2025_15_DET_LA,REG,15,LAR,,33.0,good,1.0,0.0,H.Mevis,00-0039498
2025_15_DET_LA,REG,15,LAR,,33.0,good,1.0,0.0,H.Mevis,00-0039498
2025_15_DET_LA,REG,15,DET,made,48.0,,0.0,1.0,J.Bates,00-0039172
2025_15_DET_LA,REG,15,LAR,,33.0,good,1.0,0.0,H.Mevis,00-0039498
2025_15_DET_LA,REG,15,DET,,33.0,good,1.0,0.0,J.Bates,00-0039172
2025_15_GB_DEN,REG,15,GB,made,53.0,,0.0,1.0,B.McManus,00-0029822
2025_15_GB_DEN,REG,15,GB,made,26.0,,0.0,1.0,B.McManus,00-0029822
2025_15_GB_DEN,REG,15,DEN,,33.0,good,1.0,0.0,W.Lutz,00-0032569
2025_15_GB_DEN,REG,15,GB,,33.0,good,1.0,0.0,B.McManus,00-0029822
2025_15_GB_DEN,REG,15,DEN,,33.0,good,1.0,0.0,W.Lutz,00-0032569
2025_15_GB_DEN,REG,15,GB,made,35.0,,0.0,1.0,B.McManus,00-0029822
2025_15_GB_DEN,REG,15,GB,,33.0,good,1.0,0.0,B.McManus,00-0029822
2025_15_GB_DEN,REG,15,DEN,,33.0,good,1.0,0.0,W.Lutz,00-0032569
2025_15_GB_DEN,REG,15,GB,made,37.0,,0.0,1.0,B.McManus,00-0029822
2025_15_GB_DEN,REG,15,DEN,,33.0,good,1.0,0.0,W.Lutz,00-0032569
2025_15_IND_SEA,REG,15,IND,made,42.0,,0.0,1.0,B.Grupe,00-0038905
2025_15_IND_SEA,REG,15,SEA,made,47.0,,0.0,1.0,J.Myers,00-0031492
2025_15_IND_SEA,REG,15,IND,made,54.0,,0.0,1.0,B.Grupe,00-0038905
2025_15_IND_SEA,REG,15,IND,,33.0,good,1.0,0.0,B.Grupe,00-0038905
2025_15_IND_SEA,REG,15,SEA,made,52.0,,0.0,1.0,J.Myers,00-0031492
2025_15_IND_SEA,REG,15,SEA,made,46.0,,0.0,1.0,J.Myers,00-0031492
2025_15_IND_SEA,REG,15,SEA,made,32.0,,0.0,1.0,J.Myers,00-0031492
2025_15_IND_SEA,REG,15,SEA,made,30.0,,0.0,1.0,J.Myers,00-0031492
2025_15_IND_SEA,REG,15,IND,made,60.0,,0.0,1.0,B.Grupe,00-0038905
2025_15_IND_SEA,REG,15,SEA,made,56.0,,0.0,1.0,J.Myers,00-0031492
2025_15_LAC_KC,REG,15,KC,,33.0,good,1.0,0.0,H.Butker,00-0033303
2025_15_LAC_KC,REG,15,LAC,made,49.0,,0.0,1.0,C.Dicker,00-0037224
2025_15_LAC_KC,REG,15,KC,made,27.0,,0.0,1.0,H.Butker,00-0033303
2025_15_LAC_KC,REG,15,KC,made,47.0,,0.0,1.0,H.Butker,00-0033303
2025_15_LAC_KC,REG,15,LAC,,33.0,good,1.0,0.0,C.Dicker,00-0037224
2025_15_LAC_KC,REG,15,LAC,made,23.0,,0.0,1.0,C.Dicker,00-0037224
2025_15_LAC_KC,REG,15,LAC,made,49.0,,0.0,1.0,C.Dicker,00-0037224
2025_15_LV_PHI,REG,15,PHI,,33.0,good,1.0,0.0,J.Elliott,00-0033787
2025_15_LV_PHI,REG,15,PHI,made,27.0,,0.0,1.0,J.Elliott,00-0033787
2025_15_LV_PHI,REG,15,PHI,,33.0,good,1.0,0.0,J.Elliott,00-0033787
2025_15_LV_PHI,REG,15,PHI,,33.0,good,1.0,0.0,J.Elliott,00-0033787
2025_15_LV_PHI,REG,15,PHI,,33.0,good,1.0,0.0,J.Elliott,00-0033787
2025_15_MIA_PIT,REG,15,MIA,made,54.0,,0.0,1.0,R.Patterson,00-0036816
2025_15_MIA_PIT,REG,15,PIT,,33.0,good,1.0,0.0,C.Boswell,00-0031136
2025_15_MIA_PIT,REG,15,PIT,,33.0,good,1.0,0.0,C.Boswell,00-0031136
2025_15_MIA_PIT,REG,15,PIT,,33.0,good,1.0,0.0,C.Boswell,00-0031136
2025_15_MIA_PIT,REG,15,PIT,,33.0,good,1.0,0.0,C.Boswell,00-0031136
2025_15_MIN_DAL,REG,15,DAL,,33.0,good,1.0,0.0,B.Aubrey,00-0037692
2025_15_MIN_DAL,REG,15,MIN,,33.0,good,1.0,0.0,W.Reichard,00-0039404
2025_15_MIN_DAL,REG,15,DAL,,33.0,good,1.0,0.0,B.Aubrey,00-0037692
2025_15_MIN_DAL,REG,15,MIN,,33.0,good,1.0,0.0,W.Reichard,00-0039404
2025_15_MIN_DAL,REG,15,DAL,missed,51.0,,0.0,1.0,B.Aubrey,00-0037692
2025_15_MIN_DAL,REG,15,MIN,made,29.0,,0.0,1.0,W.Reichard,00-0039404
2025_15_MIN_DAL,REG,15,DAL,made,37.0,,0.0,1.0,B.Aubrey,00-0037692
2025_15_MIN_DAL,REG,15,DAL,made,26.0,,0.0,1.0,B.Aubrey,00-0037692
2025_15_MIN_DAL,REG,15,DAL,made,41.0,,0.0,1.0,B.Aubrey,00-0037692
2025_15_MIN_DAL,REG,15,MIN,,33.0,good,1.0,0.0,W.Reichard,00-0039404
2025_15_MIN_DAL,REG,15,DAL,missed,59.0,,0.0,1.0,B.Aubrey,00-0037692
2025_15_MIN_DAL,REG,15,MIN,,33.0,good,1.0,0.0,W.Reichard,00-0039404
2025_15_MIN_DAL,REG,15,MIN,made,53.0,,0.0,1.0,W.Reichard,00-0039404
2025_15_MIN_DAL,REG,15,DAL,made,41.0,,0.0,1.0,B.Aubrey,00-0037692
2025_15_NYJ_JAX,REG,15,JAX,,33.0,good,1.0,0.0,C.Little,00-0039409
2025_15_NYJ_JAX,REG,15,JAX,,33.0,good,1.0,0.0,C.Little,00-0039409
2025_15_NYJ_JAX,REG,15,NYJ,,33.0,good,1.0,0.0,N.Folk,00-0025565
2025_15_NYJ_JAX,REG,15,JAX,,33.0,good,1.0,0.0,C.Little,00-0039409
2025_15_NYJ_JAX,REG,15,NYJ,made,41.0,,0.0,1.0,N.Folk,00-0025565
2025_15_NYJ_JAX,REG,15,JAX,made,33.0,,0.0,1.0,C.Little,00-0039409
2025_15_NYJ_JAX,REG,15,JAX,,33.0,good,1.0,0.0,C.Little,00-0039409
2025_15_NYJ_JAX,REG,15,NYJ,made,51.0,,0.0,1.0,N.Folk,00-0025565
2025_15_NYJ_JAX,REG,15,JAX,,33.0,good,1.0,0.0,C.Little,00-0039409
2025_15_NYJ_JAX,REG,15,JAX,made,22.0,,0.0,1.0,C.Little,00-0039409
2025_15_NYJ_JAX,REG,15,NYJ,,33.0,good,1.0,0.0,N.Folk,00-0025565
2025_15_NYJ_JAX,REG,15,JAX,,33.0,good,1.0,0.0,C.Little,00-0039409
2025_15_TEN_SF,REG,15,SF,,33.0,good,1.0,0.0,E.Pineiro,00-0034173
2025_15_TEN_SF,REG,15,TEN,made,25.0,,0.0,1.0,J.Slye,00-0035192
2025_15_TEN_SF,REG,15,SF,,33.0,good,1.0,0.0,E.Pineiro,00-0034173
2025_15_TEN_SF,REG,15,TEN,,33.0,good,1.0,0.0,J.Slye,00-0035192
2025_15_TEN_SF,REG,15,SF,made,33.0,,0.0,1.0,E.Pineiro,00-0034173
2025_15_TEN_SF,REG,15,TEN,missed,50.0,,0.0,1.0,J.Slye,00-0035192
2025_15_TEN_SF,REG,15,SF,,33.0,good,1.0,0.0,E.Pineiro,00-0034173
2025_15_TEN_SF,REG,15,SF,,33.0,good,1.0,0.0,E.Pineiro,00-0034173
2025_15_TEN_SF,REG,15,TEN,,33.0,good,1.0,0.0,J.Slye,00-0035192
2025_15_TEN_SF,REG,15,SF,made,37.0,,0.0,1.0,E.Pineiro,00-0034173
2025_15_TEN_SF,REG,15,TEN,,33.0,good,1.0,0.0,J.Slye,00-0035192
2025_15_TEN_SF,REG,15,SF,made,40.0,,0.0,1.0,E.Pineiro,00-0034173
2025_15_WAS_NYG,REG,15,WAS,made,46.0,,0.0,1.0,J.Moody,00-0038562
2025_15_WAS_NYG,REG,15,NYG,missed,52.0,,0.0,1.0,Y.Koo,00-0033702
2025_15_WAS_NYG,REG,15,WAS,,33.0,good,1.0,0.0,J.Moody,00-0038562
2025_15_WAS_NYG,REG,15,WAS,made,39.0,,0.0,1.0,J.Moody,00-0038562
2025_15_WAS_NYG,REG,15,NYG,,33.0,good,1.0,0.0,Y.Koo,00-0033702
2025_15_WAS_NYG,REG,15,WAS,,33.0,failed,1.0,0.0,J.Moody,00-0038562
2025_15_WAS_NYG,REG,15,WAS,made,42.0,,0.0,1.0,J.Moody,00-0038562
2025_15_WAS_NYG,REG,15,NYG,,33.0,good,1.0,0.0,Y.Koo,00-0033702
2025_15_WAS_NYG,REG,15,NYG,missed,51.0,,0.0,1.0,Y.Koo,00-0033702
2025_15_WAS_NYG,REG,15,WAS,,33.0,good,1.0,0.0,J.Moody,00-0038562
2025_15_WAS_NYG,REG,15,NYG,,33.0,good,1.0,0.0,Y.Koo,00-0033702
2025_16_ATL_ARI,REG,16,ARI,made,50.0,,0.0,1.0,C.Ryland,00-0038567
2025_16_ATL_ARI,REG,16,ARI,,33.0,good,1.0,0.0,C.Ryland,00-0038567
2025_16_ATL_ARI,REG,16,ATL,made,49.0,,0.0,1.0,Z.Gonzalez,00-0033862
2025_16_ATL_ARI,REG,16,ARI,made,51.0,,0.0,1.0,C.Ryland,00-0038567
2025_16_ATL_ARI,REG,16,ATL,,33.0,good,1.0,0.0,Z.Gonzalez,00-0033862
2025_16_ATL_ARI,REG,16,ARI,made,25.0,,0.0,1.0,C.Ryland,00-0038567
2025_16_ATL_ARI,REG,16,ATL,,33.0,blocked,1.0,0.0,Z.Gonzalez,00-0033862
2025_16_ATL_ARI,REG,16,ARI,missed,50.0,,0.0,1.0,C.Ryland,00-0038567
2025_16_ATL_ARI,REG,16,ATL,made,40.0,,0.0,1.0,Z.Gonzalez,00-0033862
2025_16_ATL_ARI,REG,16,ARI,missed,44.0,,0.0,1.0,C.Ryland,00-0038567
2025_16_ATL_ARI,REG,16,ATL,,33.0,good,1.0,0.0,Z.Gonzalez,00-0033862
2025_16_ATL_ARI,REG,16,ARI,made,34.0,,0.0,1.0,C.Ryland,00-0038567
2025_16_BUF_CLE,REG,16,CLE,,33.0,good,1.0,0.0,A.Szmyt,00-0038428
2025_16_BUF_CLE,REG,16,BUF,,33.0,good,1.0,0.0,M.Badgley,00-0034084
2025_16_BUF_CLE,REG,16,BUF,,33.0,failed,1.0,0.0,M.Badgley,00-0034084
2025_16_BUF_CLE,REG,16,CLE,made,24.0,,0.0,1.0,A.Szmyt,00-0038428
2025_16_BUF_CLE,REG,16,BUF,,33.0,good,1.0,0.0,M.Badgley,00-0034084
2025_16_BUF_CLE,REG,16,BUF,made,41.0,,0.0,1.0,M.Badgley,00-0034084
2025_16_BUF_CLE,REG,16,CLE,,33.0,good,1.0,0.0,A.Szmyt,00-0038428
2025_16_BUF_CLE,REG,16,CLE,made,41.0,,0.0,1.0,A.Szmyt,00-0038428
2025_16_CIN_MIA,REG,16,CIN,,33.0,good,1.0,0.0,E.McPherson,00-0036854
2025_16_CIN_MIA,REG,16,MIA,,33.0,good,1.0,0.0,R.Patterson,00-0036816
2025_16_CIN_MIA,REG,16,CIN,made,45.0,,0.0,1.0,E.McPherson,00-0036854
2025_16_CIN_MIA,REG,16,MIA,,33.0,good,1.0,0.0,R.Patterson,00-0036816
2025_16_CIN_MIA,REG,16,CIN,,33.0,good,1.0,0.0,E.McPherson,00-0036854
2025_16_CIN_MIA,REG,16,CIN,,33.0,good,1.0,0.0,E.McPherson,00-0036854
2025_16_CIN_MIA,REG,16,CIN,,33.0,good,1.0,0.0,E.McPherson,00-0036854
2025_16_CIN_MIA,REG,16,CIN,,33.0,good,1.0,0.0,E.McPherson,00-0036854
2025_16_CIN_MIA,REG,16,CIN,,33.0,good,1.0,0.0,E.McPherson,00-0036854
2025_16_CIN_MIA,REG,16,MIA,,33.0,good,1.0,0.0,R.Patterson,00-0036816
2025_16_GB_CHI,REG,16,GB,made,26.0,,0.0,1.0,B.McManus,00-0029822
2025_16_GB_CHI,REG,16,GB,made,22.0,,0.0,1.0,B.McManus,00-0029822
2025_16_GB_CHI,REG,16,CHI,made,46.0,,0.0,1.0,C.Santos,00-0031203
2025_16_GB_CHI,REG,16,GB,,48.0,good,1.0,0.0,B.McManus,00-0029822
2025_16_GB_CHI,REG,16,CHI,made,51.0,,0.0,1.0,C.Santos,00-0031203
2025_16_GB_CHI,REG,16,GB,made,28.0,,0.0,1.0,B.McManus,00-0029822
2025_16_GB_CHI,REG,16,CHI,made,43.0,,0.0,1.0,C.Santos,00-0031203
2025_16_GB_CHI,REG,16,CHI,,33.0,good,1.0,0.0,C.Santos,00-0031203
2025_16_JAX_DEN,REG,16,DEN,missed,44.0,,0.0,1.0,W.Lutz,00-0032569
2025_16_JAX_DEN,REG,16,JAX,,33.0,good,1.0,0.0,C.Little,00-0039409
2025_16_JAX_DEN,REG,16,DEN,,33.0,good,1.0,0.0,W.Lutz,00-0032569
2025_16_JAX_DEN,REG,16,DEN,made,54.0,,0.0,1.0,W.Lutz,00-0032569
2025_16_JAX_DEN,REG,16,JAX,,33.0,good,1.0,0.0,C.Little,00-0039409
2025_16_JAX_DEN,REG,16,JAX,made,47.0,,0.0,1.0,C.Little,00-0039409
2025_16_JAX_DEN,REG,16,DEN,,33.0,good,1.0,0.0,W.Lutz,00-0032569
2025_16_JAX_DEN,REG,16,JAX,,33.0,good,1.0,0.0,C.Little,00-0039409
2025_16_JAX_DEN,REG,16,JAX,,33.0,good,1.0,0.0,C.Little,00-0039409
2025_16_JAX_DEN,REG,16,JAX,made,26.0,,0.0,1.0,C.Little,00-0039409
2025_16_JAX_DEN,REG,16,DEN,made,21.0,,0.0,1.0,W.Lutz,00-0032569
2025_16_KC_TEN,REG,16,KC,made,54.0,,0.0,1.0,H.Butker,00-0033303
2025_16_KC_TEN,REG,16,TEN,,33.0,good,1.0,0.0,J.Slye,00-0035192
2025_16_KC_TEN,REG,16,KC,made,41.0,,0.0,1.0,H.Butker,00-0033303
2025_16_KC_TEN,REG,16,TEN,,33.0,good,1.0,0.0,J.Slye,00-0035192
2025_16_KC_TEN,REG,16,KC,missed,51.0,,0.0,1.0,H.Butker,00-0033303
2025_16_KC_TEN,REG,16,KC,made,27.0,,0.0,1.0,H.Butker,00-0033303
2025_16_KC_TEN,REG,16,TEN,,33.0,good,1.0,0.0,J.Slye,00-0035192
2025_16_KC_TEN,REG,16,TEN,made,27.0,,0.0,1.0,J.Slye,00-0035192
2025_16_LAC_DAL,REG,16,DAL,,33.0,good,1.0,0.0,B.Aubrey,00-0037692
2025_16_LAC_DAL,REG,16,LAC,,33.0,good,1.0,0.0,C.Dicker,00-0037224
2025_16_LAC_DAL,REG,16,DAL,made,33.0,,0.0,1.0,B.Aubrey,00-0037692
2025_16_LAC_DAL,REG,16,LAC,,33.0,good,1.0,0.0,C.Dicker,00-0037224
2025_16_LAC_DAL,REG,16,DAL,,33.0,good,1.0,0.0,B.Aubrey,00-0037692
2025_16_LAC_DAL,REG,16,LAC,,33.0,good,1.0,0.0,C.Dicker,00-0037224
2025_16_LAC_DAL,REG,16,LAC,made,37.0,,0.0,1.0,C.Dicker,00-0037224
2025_16_LAC_DAL,REG,16,LAC,made,27.0,,0.0,1.0,C.Dicker,00-0037224
2025_16_LAC_DAL,REG,16,LAC,,33.0,good,1.0,0.0,C.Dicker,00-0037224
2025_16_LA_SEA,REG,16,SEA,,33.0,good,1.0,0.0,J.Myers,00-0031492
2025_16_LA_SEA,REG,16,LAR,made,23.0,,0.0,1.0,H.Mevis,00-0039498
2025_16_LA_SEA,REG,16,LAR,made,28.0,,0.0,1.0,H.Mevis,00-0039498
2025_16_LA_SEA,REG,16,LAR,,33.0,good,1.0,0.0,H.Mevis,00-0039498
2025_16_LA_SEA,REG,16,SEA,,33.0,good,1.0,0.0,J.Myers,00-0031492
2025_16_LA_SEA,REG,16,LAR,made,41.0,,0.0,1.0,H.Mevis,00-0039498
2025_16_LA_SEA,REG,16,LAR,,33.0,good,1.0,0.0,H.Mevis,00-0039498
2025_16_LA_SEA,REG,16,LAR,,33.0,good,1.0,0.0,H.Mevis,00-0039498
2025_16_LA_SEA,REG,16,LAR,missed,48.0,,0.0,1.0,H.Mevis,00-0039498
2025_16_LA_SEA,REG,16,LAR,,33.0,good,1.0,0.0,H.Mevis,00-0039498
2025_16_LV_HOU,REG,16,HOU,,33.0,good,1.0,0.0,K.Fairbairn,00-0032726
2025_16_LV_HOU,REG,16,LV,,33.0,good,1.0,0.0,D.Carlson,00-0034161
2025_16_LV_HOU,REG,16,HOU,made,55.0,,0.0,1.0,K.Fairbairn,00-0032726
2025_16_LV_HOU,REG,16,HOU,made,50.0,,0.0,1.0,K.Fairbairn,00-0032726
2025_16_LV_HOU,REG,16,LV,,38.0,good,1.0,0.0,D.Carlson,00-0034161
2025_16_LV_HOU,REG,16,HOU,made,49.0,,0.0,1.0,K.Fairbairn,00-0032726
2025_16_LV_HOU,REG,16,HOU,,33.0,good,1.0,0.0,K.Fairbairn,00-0032726
2025_16_LV_HOU,REG,16,LV,,33.0,good,1.0,0.0,D.Carlson,00-0034161
2025_16_MIN_NYG,REG,16,MIN,made,43.0,,0.0,1.0,W.Reichard,00-0039404
2025_16_MIN_NYG,REG,16,NYG,made,27.0,,0.0,1.0,B.Sauls,00-0040530
2025_16_MIN_NYG,REG,16,MIN,made,31.0,,0.0,1.0,W.Reichard,00-0039404
2025_16_MIN_NYG,REG,16,MIN,,33.0,good,1.0,0.0,W.Reichard,00-0039404
2025_16_MIN_NYG,REG,16,NYG,,33.0,good,1.0,0.0,B.Sauls,00-0040530
2025_16_MIN_NYG,REG,16,NYG,made,39.0,,0.0,1.0,B.Sauls,00-0040530
2025_16_MIN_NYG,REG,16,MIN,made,30.0,,0.0,1.0,W.Reichard,00-0039404
2025_16_NE_BAL,REG,16,BAL,,33.0,good,1.0,0.0,T.Loop,00-0040074
2025_16_NE_BAL,REG,16,NE,,33.0,good,1.0,0.0,A.Borregales,00-0040200
2025_16_NE_BAL,REG,16,NE,made,45.0,,0.0,1.0,A.Borregales,00-0040200
2025_16_NE_BAL,REG,16,BAL,made,36.0,,0.0,1.0,T.Loop,00-0040074
2025_16_NE_BAL,REG,16,BAL,missed,56.0,,0.0,1.0,T.Loop,00-0040074
2025_16_NE_BAL,REG,16,NE,made,41.0,,0.0,1.0,A.Borregales,00-0040200
2025_16_NE_BAL,REG,16,BAL,,33.0,good,1.0,0.0,T.Loop,00-0040074
2025_16_NE_BAL,REG,16,BAL,,33.0,good,1.0,0.0,T.Loop,00-0040074
2025_16_NE_BAL,REG,16,NE,,33.0,good,1.0,0.0,A.Borregales,00-0040200
2025_16_NYJ_NO,REG,16,NYJ,made,29.0,,0.0,1.0,N.Folk,00-0025565
2025_16_NYJ_NO,REG,16,NO,made,35.0,,0.0,1.0,C.Smyth,00-0039229
2025_16_NYJ_NO,REG,16,NO,made,49.0,,0.0,1.0,C.Smyth,00-0039229
2025_16_NYJ_NO,REG,16,NYJ,made,36.0,,0.0,1.0,N.Folk,00-0025565
2025_16_NYJ_NO,REG,16,NO,made,36.0,,0.0,1.0,C.Smyth,00-0039229
2025_16_NYJ_NO,REG,16,NO,missed,61.0,,0.0,1.0,C.Smyth,00-0039229
2025_16_NYJ_NO,REG,16,NO,,33.0,good,1.0,0.0,C.Smyth,00-0039229
2025_16_NYJ_NO,REG,16,NO,made,50.0,,0.0,1.0,C.Smyth,00-0039229
2025_16_NYJ_NO,REG,16,NO,made,39.0,,0.0,1.0,C.Smyth,00-0039229
2025_16_NYJ_NO,REG,16,NO,,33.0,good,1.0,0.0,C.Smyth,00-0039229
2025_16_PHI_WAS,REG,16,WAS,made,20.0,,0.0,1.0,J.Moody,00-0038562
2025_16_PHI_WAS,REG,16,PHI,,33.0,good,1.0,0.0,J.Elliott,00-0033787
2025_16_PHI_WAS,REG,16,PHI,missed,43.0,,0.0,1.0,J.Elliott,00-0033787
2025_16_PHI_WAS,REG,16,WAS,,33.0,good,1.0,0.0,J.Moody,00-0038562
2025_16_PHI_WAS,REG,16,PHI,missed,52.0,,0.0,1.0,J.Elliott,00-0033787
2025_16_PHI_WAS,REG,16,PHI,,33.0,good,1.0,0.0,J.Elliott,00-0033787
2025_16_PHI_WAS,REG,16,PHI,,33.0,good,1.0,0.0,J.Elliott,00-0033787
2025_16_PIT_DET,REG,16,PIT,made,59.0,,0.0,1.0,C.Boswell,00-0031136
2025_16_PIT_DET,REG,16,DET,made,36.0,,0.0,1.0,J.Bates,00-0039172
2025_16_PIT_DET,REG,16,DET,,33.0,good,1.0,0.0,J.Bates,00-0039172
2025_16_PIT_DET,REG,16,PIT,,33.0,good,1.0,0.0,C.Boswell,00-0031136
2025_16_PIT_DET,REG,16,PIT,made,23.0,,0.0,1.0,C.Boswell,00-0031136
2025_16_PIT_DET,REG,16,PIT,,33.0,good,1.0,0.0,C.Boswell,00-0031136
2025_16_PIT_DET,REG,16,DET,,33.0,good,1.0,0.0,J.Bates,00-0039172
2025_16_PIT_DET,REG,16,PIT,,33.0,good,1.0,0.0,C.Boswell,00-0031136
2025_16_PIT_DET,REG,16,DET,,33.0,good,1.0,0.0,J.Bates,00-0039172
2025_16_PIT_DET,REG,16,PIT,missed,37.0,,0.0,1.0,C.Boswell,00-0031136
2025_16_SF_IND,REG,16,IND,,33.0,good,1.0,0.0,B.Grupe,00-0038905
2025_16_SF_IND,REG,16,SF,,33.0,good,1.0,0.0,E.Pineiro,00-0034173
2025_16_SF_IND,REG,16,SF,,33.0,good,1.0,0.0,E.Pineiro,00-0034173
2025_16_SF_IND,REG,16,IND,,33.0,good,1.0,0.0,B.Grupe,00-0038905
2025_16_SF_IND,REG,16,SF,,33.0,good,1.0,0.0,E.Pineiro,00-0034173
2025_16_SF_IND,REG,16,SF,made,25.0,,0.0,1.0,E.Pineiro,00-0034173
2025_16_SF_IND,REG,16,IND,made,39.0,,0.0,1.0,B.Grupe,00-0038905
2025_16_SF_IND,REG,16,SF,missed,64.0,,0.0,1.0,E.Pineiro,00-0034173
2025_16_SF_IND,REG,16,SF,,33.0,good,1.0,0.0,E.Pineiro,00-0034173
2025_16_SF_IND,REG,16,IND,made,51.0,,0.0,1.0,B.Grupe,00-0038905
2025_16_SF_IND,REG,16,SF,made,38.0,,0.0,1.0,E.Pineiro,00-0034173
2025_16_SF_IND,REG,16,IND,,33.0,good,1.0,0.0,B.Grupe,00-0038905
2025_16_SF_IND,REG,16,SF,,33.0,good,1.0,0.0,E.Pineiro,00-0034173
2025_16_SF_IND,REG,16,SF,,33.0,good,1.0,0.0,E.Pineiro,00-0034173
2025_16_TB_CAR,REG,16,CAR,made,27.0,,0.0,1.0,R.Fitzgerald,00-0040279
2025_16_TB_CAR,REG,16,TB,,33.0,good,1.0,0.0,C.McLaughlin,00-0035358
2025_16_TB_CAR,REG,16,TB,made,23.0,,0.0,1.0,C.McLaughlin,00-0035358
2025_16_TB_CAR,REG,16,CAR,made,41.0,,0.0,1.0,R.Fitzgerald,00-0040279
2025_16_TB_CAR,REG,16,CAR,,33.0,good,1.0,0.0,R.Fitzgerald,00-0040279
2025_16_TB_CAR,REG,16,TB,,33.0,good,1.0,0.0,C.McLaughlin,00-0035358
2025_16_TB_CAR,REG,16,CAR,,33.0,good,1.0,0.0,R.Fitzgerald,00-0040279
2025_16_TB_CAR,REG,16,TB,made,50.0,,0.0,1.0,C.McLaughlin,00-0035358
2025_16_TB_CAR,REG,16,CAR,made,48.0,,0.0,1.0,R.Fitzgerald,00-0040279
2025_17_ARI_CIN,REG,17,CIN,,33.0,good,1.0,0.0,E.McPherson,00-0036854
2025_17_ARI_CIN,REG,17,CIN,,33.0,failed,1.0,0.0,E.McPherson,00-0036854
2025_17_ARI_CIN,REG,17,ARI,,33.0,good,1.0,0.0,C.Ryland,00-0038567
2025_17_ARI_CIN,REG,17,CIN,made,57.0,,0.0,1.0,E.McPherson,00-0036854
2025_17_ARI_CIN,REG,17,CIN,,33.0,good,1.0,0.0,E.McPherson,00-0036854
2025_17_ARI_CIN,REG,17,CIN,,33.0,good,1.0,0.0,E.McPherson,00-0036854
2025_17_ARI_CIN,REG,17,CIN,,33.0,good,1.0,0.0,E.McPherson,00-0036854
2025_17_ARI_CIN,REG,17,ARI,,33.0,good,1.0,0.0,C.Ryland,00-0038567
2025_17_BAL_GB,REG,17,BAL,,33.0,good,1.0,0.0,T.Loop,00-0040074
2025_17_BAL_GB,REG,17,GB,,33.0,good,1.0,0.0,B.McManus,00-0029822
2025_17_BAL_GB,REG,17,BAL,,33.0,good,1.0,0.0,T.Loop,00-0040074
2025_17_BAL_GB,REG,17,BAL,made,22.0,,0.0,1.0,T.Loop,00-0040074
2025_17_BAL_GB,REG,17,BAL,made,34.0,,0.0,1.0,T.Loop,00-0040074
2025_17_BAL_GB,REG,17,GB,,33.0,good,1.0,0.0,B.McManus,00-0029822
2025_17_BAL_GB,REG,17,BAL,,33.0,good,1.0,0.0,T.Loop,00-0040074
2025_17_BAL_GB,REG,17,GB,made,24.0,,0.0,1.0,B.McManus,00-0029822
2025_17_BAL_GB,REG,17,GB,,33.0,good,1.0,0.0,B.McManus,00-0029822
2025_17_BAL_GB,REG,17,BAL,,33.0,good,1.0,0.0,T.Loop,00-0040074
2025_17_BAL_GB,REG,17,BAL,,33.0,good,1.0,0.0,T.Loop,00-0040074
2025_17_CHI_SF,REG,17,CHI,,33.0,good,1.0,0.0,C.Santos,00-0031203
2025_17_CHI_SF,REG,17,SF,,33.0,good,1.0,0.0,E.Pineiro,00-0034173
2025_17_CHI_SF,REG,17,SF,,33.0,good,1.0,0.0,E.Pineiro,00-0034173
2025_17_CHI_SF,REG,17,CHI,,33.0,good,1.0,0.0,C.Santos,00-0031203
2025_17_CHI_SF,REG,17,SF,,33.0,good,1.0,0.0,E.Pineiro,00-0034173
2025_17_CHI_SF,REG,17,CHI,,33.0,good,1.0,0.0,C.Santos,00-0031203
2025_17_CHI_SF,REG,17,SF,,33.0,good,1.0,0.0,E.Pineiro,00-0034173
2025_17_CHI_SF,REG,17,CHI,,33.0,good,1.0,0.0,C.Santos,00-0031203
2025_17_CHI_SF,REG,17,SF,,33.0,good,1.0,0.0,E.Pineiro,00-0034173
2025_17_CHI_SF,REG,17,CHI,,33.0,good,1.0,0.0,C.Santos,00-0031203
2025_17_CHI_SF,REG,17,CHI,made,29.0,,0.0,1.0,C.Santos,00-0031203
2025_17_CHI_SF,REG,17,SF,,33.0,good,1.0,0.0,E.Pineiro,00-0034173
2025_17_DAL_WAS,REG,17,DAL,,33.0,good,1.0,0.0,B.Aubrey,00-0037692
2025_17_DAL_WAS,REG,17,WAS,made,29.0,,0.0,1.0,J.Moody,00-0038562
2025_17_DAL_WAS,REG,17,DAL,,33.0,good,1.0,0.0,B.Aubrey,00-0037692
2025_17_DAL_WAS,REG,17,DAL,,33.0,good,1.0,0.0,B.Aubrey,00-0037692
2025_17_DAL_WAS,REG,17,WAS,,33.0,good,1.0,0.0,J.Moody,00-0038562
2025_17_DAL_WAS,REG,17,DAL,made,42.0,,0.0,1.0,B.Aubrey,00-0037692
2025_17_DAL_WAS,REG,17,WAS,,33.0,good,1.0,0.0,J.Moody,00-0038562
2025_17_DAL_WAS,REG,17,DAL,made,52.0,,0.0,1.0,B.Aubrey,00-0037692
2025_17_DAL_WAS,REG,17,WAS,made,23.0,,0.0,1.0,J.Moody,00-0038562
2025_17_DAL_WAS,REG,17,DAL,missed,58.0,,0.0,1.0,B.Aubrey,00-0037692
2025_17_DAL_WAS,REG,17,DAL,made,51.0,,0.0,1.0,B.Aubrey,00-0037692
2025_17_DAL_WAS,REG,17,WAS,made,51.0,,0.0,1.0,J.Moody,00-0038562
2025_17_DEN_KC,REG,17,DEN,made,27.0,,0.0,1.0,W.Lutz,00-0032569
2025_17_DEN_KC,REG,17,KC,,33.0,good,1.0,0.0,H.Butker,00-0033303
2025_17_DEN_KC,REG,17,DEN,made,30.0,,0.0,1.0,W.Lutz,00-0032569
2025_17_DEN_KC,REG,17,KC,made,53.0,,0.0,1.0,H.Butker,00-0033303
2025_17_DEN_KC,REG,17,DEN,,33.0,good,1.0,0.0,W.Lutz,00-0032569
2025_17_DEN_KC,REG,17,KC,made,47.0,,0.0,1.0,H.Butker,00-0033303
2025_17_DEN_KC,REG,17,DEN,,33.0,good,1.0,0.0,W.Lutz,00-0032569
2025_17_DET_MIN,REG,17,MIN,,33.0,good,1.0,0.0,W.Reichard,00-0039404
2025_17_DET_MIN,REG,17,DET,,33.0,good,1.0,0.0,J.Bates,00-0039172
2025_17_DET_MIN,REG,17,MIN,made,52.0,,0.0,1.0,W.Reichard,00-0039404
2025_17_DET_MIN,REG,17,MIN,made,56.0,,0.0,1.0,W.Reichard,00-0039404
2025_17_DET_MIN,REG,17,DET,made,48.0,,0.0,1.0,J.Bates,00-0039172
2025_17_DET_MIN,REG,17,MIN,,33.0,good,1.0,0.0,W.Reichard,00-0039404
2025_17_DET_MIN,REG,17,MIN,made,42.0,,0.0,1.0,W.Reichard,00-0039404
2025_17_HOU_LAC,REG,17,HOU,,33.0,good,1.0,0.0,K.Fairbairn,00-0032726
2025_17_HOU_LAC,REG,17,HOU,,33.0,good,1.0,0.0,K.Fairbairn,00-0032726
2025_17_HOU_LAC,REG,17,LAC,made,27.0,,0.0,1.0,C.Dicker,00-0037224
2025_17_HOU_LAC,REG,17,LAC,missed,32.0,,0.0,1.0,C.Dicker,00-0037224
2025_17_HOU_LAC,REG,17,HOU,made,41.0,,0.0,1.0,K.Fairbairn,00-0032726
2025_17_HOU_LAC,REG,17,LAC,,33.0,good,1.0,0.0,C.Dicker,00-0037224
2025_17_HOU_LAC,REG,17,HOU,made,44.0,,0.0,1.0,K.Fairbairn,00-0032726
2025_17_HOU_LAC,REG,17,LAC,,33.0,failed,1.0,0.0,C.Dicker,00-0037224
2025_17_JAX_IND,REG,17,IND,made,33.0,,0.0,1.0,B.Grupe,00-0038905
2025_17_JAX_IND,REG,17,IND,,33.0,good,1.0,0.0,B.Grupe,00-0038905
2025_17_JAX_IND,REG,17,JAX,,33.0,good,1.0,0.0,C.Little,00-0039409
2025_17_JAX_IND,REG,17,JAX,,33.0,good,1.0,0.0,C.Little,00-0039409
2025_17_JAX_IND,REG,17,IND,,33.0,good,1.0,0.0,B.Grupe,00-0038905
2025_17_JAX_IND,REG,17,JAX,made,34.0,,0.0,1.0,C.Little,00-0039409
2025_17_JAX_IND,REG,17,JAX,made,42.0,,0.0,1.0,C.Little,00-0039409
2025_17_JAX_IND,REG,17,JAX,made,53.0,,0.0,1.0,C.Little,00-0039409
2025_17_LA_ATL,REG,17,ATL,,33.0,good,1.0,0.0,Z.Gonzalez,00-0033862
2025_17_LA_ATL,REG,17,ATL,,33.0,good,1.0,0.0,Z.Gonzalez,00-0033862
2025_17_LA_ATL,REG,17,ATL,,33.0,good,1.0,0.0,Z.Gonzalez,00-0033862
2025_17_LA_ATL,REG,17,LAR,made,35.0,,0.0,1.0,H.Mevis,00-0039498
2025_17_LA_ATL,REG,17,ATL,made,56.0,,0.0,1.0,Z.Gonzalez,00-0033862
2025_17_LA_ATL,REG,17,LAR,,33.0,good,1.0,0.0,H.Mevis,00-0039498
2025_17_LA_ATL,REG,17,ATL,blocked,37.0,,0.0,1.0,Z.Gonzalez,00-0033862
2025_17_LA_ATL,REG,17,LAR,,33.0,good,1.0,0.0,H.Mevis,00-0039498
2025_17_LA_ATL,REG,17,LAR,,33.0,good,1.0,0.0,H.Mevis,00-0039498
2025_17_LA_ATL,REG,17,ATL,made,51.0,,0.0,1.0,Z.Gonzalez,00-0033862
2025_17_NE_NYJ,REG,17,NE,,33.0,good,1.0,0.0,A.Borregales,00-0040200
2025_17_NE_NYJ,REG,17,NE,,33.0,good,1.0,0.0,A.Borregales,00-0040200
2025_17_NE_NYJ,REG,17,NE,,33.0,good,1.0,0.0,A.Borregales,00-0040200
2025_17_NE_NYJ,REG,17,NYJ,made,39.0,,0.0,1.0,N.Folk,00-0025565
2025_17_NE_NYJ,REG,17,NE,,33.0,good,1.0,0.0,A.Borregales,00-0040200
2025_17_NE_NYJ,REG,17,NE,,33.0,good,1.0,0.0,A.Borregales,00-0040200
2025_17_NE_NYJ,REG,17,NE,,33.0,good,1.0,0.0,A.Borregales,00-0040200
2025_17_NE_NYJ,REG,17,NE,missed,41.0,,0.0,1.0,A.Borregales,00-0040200
2025_17_NE_NYJ,REG,17,NYJ,,33.0,good,1.0,0.0,N.Folk,00-0025565
2025_17_NO_TEN,REG,17,TEN,made,50.0,,0.0,1.0,J.Slye,00-0035192
2025_17_NO_TEN,REG,17,NO,missed,43.0,,0.0,1.0,C.Smyth,00-0039229
2025_17_NO_TEN,REG,17,TEN,made,38.0,,0.0,1.0,J.Slye,00-0035192
2025_17_NO_TEN,REG,17,TEN,,33.0,good,1.0,0.0,J.Slye,00-0035192
2025_17_NO_TEN,REG,17,NO,made,56.0,,0.0,1.0,C.Smyth,00-0039229
2025_17_NO_TEN,REG,17,NO,,33.0,good,1.0,0.0,C.Smyth,00-0039229
2025_17_NO_TEN,REG,17,TEN,,33.0,good,1.0,0.0,J.Slye,00-0035192
2025_17_NO_TEN,REG,17,NO,,33.0,good,1.0,0.0,C.Smyth,00-0039229
2025_17_NO_TEN,REG,17,TEN,made,28.0,,0.0,1.0,J.Slye,00-0035192
2025_17_NO_TEN,REG,17,NO,made,57.0,,0.0,1.0,C.Smyth,00-0039229
2025_17_NO_TEN,REG,17,TEN,made,58.0,,0.0,1.0,J.Slye,00-0035192
2025_17_NO_TEN,REG,17,NO,,33.0,good,1.0,0.0,C.Smyth,00-0039229
2025_17_NO_TEN,REG,17,NO,,33.0,good,1.0,0.0,C.Smyth,00-0039229
2025_17_NYG_LV,REG,17,NYG,,33.0,good,1.0,0.0,B.Sauls,00-0040530
2025_17_NYG_LV,REG,17,LV,made,42.0,,0.0,1.0,D.Carlson,00-0034161
2025_17_NYG_LV,REG,17,NYG,,33.0,good,1.0,0.0,B.Sauls,00-0040530
2025_17_NYG_LV,REG,17,NYG,made,32.0,,0.0,1.0,B.Sauls,00-0040530
2025_17_NYG_LV,REG,17,NYG,made,23.0,,0.0,1.0,B.Sauls,00-0040530
2025_17_NYG_LV,REG,17,LV,,33.0,good,1.0,0.0,D.Carlson,00-0034161
2025_17_NYG_LV,REG,17,NYG,,48.0,good,1.0,0.0,B.Sauls,00-0040530
2025_17_NYG_LV,REG,17,NYG,,33.0,good,1.0,0.0,B.Sauls,00-0040530
2025_17_PHI_BUF,REG,17,PHI,,33.0,good,1.0,0.0,J.Elliott,00-0033787
2025_17_PHI_BUF,REG,17,PHI,made,47.0,,0.0,1.0,J.Elliott,00-0033787
2025_17_PHI_BUF,REG,17,PHI,made,28.0,,0.0,1.0,J.Elliott,00-0033787
2025_17_PHI_BUF,REG,17,BUF,,33.0,blocked,1.0,0.0,M.Badgley,00-0034084
2025_17_PIT_CLE,REG,17,CLE,made,50.0,,0.0,1.0,A.Szmyt,00-0038428
2025_17_PIT_CLE,REG,17,CLE,,33.0,good,1.0,0.0,A.Szmyt,00-0038428
2025_17_PIT_CLE,REG,17,PIT,made,44.0,,0.0,1.0,C.Boswell,00-0031136
2025_17_PIT_CLE,REG,17,PIT,made,40.0,,0.0,1.0,C.Boswell,00-0031136
2025_17_PIT_CLE,REG,17,PIT,missed,54.0,,0.0,1.0,C.Boswell,00-0031136
2025_17_PIT_CLE,REG,17,CLE,made,33.0,,0.0,1.0,A.Szmyt,00-0038428
2025_17_SEA_CAR,REG,17,SEA,made,48.0,,0.0,1.0,J.Myers,00-0031492
2025_17_SEA_CAR,REG,17,CAR,made,35.0,,0.0,1.0,R.Fitzgerald,00-0040279
2025_17_SEA_CAR,REG,17,SEA,,33.0,good,1.0,0.0,J.Myers,00-0031492
2025_17_SEA_CAR,REG,17,SEA,,33.0,good,1.0,0.0,J.Myers,00-0031492
2025_17_SEA_CAR,REG,17,CAR,,33.0,good,1.0,0.0,R.Fitzgerald,00-0040279
2025_17_SEA_CAR,REG,17,SEA,made,30.0,,0.0,1.0,J.Myers,00-0031492
2025_17_SEA_CAR,REG,17,SEA,,33.0,good,1.0,0.0,J.Myers,00-0031492
2025_17_TB_MIA,REG,17,TB,,33.0,good,1.0,0.0,C.McLaughlin,00-0035358
2025_17_TB_MIA,REG,17,MIA,,33.0,good,1.0,0.0,R.Patterson,00-0036816
2025_17_TB_MIA,REG,17,MIA,made,29.0,,0.0,1.0,R.Patterson,00-0036816
2025_17_TB_MIA,REG,17,MIA,,33.0,good,1.0,0.0,R.Patterson,00-0036816
2025_17_TB_MIA,REG,17,TB,blocked,55.0,,0.0,1.0,C.McLaughlin,00-0035358
2025_17_TB_MIA,REG,17,TB,made,33.0,,0.0,1.0,C.McLaughlin,00-0035358
2025_17_TB_MIA,REG,17,MIA,made,31.0,,0.0,1.0,R.Patterson,00-0036816
2025_17_TB_MIA,REG,17,TB,,33.0,good,1.0,0.0,C.McLaughlin,00-0035358
2025_18_ARI_LA,REG,18,LAR,made,34.0,,0.0,1.0,H.Mevis,00-0039498
2025_18_ARI_LA,REG,18,ARI,made,45.0,,0.0,1.0,C.Ryland,00-0038567
2025_18_ARI_LA,REG,18,LAR,made,42.0,,0.0,1.0,H.Mevis,00-0039498
2025_18_ARI_LA,REG,18,ARI,made,56.0,,0.0,1.0,C.Ryland,00-0038567
2025_18_ARI_LA,REG,18,LAR,,33.0,good,1.0,0.0,H.Mevis,00-0039498
2025_18_ARI_LA,REG,18,LAR,made,40.0,,0.0,1.0,H.Mevis,00-0039498
2025_18_ARI_LA,REG,18,ARI,,33.0,good,1.0,0.0,C.Ryland,00-0038567
2025_18_ARI_LA,REG,18,ARI,,33.0,good,1.0,0.0,C.Ryland,00-0038567
2025_18_ARI_LA,REG,18,LAR,,33.0,good,1.0,0.0,H.Mevis,00-0039498
2025_18_ARI_LA,REG,18,LAR,,33.0,good,1.0,0.0,H.Mevis,00-0039498
2025_18_ARI_LA,REG,18,LAR,,33.0,good,1.0,0.0,H.Mevis,00-0039498
2025_18_BAL_PIT,REG,18,BAL,,33.0,good,1.0,0.0,T.Loop,00-0040074
2025_18_BAL_PIT,REG,18,BAL,made,40.0,,0.0,1.0,T.Loop,00-0040074
2025_18_BAL_PIT,REG,18,PIT,made,57.0,,0.0,1.0,C.Boswell,00-0031136
2025_18_BAL_PIT,REG,18,PIT,,33.0,good,1.0,0.0,C.Boswell,00-0031136
2025_18_BAL_PIT,REG,18,PIT,made,25.0,,0.0,1.0,C.Boswell,00-0031136
2025_18_BAL_PIT,REG,18,BAL,,33.0,good,1.0,0.0,T.Loop,00-0040074
2025_18_BAL_PIT,REG,18,PIT,,33.0,good,1.0,0.0,C.Boswell,00-0031136
2025_18_BAL_PIT,REG,18,BAL,,33.0,good,1.0,0.0,T.Loop,00-0040074
2025_18_BAL_PIT,REG,18,PIT,,33.0,blocked,1.0,0.0,C.Boswell,00-0031136
2025_18_BAL_PIT,REG,18,BAL,missed,44.0,,0.0,1.0,T.Loop,00-0040074
2025_18_CAR_TB,REG,18,TB,,33.0,good,1.0,0.0,C.McLaughlin,00-0035358
2025_18_CAR_TB,REG,18,TB,made,29.0,,0.0,1.0,C.McLaughlin,00-0035358
2025_18_CAR_TB,REG,18,CAR,,33.0,good,1.0,0.0,R.Fitzgerald,00-0040279
2025_18_CAR_TB,REG,18,TB,made,36.0,,0.0,1.0,C.McLaughlin,00-0035358
2025_18_CAR_TB,REG,18,CAR,missed,54.0,,0.0,1.0,R.Fitzgerald,00-0040279
2025_18_CAR_TB,REG,18,TB,made,48.0,,0.0,1.0,C.McLaughlin,00-0035358
2025_18_CAR_TB,REG,18,TB,blocked,38.0,,0.0,1.0,C.McLaughlin,00-0035358
2025_18_CAR_TB,REG,18,CAR,,33.0,good,1.0,0.0,R.Fitzgerald,00-0040279
2025_18_CLE_CIN,REG,18,CIN,,33.0,blocked,1.0,0.0,E.McPherson,00-0036854
2025_18_CLE_CIN,REG,18,CLE,,48.0,good,1.0,0.0,A.Szmyt,00-0038428
2025_18_CLE_CIN,REG,18,CLE,,48.0,good,1.0,0.0,A.Szmyt,00-0038428
2025_18_CLE_CIN,REG,18,CIN,,33.0,failed,1.0,0.0,E.McPherson,00-0036854
2025_18_CLE_CIN,REG,18,CLE,made,27.0,,0.0,1.0,A.Szmyt,00-0038428
2025_18_CLE_CIN,REG,18,CLE,made,49.0,,0.0,1.0,A.Szmyt,00-0038428
2025_18_DAL_NYG,REG,18,NYG,made,45.0,,0.0,1.0,B.Sauls,00-0040530
2025_18_DAL_NYG,REG,18,DAL,made,22.0,,0.0,1.0,B.Aubrey,00-0037692
2025_18_DAL_NYG,REG,18,NYG,made,35.0,,0.0,1.0,B.Sauls,00-0040530
2025_18_DAL_NYG,REG,18,DAL,,33.0,good,1.0,0.0,B.Aubrey,00-0037692
2025_18_DAL_NYG,REG,18,NYG,made,23.0,,0.0,1.0,B.Sauls,00-0040530
2025_18_DAL_NYG,REG,18,NYG,,33.0,good,1.0,0.0,B.Sauls,00-0040530
2025_18_DAL_NYG,REG,18,DAL,missed,57.0,,0.0,1.0,B.Aubrey,00-0037692
2025_18_DAL_NYG,REG,18,DAL,,33.0,good,1.0,0.0,B.Aubrey,00-0037692
2025_18_DAL_NYG,REG,18,NYG,made,30.0,,0.0,1.0,B.Sauls,00-0040530
2025_18_DAL_NYG,REG,18,NYG,,33.0,good,1.0,0.0,B.Sauls,00-0040530
2025_18_DET_CHI,REG,18,DET,made,34.0,,0.0,1.0,J.Bates,00-0039172
2025_18_DET_CHI,REG,18,DET,made,30.0,,0.0,1.0,J.Bates,00-0039172
2025_18_DET_CHI,REG,18,DET,,33.0,good,1.0,0.0,J.Bates,00-0039172
2025_18_DET_CHI,REG,18,DET,missed,53.0,,0.0,1.0,J.Bates,00-0039172
2025_18_DET_CHI,REG,18,DET,made,25.0,,0.0,1.0,J.Bates,00-0039172
2025_18_DET_CHI,REG,18,DET,made,42.0,,0.0,1.0,J.Bates,00-0039172
2025_18_GB_MIN,REG,18,MIN,made,43.0,,0.0,1.0,W.Reichard,00-0039404
2025_18_GB_MIN,REG,18,MIN,made,25.0,,0.0,1.0,W.Reichard,00-0039404
2025_18_GB_MIN,REG,18,MIN,,33.0,good,1.0,0.0,W.Reichard,00-0039404
2025_18_GB_MIN,REG,18,MIN,made,37.0,,0.0,1.0,W.Reichard,00-0039404
2025_18_GB_MIN,REG,18,GB,made,24.0,,0.0,1.0,B.McManus,00-0029822
2025_18_IND_HOU,REG,18,HOU,made,51.0,,0.0,1.0,K.Fairbairn,00-0032726
2025_18_IND_HOU,REG,18,IND,,33.0,good,1.0,0.0,B.Grupe,00-0038905
2025_18_IND_HOU,REG,18,HOU,made,48.0,,0.0,1.0,K.Fairbairn,00-0032726
2025_18_IND_HOU,REG,18,IND,made,50.0,,0.0,1.0,B.Grupe,00-0038905
2025_18_IND_HOU,REG,18,HOU,,33.0,good,1.0,0.0,K.Fairbairn,00-0032726
2025_18_IND_HOU,REG,18,HOU,,33.0,good,1.0,0.0,K.Fairbairn,00-0032726
2025_18_IND_HOU,REG,18,IND,,33.0,good,1.0,0.0,B.Grupe,00-0038905
2025_18_IND_HOU,REG,18,HOU,made,29.0,,0.0,1.0,K.Fairbairn,00-0032726
2025_18_IND_HOU,REG,18,IND,,33.0,good,1.0,0.0,B.Grupe,00-0038905
2025_18_IND_HOU,REG,18,HOU,made,43.0,,0.0,1.0,K.Fairbairn,00-0032726
2025_18_IND_HOU,REG,18,IND,made,39.0,,0.0,1.0,B.Grupe,00-0038905
2025_18_IND_HOU,REG,18,HOU,made,44.0,,0.0,1.0,K.Fairbairn,00-0032726
2025_18_IND_HOU,REG,18,IND,made,22.0,,0.0,1.0,B.Grupe,00-0038905
2025_18_IND_HOU,REG,18,HOU,made,43.0,,0.0,1.0,K.Fairbairn,00-0032726
2025_18_KC_LV,REG,18,KC,made,36.0,,0.0,1.0,H.Butker,00-0033303
2025_18_KC_LV,REG,18,LV,made,32.0,,0.0,1.0,D.Carlson,00-0034161
2025_18_KC_LV,REG,18,LV,made,23.0,,0.0,1.0,D.Carlson,00-0034161
2025_18_KC_LV,REG,18,KC,made,40.0,,0.0,1.0,H.Butker,00-0033303
2025_18_KC_LV,REG,18,LV,made,55.0,,0.0,1.0,D.Carlson,00-0034161
2025_18_KC_LV,REG,18,KC,made,47.0,,0.0,1.0,H.Butker,00-0033303
2025_18_KC_LV,REG,18,KC,made,41.0,,0.0,1.0,H.Butker,00-0033303
2025_18_KC_LV,REG,18,LV,made,60.0,,0.0,1.0,D.Carlson,00-0034161
2025_18_LAC_DEN,REG,18,DEN,made,24.0,,0.0,1.0,W.Lutz,00-0032569
2025_18_LAC_DEN,REG,18,DEN,,33.0,good,1.0,0.0,W.Lutz,00-0032569
2025_18_LAC_DEN,REG,18,LAC,made,30.0,,0.0,1.0,C.Dicker,00-0037224
2025_18_LAC_DEN,REG,18,DEN,made,26.0,,0.0,1.0,W.Lutz,00-0032569
2025_18_LAC_DEN,REG,18,DEN,made,41.0,,0.0,1.0,W.Lutz,00-0032569
2025_18_LAC_DEN,REG,18,DEN,made,23.0,,0.0,1.0,W.Lutz,00-0032569
2025_18_MIA_NE,REG,18,NE,,33.0,good,1.0,0.0,A.Borregales,00-0040200
2025_18_MIA_NE,REG,18,NE,,33.0,good,1.0,0.0,A.Borregales,00-0040200
2025_18_MIA_NE,REG,18,MIA,,33.0,good,1.0,0.0,R.Patterson,00-0036816
2025_18_MIA_NE,REG,18,NE,blocked,38.0,,0.0,1.0,A.Borregales,00-0040200
2025_18_MIA_NE,REG,18,MIA,made,52.0,,0.0,1.0,R.Patterson,00-0036816
2025_18_MIA_NE,REG,18,NE,made,59.0,,0.0,1.0,A.Borregales,00-0040200
2025_18_MIA_NE,REG,18,NE,,33.0,good,1.0,0.0,A.Borregales,00-0040200
2025_18_MIA_NE,REG,18,NE,,33.0,good,1.0,0.0,A.Borregales,00-0040200
2025_18_MIA_NE,REG,18,NE,,33.0,good,1.0,0.0,A.Borregales,00-0040200
2025_18_NO_ATL,REG,18,ATL,,33.0,good,1.0,0.0,Z.Gonzalez,00-0033862
2025_18_NO_ATL,REG,18,NO,missed,56.0,,0.0,1.0,C.Smyth,00-0039229
2025_18_NO_ATL,REG,18,ATL,made,40.0,,0.0,1.0,Z.Gonzalez,00-0033862
2025_18_NO_ATL,REG,18,NO,,33.0,good,1.0,0.0,C.Smyth,00-0039229
2025_18_NO_ATL,REG,18,ATL,made,51.0,,0.0,1.0,Z.Gonzalez,00-0033862
2025_18_NO_ATL,REG,18,NO,made,29.0,,0.0,1.0,C.Smyth,00-0039229
2025_18_NO_ATL,REG,18,ATL,made,38.0,,0.0,1.0,Z.Gonzalez,00-0033862
2025_18_NO_ATL,REG,18,ATL,made,38.0,,0.0,1.0,Z.Gonzalez,00-0033862
2025_18_NO_ATL,REG,18,NO,,33.0,good,1.0,0.0,C.Smyth,00-0039229
2025_18_NYJ_BUF,REG,18,BUF,,33.0,good,1.0,0.0,M.Prater,00-0023853
2025_18_NYJ_BUF,REG,18,BUF,,33.0,good,1.0,0.0,M.Prater,00-0023853
2025_18_NYJ_BUF,REG,18,BUF,,33.0,good,1.0,0.0,M.Prater,00-0023853
2025_18_SEA_SF,REG,18,SEA,,33.0,good,1.0,0.0,J.Myers,00-0031492
2025_18_SEA_SF,REG,18,SEA,missed,47.0,,0.0,1.0,J.Myers,00-0031492
2025_18_SEA_SF,REG,18,SEA,made,45.0,,0.0,1.0,J.Myers,00-0031492
2025_18_SEA_SF,REG,18,SF,made,48.0,,0.0,1.0,E.Pineiro,00-0034173
2025_18_SEA_SF,REG,18,SEA,made,31.0,,0.0,1.0,J.Myers,00-0031492
2025_18_SEA_SF,REG,18,SEA,missed,26.0,,0.0,1.0,J.Myers,00-0031492
2025_18_TEN_JAX,REG,18,TEN,,33.0,good,1.0,0.0,J.Slye,00-0035192
2025_18_TEN_JAX,REG,18,JAX,,33.0,good,1.0,0.0,C.Little,00-0039409
2025_18_TEN_JAX,REG,18,JAX,,33.0,good,1.0,0.0,C.Little,00-0039409
2025_18_TEN_JAX,REG,18,JAX,,33.0,good,1.0,0.0,C.Little,00-0039409
2025_18_TEN_JAX,REG,18,JAX,,33.0,good,1.0,0.0,C.Little,00-0039409
2025_18_TEN_JAX,REG,18,JAX,made,67.0,,0.0,1.0,C.Little,00-0039409
2025_18_TEN_JAX,REG,18,JAX,made,52.0,,0.0,1.0,C.Little,00-0039409
2025_18_TEN_JAX,REG,18,JAX,,33.0,good,1.0,0.0,C.Little,00-0039409
2025_18_TEN_JAX,REG,18,TEN,missed,52.0,,0.0,1.0,J.Slye,00-0035192
2025_18_WAS_PHI,REG,18,WAS,missed,24.0,,0.0,1.0,J.Moody,00-0038562
2025_18_WAS_PHI,REG,18,PHI,,33.0,good,1.0,0.0,J.Elliott,00-0033787
2025_18_WAS_PHI,REG,18,WAS,,33.0,good,1.0,0.0,J.Moody,00-0038562
2025_18_WAS_PHI,REG,18,WAS,made,56.0,,0.0,1.0,J.Moody,00-0038562
2025_18_WAS_PHI,REG,18,PHI,,33.0,good,1.0,0.0,J.Elliott,00-0033787
2025_18_WAS_PHI,REG,18,PHI,made,39.0,,0.0,1.0,J.Elliott,00-0033787
2025_18_WAS_PHI,REG,18,WAS,,33.0,good,1.0,0.0,J.Moody,00-0038562
2025_18_WAS_PHI,REG,18,WAS,,33.0,good,1.0,0.0,J.Moody,00-0038562
