game_id,season_type,week,posteam,field_goal_result,kick_distance,extra_point_result,extra_point_attempt,field_goal_attempt,kicker_player_name,kicker_player_id
2024_01_ARI_BUF,REG,1,ARI,,33.0,good,1.0,0.0,M.Prater,00-0023853
2024_01_ARI_BUF,REG,1,ARI,made,29.0,,0.0,1.0,M.Prater,00-0023853
2024_01_ARI_BUF,REG,1,BUF,made,37.0,,0.0,1.0,T.Bass,00-0036162
2024_01_ARI_BUF,REG,1,ARI,,33.0,good,1.0,0.0,M.Prater,00-0023853
2024_01_ARI_BUF,REG,1,BUF,,33.0,good,1.0,0.0,T.Bass,00-0036162
2024_01_ARI_BUF,REG,1,BUF,,33.0,good,1.0,0.0,T.Bass,00-0036162
2024_01_ARI_BUF,REG,1,BUF,,33.0,good,1.0,0.0,T.Bass,00-0036162
2024_01_ARI_BUF,REG,1,ARI,made,31.0,,0.0,1.0,M.Prater,00-0023853
2024_01_ARI_BUF,REG,1,BUF,,33.0,good,1.0,0.0,T.Bass,00-0036162
2024_01_ARI_BUF,REG,1,BUF,made,39.0,,0.0,1.0,T.Bass,00-0036162
2024_01_BAL_KC,REG,1,BAL,,33.0,good,1.0,0.0,J.Tucker,00-0029597
2024_01_BAL_KC,REG,1,KC,,33.0,good,1.0,0.0,H.Butker,00-0033303
2024_01_BAL_KC,REG,1,KC,made,32.0,,0.0,1.0,H.Butker,00-0033303
2024_01_BAL_KC,REG,1,KC,made,31.0,,0.0,1.0,H.Butker,00-0033303
2024_01_BAL_KC,REG,1,BAL,missed,53.0,,0.0,1.0,J.Tucker,00-0029597
2024_01_BAL_KC,REG,1,BAL,made,25.0,,0.0,1.0,J.Tucker,00-0029597
2024_01_BAL_KC,REG,1,KC,,33.0,good,1.0,0.0,H.Butker,00-0033303
2024_01_BAL_KC,REG,1,BAL,,33.0,good,1.0,0.0,J.Tucker,00-0029597
2024_01_BAL_KC,REG,1,KC,,33.0,good,1.0,0.0,H.Butker,00-0033303
2024_01_BAL_KC,REG,1,BAL,made,32.0,,0.0,1.0,J.Tucker,00-0029597
2024_01_CAR_NO,REG,1,NO,,33.0,good,1.0,0.0,B.Grupe,00-0038905
2024_01_CAR_NO,REG,1,NO,made,57.0,,0.0,1.0,B.Grupe,00-0038905
2024_01_CAR_NO,REG,1,NO,,33.0,good,1.0,0.0,B.Grupe,00-0038905
2024_01_CAR_NO,REG,1,NO,made,44.0,,0.0,1.0,B.Grupe,00-0038905
2024_01_CAR_NO,REG,1,NO,made,52.0,,0.0,1.0,B.Grupe,00-0038905
2024_01_CAR_NO,REG,1,NO,,33.0,good,1.0,0.0,B.Grupe,00-0038905
2024_01_CAR_NO,REG,1,CAR,made,43.0,,0.0,1.0,E.Pineiro,00-0034173
2024_01_CAR_NO,REG,1,NO,,33.0,good,1.0,0.0,B.Grupe,00-0038905
2024_01_CAR_NO,REG,1,CAR,,33.0,good,1.0,0.0,E.Pineiro,00-0034173
2024_01_CAR_NO,REG,1,NO,made,39.0,,0.0,1.0,B.Grupe,00-0038905
2024_01_CAR_NO,REG,1,NO,,33.0,good,1.0,0.0,B.Grupe,00-0038905
2024_01_DAL_CLE,REG,1,CLE,made,51.0,,0.0,1.0,D.Hopkins,00-0030098
2024_01_DAL_CLE,REG,1,DAL,,33.0,good,1.0,0.0,B.Aubrey,00-0037692
2024_01_DAL_CLE,REG,1,DAL,,33.0,good,1.0,0.0,B.Aubrey,00-0037692
2024_01_DAL_CLE,REG,1,DAL,made,57.0,,0.0,1.0,B.Aubrey,00-0037692
2024_01_DAL_CLE,REG,1,DAL,made,40.0,,0.0,1.0,B.Aubrey,00-0037692
2024_01_DAL_CLE,REG,1,DAL,,33.0,good,1.0,0.0,B.Aubrey,00-0037692
2024_01_DAL_CLE,REG,1,CLE,,33.0,good,1.0,0.0,D.Hopkins,00-0030098
2024_01_DAL_CLE,REG,1,DAL,made,50.0,,0.0,1.0,B.Aubrey,00-0037692
2024_01_DAL_CLE,REG,1,DAL,made,46.0,,0.0,1.0,B.Aubrey,00-0037692
2024_01_DAL_CLE,REG,1,CLE,,28.0,good,1.0,0.0,D.Hopkins,00-0030098
2024_01_DEN_SEA,REG,1,DEN,made,35.0,,0.0,1.0,W.Lutz,00-0032569
2024_01_DEN_SEA,REG,1,SEA,made,50.0,,0.0,1.0,J.Myers,00-0031492
2024_01_DEN_SEA,REG,1,DEN,made,30.0,,0.0,1.0,W.Lutz,00-0032569
2024_01_DEN_SEA,REG,1,DEN,made,45.0,,0.0,1.0,W.Lutz,00-0032569
2024_01_DEN_SEA,REG,1,SEA,,33.0,good,1.0,0.0,J.Myers,00-0031492
2024_01_DEN_SEA,REG,1,SEA,made,28.0,,0.0,1.0,J.Myers,00-0031492
2024_01_DEN_SEA,REG,1,SEA,,33.0,good,1.0,0.0,J.Myers,00-0031492
2024_01_DEN_SEA,REG,1,DEN,,33.0,good,1.0,0.0,W.Lutz,00-0032569
2024_01_GB_PHI,REG,1,GB,made,31.0,,0.0,1.0,B.Narveson,00-0039649
2024_01_GB_PHI,REG,1,GB,made,23.0,,0.0,1.0,B.Narveson,00-0039649
2024_01_GB_PHI,REG,1,PHI,,33.0,good,1.0,0.0,J.Elliott,00-0033787
2024_01_GB_PHI,REG,1,PHI,,33.0,good,1.0,0.0,J.Elliott,00-0033787
2024_01_GB_PHI,REG,1,GB,,38.0,good,1.0,0.0,B.Narveson,00-0039649
2024_01_GB_PHI,REG,1,PHI,made,38.0,,0.0,1.0,J.Elliott,00-0033787
2024_01_GB_PHI,REG,1,PHI,,33.0,good,1.0,0.0,J.Elliott,00-0033787
2024_01_GB_PHI,REG,1,GB,,33.0,good,1.0,0.0,B.Narveson,00-0039649
2024_01_GB_PHI,REG,1,PHI,,33.0,good,1.0,0.0,J.Elliott,00-0033787
2024_01_GB_PHI,REG,1,GB,missed,43.0,,0.0,1.0,B.Narveson,00-0039649
2024_01_GB_PHI,REG,1,GB,made,26.0,,0.0,1.0,B.Narveson,00-0039649
2024_01_GB_PHI,REG,1,PHI,made,21.0,,0.0,1.0,J.Elliott,00-0033787
2024_01_HOU_IND,REG,1,HOU,made,51.0,,0.0,1.0,K.Fairbairn,00-0032726
2024_01_HOU_IND,REG,1,IND,,33.0,good,1.0,0.0,S.Shrader,00-0039576
2024_01_HOU_IND,REG,1,HOU,made,50.0,,0.0,1.0,K.Fairbairn,00-0032726
2024_01_HOU_IND,REG,1,HOU,made,51.0,,0.0,1.0,K.Fairbairn,00-0032726
2024_01_HOU_IND,REG,1,HOU,,33.0,good,1.0,0.0,K.Fairbairn,00-0032726
2024_01_HOU_IND,REG,1,IND,,33.0,good,1.0,0.0,S.Shrader,00-0039576
2024_01_HOU_IND,REG,1,HOU,,33.0,good,1.0,0.0,K.Fairbairn,00-0032726
2024_01_HOU_IND,REG,1,IND,,33.0,good,1.0,0.0,S.Shrader,00-0039576
2024_01_JAX_MIA,REG,1,JAX,,33.0,good,1.0,0.0,C.Little,00-0039409
2024_01_JAX_MIA,REG,1,JAX,,33.0,good,1.0,0.0,C.Little,00-0039409
2024_01_JAX_MIA,REG,1,MIA,,33.0,good,1.0,0.0,J.Sanders,00-0034794
2024_01_JAX_MIA,REG,1,JAX,made,53.0,,0.0,1.0,C.Little,00-0039409
2024_01_JAX_MIA,REG,1,MIA,,33.0,good,1.0,0.0,J.Sanders,00-0034794
2024_01_JAX_MIA,REG,1,MIA,missed,42.0,,0.0,1.0,J.Sanders,00-0034794
2024_01_JAX_MIA,REG,1,MIA,made,37.0,,0.0,1.0,J.Sanders,00-0034794
2024_01_JAX_MIA,REG,1,MIA,made,52.0,,0.0,1.0,J.Sanders,00-0034794
2024_01_LA_DET,REG,1,LAR,made,41.0,,0.0,1.0,J.Karty,00-0039750
2024_01_LA_DET,REG,1,DET,made,25.0,,0.0,1.0,J.Bates,00-0039172
2024_01_LA_DET,REG,1,DET,,33.0,good,1.0,0.0,J.Bates,00-0039172
2024_01_LA_DET,REG,1,DET,,33.0,good,1.0,0.0,J.Bates,00-0039172
2024_01_LA_DET,REG,1,LAR,,33.0,good,1.0,0.0,J.Karty,00-0039750
2024_01_LA_DET,REG,1,LAR,made,26.0,,0.0,1.0,J.Karty,00-0039750
2024_01_LA_DET,REG,1,LAR,,33.0,good,1.0,0.0,J.Karty,00-0039750
2024_01_LA_DET,REG,1,DET,made,32.0,,0.0,1.0,J.Bates,00-0039172
2024_01_LV_LAC,REG,1,LAC,made,53.0,,0.0,1.0,C.Dicker,00-0037224
2024_01_LV_LAC,REG,1,LV,,33.0,good,1.0,0.0,D.Carlson,00-0034161
2024_01_LV_LAC,REG,1,LAC,made,25.0,,0.0,1.0,C.Dicker,00-0037224
2024_01_LV_LAC,REG,1,LAC,made,24.0,,0.0,1.0,C.Dicker,00-0037224
2024_01_LV_LAC,REG,1,LV,missed,49.0,,0.0,1.0,D.Carlson,00-0034161
2024_01_LV_LAC,REG,1,LAC,,33.0,good,1.0,0.0,C.Dicker,00-0037224
2024_01_LV_LAC,REG,1,LV,made,32.0,,0.0,1.0,D.Carlson,00-0034161
2024_01_MIN_NYG,REG,1,NYG,made,23.0,,0.0,1.0,G.Gano,00-0026858
2024_01_MIN_NYG,REG,1,MIN,,33.0,good,1.0,0.0,W.Reichard,00-0039404
2024_01_MIN_NYG,REG,1,MIN,,33.0,good,1.0,0.0,W.Reichard,00-0039404
2024_01_MIN_NYG,REG,1,MIN,,33.0,good,1.0,0.0,W.Reichard,00-0039404
2024_01_MIN_NYG,REG,1,NYG,made,50.0,,0.0,1.0,G.Gano,00-0026858
2024_01_MIN_NYG,REG,1,MIN,,33.0,good,1.0,0.0,W.Reichard,00-0039404
2024_01_NE_CIN,REG,1,NE,,33.0,good,1.0,0.0,J.Slye,00-0035192
2024_01_NE_CIN,REG,1,NE,made,32.0,,0.0,1.0,J.Slye,00-0035192
2024_01_NE_CIN,REG,1,NE,made,35.0,,0.0,1.0,J.Slye,00-0035192
2024_01_NE_CIN,REG,1,CIN,,33.0,good,1.0,0.0,E.McPherson,00-0036854
2024_01_NE_CIN,REG,1,NE,made,37.0,,0.0,1.0,J.Slye,00-0035192
2024_01_NE_CIN,REG,1,CIN,made,51.0,,0.0,1.0,E.McPherson,00-0036854
2024_01_NYJ_SF,REG,1,SF,made,46.0,,0.0,1.0,J.Moody,00-0038562
2024_01_NYJ_SF,REG,1,NYJ,,33.0,good,1.0,0.0,G.Zuerlein,00-0029621
2024_01_NYJ_SF,REG,1,SF,made,51.0,,0.0,1.0,J.Moody,00-0038562
2024_01_NYJ_SF,REG,1,SF,,33.0,good,1.0,0.0,J.Moody,00-0038562
2024_01_NYJ_SF,REG,1,SF,made,31.0,,0.0,1.0,J.Moody,00-0038562
2024_01_NYJ_SF,REG,1,SF,,33.0,good,1.0,0.0,J.Moody,00-0038562
2024_01_NYJ_SF,REG,1,SF,made,53.0,,0.0,1.0,J.Moody,00-0038562
2024_01_NYJ_SF,REG,1,SF,made,23.0,,0.0,1.0,J.Moody,00-0038562
2024_01_NYJ_SF,REG,1,SF,made,42.0,,0.0,1.0,J.Moody,00-0038562
2024_01_PIT_ATL,REG,1,ATL,made,24.0,,0.0,1.0,Y.Koo,00-0033702
2024_01_PIT_ATL,REG,1,PIT,made,57.0,,0.0,1.0,C.Boswell,00-0031136
2024_01_PIT_ATL,REG,1,PIT,made,51.0,,0.0,1.0,C.Boswell,00-0031136
2024_01_PIT_ATL,REG,1,ATL,,33.0,good,1.0,0.0,Y.Koo,00-0033702
2024_01_PIT_ATL,REG,1,PIT,made,44.0,,0.0,1.0,C.Boswell,00-0031136
2024_01_PIT_ATL,REG,1,PIT,made,56.0,,0.0,1.0,C.Boswell,00-0031136
2024_01_PIT_ATL,REG,1,PIT,made,40.0,,0.0,1.0,C.Boswell,00-0031136
2024_01_PIT_ATL,REG,1,PIT,made,25.0,,0.0,1.0,C.Boswell,00-0031136
2024_01_TEN_CHI,REG,1,TEN,,33.0,good,1.0,0.0,N.Folk,00-0025565
2024_01_TEN_CHI,REG,1,TEN,made,40.0,,0.0,1.0,N.Folk,00-0025565
2024_01_TEN_CHI,REG,1,TEN,,33.0,good,1.0,0.0,N.Folk,00-0025565
2024_01_TEN_CHI,REG,1,CHI,made,24.0,,0.0,1.0,C.Santos,00-0031203
2024_01_TEN_CHI,REG,1,CHI,,33.0,good,1.0,0.0,C.Santos,00-0031203
2024_01_TEN_CHI,REG,1,CHI,made,50.0,,0.0,1.0,C.Santos,00-0031203
2024_01_TEN_CHI,REG,1,CHI,made,48.0,,0.0,1.0,C.Santos,00-0031203
2024_01_WAS_TB,REG,1,TB,made,56.0,,0.0,1.0,C.McLaughlin,00-0035358
2024_01_WAS_TB,REG,1,TB,made,34.0,,0.0,1.0,C.McLaughlin,00-0035358
2024_01_WAS_TB,REG,1,WAS,missed,47.0,,0.0,1.0,C.York,00-0038097
2024_01_WAS_TB,REG,1,TB,,33.0,good,1.0,0.0,C.McLaughlin,00-0035358
2024_01_WAS_TB,REG,1,WAS,,33.0,good,1.0,0.0,C.York,00-0038097
2024_01_WAS_TB,REG,1,TB,made,29.0,,0.0,1.0,C.McLaughlin,00-0035358
2024_01_WAS_TB,REG,1,WAS,missed,56.0,,0.0,1.0,C.York,00-0038097
2024_01_WAS_TB,REG,1,TB,,33.0,good,1.0,0.0,C.McLaughlin,00-0035358
2024_01_WAS_TB,REG,1,WAS,,33.0,good,1.0,0.0,C.York,00-0038097
2024_01_WAS_TB,REG,1,TB,,33.0,good,1.0,0.0,C.McLaughlin,00-0035358
2024_01_WAS_TB,REG,1,TB,,33.0,good,1.0,0.0,C.McLaughlin,00-0035358
2024_02_ATL_PHI,REG,2,ATL,made,39.0,,0.0,1.0,Y.Koo,00-0033702
2024_02_ATL_PHI,REG,2,PHI,,33.0,good,1.0,0.0,J.Elliott,00-0033787
2024_02_ATL_PHI,REG,2,ATL,made,22.0,,0.0,1.0,Y.Koo,00-0033702
2024_02_ATL_PHI,REG,2,ATL,made,34.0,,0.0,1.0,Y.Koo,00-0033702
2024_02_ATL_PHI,REG,2,PHI,made,29.0,,0.0,1.0,J.Elliott,00-0033787
2024_02_ATL_PHI,REG,2,PHI,made,28.0,,0.0,1.0,J.Elliott,00-0033787
2024_02_ATL_PHI,REG,2,ATL,,48.0,good,1.0,0.0,Y.Koo,00-0033702
2024_02_BUF_MIA,REG,2,BUF,,33.0,good,1.0,0.0,T.Bass,00-0036162
2024_02_BUF_MIA,REG,2,MIA,,33.0,good,1.0,0.0,J.Sanders,00-0034794
2024_02_BUF_MIA,REG,2,BUF,made,43.0,,0.0,1.0,T.Bass,00-0036162
2024_02_BUF_MIA,REG,2,BUF,,33.0,good,1.0,0.0,T.Bass,00-0036162
2024_02_BUF_MIA,REG,2,BUF,,33.0,good,1.0,0.0,T.Bass,00-0036162
2024_02_BUF_MIA,REG,2,MIA,made,34.0,,0.0,1.0,J.Sanders,00-0034794
2024_02_BUF_MIA,REG,2,BUF,,33.0,good,1.0,0.0,T.Bass,00-0036162
2024_02_BUF_MIA,REG,2,BUF,missed,45.0,,0.0,1.0,T.Bass,00-0036162
2024_02_CHI_HOU,REG,2,HOU,made,56.0,,0.0,1.0,K.Fairbairn,00-0032726
2024_02_CHI_HOU,REG,2,CHI,made,53.0,,0.0,1.0,C.Santos,00-0031203
2024_02_CHI_HOU,REG,2,HOU,,33.0,good,1.0,0.0,K.Fairbairn,00-0032726
2024_02_CHI_HOU,REG,2,HOU,made,47.0,,0.0,1.0,K.Fairbairn,00-0032726
2024_02_CHI_HOU,REG,2,CHI,,33.0,good,1.0,0.0,C.Santos,00-0031203
2024_02_CHI_HOU,REG,2,HOU,made,59.0,,0.0,1.0,K.Fairbairn,00-0032726
2024_02_CHI_HOU,REG,2,HOU,made,53.0,,0.0,1.0,K.Fairbairn,00-0032726
2024_02_CHI_HOU,REG,2,CHI,made,54.0,,0.0,1.0,C.Santos,00-0031203
2024_02_CIN_KC,REG,2,CIN,made,22.0,,0.0,1.0,E.McPherson,00-0036854
2024_02_CIN_KC,REG,2,KC,made,19.0,,0.0,1.0,H.Butker,00-0033303
2024_02_CIN_KC,REG,2,CIN,,33.0,good,1.0,0.0,E.McPherson,00-0036854
2024_02_CIN_KC,REG,2,KC,,33.0,good,1.0,0.0,H.Butker,00-0033303
2024_02_CIN_KC,REG,2,CIN,made,33.0,,0.0,1.0,E.McPherson,00-0036854
2024_02_CIN_KC,REG,2,CIN,made,48.0,,0.0,1.0,E.McPherson,00-0036854
2024_02_CIN_KC,REG,2,KC,,33.0,good,1.0,0.0,H.Butker,00-0033303
2024_02_CIN_KC,REG,2,CIN,,33.0,failed,1.0,0.0,E.McPherson,00-0036854
2024_02_CIN_KC,REG,2,CIN,made,53.0,,0.0,1.0,E.McPherson,00-0036854
2024_02_CIN_KC,REG,2,KC,made,51.0,,0.0,1.0,H.Butker,00-0033303
2024_02_CLE_JAX,REG,2,CLE,,33.0,good,1.0,0.0,D.Hopkins,00-0030098
2024_02_CLE_JAX,REG,2,CLE,made,53.0,,0.0,1.0,D.Hopkins,00-0030098
2024_02_CLE_JAX,REG,2,JAX,made,22.0,,0.0,1.0,C.Little,00-0039409
2024_02_CLE_JAX,REG,2,CLE,made,38.0,,0.0,1.0,D.Hopkins,00-0030098
2024_02_CLE_JAX,REG,2,CLE,made,44.0,,0.0,1.0,D.Hopkins,00-0030098
2024_02_CLE_JAX,REG,2,JAX,missed,43.0,,0.0,1.0,C.Little,00-0039409
2024_02_CLE_JAX,REG,2,JAX,,33.0,good,1.0,0.0,C.Little,00-0039409
2024_02_CLE_JAX,REG,2,JAX,made,25.0,,0.0,1.0,C.Little,00-0039409
2024_02_IND_GB,REG,2,GB,made,46.0,,0.0,1.0,B.Narveson,00-0039649
2024_02_IND_GB,REG,2,GB,,33.0,good,1.0,0.0,B.Narveson,00-0039649
2024_02_IND_GB,REG,2,GB,made,42.0,,0.0,1.0,B.Narveson,00-0039649
2024_02_IND_GB,REG,2,IND,made,34.0,,0.0,1.0,M.Gay,00-0035269
2024_02_IND_GB,REG,2,IND,missed,50.0,,0.0,1.0,M.Gay,00-0035269
2024_02_IND_GB,REG,2,GB,made,34.0,,0.0,1.0,B.Narveson,00-0039649
2024_02_IND_GB,REG,2,GB,missed,45.0,,0.0,1.0,B.Narveson,00-0039649
2024_02_IND_GB,REG,2,IND,,33.0,good,1.0,0.0,M.Gay,00-0035269
2024_02_LAC_CAR,REG,2,LAC,,33.0,failed,1.0,0.0,C.Dicker,00-0037224
2024_02_LAC_CAR,REG,2,LAC,,33.0,good,1.0,0.0,C.Dicker,00-0037224
2024_02_LAC_CAR,REG,2,LAC,,33.0,good,1.0,0.0,C.Dicker,00-0037224
2024_02_LAC_CAR,REG,2,CAR,made,38.0,,0.0,1.0,E.Pineiro,00-0034173
2024_02_LAC_CAR,REG,2,LAC,made,46.0,,0.0,1.0,C.Dicker,00-0037224
2024_02_LAC_CAR,REG,2,LAC,made,42.0,,0.0,1.0,C.Dicker,00-0037224
2024_02_LA_ARI,REG,2,ARI,,33.0,good,1.0,0.0,M.Prater,00-0023853
2024_02_LA_ARI,REG,2,ARI,,33.0,good,1.0,0.0,M.Prater,00-0023853
2024_02_LA_ARI,REG,2,ARI,,33.0,good,1.0,0.0,M.Prater,00-0023853
2024_02_LA_ARI,REG,2,LAR,made,29.0,,0.0,1.0,J.Karty,00-0039750
2024_02_LA_ARI,REG,2,ARI,made,48.0,,0.0,1.0,M.Prater,00-0023853
2024_02_LA_ARI,REG,2,ARI,,33.0,good,1.0,0.0,M.Prater,00-0023853
2024_02_LA_ARI,REG,2,ARI,made,57.0,,0.0,1.0,M.Prater,00-0023853
2024_02_LA_ARI,REG,2,LAR,,33.0,good,1.0,0.0,J.Karty,00-0039750
2024_02_LA_ARI,REG,2,ARI,,33.0,good,1.0,0.0,M.Prater,00-0023853
2024_02_LV_BAL,REG,2,BAL,made,48.0,,0.0,1.0,J.Tucker,00-0029597
2024_02_LV_BAL,REG,2,LV,made,53.0,,0.0,1.0,D.Carlson,00-0034161
2024_02_LV_BAL,REG,2,BAL,made,42.0,,0.0,1.0,J.Tucker,00-0029597
2024_02_LV_BAL,REG,2,BAL,missed,56.0,,0.0,1.0,J.Tucker,00-0029597
2024_02_LV_BAL,REG,2,LV,made,51.0,,0.0,1.0,D.Carlson,00-0034161
2024_02_LV_BAL,REG,2,BAL,made,32.0,,0.0,1.0,J.Tucker,00-0029597
2024_02_LV_BAL,REG,2,BAL,,33.0,good,1.0,0.0,J.Tucker,00-0029597
2024_02_LV_BAL,REG,2,LV,,33.0,good,1.0,0.0,D.Carlson,00-0034161
2024_02_LV_BAL,REG,2,BAL,,33.0,good,1.0,0.0,J.Tucker,00-0029597
2024_02_LV_BAL,REG,2,LV,made,25.0,,0.0,1.0,D.Carlson,00-0034161
2024_02_LV_BAL,REG,2,LV,,33.0,good,1.0,0.0,D.Carlson,00-0034161
2024_02_LV_BAL,REG,2,LV,made,38.0,,0.0,1.0,D.Carlson,00-0034161
2024_02_NO_DAL,REG,2,NO,,33.0,good,1.0,0.0,B.Grupe,00-0038905
2024_02_NO_DAL,REG,2,DAL,made,52.0,,0.0,1.0,B.Aubrey,00-0037692
2024_02_NO_DAL,REG,2,NO,,33.0,good,1.0,0.0,B.Grupe,00-0038905
2024_02_NO_DAL,REG,2,DAL,made,38.0,,0.0,1.0,B.Aubrey,00-0037692
2024_02_NO_DAL,REG,2,NO,,33.0,good,1.0,0.0,B.Grupe,00-0038905
2024_02_NO_DAL,REG,2,DAL,,33.0,good,1.0,0.0,B.Aubrey,00-0037692
2024_02_NO_DAL,REG,2,NO,,33.0,good,1.0,0.0,B.Grupe,00-0038905
2024_02_NO_DAL,REG,2,NO,,33.0,good,1.0,0.0,B.Grupe,00-0038905
2024_02_NO_DAL,REG,2,DAL,made,48.0,,0.0,1.0,B.Aubrey,00-0037692
2024_02_NO_DAL,REG,2,DAL,made,40.0,,0.0,1.0,B.Aubrey,00-0037692
2024_02_NO_DAL,REG,2,NO,,33.0,blocked,1.0,0.0,B.Grupe,00-0038905
2024_02_NO_DAL,REG,2,NO,made,26.0,,0.0,1.0,B.Grupe,00-0038905
2024_02_NYG_WAS,REG,2,WAS,made,27.0,,0.0,1.0,A.Seibert,00-0035145
2024_02_NYG_WAS,REG,2,NYG,,33.0,failed,1.0,0.0,J.Gillan,00-0035042
2024_02_NYG_WAS,REG,2,WAS,made,45.0,,0.0,1.0,A.Seibert,00-0035145
2024_02_NYG_WAS,REG,2,WAS,made,26.0,,0.0,1.0,A.Seibert,00-0035145
2024_02_NYG_WAS,REG,2,WAS,made,27.0,,0.0,1.0,A.Seibert,00-0035145
2024_02_NYG_WAS,REG,2,WAS,made,29.0,,0.0,1.0,A.Seibert,00-0035145
2024_02_NYG_WAS,REG,2,WAS,made,33.0,,0.0,1.0,A.Seibert,00-0035145
2024_02_NYG_WAS,REG,2,WAS,made,30.0,,0.0,1.0,A.Seibert,00-0035145
2024_02_NYJ_TEN,REG,2,TEN,,33.0,good,1.0,0.0,N.Folk,00-0025565
2024_02_NYJ_TEN,REG,2,NYJ,,33.0,good,1.0,0.0,G.Zuerlein,00-0029621
2024_02_NYJ_TEN,REG,2,TEN,made,41.0,,0.0,1.0,N.Folk,00-0025565
2024_02_NYJ_TEN,REG,2,NYJ,,33.0,good,1.0,0.0,G.Zuerlein,00-0029621
2024_02_NYJ_TEN,REG,2,NYJ,made,33.0,,0.0,1.0,G.Zuerlein,00-0029621
2024_02_NYJ_TEN,REG,2,TEN,,33.0,good,1.0,0.0,N.Folk,00-0025565
2024_02_NYJ_TEN,REG,2,NYJ,,33.0,good,1.0,0.0,G.Zuerlein,00-0029621
2024_02_PIT_DEN,REG,2,PIT,,33.0,good,1.0,0.0,C.Boswell,00-0031136
2024_02_PIT_DEN,REG,2,PIT,made,22.0,,0.0,1.0,C.Boswell,00-0031136
2024_02_PIT_DEN,REG,2,PIT,made,53.0,,0.0,1.0,C.Boswell,00-0031136
2024_02_PIT_DEN,REG,2,DEN,made,35.0,,0.0,1.0,W.Lutz,00-0032569
2024_02_PIT_DEN,REG,2,DEN,made,29.0,,0.0,1.0,W.Lutz,00-0032569
2024_02_SEA_NE,REG,2,NE,,33.0,good,1.0,0.0,J.Slye,00-0035192
2024_02_SEA_NE,REG,2,SEA,,33.0,good,1.0,0.0,J.Myers,00-0031492
2024_02_SEA_NE,REG,2,NE,made,29.0,,0.0,1.0,J.Slye,00-0035192
2024_02_SEA_NE,REG,2,SEA,,33.0,good,1.0,0.0,J.Myers,00-0031492
2024_02_SEA_NE,REG,2,NE,made,28.0,,0.0,1.0,J.Slye,00-0035192
2024_02_SEA_NE,REG,2,SEA,made,44.0,,0.0,1.0,J.Myers,00-0031492
2024_02_SEA_NE,REG,2,NE,,33.0,good,1.0,0.0,J.Slye,00-0035192
2024_02_SEA_NE,REG,2,NE,blocked,48.0,,0.0,1.0,J.Slye,00-0035192
2024_02_SEA_NE,REG,2,SEA,made,38.0,,0.0,1.0,J.Myers,00-0031492
2024_02_SEA_NE,REG,2,SEA,made,31.0,,0.0,1.0,J.Myers,00-0031492
2024_02_SF_MIN,REG,2,MIN,made,22.0,,0.0,1.0,W.Reichard,00-0039404
2024_02_SF_MIN,REG,2,MIN,,33.0,good,1.0,0.0,W.Reichard,00-0039404
2024_02_SF_MIN,REG,2,SF,,33.0,good,1.0,0.0,J.Moody,00-0038562
2024_02_SF_MIN,REG,2,MIN,made,39.0,,0.0,1.0,W.Reichard,00-0039404
2024_02_SF_MIN,REG,2,MIN,,33.0,good,1.0,0.0,W.Reichard,00-0039404
2024_02_SF_MIN,REG,2,SF,,33.0,good,1.0,0.0,J.Moody,00-0038562
2024_02_SF_MIN,REG,2,MIN,made,27.0,,0.0,1.0,W.Reichard,00-0039404
2024_02_SF_MIN,REG,2,SF,made,31.0,,0.0,1.0,J.Moody,00-0038562
2024_02_TB_DET,REG,2,TB,made,30.0,,0.0,1.0,C.McLaughlin,00-0035358
2024_02_TB_DET,REG,2,TB,made,55.0,,0.0,1.0,C.McLaughlin,00-0035358
2024_02_TB_DET,REG,2,DET,made,22.0,,0.0,1.0,J.Bates,00-0039172
2024_02_TB_DET,REG,2,DET,made,35.0,,0.0,1.0,J.Bates,00-0039172
2024_02_TB_DET,REG,2,TB,,33.0,good,1.0,0.0,C.McLaughlin,00-0035358
2024_02_TB_DET,REG,2,DET,made,32.0,,0.0,1.0,J.Bates,00-0039172
2024_02_TB_DET,REG,2,DET,,33.0,good,1.0,0.0,J.Bates,00-0039172
2024_02_TB_DET,REG,2,TB,,33.0,good,1.0,0.0,C.McLaughlin,00-0035358
2024_03_BAL_DAL,REG,3,BAL,,33.0,good,1.0,0.0,J.Tucker,00-0029597
2024_03_BAL_DAL,REG,3,DAL,made,65.0,,0.0,1.0,B.Aubrey,00-0037692
2024_03_BAL_DAL,REG,3,BAL,,33.0,good,1.0,0.0,J.Tucker,00-0029597
2024_03_BAL_DAL,REG,3,BAL,,33.0,good,1.0,0.0,J.Tucker,00-0029597
2024_03_BAL_DAL,REG,3,DAL,made,51.0,,0.0,1.0,B.Aubrey,00-0037692
2024_03_BAL_DAL,REG,3,BAL,,33.0,good,1.0,0.0,J.Tucker,00-0029597
2024_03_BAL_DAL,REG,3,BAL,missed,46.0,,0.0,1.0,J.Tucker,00-0029597
2024_03_BAL_DAL,REG,3,DAL,,33.0,good,1.0,0.0,B.Aubrey,00-0037692
2024_03_CAR_LV,REG,3,CAR,,33.0,good,1.0,0.0,E.Pineiro,00-0034173
2024_03_CAR_LV,REG,3,LV,,33.0,good,1.0,0.0,D.Carlson,00-0034161
2024_03_CAR_LV,REG,3,CAR,,33.0,good,1.0,0.0,E.Pineiro,00-0034173
2024_03_CAR_LV,REG,3,CAR,,33.0,good,1.0,0.0,E.Pineiro,00-0034173
2024_03_CAR_LV,REG,3,LV,missed,57.0,,0.0,1.0,D.Carlson,00-0034161
2024_03_CAR_LV,REG,3,CAR,made,43.0,,0.0,1.0,E.Pineiro,00-0034173
2024_03_CAR_LV,REG,3,CAR,made,35.0,,0.0,1.0,E.Pineiro,00-0034173
2024_03_CAR_LV,REG,3,CAR,made,26.0,,0.0,1.0,E.Pineiro,00-0034173
2024_03_CAR_LV,REG,3,LV,,33.0,good,1.0,0.0,D.Carlson,00-0034161
2024_03_CHI_IND,REG,3,CHI,missed,56.0,,0.0,1.0,C.Santos,00-0031203
2024_03_CHI_IND,REG,3,IND,,33.0,good,1.0,0.0,M.Gay,00-0035269
2024_03_CHI_IND,REG,3,CHI,made,53.0,,0.0,1.0,C.Santos,00-0031203
2024_03_CHI_IND,REG,3,IND,,33.0,good,1.0,0.0,M.Gay,00-0035269
2024_03_CHI_IND,REG,3,IND,,33.0,good,1.0,0.0,M.Gay,00-0035269
2024_03_CHI_IND,REG,3,CHI,,33.0,good,1.0,0.0,C.Santos,00-0031203
2024_03_DEN_TB,REG,3,DEN,,33.0,good,1.0,0.0,W.Lutz,00-0032569
2024_03_DEN_TB,REG,3,DEN,,33.0,good,1.0,0.0,W.Lutz,00-0032569
2024_03_DEN_TB,REG,3,DEN,made,43.0,,0.0,1.0,W.Lutz,00-0032569
2024_03_DEN_TB,REG,3,TB,,33.0,good,1.0,0.0,C.McLaughlin,00-0035358
2024_03_DEN_TB,REG,3,DEN,made,38.0,,0.0,1.0,W.Lutz,00-0032569
2024_03_DEN_TB,REG,3,DEN,made,33.0,,0.0,1.0,W.Lutz,00-0032569
2024_03_DEN_TB,REG,3,DEN,made,43.0,,0.0,1.0,W.Lutz,00-0032569
2024_03_DET_ARI,REG,3,DET,,33.0,good,1.0,0.0,J.Bates,00-0039172
2024_03_DET_ARI,REG,3,ARI,,33.0,good,1.0,0.0,M.Prater,00-0023853
2024_03_DET_ARI,REG,3,DET,,33.0,failed,1.0,0.0,J.Bates,00-0039172
2024_03_DET_ARI,REG,3,DET,,33.0,good,1.0,0.0,J.Bates,00-0039172
2024_03_DET_ARI,REG,3,ARI,made,42.0,,0.0,1.0,M.Prater,00-0023853
2024_03_DET_ARI,REG,3,ARI,made,45.0,,0.0,1.0,M.Prater,00-0023853
2024_03_GB_TEN,REG,3,GB,,33.0,good,1.0,0.0,B.Narveson,00-0039649
2024_03_GB_TEN,REG,3,TEN,,33.0,good,1.0,0.0,N.Folk,00-0025565
2024_03_GB_TEN,REG,3,GB,made,21.0,,0.0,1.0,B.Narveson,00-0039649
2024_03_GB_TEN,REG,3,GB,,33.0,good,1.0,0.0,B.Narveson,00-0039649
2024_03_GB_TEN,REG,3,GB,made,26.0,,0.0,1.0,B.Narveson,00-0039649
2024_03_GB_TEN,REG,3,GB,,33.0,good,1.0,0.0,B.Narveson,00-0039649
2024_03_GB_TEN,REG,3,TEN,,33.0,good,1.0,0.0,N.Folk,00-0025565
2024_03_GB_TEN,REG,3,GB,made,47.0,,0.0,1.0,B.Narveson,00-0039649
2024_03_HOU_MIN,REG,3,MIN,,33.0,good,1.0,0.0,W.Reichard,00-0039404
2024_03_HOU_MIN,REG,3,HOU,missed,54.0,,0.0,1.0,K.Fairbairn,00-0032726
2024_03_HOU_MIN,REG,3,MIN,,33.0,good,1.0,0.0,W.Reichard,00-0039404
2024_03_HOU_MIN,REG,3,MIN,,33.0,good,1.0,0.0,W.Reichard,00-0039404
2024_03_HOU_MIN,REG,3,HOU,,33.0,good,1.0,0.0,K.Fairbairn,00-0032726
2024_03_HOU_MIN,REG,3,MIN,made,35.0,,0.0,1.0,W.Reichard,00-0039404
2024_03_HOU_MIN,REG,3,MIN,,33.0,good,1.0,0.0,W.Reichard,00-0039404
2024_03_HOU_MIN,REG,3,MIN,made,58.0,,0.0,1.0,W.Reichard,00-0039404
2024_03_JAX_BUF,REG,3,BUF,,33.0,blocked,1.0,0.0,T.Bass,00-0036162
2024_03_JAX_BUF,REG,3,BUF,,33.0,good,1.0,0.0,T.Bass,00-0036162
2024_03_JAX_BUF,REG,3,JAX,made,41.0,,0.0,1.0,C.Little,00-0039409
2024_03_JAX_BUF,REG,3,BUF,,33.0,good,1.0,0.0,T.Bass,00-0036162
2024_03_JAX_BUF,REG,3,BUF,,33.0,good,1.0,0.0,T.Bass,00-0036162
2024_03_JAX_BUF,REG,3,BUF,,33.0,good,1.0,0.0,T.Bass,00-0036162
2024_03_JAX_BUF,REG,3,JAX,,33.0,good,1.0,0.0,C.Little,00-0039409
2024_03_JAX_BUF,REG,3,BUF,made,27.0,,0.0,1.0,T.Bass,00-0036162
2024_03_JAX_BUF,REG,3,BUF,made,43.0,,0.0,1.0,T.Bass,00-0036162
2024_03_JAX_BUF,REG,3,BUF,,33.0,good,1.0,0.0,T.Bass,00-0036162
2024_03_KC_ATL,REG,3,ATL,,33.0,good,1.0,0.0,Y.Koo,00-0033702
2024_03_KC_ATL,REG,3,KC,,25.0,good,1.0,0.0,H.Butker,00-0033303
2024_03_KC_ATL,REG,3,ATL,,33.0,good,1.0,0.0,Y.Koo,00-0033702
2024_03_KC_ATL,REG,3,KC,made,53.0,,0.0,1.0,H.Butker,00-0033303
2024_03_KC_ATL,REG,3,KC,made,44.0,,0.0,1.0,H.Butker,00-0033303
2024_03_KC_ATL,REG,3,KC,made,21.0,,0.0,1.0,H.Butker,00-0033303
2024_03_KC_ATL,REG,3,KC,,33.0,failed,1.0,0.0,H.Butker,00-0033303
2024_03_KC_ATL,REG,3,ATL,made,54.0,,0.0,1.0,Y.Koo,00-0033702
2024_03_LAC_PIT,REG,3,LAC,,33.0,good,1.0,0.0,C.Dicker,00-0037224
2024_03_LAC_PIT,REG,3,PIT,,33.0,good,1.0,0.0,C.Boswell,00-0031136
2024_03_LAC_PIT,REG,3,LAC,made,28.0,,0.0,1.0,C.Dicker,00-0037224
2024_03_LAC_PIT,REG,3,PIT,missed,62.0,,0.0,1.0,C.Boswell,00-0031136
2024_03_LAC_PIT,REG,3,PIT,made,38.0,,0.0,1.0,C.Boswell,00-0031136
2024_03_LAC_PIT,REG,3,PIT,made,30.0,,0.0,1.0,C.Boswell,00-0031136
2024_03_LAC_PIT,REG,3,PIT,,33.0,good,1.0,0.0,C.Boswell,00-0031136
2024_03_MIA_SEA,REG,3,SEA,made,56.0,,0.0,1.0,J.Myers,00-0031492
2024_03_MIA_SEA,REG,3,MIA,missed,57.0,,0.0,1.0,J.Sanders,00-0034794
2024_03_MIA_SEA,REG,3,SEA,,33.0,good,1.0,0.0,J.Myers,00-0031492
2024_03_MIA_SEA,REG,3,MIA,made,23.0,,0.0,1.0,J.Sanders,00-0034794
2024_03_MIA_SEA,REG,3,SEA,,33.0,good,1.0,0.0,J.Myers,00-0031492
2024_03_MIA_SEA,REG,3,SEA,missed,53.0,,0.0,1.0,J.Myers,00-0031492
2024_03_MIA_SEA,REG,3,SEA,,33.0,good,1.0,0.0,J.Myers,00-0031492
2024_03_NE_NYJ,REG,3,NYJ,,33.0,good,1.0,0.0,G.Zuerlein,00-0029621
2024_03_NE_NYJ,REG,3,NYJ,,33.0,good,1.0,0.0,G.Zuerlein,00-0029621
2024_03_NE_NYJ,REG,3,NE,made,44.0,,0.0,1.0,J.Slye,00-0035192
2024_03_NE_NYJ,REG,3,NYJ,missed,45.0,,0.0,1.0,G.Zuerlein,00-0029621
2024_03_NE_NYJ,REG,3,NYJ,,33.0,good,1.0,0.0,G.Zuerlein,00-0029621
2024_03_NE_NYJ,REG,3,NYJ,made,28.0,,0.0,1.0,G.Zuerlein,00-0029621
2024_03_NYG_CLE,REG,3,CLE,,33.0,good,1.0,0.0,D.Hopkins,00-0030098
2024_03_NYG_CLE,REG,3,NYG,,33.0,good,1.0,0.0,G.Joseph,00-0034450
2024_03_NYG_CLE,REG,3,NYG,,33.0,good,1.0,0.0,G.Joseph,00-0034450
2024_03_NYG_CLE,REG,3,NYG,,33.0,good,1.0,0.0,G.Joseph,00-0034450
2024_03_NYG_CLE,REG,3,CLE,missed,53.0,,0.0,1.0,D.Hopkins,00-0030098
2024_03_NYG_CLE,REG,3,NYG,missed,48.0,,0.0,1.0,G.Joseph,00-0034450
2024_03_PHI_NO,REG,3,NO,made,34.0,,0.0,1.0,B.Grupe,00-0038905
2024_03_PHI_NO,REG,3,PHI,,33.0,good,1.0,0.0,J.Elliott,00-0033787
2024_03_PHI_NO,REG,3,NO,made,38.0,,0.0,1.0,B.Grupe,00-0038905
2024_03_PHI_NO,REG,3,PHI,missed,60.0,,0.0,1.0,J.Elliott,00-0033787
2024_03_SF_LA,REG,3,SF,,33.0,good,1.0,0.0,J.Moody,00-0038562
2024_03_SF_LA,REG,3,SF,,33.0,good,1.0,0.0,J.Moody,00-0038562
2024_03_SF_LA,REG,3,LAR,,33.0,good,1.0,0.0,J.Karty,00-0039750
2024_03_SF_LA,REG,3,SF,,33.0,good,1.0,0.0,J.Moody,00-0038562
2024_03_SF_LA,REG,3,LAR,,33.0,good,1.0,0.0,J.Karty,00-0039750
2024_03_SF_LA,REG,3,SF,made,26.0,,0.0,1.0,J.Moody,00-0038562
2024_03_SF_LA,REG,3,LAR,made,33.0,,0.0,1.0,J.Karty,00-0039750
2024_03_SF_LA,REG,3,SF,missed,55.0,,0.0,1.0,J.Moody,00-0038562
2024_03_SF_LA,REG,3,LAR,,33.0,good,1.0,0.0,J.Karty,00-0039750
2024_03_SF_LA,REG,3,LAR,made,37.0,,0.0,1.0,J.Karty,00-0039750
2024_03_WAS_CIN,REG,3,CIN,,33.0,good,1.0,0.0,E.McPherson,00-0036854
2024_03_WAS_CIN,REG,3,WAS,,33.0,good,1.0,0.0,A.Seibert,00-0035145
2024_03_WAS_CIN,REG,3,CIN,missed,48.0,,0.0,1.0,E.McPherson,00-0036854
2024_03_WAS_CIN,REG,3,WAS,,33.0,good,1.0,0.0,A.Seibert,00-0035145
2024_03_WAS_CIN,REG,3,CIN,made,28.0,,0.0,1.0,E.McPherson,00-0036854
2024_03_WAS_CIN,REG,3,WAS,,33.0,good,1.0,0.0,A.Seibert,00-0035145
2024_03_WAS_CIN,REG,3,CIN,made,31.0,,0.0,1.0,E.McPherson,00-0036854
2024_03_WAS_CIN,REG,3,WAS,,33.0,good,1.0,0.0,A.Seibert,00-0035145
2024_03_WAS_CIN,REG,3,CIN,,38.0,good,1.0,0.0,E.McPherson,00-0036854
2024_03_WAS_CIN,REG,3,WAS,made,42.0,,0.0,1.0,A.Seibert,00-0035145
2024_03_WAS_CIN,REG,3,WAS,,33.0,good,1.0,0.0,A.Seibert,00-0035145
2024_03_WAS_CIN,REG,3,CIN,,33.0,good,1.0,0.0,E.McPherson,00-0036854
2024_04_BUF_BAL,REG,4,BAL,,33.0,good,1.0,0.0,J.Tucker,00-0029597
2024_04_BUF_BAL,REG,4,BUF,made,50.0,,0.0,1.0,T.Bass,00-0036162
2024_04_BUF_BAL,REG,4,BAL,,33.0,good,1.0,0.0,J.Tucker,00-0029597
2024_04_BUF_BAL,REG,4,BAL,,33.0,good,1.0,0.0,J.Tucker,00-0029597
2024_04_BUF_BAL,REG,4,BUF,,33.0,good,1.0,0.0,T.Bass,00-0036162
2024_04_BUF_BAL,REG,4,BAL,,33.0,good,1.0,0.0,J.Tucker,00-0029597
2024_04_BUF_BAL,REG,4,BUF,missed,48.0,,0.0,1.0,T.Bass,00-0036162
2024_04_BUF_BAL,REG,4,BAL,,33.0,good,1.0,0.0,J.Tucker,00-0029597
2024_04_CIN_CAR,REG,4,CIN,,33.0,good,1.0,0.0,E.McPherson,00-0036854
2024_04_CIN_CAR,REG,4,CAR,,33.0,good,1.0,0.0,E.Pineiro,00-0034173
2024_04_CIN_CAR,REG,4,CIN,,33.0,good,1.0,0.0,E.McPherson,00-0036854
2024_04_CIN_CAR,REG,4,CAR,,33.0,good,1.0,0.0,E.Pineiro,00-0034173
2024_04_CIN_CAR,REG,4,CIN,,33.0,good,1.0,0.0,E.McPherson,00-0036854
2024_04_CIN_CAR,REG,4,CIN,,33.0,good,1.0,0.0,E.McPherson,00-0036854
2024_04_CIN_CAR,REG,4,CIN,made,56.0,,0.0,1.0,E.McPherson,00-0036854
2024_04_CIN_CAR,REG,4,CAR,,33.0,good,1.0,0.0,E.Pineiro,00-0034173
2024_04_CIN_CAR,REG,4,CAR,made,48.0,,0.0,1.0,E.Pineiro,00-0034173
2024_04_CIN_CAR,REG,4,CIN,made,46.0,,0.0,1.0,E.McPherson,00-0036854
2024_04_CLE_LV,REG,4,CLE,,33.0,good,1.0,0.0,D.Hopkins,00-0030098
2024_04_CLE_LV,REG,4,CLE,made,56.0,,0.0,1.0,D.Hopkins,00-0030098
2024_04_CLE_LV,REG,4,LV,,33.0,good,1.0,0.0,D.Carlson,00-0034161
2024_04_CLE_LV,REG,4,LV,made,52.0,,0.0,1.0,D.Carlson,00-0034161
2024_04_CLE_LV,REG,4,LV,made,34.0,,0.0,1.0,D.Carlson,00-0034161
2024_04_CLE_LV,REG,4,LV,,33.0,good,1.0,0.0,D.Carlson,00-0034161
2024_04_CLE_LV,REG,4,CLE,,33.0,failed,1.0,0.0,D.Hopkins,00-0030098
2024_04_DAL_NYG,REG,4,NYG,made,52.0,,0.0,1.0,G.Joseph,00-0034450
2024_04_DAL_NYG,REG,4,DAL,,33.0,good,1.0,0.0,B.Aubrey,00-0037692
2024_04_DAL_NYG,REG,4,NYG,made,41.0,,0.0,1.0,G.Joseph,00-0034450
2024_04_DAL_NYG,REG,4,DAL,,48.0,good,1.0,0.0,B.Aubrey,00-0037692
2024_04_DAL_NYG,REG,4,NYG,made,38.0,,0.0,1.0,G.Joseph,00-0034450
2024_04_DAL_NYG,REG,4,NYG,made,22.0,,0.0,1.0,G.Joseph,00-0034450
2024_04_DAL_NYG,REG,4,DAL,made,60.0,,0.0,1.0,B.Aubrey,00-0037692
2024_04_DAL_NYG,REG,4,NYG,made,42.0,,0.0,1.0,G.Joseph,00-0034450
2024_04_DAL_NYG,REG,4,DAL,made,40.0,,0.0,1.0,B.Aubrey,00-0037692
2024_04_DAL_NYG,REG,4,DAL,missed,51.0,,0.0,1.0,B.Aubrey,00-0037692
2024_04_DEN_NYJ,REG,4,NYJ,made,23.0,,0.0,1.0,G.Zuerlein,00-0029621
2024_04_DEN_NYJ,REG,4,NYJ,made,35.0,,0.0,1.0,G.Zuerlein,00-0029621
2024_04_DEN_NYJ,REG,4,DEN,,33.0,good,1.0,0.0,W.Lutz,00-0032569
2024_04_DEN_NYJ,REG,4,NYJ,made,40.0,,0.0,1.0,G.Zuerlein,00-0029621
2024_04_DEN_NYJ,REG,4,DEN,made,47.0,,0.0,1.0,W.Lutz,00-0032569
2024_04_DEN_NYJ,REG,4,DEN,missed,50.0,,0.0,1.0,W.Lutz,00-0032569
2024_04_DEN_NYJ,REG,4,NYJ,missed,50.0,,0.0,1.0,G.Zuerlein,00-0029621
2024_04_JAX_HOU,REG,4,JAX,,33.0,good,1.0,0.0,C.Little,00-0039409
2024_04_JAX_HOU,REG,4,HOU,,33.0,good,1.0,0.0,K.Fairbairn,00-0032726
2024_04_JAX_HOU,REG,4,JAX,made,41.0,,0.0,1.0,C.Little,00-0039409
2024_04_JAX_HOU,REG,4,HOU,,33.0,good,1.0,0.0,K.Fairbairn,00-0032726
2024_04_JAX_HOU,REG,4,JAX,made,52.0,,0.0,1.0,C.Little,00-0039409
2024_04_JAX_HOU,REG,4,HOU,made,30.0,,0.0,1.0,K.Fairbairn,00-0032726
2024_04_JAX_HOU,REG,4,JAX,,33.0,good,1.0,0.0,C.Little,00-0039409
2024_04_JAX_HOU,REG,4,HOU,,33.0,good,1.0,0.0,K.Fairbairn,00-0032726
2024_04_KC_LAC,REG,4,LAC,,33.0,good,1.0,0.0,C.Dicker,00-0037224
2024_04_KC_LAC,REG,4,LAC,made,50.0,,0.0,1.0,C.Dicker,00-0037224
2024_04_KC_LAC,REG,4,KC,,33.0,good,1.0,0.0,H.Butker,00-0033303
2024_04_KC_LAC,REG,4,KC,missed,65.0,,0.0,1.0,H.Butker,00-0033303
2024_04_KC_LAC,REG,4,LAC,missed,55.0,,0.0,1.0,C.Dicker,00-0037224
2024_04_KC_LAC,REG,4,KC,made,37.0,,0.0,1.0,H.Butker,00-0033303
2024_04_KC_LAC,REG,4,KC,,33.0,good,1.0,0.0,H.Butker,00-0033303
2024_04_LA_CHI,REG,4,LAR,made,46.0,,0.0,1.0,J.Karty,00-0039750
2024_04_LA_CHI,REG,4,LAR,made,37.0,,0.0,1.0,J.Karty,00-0039750
2024_04_LA_CHI,REG,4,CHI,,33.0,good,1.0,0.0,C.Santos,00-0031203
2024_04_LA_CHI,REG,4,LAR,missed,43.0,,0.0,1.0,J.Karty,00-0039750
2024_04_LA_CHI,REG,4,CHI,made,40.0,,0.0,1.0,C.Santos,00-0031203
2024_04_LA_CHI,REG,4,LAR,made,25.0,,0.0,1.0,J.Karty,00-0039750
2024_04_LA_CHI,REG,4,CHI,,33.0,good,1.0,0.0,C.Santos,00-0031203
2024_04_LA_CHI,REG,4,CHI,,33.0,good,1.0,0.0,C.Santos,00-0031203
2024_04_LA_CHI,REG,4,LAR,made,52.0,,0.0,1.0,J.Karty,00-0039750
2024_04_MIN_GB,REG,4,MIN,,33.0,good,1.0,0.0,W.Reichard,00-0039404
2024_04_MIN_GB,REG,4,GB,missed,37.0,,0.0,1.0,B.Narveson,00-0039649
2024_04_MIN_GB,REG,4,MIN,,33.0,good,1.0,0.0,W.Reichard,00-0039404
2024_04_MIN_GB,REG,4,MIN,,33.0,good,1.0,0.0,W.Reichard,00-0039404
2024_04_MIN_GB,REG,4,GB,missed,49.0,,0.0,1.0,B.Narveson,00-0039649
2024_04_MIN_GB,REG,4,MIN,,33.0,good,1.0,0.0,W.Reichard,00-0039404
2024_04_MIN_GB,REG,4,GB,,33.0,good,1.0,0.0,B.Narveson,00-0039649
2024_04_MIN_GB,REG,4,GB,,33.0,good,1.0,0.0,B.Narveson,00-0039649
2024_04_MIN_GB,REG,4,MIN,made,33.0,,0.0,1.0,W.Reichard,00-0039404
2024_04_MIN_GB,REG,4,GB,,33.0,good,1.0,0.0,B.Narveson,00-0039649
2024_04_NE_SF,REG,4,SF,made,22.0,,0.0,1.0,J.Moody,00-0038562
2024_04_NE_SF,REG,4,SF,made,26.0,,0.0,1.0,J.Moody,00-0038562
2024_04_NE_SF,REG,4,SF,,33.0,good,1.0,0.0,J.Moody,00-0038562
2024_04_NE_SF,REG,4,SF,,33.0,good,1.0,0.0,J.Moody,00-0038562
2024_04_NE_SF,REG,4,NE,made,63.0,,0.0,1.0,J.Slye,00-0035192
2024_04_NE_SF,REG,4,NE,,33.0,good,1.0,0.0,J.Slye,00-0035192
2024_04_NE_SF,REG,4,SF,,33.0,good,1.0,0.0,J.Moody,00-0038562
2024_04_NE_SF,REG,4,NE,made,54.0,,0.0,1.0,J.Slye,00-0035192
2024_04_NE_SF,REG,4,SF,made,41.0,,0.0,1.0,J.Moody,00-0038562
2024_04_NO_ATL,REG,4,ATL,,33.0,good,1.0,0.0,Y.Koo,00-0033702
2024_04_NO_ATL,REG,4,NO,,33.0,good,1.0,0.0,B.Grupe,00-0038905
2024_04_NO_ATL,REG,4,NO,,33.0,good,1.0,0.0,B.Grupe,00-0038905
2024_04_NO_ATL,REG,4,ATL,made,53.0,,0.0,1.0,Y.Koo,00-0033702
2024_04_NO_ATL,REG,4,ATL,,33.0,good,1.0,0.0,Y.Koo,00-0033702
2024_04_NO_ATL,REG,4,ATL,made,44.0,,0.0,1.0,Y.Koo,00-0033702
2024_04_NO_ATL,REG,4,NO,made,43.0,,0.0,1.0,B.Grupe,00-0038905
2024_04_NO_ATL,REG,4,ATL,made,42.0,,0.0,1.0,Y.Koo,00-0033702
2024_04_NO_ATL,REG,4,NO,,33.0,good,1.0,0.0,B.Grupe,00-0038905
2024_04_NO_ATL,REG,4,ATL,made,58.0,,0.0,1.0,Y.Koo,00-0033702
2024_04_PHI_TB,REG,4,TB,,33.0,good,1.0,0.0,C.McLaughlin,00-0035358
2024_04_PHI_TB,REG,4,TB,,33.0,good,1.0,0.0,C.McLaughlin,00-0035358
2024_04_PHI_TB,REG,4,TB,,33.0,good,1.0,0.0,C.McLaughlin,00-0035358
2024_04_PHI_TB,REG,4,TB,made,21.0,,0.0,1.0,C.McLaughlin,00-0035358
2024_04_PHI_TB,REG,4,PHI,,33.0,good,1.0,0.0,J.Elliott,00-0033787
2024_04_PHI_TB,REG,4,PHI,,33.0,good,1.0,0.0,J.Elliott,00-0033787
2024_04_PHI_TB,REG,4,TB,,33.0,blocked,1.0,0.0,C.McLaughlin,00-0035358
2024_04_PHI_TB,REG,4,TB,made,52.0,,0.0,1.0,C.McLaughlin,00-0035358
2024_04_PIT_IND,REG,4,IND,,33.0,good,1.0,0.0,M.Gay,00-0035269
2024_04_PIT_IND,REG,4,IND,,33.0,good,1.0,0.0,M.Gay,00-0035269
2024_04_PIT_IND,REG,4,IND,made,33.0,,0.0,1.0,M.Gay,00-0035269
2024_04_PIT_IND,REG,4,PIT,made,50.0,,0.0,1.0,C.Boswell,00-0031136
2024_04_PIT_IND,REG,4,IND,missed,54.0,,0.0,1.0,M.Gay,00-0035269
2024_04_PIT_IND,REG,4,PIT,,33.0,good,1.0,0.0,C.Boswell,00-0031136
2024_04_PIT_IND,REG,4,IND,,33.0,good,1.0,0.0,M.Gay,00-0035269
2024_04_PIT_IND,REG,4,PIT,,33.0,good,1.0,0.0,C.Boswell,00-0031136
2024_04_PIT_IND,REG,4,IND,made,35.0,,0.0,1.0,M.Gay,00-0035269
2024_04_PIT_IND,REG,4,PIT,,33.0,good,1.0,0.0,C.Boswell,00-0031136
2024_04_SEA_DET,REG,4,DET,,33.0,good,1.0,0.0,J.Bates,00-0039172
2024_04_SEA_DET,REG,4,DET,,33.0,good,1.0,0.0,J.Bates,00-0039172
2024_04_SEA_DET,REG,4,SEA,,33.0,good,1.0,0.0,J.Myers,00-0031492
2024_04_SEA_DET,REG,4,DET,,33.0,good,1.0,0.0,J.Bates,00-0039172
2024_04_SEA_DET,REG,4,SEA,missed,62.0,,0.0,1.0,J.Myers,00-0031492
2024_04_SEA_DET,REG,4,SEA,,33.0,good,1.0,0.0,J.Myers,00-0031492
2024_04_SEA_DET,REG,4,DET,,33.0,good,1.0,0.0,J.Bates,00-0039172
2024_04_SEA_DET,REG,4,DET,,48.0,good,1.0,0.0,J.Bates,00-0039172
2024_04_SEA_DET,REG,4,SEA,,33.0,good,1.0,0.0,J.Myers,00-0031492
2024_04_SEA_DET,REG,4,DET,,33.0,good,1.0,0.0,J.Bates,00-0039172
2024_04_TEN_MIA,REG,4,TEN,made,53.0,,0.0,1.0,N.Folk,00-0025565
2024_04_TEN_MIA,REG,4,TEN,made,52.0,,0.0,1.0,N.Folk,00-0025565
2024_04_TEN_MIA,REG,4,MIA,made,44.0,,0.0,1.0,J.Sanders,00-0034794
2024_04_TEN_MIA,REG,4,TEN,made,47.0,,0.0,1.0,N.Folk,00-0025565
2024_04_TEN_MIA,REG,4,MIA,made,56.0,,0.0,1.0,J.Sanders,00-0034794
2024_04_TEN_MIA,REG,4,TEN,,33.0,good,1.0,0.0,N.Folk,00-0025565
2024_04_TEN_MIA,REG,4,TEN,made,51.0,,0.0,1.0,N.Folk,00-0025565
2024_04_TEN_MIA,REG,4,TEN,made,29.0,,0.0,1.0,N.Folk,00-0025565
2024_04_TEN_MIA,REG,4,TEN,,33.0,good,1.0,0.0,N.Folk,00-0025565
2024_04_WAS_ARI,REG,4,ARI,,33.0,good,1.0,0.0,M.Prater,00-0023853
2024_04_WAS_ARI,REG,4,WAS,,33.0,good,1.0,0.0,A.Seibert,00-0035145
2024_04_WAS_ARI,REG,4,WAS,,33.0,good,1.0,0.0,A.Seibert,00-0035145
2024_04_WAS_ARI,REG,4,WAS,made,45.0,,0.0,1.0,A.Seibert,00-0035145
2024_04_WAS_ARI,REG,4,WAS,,33.0,good,1.0,0.0,A.Seibert,00-0035145
2024_04_WAS_ARI,REG,4,WAS,made,38.0,,0.0,1.0,A.Seibert,00-0035145
2024_04_WAS_ARI,REG,4,ARI,,33.0,good,1.0,0.0,M.Prater,00-0023853
2024_04_WAS_ARI,REG,4,WAS,,48.0,good,1.0,0.0,A.Seibert,00-0035145
2024_05_ARI_SF,REG,5,ARI,,33.0,good,1.0,0.0,C.Ryland,00-0038567
2024_05_ARI_SF,REG,5,SF,made,28.0,,0.0,1.0,J.Moody,00-0038562
2024_05_ARI_SF,REG,5,SF,,33.0,good,1.0,0.0,J.Moody,00-0038562
2024_05_ARI_SF,REG,5,ARI,made,30.0,,0.0,1.0,C.Ryland,00-0038567
2024_05_ARI_SF,REG,5,SF,made,20.0,,0.0,1.0,J.Moody,00-0038562
2024_05_ARI_SF,REG,5,ARI,blocked,45.0,,0.0,1.0,C.Ryland,00-0038567
2024_05_ARI_SF,REG,5,SF,,33.0,good,1.0,0.0,J.Moody,00-0038562
2024_05_ARI_SF,REG,5,SF,made,26.0,,0.0,1.0,M.Wishnowsky,00-0034941
2024_05_ARI_SF,REG,5,ARI,made,42.0,,0.0,1.0,C.Ryland,00-0038567
2024_05_ARI_SF,REG,5,ARI,made,35.0,,0.0,1.0,C.Ryland,00-0038567
2024_05_BAL_CIN,REG,5,BAL,,33.0,good,1.0,0.0,J.Tucker,00-0029597
2024_05_BAL_CIN,REG,5,CIN,,33.0,good,1.0,0.0,E.McPherson,00-0036854
2024_05_BAL_CIN,REG,5,BAL,,33.0,good,1.0,0.0,J.Tucker,00-0029597
2024_05_BAL_CIN,REG,5,CIN,,33.0,good,1.0,0.0,E.McPherson,00-0036854
2024_05_BAL_CIN,REG,5,BAL,,33.0,good,1.0,0.0,J.Tucker,00-0029597
2024_05_BAL_CIN,REG,5,CIN,,33.0,good,1.0,0.0,E.McPherson,00-0036854
2024_05_BAL_CIN,REG,5,BAL,,33.0,good,1.0,0.0,J.Tucker,00-0029597
2024_05_BAL_CIN,REG,5,CIN,,33.0,good,1.0,0.0,E.McPherson,00-0036854
2024_05_BAL_CIN,REG,5,BAL,,33.0,good,1.0,0.0,J.Tucker,00-0029597
2024_05_BAL_CIN,REG,5,BAL,made,56.0,,0.0,1.0,J.Tucker,00-0029597
2024_05_BAL_CIN,REG,5,CIN,missed,53.0,,0.0,1.0,E.McPherson,00-0036854
2024_05_BAL_CIN,REG,5,BAL,made,24.0,,0.0,1.0,J.Tucker,00-0029597
2024_05_BUF_HOU,REG,5,BUF,made,38.0,,0.0,1.0,T.Bass,00-0036162
2024_05_BUF_HOU,REG,5,HOU,,33.0,good,1.0,0.0,K.Fairbairn,00-0032726
2024_05_BUF_HOU,REG,5,HOU,,33.0,good,1.0,0.0,K.Fairbairn,00-0032726
2024_05_BUF_HOU,REG,5,HOU,made,50.0,,0.0,1.0,K.Fairbairn,00-0032726
2024_05_BUF_HOU,REG,5,HOU,made,47.0,,0.0,1.0,K.Fairbairn,00-0032726
2024_05_BUF_HOU,REG,5,BUF,,33.0,good,1.0,0.0,T.Bass,00-0036162
2024_05_BUF_HOU,REG,5,BUF,,33.0,good,1.0,0.0,T.Bass,00-0036162
2024_05_BUF_HOU,REG,5,BUF,made,33.0,,0.0,1.0,T.Bass,00-0036162
2024_05_BUF_HOU,REG,5,HOU,made,59.0,,0.0,1.0,K.Fairbairn,00-0032726
2024_05_CAR_CHI,REG,5,CAR,,33.0,good,1.0,0.0,E.Pineiro,00-0034173
2024_05_CAR_CHI,REG,5,CHI,,33.0,good,1.0,0.0,C.Santos,00-0031203
2024_05_CAR_CHI,REG,5,CHI,,33.0,good,1.0,0.0,C.Santos,00-0031203
2024_05_CAR_CHI,REG,5,CHI,,33.0,good,1.0,0.0,C.Santos,00-0031203
2024_05_CAR_CHI,REG,5,CHI,,33.0,failed,1.0,0.0,C.Santos,00-0031203
2024_05_CAR_CHI,REG,5,CAR,missed,45.0,,0.0,1.0,E.Pineiro,00-0034173
2024_05_CAR_CHI,REG,5,CHI,made,33.0,,0.0,1.0,C.Santos,00-0031203
2024_05_CAR_CHI,REG,5,CAR,made,27.0,,0.0,1.0,E.Pineiro,00-0034173
2024_05_CLE_WAS,REG,5,WAS,,33.0,good,1.0,0.0,A.Seibert,00-0035145
2024_05_CLE_WAS,REG,5,CLE,made,51.0,,0.0,1.0,D.Hopkins,00-0030098
2024_05_CLE_WAS,REG,5,WAS,made,27.0,,0.0,1.0,A.Seibert,00-0035145
2024_05_CLE_WAS,REG,5,WAS,,33.0,good,1.0,0.0,A.Seibert,00-0035145
2024_05_CLE_WAS,REG,5,WAS,,33.0,good,1.0,0.0,A.Seibert,00-0035145
2024_05_CLE_WAS,REG,5,CLE,made,31.0,,0.0,1.0,D.Hopkins,00-0030098
2024_05_CLE_WAS,REG,5,WAS,,33.0,good,1.0,0.0,A.Seibert,00-0035145
2024_05_CLE_WAS,REG,5,WAS,made,30.0,,0.0,1.0,A.Seibert,00-0035145
2024_05_CLE_WAS,REG,5,CLE,,33.0,good,1.0,0.0,D.Hopkins,00-0030098
2024_05_DAL_PIT,REG,5,DAL,made,55.0,,0.0,1.0,B.Aubrey,00-0037692
2024_05_DAL_PIT,REG,5,PIT,made,41.0,,0.0,1.0,C.Boswell,00-0031136
2024_05_DAL_PIT,REG,5,DAL,made,33.0,,0.0,1.0,B.Aubrey,00-0037692
2024_05_DAL_PIT,REG,5,PIT,,33.0,good,1.0,0.0,C.Boswell,00-0031136
2024_05_DAL_PIT,REG,5,DAL,blocked,38.0,,0.0,1.0,B.Aubrey,00-0037692
2024_05_DAL_PIT,REG,5,DAL,,33.0,good,1.0,0.0,B.Aubrey,00-0037692
2024_05_DAL_PIT,REG,5,PIT,,33.0,good,1.0,0.0,C.Boswell,00-0031136
2024_05_DAL_PIT,REG,5,DAL,,23.0,good,1.0,0.0,B.Aubrey,00-0037692
2024_05_GB_LA,REG,5,GB,,33.0,good,1.0,0.0,B.Narveson,00-0039649
2024_05_GB_LA,REG,5,LAR,,33.0,good,1.0,0.0,J.Karty,00-0039750
2024_05_GB_LA,REG,5,LAR,,33.0,blocked,1.0,0.0,J.Karty,00-0039750
2024_05_GB_LA,REG,5,GB,made,46.0,,0.0,1.0,B.Narveson,00-0039649
2024_05_GB_LA,REG,5,GB,,33.0,good,1.0,0.0,B.Narveson,00-0039649
2024_05_GB_LA,REG,5,GB,,33.0,good,1.0,0.0,B.Narveson,00-0039649
2024_05_IND_JAX,REG,5,IND,,33.0,good,1.0,0.0,M.Gay,00-0035269
2024_05_IND_JAX,REG,5,JAX,made,23.0,,0.0,1.0,C.Little,00-0039409
2024_05_IND_JAX,REG,5,JAX,,33.0,good,1.0,0.0,C.Little,00-0039409
2024_05_IND_JAX,REG,5,IND,made,30.0,,0.0,1.0,M.Gay,00-0035269
2024_05_IND_JAX,REG,5,JAX,made,30.0,,0.0,1.0,C.Little,00-0039409
2024_05_IND_JAX,REG,5,JAX,,33.0,good,1.0,0.0,C.Little,00-0039409
2024_05_IND_JAX,REG,5,IND,,33.0,good,1.0,0.0,M.Gay,00-0035269
2024_05_IND_JAX,REG,5,JAX,,33.0,good,1.0,0.0,C.Little,00-0039409
2024_05_IND_JAX,REG,5,IND,made,37.0,,0.0,1.0,M.Gay,00-0035269
2024_05_IND_JAX,REG,5,JAX,,33.0,good,1.0,0.0,C.Little,00-0039409
2024_05_IND_JAX,REG,5,IND,,33.0,good,1.0,0.0,M.Gay,00-0035269
2024_05_IND_JAX,REG,5,IND,,33.0,good,1.0,0.0,M.Gay,00-0035269
2024_05_IND_JAX,REG,5,JAX,made,49.0,,0.0,1.0,C.Little,00-0039409
2024_05_LV_DEN,REG,5,LV,,33.0,good,1.0,0.0,D.Carlson,00-0034161
2024_05_LV_DEN,REG,5,LV,made,40.0,,0.0,1.0,D.Carlson,00-0034161
2024_05_LV_DEN,REG,5,DEN,made,51.0,,0.0,1.0,W.Lutz,00-0032569
2024_05_LV_DEN,REG,5,DEN,,33.0,good,1.0,0.0,W.Lutz,00-0032569
2024_05_LV_DEN,REG,5,DEN,made,44.0,,0.0,1.0,W.Lutz,00-0032569
2024_05_LV_DEN,REG,5,DEN,,33.0,good,1.0,0.0,W.Lutz,00-0032569
2024_05_LV_DEN,REG,5,DEN,,33.0,good,1.0,0.0,W.Lutz,00-0032569
2024_05_LV_DEN,REG,5,DEN,,33.0,good,1.0,0.0,W.Lutz,00-0032569
2024_05_MIA_NE,REG,5,MIA,made,54.0,,0.0,1.0,J.Sanders,00-0034794
2024_05_MIA_NE,REG,5,NE,,33.0,good,1.0,0.0,J.Slye,00-0035192
2024_05_MIA_NE,REG,5,MIA,missed,41.0,,0.0,1.0,J.Sanders,00-0034794
2024_05_MIA_NE,REG,5,NE,missed,33.0,,0.0,1.0,J.Slye,00-0035192
2024_05_MIA_NE,REG,5,NE,made,38.0,,0.0,1.0,J.Slye,00-0035192
2024_05_MIA_NE,REG,5,MIA,made,32.0,,0.0,1.0,J.Sanders,00-0034794
2024_05_MIA_NE,REG,5,MIA,made,47.0,,0.0,1.0,J.Sanders,00-0034794
2024_05_NO_KC,REG,5,KC,,33.0,good,1.0,0.0,H.Butker,00-0033303
2024_05_NO_KC,REG,5,KC,made,26.0,,0.0,1.0,H.Butker,00-0033303
2024_05_NO_KC,REG,5,NO,,33.0,good,1.0,0.0,B.Grupe,00-0038905
2024_05_NO_KC,REG,5,KC,made,34.0,,0.0,1.0,H.Butker,00-0033303
2024_05_NO_KC,REG,5,KC,made,28.0,,0.0,1.0,H.Butker,00-0033303
2024_05_NO_KC,REG,5,KC,missed,51.0,,0.0,1.0,H.Butker,00-0033303
2024_05_NO_KC,REG,5,NO,,33.0,failed,1.0,0.0,B.Grupe,00-0038905
2024_05_NO_KC,REG,5,KC,,33.0,good,1.0,0.0,H.Butker,00-0033303
2024_05_NO_KC,REG,5,KC,made,38.0,,0.0,1.0,H.Butker,00-0033303
2024_05_NYG_SEA,REG,5,SEA,,33.0,good,1.0,0.0,J.Myers,00-0031492
2024_05_NYG_SEA,REG,5,NYG,,33.0,good,1.0,0.0,G.Joseph,00-0034450
2024_05_NYG_SEA,REG,5,NYG,made,38.0,,0.0,1.0,G.Joseph,00-0034450
2024_05_NYG_SEA,REG,5,SEA,made,43.0,,0.0,1.0,J.Myers,00-0031492
2024_05_NYG_SEA,REG,5,NYG,,33.0,good,1.0,0.0,G.Joseph,00-0034450
2024_05_NYG_SEA,REG,5,SEA,made,48.0,,0.0,1.0,J.Myers,00-0031492
2024_05_NYG_SEA,REG,5,NYG,made,31.0,,0.0,1.0,G.Joseph,00-0034450
2024_05_NYG_SEA,REG,5,NYG,made,24.0,,0.0,1.0,G.Joseph,00-0034450
2024_05_NYG_SEA,REG,5,SEA,,33.0,good,1.0,0.0,J.Myers,00-0031492
2024_05_NYG_SEA,REG,5,SEA,blocked,47.0,,0.0,1.0,J.Myers,00-0031492
2024_05_NYJ_MIN,REG,5,MIN,made,54.0,,0.0,1.0,W.Reichard,00-0039404
2024_05_NYJ_MIN,REG,5,MIN,,33.0,good,1.0,0.0,W.Reichard,00-0039404
2024_05_NYJ_MIN,REG,5,MIN,,33.0,good,1.0,0.0,W.Reichard,00-0039404
2024_05_NYJ_MIN,REG,5,NYJ,,33.0,good,1.0,0.0,G.Zuerlein,00-0029621
2024_05_NYJ_MIN,REG,5,NYJ,made,32.0,,0.0,1.0,G.Zuerlein,00-0029621
2024_05_NYJ_MIN,REG,5,MIN,made,53.0,,0.0,1.0,W.Reichard,00-0039404
2024_05_NYJ_MIN,REG,5,NYJ,,33.0,good,1.0,0.0,G.Zuerlein,00-0029621
2024_05_NYJ_MIN,REG,5,MIN,made,41.0,,0.0,1.0,W.Reichard,00-0039404
2024_05_TB_ATL,REG,5,ATL,,33.0,good,1.0,0.0,Y.Koo,00-0033702
2024_05_TB_ATL,REG,5,TB,,33.0,good,1.0,0.0,C.McLaughlin,00-0035358
2024_05_TB_ATL,REG,5,ATL,missed,41.0,,0.0,1.0,Y.Koo,00-0033702
2024_05_TB_ATL,REG,5,TB,made,53.0,,0.0,1.0,C.McLaughlin,00-0035358
2024_05_TB_ATL,REG,5,ATL,,33.0,good,1.0,0.0,Y.Koo,00-0033702
2024_05_TB_ATL,REG,5,TB,,33.0,good,1.0,0.0,C.McLaughlin,00-0035358
2024_05_TB_ATL,REG,5,ATL,made,54.0,,0.0,1.0,Y.Koo,00-0033702
2024_05_TB_ATL,REG,5,TB,,33.0,good,1.0,0.0,C.McLaughlin,00-0035358
2024_05_TB_ATL,REG,5,ATL,made,48.0,,0.0,1.0,Y.Koo,00-0033702
2024_05_TB_ATL,REG,5,TB,made,32.0,,0.0,1.0,C.McLaughlin,00-0035358
2024_05_TB_ATL,REG,5,ATL,,33.0,good,1.0,0.0,Y.Koo,00-0033702
2024_05_TB_ATL,REG,5,TB,made,53.0,,0.0,1.0,C.McLaughlin,00-0035358
2024_05_TB_ATL,REG,5,ATL,blocked,54.0,,0.0,1.0,Y.Koo,00-0033702
2024_05_TB_ATL,REG,5,ATL,made,52.0,,0.0,1.0,Y.Koo,00-0033702
2024_06_ARI_GB,REG,6,GB,,33.0,good,1.0,0.0,B.Narveson,00-0039649
2024_06_ARI_GB,REG,6,GB,,33.0,good,1.0,0.0,B.Narveson,00-0039649
2024_06_ARI_GB,REG,6,GB,made,36.0,,0.0,1.0,B.Narveson,00-0039649
2024_06_ARI_GB,REG,6,GB,,33.0,good,1.0,0.0,B.Narveson,00-0039649
2024_06_ARI_GB,REG,6,ARI,,33.0,good,1.0,0.0,C.Ryland,00-0038567
2024_06_ARI_GB,REG,6,ARI,made,38.0,,0.0,1.0,C.Ryland,00-0038567
2024_06_ARI_GB,REG,6,ARI,made,40.0,,0.0,1.0,C.Ryland,00-0038567
2024_06_ARI_GB,REG,6,GB,,33.0,good,1.0,0.0,B.Narveson,00-0039649
2024_06_ARI_GB,REG,6,GB,missed,44.0,,0.0,1.0,B.Narveson,00-0039649
2024_06_ARI_GB,REG,6,GB,made,41.0,,0.0,1.0,B.Narveson,00-0039649
2024_06_ATL_CAR,REG,6,CAR,,33.0,good,1.0,0.0,E.Pineiro,00-0034173
2024_06_ATL_CAR,REG,6,ATL,,33.0,good,1.0,0.0,Y.Koo,00-0033702
2024_06_ATL_CAR,REG,6,CAR,made,24.0,,0.0,1.0,E.Pineiro,00-0034173
2024_06_ATL_CAR,REG,6,ATL,,33.0,good,1.0,0.0,Y.Koo,00-0033702
2024_06_ATL_CAR,REG,6,CAR,,33.0,good,1.0,0.0,E.Pineiro,00-0034173
2024_06_ATL_CAR,REG,6,ATL,made,21.0,,0.0,1.0,Y.Koo,00-0033702
2024_06_ATL_CAR,REG,6,CAR,made,40.0,,0.0,1.0,E.Pineiro,00-0034173
2024_06_ATL_CAR,REG,6,ATL,made,31.0,,0.0,1.0,Y.Koo,00-0033702
2024_06_ATL_CAR,REG,6,ATL,,33.0,good,1.0,0.0,Y.Koo,00-0033702
2024_06_ATL_CAR,REG,6,ATL,made,35.0,,0.0,1.0,Y.Koo,00-0033702
2024_06_BUF_NYJ,REG,6,NYJ,made,34.0,,0.0,1.0,G.Zuerlein,00-0029621
2024_06_BUF_NYJ,REG,6,BUF,,33.0,good,1.0,0.0,T.Bass,00-0036162
2024_06_BUF_NYJ,REG,6,NYJ,,33.0,good,1.0,0.0,G.Zuerlein,00-0029621
2024_06_BUF_NYJ,REG,6,BUF,,33.0,failed,1.0,0.0,T.Bass,00-0036162
2024_06_BUF_NYJ,REG,6,BUF,,33.0,good,1.0,0.0,T.Bass,00-0036162
2024_06_BUF_NYJ,REG,6,NYJ,,33.0,good,1.0,0.0,G.Zuerlein,00-0029621
2024_06_BUF_NYJ,REG,6,BUF,missed,47.0,,0.0,1.0,T.Bass,00-0036162
2024_06_BUF_NYJ,REG,6,NYJ,made,22.0,,0.0,1.0,G.Zuerlein,00-0029621
2024_06_BUF_NYJ,REG,6,NYJ,missed,32.0,,0.0,1.0,G.Zuerlein,00-0029621
2024_06_BUF_NYJ,REG,6,NYJ,missed,43.0,,0.0,1.0,G.Zuerlein,00-0029621
2024_06_BUF_NYJ,REG,6,BUF,made,22.0,,0.0,1.0,T.Bass,00-0036162
2024_06_CIN_NYG,REG,6,CIN,,33.0,good,1.0,0.0,E.McPherson,00-0036854
2024_06_CIN_NYG,REG,6,NYG,,33.0,good,1.0,0.0,G.Joseph,00-0034450
2024_06_CIN_NYG,REG,6,CIN,made,37.0,,0.0,1.0,E.McPherson,00-0036854
2024_06_CIN_NYG,REG,6,NYG,missed,47.0,,0.0,1.0,G.Joseph,00-0034450
2024_06_CIN_NYG,REG,6,CIN,,33.0,good,1.0,0.0,E.McPherson,00-0036854
2024_06_CIN_NYG,REG,6,NYG,missed,45.0,,0.0,1.0,G.Joseph,00-0034450
2024_06_CLE_PHI,REG,6,PHI,made,49.0,,0.0,1.0,J.Elliott,00-0033787
2024_06_CLE_PHI,REG,6,PHI,,33.0,good,1.0,0.0,J.Elliott,00-0033787
2024_06_CLE_PHI,REG,6,CLE,made,43.0,,0.0,1.0,D.Hopkins,00-0030098
2024_06_CLE_PHI,REG,6,PHI,blocked,57.0,,0.0,1.0,J.Elliott,00-0033787
2024_06_CLE_PHI,REG,6,CLE,,33.0,good,1.0,0.0,D.Hopkins,00-0030098
2024_06_CLE_PHI,REG,6,CLE,missed,52.0,,0.0,1.0,D.Hopkins,00-0030098
2024_06_CLE_PHI,REG,6,PHI,made,44.0,,0.0,1.0,J.Elliott,00-0033787
2024_06_CLE_PHI,REG,6,CLE,made,49.0,,0.0,1.0,D.Hopkins,00-0030098
2024_06_CLE_PHI,REG,6,PHI,,33.0,good,1.0,0.0,J.Elliott,00-0033787
2024_06_CLE_PHI,REG,6,CLE,made,31.0,,0.0,1.0,D.Hopkins,00-0030098
2024_06_DET_DAL,REG,6,DAL,made,34.0,,0.0,1.0,B.Aubrey,00-0037692
2024_06_DET_DAL,REG,6,DET,,33.0,good,1.0,0.0,J.Bates,00-0039172
2024_06_DET_DAL,REG,6,DET,made,40.0,,0.0,1.0,J.Bates,00-0039172
2024_06_DET_DAL,REG,6,DET,,33.0,good,1.0,0.0,J.Bates,00-0039172
2024_06_DET_DAL,REG,6,DET,made,48.0,,0.0,1.0,J.Bates,00-0039172
2024_06_DET_DAL,REG,6,DET,,33.0,good,1.0,0.0,J.Bates,00-0039172
2024_06_DET_DAL,REG,6,DAL,made,47.0,,0.0,1.0,B.Aubrey,00-0037692
2024_06_DET_DAL,REG,6,DET,,33.0,good,1.0,0.0,J.Bates,00-0039172
2024_06_DET_DAL,REG,6,DAL,made,50.0,,0.0,1.0,B.Aubrey,00-0037692
2024_06_DET_DAL,REG,6,DET,made,33.0,,0.0,1.0,J.Bates,00-0039172
2024_06_DET_DAL,REG,6,DET,made,33.0,,0.0,1.0,J.Bates,00-0039172
2024_06_DET_DAL,REG,6,DET,,48.0,good,1.0,0.0,J.Bates,00-0039172
2024_06_HOU_NE,REG,6,HOU,,33.0,good,1.0,0.0,K.Fairbairn,00-0032726
2024_06_HOU_NE,REG,6,HOU,,33.0,good,1.0,0.0,K.Fairbairn,00-0032726
2024_06_HOU_NE,REG,6,HOU,missed,40.0,,0.0,1.0,K.Fairbairn,00-0032726
2024_06_HOU_NE,REG,6,NE,,33.0,good,1.0,0.0,J.Slye,00-0035192
2024_06_HOU_NE,REG,6,HOU,,48.0,good,1.0,0.0,K.Fairbairn,00-0032726
2024_06_HOU_NE,REG,6,HOU,made,39.0,,0.0,1.0,K.Fairbairn,00-0032726
2024_06_HOU_NE,REG,6,HOU,made,46.0,,0.0,1.0,K.Fairbairn,00-0032726
2024_06_HOU_NE,REG,6,NE,,33.0,good,1.0,0.0,J.Slye,00-0035192
2024_06_HOU_NE,REG,6,HOU,,33.0,good,1.0,0.0,K.Fairbairn,00-0032726
2024_06_HOU_NE,REG,6,NE,,33.0,good,1.0,0.0,J.Slye,00-0035192
2024_06_HOU_NE,REG,6,HOU,,33.0,good,1.0,0.0,K.Fairbairn,00-0032726
2024_06_IND_TEN,REG,6,IND,,33.0,good,1.0,0.0,M.Gay,00-0035269
2024_06_IND_TEN,REG,6,TEN,,33.0,good,1.0,0.0,N.Folk,00-0025565
2024_06_IND_TEN,REG,6,TEN,made,44.0,,0.0,1.0,N.Folk,00-0025565
2024_06_IND_TEN,REG,6,IND,made,26.0,,0.0,1.0,M.Gay,00-0035269
2024_06_IND_TEN,REG,6,TEN,,33.0,good,1.0,0.0,N.Folk,00-0025565
2024_06_IND_TEN,REG,6,IND,made,22.0,,0.0,1.0,M.Gay,00-0035269
2024_06_IND_TEN,REG,6,IND,,33.0,good,1.0,0.0,M.Gay,00-0035269
2024_06_JAX_CHI,REG,6,JAX,made,30.0,,0.0,1.0,C.Little,00-0039409
2024_06_JAX_CHI,REG,6,CHI,,33.0,good,1.0,0.0,C.Santos,00-0031203
2024_06_JAX_CHI,REG,6,CHI,,33.0,good,1.0,0.0,C.Santos,00-0031203
2024_06_JAX_CHI,REG,6,CHI,,33.0,good,1.0,0.0,C.Santos,00-0031203
2024_06_JAX_CHI,REG,6,JAX,,33.0,good,1.0,0.0,C.Little,00-0039409
2024_06_JAX_CHI,REG,6,CHI,,33.0,good,1.0,0.0,C.Santos,00-0031203
2024_06_JAX_CHI,REG,6,CHI,,33.0,good,1.0,0.0,C.Santos,00-0031203
2024_06_JAX_CHI,REG,6,CHI,blocked,43.0,,0.0,1.0,C.Santos,00-0031203
2024_06_LAC_DEN,REG,6,LAC,made,20.0,,0.0,1.0,C.Dicker,00-0037224
2024_06_LAC_DEN,REG,6,LAC,,33.0,good,1.0,0.0,C.Dicker,00-0037224
2024_06_LAC_DEN,REG,6,LAC,made,33.0,,0.0,1.0,C.Dicker,00-0037224
2024_06_LAC_DEN,REG,6,LAC,,33.0,good,1.0,0.0,C.Dicker,00-0037224
2024_06_LAC_DEN,REG,6,LAC,made,46.0,,0.0,1.0,C.Dicker,00-0037224
2024_06_LAC_DEN,REG,6,DEN,,33.0,good,1.0,0.0,W.Lutz,00-0032569
2024_06_LAC_DEN,REG,6,DEN,made,40.0,,0.0,1.0,W.Lutz,00-0032569
2024_06_PIT_LV,REG,6,PIT,made,52.0,,0.0,1.0,C.Boswell,00-0031136
2024_06_PIT_LV,REG,6,LV,,33.0,good,1.0,0.0,D.Carlson,00-0034161
2024_06_PIT_LV,REG,6,PIT,made,49.0,,0.0,1.0,C.Boswell,00-0031136
2024_06_PIT_LV,REG,6,PIT,made,37.0,,0.0,1.0,C.Boswell,00-0031136
2024_06_PIT_LV,REG,6,PIT,,33.0,good,1.0,0.0,C.Boswell,00-0031136
2024_06_PIT_LV,REG,6,PIT,,33.0,good,1.0,0.0,C.Boswell,00-0031136
2024_06_PIT_LV,REG,6,PIT,made,36.0,,0.0,1.0,C.Boswell,00-0031136
2024_06_SF_SEA,REG,6,SF,made,25.0,,0.0,1.0,M.Wright,00-0035189
2024_06_SF_SEA,REG,6,SF,,33.0,good,1.0,0.0,M.Wright,00-0035189
2024_06_SF_SEA,REG,6,SF,made,41.0,,0.0,1.0,M.Wright,00-0035189
2024_06_SF_SEA,REG,6,SF,made,35.0,,0.0,1.0,M.Wright,00-0035189
2024_06_SF_SEA,REG,6,SEA,made,20.0,,0.0,1.0,J.Myers,00-0031492
2024_06_SF_SEA,REG,6,SF,,33.0,good,1.0,0.0,M.Wright,00-0035189
2024_06_SF_SEA,REG,6,SEA,,33.0,good,1.0,0.0,J.Myers,00-0031492
2024_06_SF_SEA,REG,6,SEA,,33.0,good,1.0,0.0,J.Myers,00-0031492
2024_06_SF_SEA,REG,6,SEA,,33.0,good,1.0,0.0,J.Myers,00-0031492
2024_06_SF_SEA,REG,6,SF,,33.0,good,1.0,0.0,M.Wright,00-0035189
2024_06_TB_NO,REG,6,TB,,33.0,good,1.0,0.0,C.McLaughlin,00-0035358
2024_06_TB_NO,REG,6,TB,,33.0,good,1.0,0.0,C.McLaughlin,00-0035358
2024_06_TB_NO,REG,6,TB,made,26.0,,0.0,1.0,C.McLaughlin,00-0035358
2024_06_TB_NO,REG,6,NO,made,42.0,,0.0,1.0,B.Grupe,00-0038905
2024_06_TB_NO,REG,6,NO,,33.0,good,1.0,0.0,B.Grupe,00-0038905
2024_06_TB_NO,REG,6,NO,made,29.0,,0.0,1.0,B.Grupe,00-0038905
2024_06_TB_NO,REG,6,NO,,33.0,good,1.0,0.0,B.Grupe,00-0038905
2024_06_TB_NO,REG,6,TB,,33.0,good,1.0,0.0,C.McLaughlin,00-0035358
2024_06_TB_NO,REG,6,NO,,33.0,good,1.0,0.0,B.Grupe,00-0038905
2024_06_TB_NO,REG,6,TB,,33.0,good,1.0,0.0,C.McLaughlin,00-0035358
2024_06_TB_NO,REG,6,TB,,33.0,good,1.0,0.0,C.McLaughlin,00-0035358
2024_06_TB_NO,REG,6,TB,,33.0,good,1.0,0.0,C.McLaughlin,00-0035358
2024_06_WAS_BAL,REG,6,WAS,made,42.0,,0.0,1.0,A.Seibert,00-0035145
2024_06_WAS_BAL,REG,6,BAL,made,45.0,,0.0,1.0,J.Tucker,00-0029597
2024_06_WAS_BAL,REG,6,BAL,,33.0,good,1.0,0.0,J.Tucker,00-0029597
2024_06_WAS_BAL,REG,6,WAS,,33.0,good,1.0,0.0,A.Seibert,00-0035145
2024_06_WAS_BAL,REG,6,BAL,,33.0,good,1.0,0.0,J.Tucker,00-0029597
2024_06_WAS_BAL,REG,6,WAS,blocked,52.0,,0.0,1.0,A.Seibert,00-0035145
2024_06_WAS_BAL,REG,6,WAS,made,55.0,,0.0,1.0,A.Seibert,00-0035145
2024_06_WAS_BAL,REG,6,BAL,made,32.0,,0.0,1.0,J.Tucker,00-0029597
2024_06_WAS_BAL,REG,6,BAL,,33.0,good,1.0,0.0,J.Tucker,00-0029597
2024_06_WAS_BAL,REG,6,WAS,,33.0,good,1.0,0.0,A.Seibert,00-0035145
2024_06_WAS_BAL,REG,6,BAL,made,39.0,,0.0,1.0,J.Tucker,00-0029597
2024_06_WAS_BAL,REG,6,WAS,made,49.0,,0.0,1.0,A.Seibert,00-0035145
2024_07_BAL_TB,REG,7,TB,,33.0,good,1.0,0.0,C.McLaughlin,00-0035358
2024_07_BAL_TB,REG,7,TB,made,23.0,,0.0,1.0,C.McLaughlin,00-0035358
2024_07_BAL_TB,REG,7,BAL,,33.0,good,1.0,0.0,J.Tucker,00-0029597
2024_07_BAL_TB,REG,7,BAL,,33.0,good,1.0,0.0,J.Tucker,00-0029597
2024_07_BAL_TB,REG,7,BAL,made,28.0,,0.0,1.0,J.Tucker,00-0029597
2024_07_BAL_TB,REG,7,BAL,made,52.0,,0.0,1.0,J.Tucker,00-0029597
2024_07_BAL_TB,REG,7,TB,missed,55.0,,0.0,1.0,C.McLaughlin,00-0035358
2024_07_BAL_TB,REG,7,BAL,,33.0,good,1.0,0.0,J.Tucker,00-0029597
2024_07_BAL_TB,REG,7,BAL,,33.0,good,1.0,0.0,J.Tucker,00-0029597
2024_07_BAL_TB,REG,7,BAL,,33.0,good,1.0,0.0,J.Tucker,00-0029597
2024_07_BAL_TB,REG,7,TB,,33.0,good,1.0,0.0,C.McLaughlin,00-0035358
2024_07_CAR_WAS,REG,7,WAS,,33.0,good,1.0,0.0,A.Seibert,00-0035145
2024_07_CAR_WAS,REG,7,WAS,made,23.0,,0.0,1.0,A.Seibert,00-0035145
2024_07_CAR_WAS,REG,7,WAS,,33.0,good,1.0,0.0,A.Seibert,00-0035145
2024_07_CAR_WAS,REG,7,WAS,made,49.0,,0.0,1.0,A.Seibert,00-0035145
2024_07_CAR_WAS,REG,7,WAS,,33.0,good,1.0,0.0,A.Seibert,00-0035145
2024_07_CAR_WAS,REG,7,WAS,,33.0,good,1.0,0.0,A.Seibert,00-0035145
2024_07_CAR_WAS,REG,7,WAS,made,31.0,,0.0,1.0,A.Seibert,00-0035145
2024_07_CAR_WAS,REG,7,CAR,,33.0,good,1.0,0.0,E.Pineiro,00-0034173
2024_07_CAR_WAS,REG,7,WAS,made,29.0,,0.0,1.0,A.Seibert,00-0035145
2024_07_CIN_CLE,REG,7,CIN,,33.0,good,1.0,0.0,E.McPherson,00-0036854
2024_07_CIN_CLE,REG,7,CLE,missed,49.0,,0.0,1.0,D.Hopkins,00-0030098
2024_07_CIN_CLE,REG,7,CLE,,33.0,failed,1.0,0.0,D.Hopkins,00-0030098
2024_07_CIN_CLE,REG,7,CIN,,33.0,good,1.0,0.0,E.McPherson,00-0036854
2024_07_CIN_CLE,REG,7,CIN,,33.0,good,1.0,0.0,E.McPherson,00-0036854
2024_07_CIN_CLE,REG,7,CIN,missed,50.0,,0.0,1.0,E.McPherson,00-0036854
2024_07_DEN_NO,REG,7,DEN,made,46.0,,0.0,1.0,W.Lutz,00-0032569
2024_07_DEN_NO,REG,7,DEN,made,32.0,,0.0,1.0,W.Lutz,00-0032569
2024_07_DEN_NO,REG,7,DEN,,33.0,good,1.0,0.0,W.Lutz,00-0032569
2024_07_DEN_NO,REG,7,NO,made,35.0,,0.0,1.0,B.Grupe,00-0038905
2024_07_DEN_NO,REG,7,DEN,made,52.0,,0.0,1.0,W.Lutz,00-0032569
2024_07_DEN_NO,REG,7,DEN,made,38.0,,0.0,1.0,W.Lutz,00-0032569
2024_07_DEN_NO,REG,7,DEN,,33.0,good,1.0,0.0,W.Lutz,00-0032569
2024_07_DEN_NO,REG,7,DEN,,33.0,good,1.0,0.0,W.Lutz,00-0032569
2024_07_DEN_NO,REG,7,NO,,33.0,good,1.0,0.0,B.Grupe,00-0038905
2024_07_DET_MIN,REG,7,MIN,,33.0,good,1.0,0.0,W.Reichard,00-0039404
2024_07_DET_MIN,REG,7,MIN,made,57.0,,0.0,1.0,W.Reichard,00-0039404
2024_07_DET_MIN,REG,7,DET,,33.0,good,1.0,0.0,J.Bates,00-0039172
2024_07_DET_MIN,REG,7,DET,,33.0,good,1.0,0.0,J.Bates,00-0039172
2024_07_DET_MIN,REG,7,DET,,33.0,good,1.0,0.0,J.Bates,00-0039172
2024_07_DET_MIN,REG,7,MIN,,33.0,good,1.0,0.0,W.Reichard,00-0039404
2024_07_DET_MIN,REG,7,DET,,33.0,good,1.0,0.0,J.Bates,00-0039172
2024_07_DET_MIN,REG,7,MIN,made,42.0,,0.0,1.0,W.Reichard,00-0039404
2024_07_DET_MIN,REG,7,MIN,made,48.0,,0.0,1.0,W.Reichard,00-0039404
2024_07_DET_MIN,REG,7,DET,made,44.0,,0.0,1.0,J.Bates,00-0039172
2024_07_HOU_GB,REG,7,HOU,made,23.0,,0.0,1.0,K.Fairbairn,00-0032726
2024_07_HOU_GB,REG,7,GB,,33.0,good,1.0,0.0,B.McManus,00-0029822
2024_07_HOU_GB,REG,7,HOU,,33.0,good,1.0,0.0,K.Fairbairn,00-0032726
2024_07_HOU_GB,REG,7,GB,,33.0,good,1.0,0.0,B.McManus,00-0029822
2024_07_HOU_GB,REG,7,HOU,made,52.0,,0.0,1.0,K.Fairbairn,00-0032726
2024_07_HOU_GB,REG,7,GB,,33.0,good,1.0,0.0,B.McManus,00-0029822
2024_07_HOU_GB,REG,7,HOU,made,35.0,,0.0,1.0,K.Fairbairn,00-0032726
2024_07_HOU_GB,REG,7,GB,made,45.0,,0.0,1.0,B.McManus,00-0029822
2024_07_KC_SF,REG,7,SF,made,55.0,,0.0,1.0,A.Carlson,00-0038402
2024_07_KC_SF,REG,7,KC,,33.0,good,1.0,0.0,H.Butker,00-0033303
2024_07_KC_SF,REG,7,KC,,33.0,good,1.0,0.0,H.Butker,00-0033303
2024_07_KC_SF,REG,7,SF,made,24.0,,0.0,1.0,A.Carlson,00-0038402
2024_07_KC_SF,REG,7,SF,,33.0,failed,1.0,0.0,A.Carlson,00-0038402
2024_07_KC_SF,REG,7,KC,,33.0,good,1.0,0.0,H.Butker,00-0033303
2024_07_KC_SF,REG,7,KC,,33.0,good,1.0,0.0,H.Butker,00-0033303
2024_07_LAC_ARI,REG,7,LAC,made,59.0,,0.0,1.0,C.Dicker,00-0037224
2024_07_LAC_ARI,REG,7,ARI,,33.0,good,1.0,0.0,C.Ryland,00-0038567
2024_07_LAC_ARI,REG,7,LAC,made,50.0,,0.0,1.0,C.Dicker,00-0037224
2024_07_LAC_ARI,REG,7,LAC,made,28.0,,0.0,1.0,C.Dicker,00-0037224
2024_07_LAC_ARI,REG,7,ARI,,33.0,good,1.0,0.0,C.Ryland,00-0038567
2024_07_LAC_ARI,REG,7,LAC,made,47.0,,0.0,1.0,C.Dicker,00-0037224
2024_07_LAC_ARI,REG,7,LAC,made,40.0,,0.0,1.0,C.Dicker,00-0037224
2024_07_LAC_ARI,REG,7,ARI,made,32.0,,0.0,1.0,C.Ryland,00-0038567
2024_07_LV_LA,REG,7,LV,made,38.0,,0.0,1.0,D.Carlson,00-0034161
2024_07_LV_LA,REG,7,LAR,,33.0,good,1.0,0.0,J.Karty,00-0039750
2024_07_LV_LA,REG,7,LAR,,33.0,good,1.0,0.0,J.Karty,00-0039750
2024_07_LV_LA,REG,7,LV,made,47.0,,0.0,1.0,D.Carlson,00-0034161
2024_07_LV_LA,REG,7,LAR,,33.0,failed,1.0,0.0,J.Karty,00-0039750
2024_07_LV_LA,REG,7,LV,made,38.0,,0.0,1.0,D.Carlson,00-0034161
2024_07_LV_LA,REG,7,LV,made,27.0,,0.0,1.0,D.Carlson,00-0034161
2024_07_LV_LA,REG,7,LAR,missed,35.0,,0.0,1.0,J.Karty,00-0039750
2024_07_LV_LA,REG,7,LV,made,27.0,,0.0,1.0,D.Carlson,00-0034161
2024_07_MIA_IND,REG,7,MIA,,33.0,good,1.0,0.0,J.Sanders,00-0034794
2024_07_MIA_IND,REG,7,MIA,made,33.0,,0.0,1.0,J.Sanders,00-0034794
2024_07_MIA_IND,REG,7,IND,made,52.0,,0.0,1.0,M.Gay,00-0035269
2024_07_MIA_IND,REG,7,IND,,33.0,good,1.0,0.0,M.Gay,00-0035269
2024_07_MIA_IND,REG,7,IND,made,22.0,,0.0,1.0,M.Gay,00-0035269
2024_07_MIA_IND,REG,7,MIA,missed,54.0,,0.0,1.0,J.Sanders,00-0034794
2024_07_MIA_IND,REG,7,IND,made,38.0,,0.0,1.0,M.Gay,00-0035269
2024_07_NE_JAX,REG,7,NE,,33.0,good,1.0,0.0,J.Slye,00-0035192
2024_07_NE_JAX,REG,7,NE,made,41.0,,0.0,1.0,J.Slye,00-0035192
2024_07_NE_JAX,REG,7,JAX,,33.0,good,1.0,0.0,C.Little,00-0039409
2024_07_NE_JAX,REG,7,JAX,,33.0,good,1.0,0.0,C.Little,00-0039409
2024_07_NE_JAX,REG,7,JAX,made,21.0,,0.0,1.0,C.Little,00-0039409
2024_07_NE_JAX,REG,7,JAX,,33.0,good,1.0,0.0,C.Little,00-0039409
2024_07_NYJ_PIT,REG,7,PIT,made,46.0,,0.0,1.0,C.Boswell,00-0031136
2024_07_NYJ_PIT,REG,7,NYJ,,33.0,good,1.0,0.0,G.Zuerlein,00-0029621
2024_07_NYJ_PIT,REG,7,PIT,made,29.0,,0.0,1.0,C.Boswell,00-0031136
2024_07_NYJ_PIT,REG,7,PIT,,33.0,good,1.0,0.0,C.Boswell,00-0031136
2024_07_NYJ_PIT,REG,7,PIT,made,21.0,,0.0,1.0,C.Boswell,00-0031136
2024_07_NYJ_PIT,REG,7,PIT,,33.0,good,1.0,0.0,C.Boswell,00-0031136
2024_07_NYJ_PIT,REG,7,NYJ,blocked,35.0,,0.0,1.0,G.Zuerlein,00-0029621
2024_07_NYJ_PIT,REG,7,PIT,,33.0,good,1.0,0.0,C.Boswell,00-0031136
2024_07_NYJ_PIT,REG,7,PIT,,33.0,good,1.0,0.0,C.Boswell,00-0031136
2024_07_PHI_NYG,REG,7,PHI,,33.0,good,1.0,0.0,J.Elliott,00-0033787
2024_07_PHI_NYG,REG,7,PHI,,33.0,good,1.0,0.0,J.Elliott,00-0033787
2024_07_PHI_NYG,REG,7,NYG,made,38.0,,0.0,1.0,G.Joseph,00-0034450
2024_07_PHI_NYG,REG,7,PHI,,33.0,good,1.0,0.0,J.Elliott,00-0033787
2024_07_PHI_NYG,REG,7,PHI,,33.0,good,1.0,0.0,J.Elliott,00-0033787
2024_07_SEA_ATL,REG,7,SEA,made,38.0,,0.0,1.0,J.Myers,00-0031492
2024_07_SEA_ATL,REG,7,ATL,missed,54.0,,0.0,1.0,Y.Koo,00-0033702
2024_07_SEA_ATL,REG,7,SEA,,33.0,good,1.0,0.0,J.Myers,00-0031492
2024_07_SEA_ATL,REG,7,ATL,,33.0,good,1.0,0.0,Y.Koo,00-0033702
2024_07_SEA_ATL,REG,7,SEA,,33.0,good,1.0,0.0,J.Myers,00-0031492
2024_07_SEA_ATL,REG,7,ATL,,33.0,good,1.0,0.0,Y.Koo,00-0033702
2024_07_SEA_ATL,REG,7,SEA,,33.0,good,1.0,0.0,J.Myers,00-0031492
2024_07_SEA_ATL,REG,7,SEA,,33.0,good,1.0,0.0,J.Myers,00-0031492
2024_07_SEA_ATL,REG,7,SEA,made,59.0,,0.0,1.0,J.Myers,00-0031492
2024_07_TEN_BUF,REG,7,TEN,made,25.0,,0.0,1.0,N.Folk,00-0025565
2024_07_TEN_BUF,REG,7,TEN,,33.0,good,1.0,0.0,N.Folk,00-0025565
2024_07_TEN_BUF,REG,7,BUF,,33.0,good,1.0,0.0,T.Bass,00-0036162
2024_07_TEN_BUF,REG,7,BUF,,33.0,good,1.0,0.0,T.Bass,00-0036162
2024_07_TEN_BUF,REG,7,BUF,made,28.0,,0.0,1.0,T.Bass,00-0036162
2024_07_TEN_BUF,REG,7,BUF,,33.0,good,1.0,0.0,T.Bass,00-0036162
2024_07_TEN_BUF,REG,7,BUF,made,30.0,,0.0,1.0,T.Bass,00-0036162
2024_07_TEN_BUF,REG,7,BUF,,33.0,good,1.0,0.0,T.Bass,00-0036162
2024_08_ARI_MIA,REG,8,MIA,,33.0,good,1.0,0.0,J.Sanders,00-0034794
2024_08_ARI_MIA,REG,8,MIA,made,53.0,,0.0,1.0,J.Sanders,00-0034794
2024_08_ARI_MIA,REG,8,ARI,,33.0,good,1.0,0.0,C.Ryland,00-0038567
2024_08_ARI_MIA,REG,8,MIA,made,25.0,,0.0,1.0,J.Sanders,00-0034794
2024_08_ARI_MIA,REG,8,ARI,made,57.0,,0.0,1.0,C.Ryland,00-0038567
2024_08_ARI_MIA,REG,8,MIA,,33.0,good,1.0,0.0,J.Sanders,00-0034794
2024_08_ARI_MIA,REG,8,MIA,,33.0,good,1.0,0.0,J.Sanders,00-0034794
2024_08_ARI_MIA,REG,8,ARI,,33.0,good,1.0,0.0,C.Ryland,00-0038567
2024_08_ARI_MIA,REG,8,ARI,made,34.0,,0.0,1.0,C.Ryland,00-0038567
2024_08_ATL_TB,REG,8,ATL,,33.0,good,1.0,0.0,Y.Koo,00-0033702
2024_08_ATL_TB,REG,8,TB,,33.0,good,1.0,0.0,C.McLaughlin,00-0035358
2024_08_ATL_TB,REG,8,TB,,25.0,good,1.0,0.0,C.McLaughlin,00-0035358
2024_08_ATL_TB,REG,8,ATL,,33.0,good,1.0,0.0,Y.Koo,00-0033702
2024_08_ATL_TB,REG,8,ATL,,33.0,good,1.0,0.0,Y.Koo,00-0033702
2024_08_ATL_TB,REG,8,TB,made,52.0,,0.0,1.0,C.McLaughlin,00-0035358
2024_08_ATL_TB,REG,8,ATL,made,39.0,,0.0,1.0,Y.Koo,00-0033702
2024_08_ATL_TB,REG,8,ATL,,33.0,good,1.0,0.0,Y.Koo,00-0033702
2024_08_ATL_TB,REG,8,TB,,33.0,good,1.0,0.0,C.McLaughlin,00-0035358
2024_08_ATL_TB,REG,8,ATL,missed,46.0,,0.0,1.0,Y.Koo,00-0033702
2024_08_BAL_CLE,REG,8,CLE,made,28.0,,0.0,1.0,D.Hopkins,00-0030098
2024_08_BAL_CLE,REG,8,BAL,made,49.0,,0.0,1.0,J.Tucker,00-0029597
2024_08_BAL_CLE,REG,8,CLE,made,33.0,,0.0,1.0,D.Hopkins,00-0030098
2024_08_BAL_CLE,REG,8,BAL,,33.0,good,1.0,0.0,J.Tucker,00-0029597
2024_08_BAL_CLE,REG,8,CLE,,33.0,good,1.0,0.0,D.Hopkins,00-0030098
2024_08_BAL_CLE,REG,8,BAL,,33.0,good,1.0,0.0,J.Tucker,00-0029597
2024_08_BAL_CLE,REG,8,CLE,,33.0,good,1.0,0.0,D.Hopkins,00-0030098
2024_08_BAL_CLE,REG,8,BAL,missed,50.0,,0.0,1.0,J.Tucker,00-0029597
2024_08_BAL_CLE,REG,8,CLE,made,48.0,,0.0,1.0,D.Hopkins,00-0030098
2024_08_BAL_CLE,REG,8,BAL,,33.0,good,1.0,0.0,J.Tucker,00-0029597
2024_08_BUF_SEA,REG,8,BUF,,33.0,good,1.0,0.0,T.Bass,00-0036162
2024_08_BUF_SEA,REG,8,SEA,made,38.0,,0.0,1.0,J.Myers,00-0031492
2024_08_BUF_SEA,REG,8,BUF,,33.0,good,1.0,0.0,T.Bass,00-0036162
2024_08_BUF_SEA,REG,8,BUF,made,27.0,,0.0,1.0,T.Bass,00-0036162
2024_08_BUF_SEA,REG,8,BUF,,33.0,good,1.0,0.0,T.Bass,00-0036162
2024_08_BUF_SEA,REG,8,BUF,,33.0,good,1.0,0.0,T.Bass,00-0036162
2024_08_BUF_SEA,REG,8,SEA,,33.0,good,1.0,0.0,J.Myers,00-0031492
2024_08_CAR_DEN,REG,8,CAR,,33.0,good,1.0,0.0,E.Pineiro,00-0034173
2024_08_CAR_DEN,REG,8,DEN,,33.0,good,1.0,0.0,W.Lutz,00-0032569
2024_08_CAR_DEN,REG,8,DEN,,33.0,good,1.0,0.0,W.Lutz,00-0032569
2024_08_CAR_DEN,REG,8,DEN,,33.0,good,1.0,0.0,W.Lutz,00-0032569
2024_08_CAR_DEN,REG,8,DEN,,33.0,good,1.0,0.0,W.Lutz,00-0032569
2024_08_CAR_DEN,REG,8,CAR,,33.0,good,1.0,0.0,E.Pineiro,00-0034173
2024_08_CHI_WAS,REG,8,WAS,made,27.0,,0.0,1.0,A.Seibert,00-0035145
2024_08_CHI_WAS,REG,8,WAS,made,30.0,,0.0,1.0,A.Seibert,00-0035145
2024_08_CHI_WAS,REG,8,WAS,made,28.0,,0.0,1.0,A.Seibert,00-0035145
2024_08_CHI_WAS,REG,8,WAS,made,47.0,,0.0,1.0,A.Seibert,00-0035145
2024_08_CHI_WAS,REG,8,CHI,,33.0,good,1.0,0.0,C.Santos,00-0031203
2024_08_CHI_WAS,REG,8,WAS,missed,51.0,,0.0,1.0,A.Seibert,00-0035145
2024_08_DAL_SF,REG,8,SF,made,50.0,,0.0,1.0,A.Carlson,00-0038402
2024_08_DAL_SF,REG,8,DAL,,33.0,good,1.0,0.0,B.Aubrey,00-0037692
2024_08_DAL_SF,REG,8,DAL,made,29.0,,0.0,1.0,B.Aubrey,00-0037692
2024_08_DAL_SF,REG,8,SF,made,44.0,,0.0,1.0,A.Carlson,00-0038402
2024_08_DAL_SF,REG,8,SF,,33.0,good,1.0,0.0,A.Carlson,00-0038402
2024_08_DAL_SF,REG,8,SF,,33.0,good,1.0,0.0,A.Carlson,00-0038402
2024_08_DAL_SF,REG,8,SF,,33.0,good,1.0,0.0,A.Carlson,00-0038402
2024_08_DAL_SF,REG,8,DAL,,33.0,good,1.0,0.0,B.Aubrey,00-0037692
2024_08_DAL_SF,REG,8,SF,made,41.0,,0.0,1.0,A.Carlson,00-0038402
2024_08_DAL_SF,REG,8,DAL,,33.0,good,1.0,0.0,B.Aubrey,00-0037692
2024_08_GB_JAX,REG,8,GB,,33.0,good,1.0,0.0,B.McManus,00-0029822
2024_08_GB_JAX,REG,8,GB,made,31.0,,0.0,1.0,B.McManus,00-0029822
2024_08_GB_JAX,REG,8,JAX,,33.0,good,1.0,0.0,C.Little,00-0039409
2024_08_GB_JAX,REG,8,GB,made,38.0,,0.0,1.0,B.McManus,00-0029822
2024_08_GB_JAX,REG,8,JAX,made,39.0,,0.0,1.0,C.Little,00-0039409
2024_08_GB_JAX,REG,8,JAX,,33.0,good,1.0,0.0,C.Little,00-0039409
2024_08_GB_JAX,REG,8,GB,,33.0,good,1.0,0.0,B.McManus,00-0029822
2024_08_GB_JAX,REG,8,GB,,33.0,good,1.0,0.0,B.McManus,00-0029822
2024_08_GB_JAX,REG,8,JAX,made,47.0,,0.0,1.0,C.Little,00-0039409
2024_08_GB_JAX,REG,8,JAX,,33.0,good,1.0,0.0,C.Little,00-0039409
2024_08_GB_JAX,REG,8,GB,made,24.0,,0.0,1.0,B.McManus,00-0029822
2024_08_IND_HOU,REG,8,HOU,made,35.0,,0.0,1.0,K.Fairbairn,00-0032726
2024_08_IND_HOU,REG,8,IND,made,46.0,,0.0,1.0,M.Gay,00-0035269
2024_08_IND_HOU,REG,8,IND,,33.0,good,1.0,0.0,M.Gay,00-0035269
2024_08_IND_HOU,REG,8,HOU,,33.0,good,1.0,0.0,K.Fairbairn,00-0032726
2024_08_IND_HOU,REG,8,HOU,,33.0,good,1.0,0.0,K.Fairbairn,00-0032726
2024_08_IND_HOU,REG,8,HOU,made,35.0,,0.0,1.0,K.Fairbairn,00-0032726
2024_08_IND_HOU,REG,8,IND,made,37.0,,0.0,1.0,M.Gay,00-0035269
2024_08_IND_HOU,REG,8,HOU,made,34.0,,0.0,1.0,K.Fairbairn,00-0032726
2024_08_IND_HOU,REG,8,IND,,33.0,good,1.0,0.0,M.Gay,00-0035269
2024_08_KC_LV,REG,8,KC,,33.0,good,1.0,0.0,H.Butker,00-0033303
2024_08_KC_LV,REG,8,LV,,33.0,good,1.0,0.0,D.Carlson,00-0034161
2024_08_KC_LV,REG,8,LV,made,54.0,,0.0,1.0,D.Carlson,00-0034161
2024_08_KC_LV,REG,8,KC,,33.0,good,1.0,0.0,H.Butker,00-0033303
2024_08_KC_LV,REG,8,KC,made,42.0,,0.0,1.0,H.Butker,00-0033303
2024_08_KC_LV,REG,8,LV,made,32.0,,0.0,1.0,D.Carlson,00-0034161
2024_08_KC_LV,REG,8,KC,made,24.0,,0.0,1.0,H.Butker,00-0033303
2024_08_KC_LV,REG,8,KC,,33.0,good,1.0,0.0,H.Butker,00-0033303
2024_08_KC_LV,REG,8,LV,,33.0,good,1.0,0.0,D.Carlson,00-0034161
2024_08_MIN_LA,REG,8,MIN,,33.0,good,1.0,0.0,W.Reichard,00-0039404
2024_08_MIN_LA,REG,8,LAR,,33.0,good,1.0,0.0,J.Karty,00-0039750
2024_08_MIN_LA,REG,8,MIN,,33.0,good,1.0,0.0,W.Reichard,00-0039404
2024_08_MIN_LA,REG,8,LAR,,33.0,good,1.0,0.0,J.Karty,00-0039750
2024_08_MIN_LA,REG,8,MIN,made,23.0,,0.0,1.0,W.Reichard,00-0039404
2024_08_MIN_LA,REG,8,LAR,,33.0,good,1.0,0.0,J.Karty,00-0039750
2024_08_MIN_LA,REG,8,MIN,made,35.0,,0.0,1.0,W.Reichard,00-0039404
2024_08_MIN_LA,REG,8,LAR,,33.0,good,1.0,0.0,J.Karty,00-0039750
2024_08_NO_LAC,REG,8,LAC,made,46.0,,0.0,1.0,C.Dicker,00-0037224
2024_08_NO_LAC,REG,8,LAC,,33.0,failed,1.0,0.0,C.Dicker,00-0037224
2024_08_NO_LAC,REG,8,NO,made,40.0,,0.0,1.0,B.Grupe,00-0038905
2024_08_NO_LAC,REG,8,LAC,,33.0,good,1.0,0.0,C.Dicker,00-0037224
2024_08_NO_LAC,REG,8,NO,made,43.0,,0.0,1.0,B.Grupe,00-0038905
2024_08_NO_LAC,REG,8,LAC,made,29.0,,0.0,1.0,C.Dicker,00-0037224
2024_08_NO_LAC,REG,8,NO,missed,44.0,,0.0,1.0,B.Grupe,00-0038905
2024_08_NO_LAC,REG,8,LAC,,33.0,good,1.0,0.0,C.Dicker,00-0037224
2024_08_NYG_PIT,REG,8,PIT,made,31.0,,0.0,1.0,C.Boswell,00-0031136
2024_08_NYG_PIT,REG,8,NYG,made,29.0,,0.0,1.0,G.Joseph,00-0034450
2024_08_NYG_PIT,REG,8,PIT,made,25.0,,0.0,1.0,C.Boswell,00-0031136
2024_08_NYG_PIT,REG,8,NYG,made,39.0,,0.0,1.0,G.Joseph,00-0034450
2024_08_NYG_PIT,REG,8,PIT,made,27.0,,0.0,1.0,C.Boswell,00-0031136
2024_08_NYG_PIT,REG,8,NYG,made,44.0,,0.0,1.0,G.Joseph,00-0034450
2024_08_NYG_PIT,REG,8,PIT,,33.0,good,1.0,0.0,C.Boswell,00-0031136
2024_08_NYG_PIT,REG,8,PIT,,33.0,good,1.0,0.0,C.Boswell,00-0031136
2024_08_NYG_PIT,REG,8,PIT,made,27.0,,0.0,1.0,C.Boswell,00-0031136
2024_08_NYG_PIT,REG,8,NYG,made,48.0,,0.0,1.0,G.Joseph,00-0034450
2024_08_NYJ_NE,REG,8,NE,,33.0,good,1.0,0.0,J.Slye,00-0035192
2024_08_NYJ_NE,REG,8,NYJ,,33.0,failed,1.0,0.0,G.Zuerlein,00-0029621
2024_08_NYJ_NE,REG,8,NYJ,,33.0,good,1.0,0.0,G.Zuerlein,00-0029621
2024_08_NYJ_NE,REG,8,NE,,33.0,good,1.0,0.0,J.Slye,00-0035192
2024_08_NYJ_NE,REG,8,NYJ,made,29.0,,0.0,1.0,G.Zuerlein,00-0029621
2024_08_NYJ_NE,REG,8,NYJ,missed,44.0,,0.0,1.0,G.Zuerlein,00-0029621
2024_08_NYJ_NE,REG,8,NE,made,23.0,,0.0,1.0,J.Slye,00-0035192
2024_08_PHI_CIN,REG,8,CIN,,33.0,good,1.0,0.0,E.McPherson,00-0036854
2024_08_PHI_CIN,REG,8,PHI,made,39.0,,0.0,1.0,J.Elliott,00-0033787
2024_08_PHI_CIN,REG,8,CIN,made,27.0,,0.0,1.0,E.McPherson,00-0036854
2024_08_PHI_CIN,REG,8,CIN,missed,54.0,,0.0,1.0,E.McPherson,00-0036854
2024_08_PHI_CIN,REG,8,PHI,,33.0,good,1.0,0.0,J.Elliott,00-0033787
2024_08_PHI_CIN,REG,8,PHI,,33.0,good,1.0,0.0,J.Elliott,00-0033787
2024_08_PHI_CIN,REG,8,CIN,,33.0,good,1.0,0.0,E.McPherson,00-0036854
2024_08_PHI_CIN,REG,8,PHI,,33.0,good,1.0,0.0,J.Elliott,00-0033787
2024_08_PHI_CIN,REG,8,PHI,made,49.0,,0.0,1.0,J.Elliott,00-0033787
2024_08_PHI_CIN,REG,8,PHI,,33.0,good,1.0,0.0,J.Elliott,00-0033787
2024_08_PHI_CIN,REG,8,PHI,made,47.0,,0.0,1.0,J.Elliott,00-0033787
2024_08_TEN_DET,REG,8,DET,,33.0,good,1.0,0.0,J.Bates,00-0039172
2024_08_TEN_DET,REG,8,TEN,,33.0,good,1.0,0.0,N.Folk,00-0025565
2024_08_TEN_DET,REG,8,DET,,33.0,good,1.0,0.0,J.Bates,00-0039172
2024_08_TEN_DET,REG,8,TEN,,33.0,good,1.0,0.0,N.Folk,00-0025565
2024_08_TEN_DET,REG,8,DET,,33.0,good,1.0,0.0,J.Bates,00-0039172
2024_08_TEN_DET,REG,8,DET,,33.0,good,1.0,0.0,J.Bates,00-0039172
2024_08_TEN_DET,REG,8,DET,,33.0,good,1.0,0.0,J.Bates,00-0039172
2024_08_TEN_DET,REG,8,DET,,33.0,good,1.0,0.0,J.Bates,00-0039172
2024_08_TEN_DET,REG,8,DET,,33.0,good,1.0,0.0,J.Bates,00-0039172
2024_08_TEN_DET,REG,8,DET,made,51.0,,0.0,1.0,J.Bates,00-0039172
2024_09_CHI_ARI,REG,9,ARI,,33.0,good,1.0,0.0,C.Ryland,00-0038567
2024_09_CHI_ARI,REG,9,CHI,made,29.0,,0.0,1.0,C.Santos,00-0031203
2024_09_CHI_ARI,REG,9,CHI,made,53.0,,0.0,1.0,C.Santos,00-0031203
2024_09_CHI_ARI,REG,9,ARI,,33.0,good,1.0,0.0,C.Ryland,00-0038567
2024_09_CHI_ARI,REG,9,CHI,made,53.0,,0.0,1.0,C.Santos,00-0031203
2024_09_CHI_ARI,REG,9,ARI,,33.0,good,1.0,0.0,C.Ryland,00-0038567
2024_09_CHI_ARI,REG,9,ARI,made,29.0,,0.0,1.0,C.Ryland,00-0038567
2024_09_CHI_ARI,REG,9,ARI,made,55.0,,0.0,1.0,C.Ryland,00-0038567
2024_09_DAL_ATL,REG,9,DAL,made,34.0,,0.0,1.0,B.Aubrey,00-0037692
2024_09_DAL_ATL,REG,9,ATL,,33.0,good,1.0,0.0,Y.Koo,00-0033702
2024_09_DAL_ATL,REG,9,ATL,,33.0,good,1.0,0.0,Y.Koo,00-0033702
2024_09_DAL_ATL,REG,9,DAL,,33.0,good,1.0,0.0,B.Aubrey,00-0037692
2024_09_DAL_ATL,REG,9,ATL,,33.0,good,1.0,0.0,Y.Koo,00-0033702
2024_09_DAL_ATL,REG,9,DAL,made,57.0,,0.0,1.0,B.Aubrey,00-0037692
2024_09_DEN_BAL,REG,9,BAL,,33.0,good,1.0,0.0,J.Tucker,00-0029597
2024_09_DEN_BAL,REG,9,BAL,made,33.0,,0.0,1.0,J.Tucker,00-0029597
2024_09_DEN_BAL,REG,9,DEN,,33.0,good,1.0,0.0,W.Lutz,00-0032569
2024_09_DEN_BAL,REG,9,BAL,,33.0,good,1.0,0.0,J.Tucker,00-0029597
2024_09_DEN_BAL,REG,9,DEN,made,37.0,,0.0,1.0,W.Lutz,00-0032569
2024_09_DEN_BAL,REG,9,BAL,,33.0,good,1.0,0.0,J.Tucker,00-0029597
2024_09_DEN_BAL,REG,9,BAL,,33.0,good,1.0,0.0,J.Tucker,00-0029597
2024_09_DEN_BAL,REG,9,BAL,,33.0,good,1.0,0.0,J.Tucker,00-0029597
2024_09_DEN_BAL,REG,9,BAL,made,37.0,,0.0,1.0,J.Tucker,00-0029597
2024_09_DET_GB,REG,9,GB,made,30.0,,0.0,1.0,B.McManus,00-0029822
2024_09_DET_GB,REG,9,DET,,33.0,good,1.0,0.0,J.Bates,00-0039172
2024_09_DET_GB,REG,9,GB,missed,46.0,,0.0,1.0,B.McManus,00-0029822
2024_09_DET_GB,REG,9,DET,made,27.0,,0.0,1.0,J.Bates,00-0039172
2024_09_DET_GB,REG,9,DET,,33.0,good,1.0,0.0,J.Bates,00-0039172
2024_09_DET_GB,REG,9,DET,,33.0,good,1.0,0.0,J.Bates,00-0039172
2024_09_DET_GB,REG,9,GB,made,38.0,,0.0,1.0,B.McManus,00-0029822
2024_09_HOU_NYJ,REG,9,HOU,,33.0,good,1.0,0.0,K.Fairbairn,00-0032726
2024_09_HOU_NYJ,REG,9,HOU,missed,56.0,,0.0,1.0,K.Fairbairn,00-0032726
2024_09_HOU_NYJ,REG,9,NYJ,,33.0,good,1.0,0.0,R.Patterson,00-0036816
2024_09_HOU_NYJ,REG,9,HOU,made,54.0,,0.0,1.0,K.Fairbairn,00-0032726
2024_09_HOU_NYJ,REG,9,NYJ,,33.0,good,1.0,0.0,R.Patterson,00-0036816
2024_09_HOU_NYJ,REG,9,HOU,missed,27.0,,0.0,1.0,K.Fairbairn,00-0032726
2024_09_HOU_NYJ,REG,9,NYJ,,33.0,good,1.0,0.0,R.Patterson,00-0036816
2024_09_HOU_NYJ,REG,9,HOU,made,29.0,,0.0,1.0,K.Fairbairn,00-0032726
2024_09_IND_MIN,REG,9,IND,,33.0,good,1.0,0.0,M.Gay,00-0035269
2024_09_IND_MIN,REG,9,MIN,missed,53.0,,0.0,1.0,W.Reichard,00-0039404
2024_09_IND_MIN,REG,9,IND,missed,53.0,,0.0,1.0,M.Gay,00-0035269
2024_09_IND_MIN,REG,9,MIN,missed,31.0,,0.0,1.0,W.Reichard,00-0039404
2024_09_IND_MIN,REG,9,MIN,,33.0,good,1.0,0.0,W.Reichard,00-0039404
2024_09_IND_MIN,REG,9,MIN,,33.0,good,1.0,0.0,W.Reichard,00-0039404
2024_09_IND_MIN,REG,9,IND,made,42.0,,0.0,1.0,M.Gay,00-0035269
2024_09_IND_MIN,REG,9,MIN,,33.0,good,1.0,0.0,W.Reichard,00-0039404
2024_09_IND_MIN,REG,9,IND,made,54.0,,0.0,1.0,M.Gay,00-0035269
2024_09_JAX_PHI,REG,9,PHI,,33.0,good,1.0,0.0,J.Elliott,00-0033787
2024_09_JAX_PHI,REG,9,PHI,made,43.0,,0.0,1.0,J.Elliott,00-0033787
2024_09_JAX_PHI,REG,9,JAX,,33.0,good,1.0,0.0,C.Little,00-0039409
2024_09_JAX_PHI,REG,9,PHI,missed,57.0,,0.0,1.0,J.Elliott,00-0033787
2024_09_LAC_CLE,REG,9,LAC,,33.0,good,1.0,0.0,C.Dicker,00-0037224
2024_09_LAC_CLE,REG,9,CLE,made,38.0,,0.0,1.0,D.Hopkins,00-0030098
2024_09_LAC_CLE,REG,9,LAC,,33.0,failed,1.0,0.0,C.Dicker,00-0037224
2024_09_LAC_CLE,REG,9,LAC,,33.0,good,1.0,0.0,C.Dicker,00-0037224
2024_09_LAC_CLE,REG,9,LAC,missed,44.0,,0.0,1.0,C.Dicker,00-0037224
2024_09_LAC_CLE,REG,9,CLE,blocked,51.0,,0.0,1.0,D.Hopkins,00-0030098
2024_09_LAC_CLE,REG,9,LAC,,33.0,good,1.0,0.0,C.Dicker,00-0037224
2024_09_LAC_CLE,REG,9,CLE,,33.0,good,1.0,0.0,D.Hopkins,00-0030098
2024_09_LA_SEA,REG,9,LAR,made,38.0,,0.0,1.0,J.Karty,00-0039750
2024_09_LA_SEA,REG,9,SEA,,33.0,blocked,1.0,0.0,J.Myers,00-0031492
2024_09_LA_SEA,REG,9,SEA,,33.0,good,1.0,0.0,J.Myers,00-0031492
2024_09_LA_SEA,REG,9,LAR,,33.0,good,1.0,0.0,J.Karty,00-0039750
2024_09_LA_SEA,REG,9,LAR,made,21.0,,0.0,1.0,J.Karty,00-0039750
2024_09_LA_SEA,REG,9,LAR,,33.0,good,1.0,0.0,J.Karty,00-0039750
2024_09_LA_SEA,REG,9,SEA,,33.0,good,1.0,0.0,J.Myers,00-0031492
2024_09_LV_CIN,REG,9,LV,,33.0,good,1.0,0.0,D.Carlson,00-0034161
2024_09_LV_CIN,REG,9,CIN,,33.0,good,1.0,0.0,E.McPherson,00-0036854
2024_09_LV_CIN,REG,9,CIN,made,44.0,,0.0,1.0,E.McPherson,00-0036854
2024_09_LV_CIN,REG,9,LV,made,46.0,,0.0,1.0,D.Carlson,00-0034161
2024_09_LV_CIN,REG,9,CIN,,33.0,good,1.0,0.0,E.McPherson,00-0036854
2024_09_LV_CIN,REG,9,CIN,,33.0,good,1.0,0.0,E.McPherson,00-0036854
2024_09_LV_CIN,REG,9,CIN,,33.0,good,1.0,0.0,E.McPherson,00-0036854
2024_09_LV_CIN,REG,9,LV,,33.0,good,1.0,0.0,D.Carlson,00-0034161
2024_09_LV_CIN,REG,9,CIN,,33.0,good,1.0,0.0,E.McPherson,00-0036854
2024_09_LV_CIN,REG,9,CIN,made,27.0,,0.0,1.0,E.McPherson,00-0036854
2024_09_LV_CIN,REG,9,LV,,33.0,good,1.0,0.0,D.Carlson,00-0034161
2024_09_MIA_BUF,REG,9,BUF,made,40.0,,0.0,1.0,T.Bass,00-0036162
2024_09_MIA_BUF,REG,9,MIA,made,39.0,,0.0,1.0,J.Sanders,00-0034794
2024_09_MIA_BUF,REG,9,MIA,,33.0,good,1.0,0.0,J.Sanders,00-0034794
2024_09_MIA_BUF,REG,9,BUF,made,49.0,,0.0,1.0,T.Bass,00-0036162
2024_09_MIA_BUF,REG,9,BUF,,33.0,failed,1.0,0.0,T.Bass,00-0036162
2024_09_MIA_BUF,REG,9,MIA,made,23.0,,0.0,1.0,J.Sanders,00-0034794
2024_09_MIA_BUF,REG,9,MIA,,33.0,good,1.0,0.0,J.Sanders,00-0034794
2024_09_MIA_BUF,REG,9,BUF,,33.0,good,1.0,0.0,T.Bass,00-0036162
2024_09_MIA_BUF,REG,9,MIA,,33.0,good,1.0,0.0,J.Sanders,00-0034794
2024_09_MIA_BUF,REG,9,BUF,made,61.0,,0.0,1.0,T.Bass,00-0036162
2024_09_NE_TEN,REG,9,TEN,,33.0,good,1.0,0.0,N.Folk,00-0025565
2024_09_NE_TEN,REG,9,NE,missed,56.0,,0.0,1.0,J.Slye,00-0035192
2024_09_NE_TEN,REG,9,NE,made,52.0,,0.0,1.0,J.Slye,00-0035192
2024_09_NE_TEN,REG,9,NE,,33.0,good,1.0,0.0,J.Slye,00-0035192
2024_09_NE_TEN,REG,9,TEN,made,21.0,,0.0,1.0,N.Folk,00-0025565
2024_09_NE_TEN,REG,9,TEN,,33.0,good,1.0,0.0,N.Folk,00-0025565
2024_09_NE_TEN,REG,9,NE,,33.0,good,1.0,0.0,J.Slye,00-0035192
2024_09_NE_TEN,REG,9,TEN,made,25.0,,0.0,1.0,N.Folk,00-0025565
2024_09_NO_CAR,REG,9,NO,made,29.0,,0.0,1.0,B.Grupe,00-0038905
2024_09_NO_CAR,REG,9,NO,made,33.0,,0.0,1.0,B.Grupe,00-0038905
2024_09_NO_CAR,REG,9,CAR,,33.0,good,1.0,0.0,E.Pineiro,00-0034173
2024_09_NO_CAR,REG,9,NO,,33.0,good,1.0,0.0,B.Grupe,00-0038905
2024_09_NO_CAR,REG,9,CAR,made,48.0,,0.0,1.0,E.Pineiro,00-0034173
2024_09_NO_CAR,REG,9,CAR,,33.0,good,1.0,0.0,E.Pineiro,00-0034173
2024_09_NO_CAR,REG,9,NO,made,51.0,,0.0,1.0,B.Grupe,00-0038905
2024_09_TB_KC,REG,9,KC,made,40.0,,0.0,1.0,H.Butker,00-0033303
2024_09_TB_KC,REG,9,TB,,33.0,good,1.0,0.0,C.McLaughlin,00-0035358
2024_09_TB_KC,REG,9,KC,,33.0,good,1.0,0.0,H.Butker,00-0033303
2024_09_TB_KC,REG,9,TB,,33.0,good,1.0,0.0,C.McLaughlin,00-0035358
2024_09_TB_KC,REG,9,TB,made,47.0,,0.0,1.0,C.McLaughlin,00-0035358
2024_09_TB_KC,REG,9,KC,,33.0,good,1.0,0.0,H.Butker,00-0033303
2024_09_TB_KC,REG,9,KC,,33.0,good,1.0,0.0,H.Butker,00-0033303
2024_09_TB_KC,REG,9,TB,,33.0,good,1.0,0.0,C.McLaughlin,00-0035358
2024_09_WAS_NYG,REG,9,WAS,,33.0,good,1.0,0.0,A.Seibert,00-0035145
2024_09_WAS_NYG,REG,9,NYG,,33.0,good,1.0,0.0,J.McAtamney,00-0039934
2024_09_WAS_NYG,REG,9,WAS,,33.0,good,1.0,0.0,A.Seibert,00-0035145
2024_09_WAS_NYG,REG,9,WAS,,33.0,good,1.0,0.0,A.Seibert,00-0035145
2024_09_WAS_NYG,REG,9,NYG,made,31.0,,0.0,1.0,J.McAtamney,00-0039934
2024_09_WAS_NYG,REG,9,WAS,made,31.0,,0.0,1.0,A.Seibert,00-0035145
2024_09_WAS_NYG,REG,9,WAS,made,20.0,,0.0,1.0,A.Seibert,00-0035145
2024_10_ATL_NO,REG,10,NO,made,38.0,,0.0,1.0,B.Grupe,00-0038905
2024_10_ATL_NO,REG,10,ATL,missed,53.0,,0.0,1.0,Y.Koo,00-0033702
2024_10_ATL_NO,REG,10,NO,,33.0,good,1.0,0.0,B.Grupe,00-0038905
2024_10_ATL_NO,REG,10,ATL,,33.0,good,1.0,0.0,Y.Koo,00-0033702
2024_10_ATL_NO,REG,10,NO,,33.0,good,1.0,0.0,B.Grupe,00-0038905
2024_10_ATL_NO,REG,10,ATL,blocked,35.0,,0.0,1.0,Y.Koo,00-0033702
2024_10_ATL_NO,REG,10,ATL,made,27.0,,0.0,1.0,Y.Koo,00-0033702
2024_10_ATL_NO,REG,10,NO,made,26.0,,0.0,1.0,B.Grupe,00-0038905
2024_10_ATL_NO,REG,10,ATL,,33.0,good,1.0,0.0,Y.Koo,00-0033702
2024_10_ATL_NO,REG,10,ATL,missed,46.0,,0.0,1.0,Y.Koo,00-0033702
2024_10_BUF_IND,REG,10,BUF,,33.0,good,1.0,0.0,T.Bass,00-0036162
2024_10_BUF_IND,REG,10,BUF,made,29.0,,0.0,1.0,T.Bass,00-0036162
2024_10_BUF_IND,REG,10,IND,made,27.0,,0.0,1.0,M.Gay,00-0035269
2024_10_BUF_IND,REG,10,IND,,33.0,good,1.0,0.0,M.Gay,00-0035269
2024_10_BUF_IND,REG,10,IND,made,23.0,,0.0,1.0,M.Gay,00-0035269
2024_10_BUF_IND,REG,10,BUF,,48.0,good,1.0,0.0,T.Bass,00-0036162
2024_10_BUF_IND,REG,10,BUF,made,47.0,,0.0,1.0,T.Bass,00-0036162
2024_10_BUF_IND,REG,10,BUF,made,28.0,,0.0,1.0,T.Bass,00-0036162
2024_10_BUF_IND,REG,10,BUF,,33.0,good,1.0,0.0,T.Bass,00-0036162
2024_10_BUF_IND,REG,10,IND,,33.0,good,1.0,0.0,M.Gay,00-0035269
2024_10_CIN_BAL,REG,10,CIN,,33.0,good,1.0,0.0,E.McPherson,00-0036854
2024_10_CIN_BAL,REG,10,BAL,,33.0,good,1.0,0.0,J.Tucker,00-0029597
2024_10_CIN_BAL,REG,10,CIN,,33.0,good,1.0,0.0,E.McPherson,00-0036854
2024_10_CIN_BAL,REG,10,CIN,,33.0,good,1.0,0.0,E.McPherson,00-0036854
2024_10_CIN_BAL,REG,10,BAL,,33.0,good,1.0,0.0,J.Tucker,00-0029597
2024_10_CIN_BAL,REG,10,BAL,,33.0,failed,1.0,0.0,J.Tucker,00-0029597
2024_10_CIN_BAL,REG,10,CIN,,33.0,good,1.0,0.0,E.McPherson,00-0036854
2024_10_CIN_BAL,REG,10,BAL,,33.0,good,1.0,0.0,J.Tucker,00-0029597
2024_10_DEN_KC,REG,10,DEN,,33.0,good,1.0,0.0,W.Lutz,00-0032569
2024_10_DEN_KC,REG,10,KC,made,36.0,,0.0,1.0,H.Butker,00-0033303
2024_10_DEN_KC,REG,10,DEN,,33.0,good,1.0,0.0,W.Lutz,00-0032569
2024_10_DEN_KC,REG,10,KC,,33.0,good,1.0,0.0,H.Butker,00-0033303
2024_10_DEN_KC,REG,10,DEN,missed,60.0,,0.0,1.0,W.Lutz,00-0032569
2024_10_DEN_KC,REG,10,KC,made,28.0,,0.0,1.0,H.Butker,00-0033303
2024_10_DEN_KC,REG,10,KC,made,20.0,,0.0,1.0,H.Butker,00-0033303
2024_10_DEN_KC,REG,10,DEN,blocked,35.0,,0.0,1.0,W.Lutz,00-0032569
2024_10_DET_HOU,REG,10,HOU,,33.0,good,1.0,0.0,K.Fairbairn,00-0032726
2024_10_DET_HOU,REG,10,HOU,made,34.0,,0.0,1.0,K.Fairbairn,00-0032726
2024_10_DET_HOU,REG,10,DET,,33.0,good,1.0,0.0,J.Bates,00-0039172
2024_10_DET_HOU,REG,10,HOU,made,56.0,,0.0,1.0,K.Fairbairn,00-0032726
2024_10_DET_HOU,REG,10,HOU,made,29.0,,0.0,1.0,K.Fairbairn,00-0032726
2024_10_DET_HOU,REG,10,HOU,,33.0,good,1.0,0.0,K.Fairbairn,00-0032726
2024_10_DET_HOU,REG,10,DET,,33.0,good,1.0,0.0,J.Bates,00-0039172
2024_10_DET_HOU,REG,10,DET,made,58.0,,0.0,1.0,J.Bates,00-0039172
2024_10_DET_HOU,REG,10,HOU,missed,58.0,,0.0,1.0,K.Fairbairn,00-0032726
2024_10_DET_HOU,REG,10,DET,made,52.0,,0.0,1.0,J.Bates,00-0039172
2024_10_MIA_LA,REG,10,MIA,,33.0,good,1.0,0.0,J.Sanders,00-0034794
2024_10_MIA_LA,REG,10,MIA,made,50.0,,0.0,1.0,J.Sanders,00-0034794
2024_10_MIA_LA,REG,10,LAR,made,34.0,,0.0,1.0,J.Karty,00-0039750
2024_10_MIA_LA,REG,10,LAR,made,55.0,,0.0,1.0,J.Karty,00-0039750
2024_10_MIA_LA,REG,10,LAR,missed,57.0,,0.0,1.0,J.Karty,00-0039750
2024_10_MIA_LA,REG,10,MIA,,33.0,good,1.0,0.0,J.Sanders,00-0034794
2024_10_MIA_LA,REG,10,LAR,made,53.0,,0.0,1.0,J.Karty,00-0039750
2024_10_MIA_LA,REG,10,MIA,made,37.0,,0.0,1.0,J.Sanders,00-0034794
2024_10_MIA_LA,REG,10,LAR,made,22.0,,0.0,1.0,J.Karty,00-0039750
2024_10_MIA_LA,REG,10,MIA,made,50.0,,0.0,1.0,J.Sanders,00-0034794
2024_10_MIA_LA,REG,10,LAR,made,31.0,,0.0,1.0,J.Karty,00-0039750
2024_10_MIN_JAX,REG,10,MIN,made,45.0,,0.0,1.0,J.Romo,00-0037542
2024_10_MIN_JAX,REG,10,JAX,,33.0,good,1.0,0.0,C.Little,00-0039409
2024_10_MIN_JAX,REG,10,MIN,made,33.0,,0.0,1.0,J.Romo,00-0037542
2024_10_MIN_JAX,REG,10,MIN,made,34.0,,0.0,1.0,J.Romo,00-0037542
2024_10_MIN_JAX,REG,10,MIN,made,29.0,,0.0,1.0,J.Romo,00-0037542
2024_10_NE_CHI,REG,10,NE,made,30.0,,0.0,1.0,J.Slye,00-0035192
2024_10_NE_CHI,REG,10,CHI,made,33.0,,0.0,1.0,C.Santos,00-0031203
2024_10_NE_CHI,REG,10,NE,,33.0,good,1.0,0.0,J.Slye,00-0035192
2024_10_NE_CHI,REG,10,NE,made,37.0,,0.0,1.0,J.Slye,00-0035192
2024_10_NE_CHI,REG,10,NE,made,25.0,,0.0,1.0,J.Slye,00-0035192
2024_10_NE_CHI,REG,10,NE,made,33.0,,0.0,1.0,J.Slye,00-0035192
2024_10_NYG_CAR,REG,10,CAR,,33.0,good,1.0,0.0,E.Pineiro,00-0034173
2024_10_NYG_CAR,REG,10,CAR,made,53.0,,0.0,1.0,E.Pineiro,00-0034173
2024_10_NYG_CAR,REG,10,NYG,missed,43.0,,0.0,1.0,G.Gano,00-0026858
2024_10_NYG_CAR,REG,10,NYG,,33.0,good,1.0,0.0,G.Gano,00-0026858
2024_10_NYG_CAR,REG,10,CAR,,33.0,good,1.0,0.0,E.Pineiro,00-0034173
2024_10_NYG_CAR,REG,10,NYG,,33.0,good,1.0,0.0,G.Gano,00-0026858
2024_10_NYG_CAR,REG,10,NYG,made,42.0,,0.0,1.0,G.Gano,00-0026858
2024_10_NYG_CAR,REG,10,CAR,made,36.0,,0.0,1.0,E.Pineiro,00-0034173
2024_10_NYJ_ARI,REG,10,ARI,,33.0,good,1.0,0.0,C.Ryland,00-0038567
2024_10_NYJ_ARI,REG,10,NYJ,made,25.0,,0.0,1.0,S.Shrader,00-0039576
2024_10_NYJ_ARI,REG,10,ARI,,33.0,good,1.0,0.0,C.Ryland,00-0038567
2024_10_NYJ_ARI,REG,10,NYJ,made,45.0,,0.0,1.0,S.Shrader,00-0039576
2024_10_NYJ_ARI,REG,10,ARI,,33.0,good,1.0,0.0,C.Ryland,00-0038567
2024_10_NYJ_ARI,REG,10,ARI,made,37.0,,0.0,1.0,C.Ryland,00-0038567
2024_10_NYJ_ARI,REG,10,ARI,,33.0,good,1.0,0.0,C.Ryland,00-0038567
2024_10_PHI_DAL,REG,10,PHI,,33.0,good,1.0,0.0,J.Elliott,00-0033787
2024_10_PHI_DAL,REG,10,DAL,made,46.0,,0.0,1.0,B.Aubrey,00-0037692
2024_10_PHI_DAL,REG,10,DAL,made,23.0,,0.0,1.0,B.Aubrey,00-0037692
2024_10_PHI_DAL,REG,10,PHI,,33.0,good,1.0,0.0,J.Elliott,00-0033787
2024_10_PHI_DAL,REG,10,PHI,,33.0,good,1.0,0.0,J.Elliott,00-0033787
2024_10_PHI_DAL,REG,10,PHI,,33.0,good,1.0,0.0,J.Elliott,00-0033787
2024_10_PHI_DAL,REG,10,PHI,made,39.0,,0.0,1.0,J.Elliott,00-0033787
2024_10_PHI_DAL,REG,10,PHI,made,38.0,,0.0,1.0,J.Elliott,00-0033787
2024_10_PIT_WAS,REG,10,PIT,,33.0,good,1.0,0.0,C.Boswell,00-0031136
2024_10_PIT_WAS,REG,10,WAS,,33.0,good,1.0,0.0,Z.Gonzalez,00-0033862
2024_10_PIT_WAS,REG,10,PIT,,33.0,good,1.0,0.0,C.Boswell,00-0031136
2024_10_PIT_WAS,REG,10,WAS,made,48.0,,0.0,1.0,Z.Gonzalez,00-0033862
2024_10_PIT_WAS,REG,10,WAS,,33.0,good,1.0,0.0,Z.Gonzalez,00-0033862
2024_10_PIT_WAS,REG,10,WAS,,33.0,good,1.0,0.0,Z.Gonzalez,00-0033862
2024_10_PIT_WAS,REG,10,PIT,,33.0,good,1.0,0.0,C.Boswell,00-0031136
2024_10_PIT_WAS,REG,10,WAS,made,41.0,,0.0,1.0,Z.Gonzalez,00-0033862
2024_10_PIT_WAS,REG,10,PIT,,33.0,good,1.0,0.0,C.Boswell,00-0031136
2024_10_SF_TB,REG,10,SF,,33.0,good,1.0,0.0,J.Moody,00-0038562
2024_10_SF_TB,REG,10,SF,made,28.0,,0.0,1.0,J.Moody,00-0038562
2024_10_SF_TB,REG,10,TB,made,30.0,,0.0,1.0,C.McLaughlin,00-0035358
2024_10_SF_TB,REG,10,SF,missed,49.0,,0.0,1.0,J.Moody,00-0038562
2024_10_SF_TB,REG,10,TB,,33.0,good,1.0,0.0,C.McLaughlin,00-0035358
2024_10_SF_TB,REG,10,SF,made,33.0,,0.0,1.0,J.Moody,00-0038562
2024_10_SF_TB,REG,10,TB,,33.0,good,1.0,0.0,C.McLaughlin,00-0035358
2024_10_SF_TB,REG,10,SF,missed,50.0,,0.0,1.0,J.Moody,00-0038562
2024_10_SF_TB,REG,10,SF,,33.0,good,1.0,0.0,J.Moody,00-0038562
2024_10_SF_TB,REG,10,SF,missed,44.0,,0.0,1.0,J.Moody,00-0038562
2024_10_SF_TB,REG,10,TB,made,26.0,,0.0,1.0,C.McLaughlin,00-0035358
2024_10_SF_TB,REG,10,SF,made,44.0,,0.0,1.0,J.Moody,00-0038562
2024_10_TEN_LAC,REG,10,LAC,made,21.0,,0.0,1.0,C.Dicker,00-0037224
2024_10_TEN_LAC,REG,10,TEN,,33.0,good,1.0,0.0,N.Folk,00-0025565
2024_10_TEN_LAC,REG,10,LAC,made,37.0,,0.0,1.0,C.Dicker,00-0037224
2024_10_TEN_LAC,REG,10,TEN,missed,49.0,,0.0,1.0,N.Folk,00-0025565
2024_10_TEN_LAC,REG,10,LAC,,33.0,good,1.0,0.0,C.Dicker,00-0037224
2024_10_TEN_LAC,REG,10,TEN,made,27.0,,0.0,1.0,N.Folk,00-0025565
2024_10_TEN_LAC,REG,10,LAC,,33.0,good,1.0,0.0,C.Dicker,00-0037224
2024_10_TEN_LAC,REG,10,LAC,,33.0,good,1.0,0.0,C.Dicker,00-0037224
2024_10_TEN_LAC,REG,10,TEN,,33.0,good,1.0,0.0,N.Folk,00-0025565
2024_11_ATL_DEN,REG,11,DEN,,33.0,good,1.0,0.0,W.Lutz,00-0032569
2024_11_ATL_DEN,REG,11,ATL,made,41.0,,0.0,1.0,Y.Koo,00-0033702
2024_11_ATL_DEN,REG,11,DEN,,33.0,good,1.0,0.0,W.Lutz,00-0032569
2024_11_ATL_DEN,REG,11,ATL,made,51.0,,0.0,1.0,Y.Koo,00-0033702
2024_11_ATL_DEN,REG,11,DEN,,33.0,good,1.0,0.0,W.Lutz,00-0032569
2024_11_ATL_DEN,REG,11,DEN,,33.0,good,1.0,0.0,W.Lutz,00-0032569
2024_11_ATL_DEN,REG,11,DEN,made,45.0,,0.0,1.0,W.Lutz,00-0032569
2024_11_ATL_DEN,REG,11,DEN,,33.0,good,1.0,0.0,W.Lutz,00-0032569
2024_11_BAL_PIT,REG,11,PIT,made,32.0,,0.0,1.0,C.Boswell,00-0031136
2024_11_BAL_PIT,REG,11,BAL,missed,47.0,,0.0,1.0,J.Tucker,00-0029597
2024_11_BAL_PIT,REG,11,BAL,missed,50.0,,0.0,1.0,J.Tucker,00-0029597
2024_11_BAL_PIT,REG,11,PIT,made,52.0,,0.0,1.0,C.Boswell,00-0031136
2024_11_BAL_PIT,REG,11,BAL,,33.0,good,1.0,0.0,J.Tucker,00-0029597
2024_11_BAL_PIT,REG,11,PIT,made,32.0,,0.0,1.0,C.Boswell,00-0031136
2024_11_BAL_PIT,REG,11,PIT,made,57.0,,0.0,1.0,C.Boswell,00-0031136
2024_11_BAL_PIT,REG,11,BAL,made,54.0,,0.0,1.0,J.Tucker,00-0029597
2024_11_BAL_PIT,REG,11,PIT,made,27.0,,0.0,1.0,C.Boswell,00-0031136
2024_11_BAL_PIT,REG,11,PIT,made,50.0,,0.0,1.0,C.Boswell,00-0031136
2024_11_CIN_LAC,REG,11,CIN,made,26.0,,0.0,1.0,E.McPherson,00-0036854
2024_11_CIN_LAC,REG,11,LAC,,33.0,good,1.0,0.0,C.Dicker,00-0037224
2024_11_CIN_LAC,REG,11,CIN,made,27.0,,0.0,1.0,E.McPherson,00-0036854
2024_11_CIN_LAC,REG,11,LAC,,33.0,good,1.0,0.0,C.Dicker,00-0037224
2024_11_CIN_LAC,REG,11,LAC,,33.0,good,1.0,0.0,C.Dicker,00-0037224
2024_11_CIN_LAC,REG,11,LAC,made,19.0,,0.0,1.0,C.Dicker,00-0037224
2024_11_CIN_LAC,REG,11,LAC,made,53.0,,0.0,1.0,C.Dicker,00-0037224
2024_11_CIN_LAC,REG,11,CIN,,33.0,good,1.0,0.0,E.McPherson,00-0036854
2024_11_CIN_LAC,REG,11,CIN,,33.0,good,1.0,0.0,E.McPherson,00-0036854
2024_11_CIN_LAC,REG,11,CIN,,33.0,good,1.0,0.0,E.McPherson,00-0036854
2024_11_CIN_LAC,REG,11,CIN,missed,48.0,,0.0,1.0,E.McPherson,00-0036854
2024_11_CIN_LAC,REG,11,CIN,missed,51.0,,0.0,1.0,E.McPherson,00-0036854
2024_11_CIN_LAC,REG,11,LAC,,33.0,good,1.0,0.0,C.Dicker,00-0037224
2024_11_CLE_NO,REG,11,NO,,33.0,good,1.0,0.0,B.Grupe,00-0038905
2024_11_CLE_NO,REG,11,NO,,33.0,good,1.0,0.0,B.Grupe,00-0038905
2024_11_CLE_NO,REG,11,CLE,missed,51.0,,0.0,1.0,D.Hopkins,00-0030098
2024_11_CLE_NO,REG,11,CLE,missed,27.0,,0.0,1.0,D.Hopkins,00-0030098
2024_11_CLE_NO,REG,11,NO,,33.0,good,1.0,0.0,B.Grupe,00-0038905
2024_11_CLE_NO,REG,11,NO,,33.0,good,1.0,0.0,B.Grupe,00-0038905
2024_11_CLE_NO,REG,11,NO,,33.0,good,1.0,0.0,B.Grupe,00-0038905
2024_11_GB_CHI,REG,11,GB,,33.0,good,1.0,0.0,B.McManus,00-0029822
2024_11_GB_CHI,REG,11,CHI,made,53.0,,0.0,1.0,C.Santos,00-0031203
2024_11_GB_CHI,REG,11,CHI,,33.0,good,1.0,0.0,C.Santos,00-0031203
2024_11_GB_CHI,REG,11,CHI,made,27.0,,0.0,1.0,C.Santos,00-0031203
2024_11_GB_CHI,REG,11,GB,,33.0,good,1.0,0.0,B.McManus,00-0029822
2024_11_GB_CHI,REG,11,CHI,blocked,46.0,,0.0,1.0,C.Santos,00-0031203
2024_11_HOU_DAL,REG,11,HOU,,38.0,good,1.0,0.0,K.Fairbairn,00-0032726
2024_11_HOU_DAL,REG,11,HOU,,33.0,good,1.0,0.0,K.Fairbairn,00-0032726
2024_11_HOU_DAL,REG,11,DAL,,33.0,good,1.0,0.0,B.Aubrey,00-0037692
2024_11_HOU_DAL,REG,11,HOU,made,33.0,,0.0,1.0,K.Fairbairn,00-0032726
2024_11_HOU_DAL,REG,11,DAL,made,53.0,,0.0,1.0,B.Aubrey,00-0037692
2024_11_HOU_DAL,REG,11,DAL,missed,40.0,,0.0,1.0,B.Aubrey,00-0037692
2024_11_HOU_DAL,REG,11,HOU,made,29.0,,0.0,1.0,K.Fairbairn,00-0032726
2024_11_HOU_DAL,REG,11,HOU,,33.0,good,1.0,0.0,K.Fairbairn,00-0032726
2024_11_HOU_DAL,REG,11,HOU,,33.0,good,1.0,0.0,K.Fairbairn,00-0032726
2024_11_IND_NYJ,REG,11,IND,made,41.0,,0.0,1.0,M.Gay,00-0035269
2024_11_IND_NYJ,REG,11,IND,,33.0,good,1.0,0.0,M.Gay,00-0035269
2024_11_IND_NYJ,REG,11,IND,made,47.0,,0.0,1.0,M.Gay,00-0035269
2024_11_IND_NYJ,REG,11,NYJ,,33.0,good,1.0,0.0,A.Carlson,00-0038402
2024_11_IND_NYJ,REG,11,NYJ,,33.0,good,1.0,0.0,A.Carlson,00-0038402
2024_11_IND_NYJ,REG,11,IND,made,56.0,,0.0,1.0,M.Gay,00-0035269
2024_11_IND_NYJ,REG,11,NYJ,made,58.0,,0.0,1.0,A.Carlson,00-0038402
2024_11_IND_NYJ,REG,11,NYJ,,33.0,good,1.0,0.0,A.Carlson,00-0038402
2024_11_IND_NYJ,REG,11,NYJ,made,35.0,,0.0,1.0,A.Carlson,00-0038402
2024_11_JAX_DET,REG,11,JAX,made,59.0,,0.0,1.0,C.Little,00-0039409
2024_11_JAX_DET,REG,11,DET,,33.0,good,1.0,0.0,J.Bates,00-0039172
2024_11_JAX_DET,REG,11,DET,,33.0,good,1.0,0.0,J.Bates,00-0039172
2024_11_JAX_DET,REG,11,DET,,33.0,good,1.0,0.0,J.Bates,00-0039172
2024_11_JAX_DET,REG,11,DET,,33.0,good,1.0,0.0,J.Bates,00-0039172
2024_11_JAX_DET,REG,11,JAX,made,35.0,,0.0,1.0,C.Little,00-0039409
2024_11_JAX_DET,REG,11,DET,,33.0,good,1.0,0.0,J.Bates,00-0039172
2024_11_JAX_DET,REG,11,DET,,33.0,good,1.0,0.0,J.Bates,00-0039172
2024_11_JAX_DET,REG,11,DET,,33.0,good,1.0,0.0,J.Bates,00-0039172
2024_11_JAX_DET,REG,11,DET,made,54.0,,0.0,1.0,J.Bates,00-0039172
2024_11_KC_BUF,REG,11,BUF,,33.0,failed,1.0,0.0,T.Bass,00-0036162
2024_11_KC_BUF,REG,11,KC,,33.0,good,1.0,0.0,S.Shrader,00-0039576
2024_11_KC_BUF,REG,11,BUF,,33.0,good,1.0,0.0,T.Bass,00-0036162
2024_11_KC_BUF,REG,11,KC,,33.0,good,1.0,0.0,S.Shrader,00-0039576
2024_11_KC_BUF,REG,11,BUF,made,33.0,,0.0,1.0,T.Bass,00-0036162
2024_11_KC_BUF,REG,11,BUF,,33.0,good,1.0,0.0,T.Bass,00-0036162
2024_11_KC_BUF,REG,11,KC,,33.0,good,1.0,0.0,S.Shrader,00-0039576
2024_11_KC_BUF,REG,11,BUF,,33.0,good,1.0,0.0,T.Bass,00-0036162
2024_11_LA_NE,REG,11,NE,,33.0,good,1.0,0.0,J.Slye,00-0035192
2024_11_LA_NE,REG,11,LAR,,33.0,good,1.0,0.0,J.Karty,00-0039750
2024_11_LA_NE,REG,11,LAR,,33.0,good,1.0,0.0,J.Karty,00-0039750
2024_11_LA_NE,REG,11,NE,made,32.0,,0.0,1.0,J.Slye,00-0035192
2024_11_LA_NE,REG,11,LAR,missed,26.0,,0.0,1.0,J.Karty,00-0039750
2024_11_LA_NE,REG,11,LAR,,33.0,good,1.0,0.0,J.Karty,00-0039750
2024_11_LA_NE,REG,11,NE,made,25.0,,0.0,1.0,J.Slye,00-0035192
2024_11_LA_NE,REG,11,LAR,,33.0,good,1.0,0.0,J.Karty,00-0039750
2024_11_LA_NE,REG,11,NE,,33.0,blocked,1.0,0.0,J.Slye,00-0035192
2024_11_LA_NE,REG,11,NE,made,42.0,,0.0,1.0,J.Slye,00-0035192
2024_11_LV_MIA,REG,11,MIA,,33.0,good,1.0,0.0,J.Sanders,00-0034794
2024_11_LV_MIA,REG,11,LV,made,27.0,,0.0,1.0,D.Carlson,00-0034161
2024_11_LV_MIA,REG,11,MIA,made,31.0,,0.0,1.0,J.Sanders,00-0034794
2024_11_LV_MIA,REG,11,LV,made,22.0,,0.0,1.0,D.Carlson,00-0034161
2024_11_LV_MIA,REG,11,MIA,,33.0,good,1.0,0.0,J.Sanders,00-0034794
2024_11_LV_MIA,REG,11,MIA,,33.0,good,1.0,0.0,J.Sanders,00-0034794
2024_11_LV_MIA,REG,11,LV,,33.0,good,1.0,0.0,D.Carlson,00-0034161
2024_11_LV_MIA,REG,11,MIA,,33.0,good,1.0,0.0,J.Sanders,00-0034794
2024_11_LV_MIA,REG,11,MIA,made,46.0,,0.0,1.0,J.Sanders,00-0034794
2024_11_MIN_TEN,REG,11,TEN,made,30.0,,0.0,1.0,N.Folk,00-0025565
2024_11_MIN_TEN,REG,11,MIN,,33.0,good,1.0,0.0,J.Romo,00-0037542
2024_11_MIN_TEN,REG,11,MIN,,33.0,failed,1.0,0.0,J.Romo,00-0037542
2024_11_MIN_TEN,REG,11,MIN,made,40.0,,0.0,1.0,J.Romo,00-0037542
2024_11_MIN_TEN,REG,11,TEN,,33.0,good,1.0,0.0,N.Folk,00-0025565
2024_11_MIN_TEN,REG,11,MIN,,33.0,good,1.0,0.0,J.Romo,00-0037542
2024_11_MIN_TEN,REG,11,TEN,made,43.0,,0.0,1.0,N.Folk,00-0025565
2024_11_SEA_SF,REG,11,SEA,made,52.0,,0.0,1.0,J.Myers,00-0031492
2024_11_SEA_SF,REG,11,SF,,33.0,good,1.0,0.0,J.Moody,00-0038562
2024_11_SEA_SF,REG,11,SEA,made,57.0,,0.0,1.0,J.Myers,00-0031492
2024_11_SEA_SF,REG,11,SF,made,33.0,,0.0,1.0,J.Moody,00-0038562
2024_11_SEA_SF,REG,11,SEA,,33.0,good,1.0,0.0,J.Myers,00-0031492
2024_11_SEA_SF,REG,11,SF,,33.0,good,1.0,0.0,J.Moody,00-0038562
2024_11_SEA_SF,REG,11,SEA,,33.0,good,1.0,0.0,J.Myers,00-0031492
2024_11_WAS_PHI,REG,11,PHI,missed,44.0,,0.0,1.0,J.Elliott,00-0033787
2024_11_WAS_PHI,REG,11,WAS,,33.0,good,1.0,0.0,Z.Gonzalez,00-0033862
2024_11_WAS_PHI,REG,11,PHI,missed,51.0,,0.0,1.0,J.Elliott,00-0033787
2024_11_WAS_PHI,REG,11,PHI,made,21.0,,0.0,1.0,J.Elliott,00-0033787
2024_11_WAS_PHI,REG,11,WAS,made,45.0,,0.0,1.0,Z.Gonzalez,00-0033862
2024_11_WAS_PHI,REG,11,PHI,made,31.0,,0.0,1.0,J.Elliott,00-0033787
2024_11_WAS_PHI,REG,11,PHI,,33.0,failed,1.0,0.0,J.Elliott,00-0033787
2024_11_WAS_PHI,REG,11,PHI,,33.0,good,1.0,0.0,J.Elliott,00-0033787
2024_11_WAS_PHI,REG,11,PHI,,33.0,good,1.0,0.0,J.Elliott,00-0033787
2024_12_ARI_SEA,REG,12,ARI,made,35.0,,0.0,1.0,C.Ryland,00-0038567
2024_12_ARI_SEA,REG,12,SEA,,33.0,good,1.0,0.0,J.Myers,00-0031492
2024_12_ARI_SEA,REG,12,SEA,,48.0,failed,1.0,0.0,J.Myers,00-0031492
2024_12_ARI_SEA,REG,12,ARI,made,22.0,,0.0,1.0,C.Ryland,00-0038567
2024_12_ARI_SEA,REG,12,SEA,made,50.0,,0.0,1.0,J.Myers,00-0031492
2024_12_ARI_SEA,REG,12,ARI,missed,47.0,,0.0,1.0,C.Ryland,00-0038567
2024_12_BAL_LAC,REG,12,LAC,,33.0,good,1.0,0.0,C.Dicker,00-0037224
2024_12_BAL_LAC,REG,12,LAC,made,42.0,,0.0,1.0,C.Dicker,00-0037224
2024_12_BAL_LAC,REG,12,BAL,,33.0,good,1.0,0.0,J.Tucker,00-0029597
2024_12_BAL_LAC,REG,12,BAL,,33.0,good,1.0,0.0,J.Tucker,00-0029597
2024_12_BAL_LAC,REG,12,LAC,made,52.0,,0.0,1.0,C.Dicker,00-0037224
2024_12_BAL_LAC,REG,12,BAL,made,45.0,,0.0,1.0,J.Tucker,00-0029597
2024_12_BAL_LAC,REG,12,LAC,made,52.0,,0.0,1.0,C.Dicker,00-0037224
2024_12_BAL_LAC,REG,12,BAL,,33.0,good,1.0,0.0,J.Tucker,00-0029597
2024_12_BAL_LAC,REG,12,LAC,,38.0,good,1.0,0.0,C.Dicker,00-0037224
2024_12_DAL_WAS,REG,12,DAL,blocked,35.0,,0.0,1.0,B.Aubrey,00-0037692
2024_12_DAL_WAS,REG,12,WAS,made,41.0,,0.0,1.0,A.Seibert,00-0035145
2024_12_DAL_WAS,REG,12,DAL,missed,42.0,,0.0,1.0,B.Aubrey,00-0037692
2024_12_DAL_WAS,REG,12,WAS,missed,51.0,,0.0,1.0,A.Seibert,00-0035145
2024_12_DAL_WAS,REG,12,DAL,made,46.0,,0.0,1.0,B.Aubrey,00-0037692
2024_12_DAL_WAS,REG,12,WAS,,33.0,failed,1.0,0.0,A.Seibert,00-0035145
2024_12_DAL_WAS,REG,12,DAL,,33.0,good,1.0,0.0,B.Aubrey,00-0037692
2024_12_DAL_WAS,REG,12,DAL,made,48.0,,0.0,1.0,B.Aubrey,00-0037692
2024_12_DAL_WAS,REG,12,DAL,,33.0,good,1.0,0.0,B.Aubrey,00-0037692
2024_12_DAL_WAS,REG,12,DAL,,33.0,good,1.0,0.0,B.Aubrey,00-0037692
2024_12_DAL_WAS,REG,12,WAS,made,51.0,,0.0,1.0,A.Seibert,00-0035145
2024_12_DAL_WAS,REG,12,WAS,,33.0,failed,1.0,0.0,A.Seibert,00-0035145
2024_12_DAL_WAS,REG,12,DAL,,33.0,good,1.0,0.0,B.Aubrey,00-0037692
2024_12_DEN_LV,REG,12,DEN,made,38.0,,0.0,1.0,W.Lutz,00-0032569
2024_12_DEN_LV,REG,12,LV,,33.0,good,1.0,0.0,D.Carlson,00-0034161
2024_12_DEN_LV,REG,12,DEN,made,53.0,,0.0,1.0,W.Lutz,00-0032569
2024_12_DEN_LV,REG,12,LV,made,34.0,,0.0,1.0,D.Carlson,00-0034161
2024_12_DEN_LV,REG,12,DEN,made,54.0,,0.0,1.0,W.Lutz,00-0032569
2024_12_DEN_LV,REG,12,LV,made,34.0,,0.0,1.0,D.Carlson,00-0034161
2024_12_DEN_LV,REG,12,DEN,,33.0,good,1.0,0.0,W.Lutz,00-0032569
2024_12_DEN_LV,REG,12,DEN,made,45.0,,0.0,1.0,W.Lutz,00-0032569
2024_12_DEN_LV,REG,12,LV,made,53.0,,0.0,1.0,D.Carlson,00-0034161
2024_12_DEN_LV,REG,12,DEN,,33.0,good,1.0,0.0,W.Lutz,00-0032569
2024_12_DEN_LV,REG,12,LV,made,22.0,,0.0,1.0,D.Carlson,00-0034161
2024_12_DEN_LV,REG,12,DEN,made,33.0,,0.0,1.0,W.Lutz,00-0032569
2024_12_DET_IND,REG,12,IND,made,27.0,,0.0,1.0,M.Gay,00-0035269
2024_12_DET_IND,REG,12,DET,,33.0,good,1.0,0.0,J.Bates,00-0039172
2024_12_DET_IND,REG,12,IND,made,29.0,,0.0,1.0,M.Gay,00-0035269
2024_12_DET_IND,REG,12,DET,,33.0,good,1.0,0.0,J.Bates,00-0039172
2024_12_DET_IND,REG,12,DET,,48.0,good,1.0,0.0,J.Bates,00-0039172
2024_12_DET_IND,REG,12,DET,made,56.0,,0.0,1.0,J.Bates,00-0039172
2024_12_KC_CAR,REG,12,KC,,33.0,good,1.0,0.0,S.Shrader,00-0039576
2024_12_KC_CAR,REG,12,CAR,made,30.0,,0.0,1.0,E.Pineiro,00-0034173
2024_12_KC_CAR,REG,12,KC,made,25.0,,0.0,1.0,S.Shrader,00-0039576
2024_12_KC_CAR,REG,12,CAR,made,32.0,,0.0,1.0,E.Pineiro,00-0034173
2024_12_KC_CAR,REG,12,KC,made,41.0,,0.0,1.0,S.Shrader,00-0039576
2024_12_KC_CAR,REG,12,KC,,33.0,good,1.0,0.0,S.Shrader,00-0039576
2024_12_KC_CAR,REG,12,CAR,made,29.0,,0.0,1.0,E.Pineiro,00-0034173
2024_12_KC_CAR,REG,12,CAR,,30.0,good,1.0,0.0,E.Pineiro,00-0034173
2024_12_KC_CAR,REG,12,KC,,33.0,good,1.0,0.0,S.Shrader,00-0039576
2024_12_KC_CAR,REG,12,CAR,made,33.0,,0.0,1.0,E.Pineiro,00-0034173
2024_12_KC_CAR,REG,12,KC,made,31.0,,0.0,1.0,S.Shrader,00-0039576
2024_12_MIN_CHI,REG,12,CHI,,33.0,good,1.0,0.0,C.Santos,00-0031203
2024_12_MIN_CHI,REG,12,MIN,,33.0,good,1.0,0.0,J.Romo,00-0037542
2024_12_MIN_CHI,REG,12,CHI,blocked,48.0,,0.0,1.0,C.Santos,00-0031203
2024_12_MIN_CHI,REG,12,MIN,,33.0,good,1.0,0.0,J.Romo,00-0037542
2024_12_MIN_CHI,REG,12,CHI,made,49.0,,0.0,1.0,C.Santos,00-0031203
2024_12_MIN_CHI,REG,12,MIN,made,40.0,,0.0,1.0,J.Romo,00-0037542
2024_12_MIN_CHI,REG,12,MIN,,33.0,good,1.0,0.0,J.Romo,00-0037542
2024_12_MIN_CHI,REG,12,MIN,made,26.0,,0.0,1.0,J.Romo,00-0037542
2024_12_MIN_CHI,REG,12,CHI,made,48.0,,0.0,1.0,C.Santos,00-0031203
2024_12_MIN_CHI,REG,12,MIN,made,29.0,,0.0,1.0,J.Romo,00-0037542
2024_12_NE_MIA,REG,12,NE,missed,45.0,,0.0,1.0,J.Slye,00-0035192
2024_12_NE_MIA,REG,12,MIA,,33.0,good,1.0,0.0,J.Sanders,00-0034794
2024_12_NE_MIA,REG,12,MIA,,33.0,good,1.0,0.0,J.Sanders,00-0034794
2024_12_NE_MIA,REG,12,MIA,,33.0,good,1.0,0.0,J.Sanders,00-0034794
2024_12_NE_MIA,REG,12,MIA,made,21.0,,0.0,1.0,J.Sanders,00-0034794
2024_12_NE_MIA,REG,12,MIA,,33.0,good,1.0,0.0,J.Sanders,00-0034794
2024_12_NE_MIA,REG,12,NE,,33.0,good,1.0,0.0,J.Slye,00-0035192
2024_12_NE_MIA,REG,12,MIA,made,51.0,,0.0,1.0,J.Sanders,00-0034794
2024_12_PHI_LA,REG,12,PHI,made,21.0,,0.0,1.0,J.Elliott,00-0033787
2024_12_PHI_LA,REG,12,LAR,,33.0,good,1.0,0.0,J.Karty,00-0039750
2024_12_PHI_LA,REG,12,PHI,made,31.0,,0.0,1.0,J.Elliott,00-0033787
2024_12_PHI_LA,REG,12,PHI,,33.0,good,1.0,0.0,J.Elliott,00-0033787
2024_12_PHI_LA,REG,12,PHI,,33.0,good,1.0,0.0,J.Elliott,00-0033787
2024_12_PHI_LA,REG,12,LAR,,33.0,good,1.0,0.0,J.Karty,00-0039750
2024_12_PHI_LA,REG,12,PHI,,33.0,good,1.0,0.0,J.Elliott,00-0033787
2024_12_PHI_LA,REG,12,LAR,missed,47.0,,0.0,1.0,J.Karty,00-0039750
2024_12_PHI_LA,REG,12,PHI,made,26.0,,0.0,1.0,J.Elliott,00-0033787
2024_12_PHI_LA,REG,12,PHI,,33.0,good,1.0,0.0,J.Elliott,00-0033787
2024_12_PIT_CLE,REG,12,PIT,missed,58.0,,0.0,1.0,C.Boswell,00-0031136
2024_12_PIT_CLE,REG,12,PIT,made,48.0,,0.0,1.0,C.Boswell,00-0031136
2024_12_PIT_CLE,REG,12,CLE,,33.0,good,1.0,0.0,D.Hopkins,00-0030098
2024_12_PIT_CLE,REG,12,CLE,made,34.0,,0.0,1.0,D.Hopkins,00-0030098
2024_12_PIT_CLE,REG,12,PIT,made,28.0,,0.0,1.0,C.Boswell,00-0031136
2024_12_PIT_CLE,REG,12,PIT,,33.0,good,1.0,0.0,C.Boswell,00-0031136
2024_12_SF_GB,REG,12,GB,,33.0,good,1.0,0.0,B.McManus,00-0029822
2024_12_SF_GB,REG,12,GB,made,51.0,,0.0,1.0,B.McManus,00-0029822
2024_12_SF_GB,REG,12,GB,,33.0,good,1.0,0.0,B.McManus,00-0029822
2024_12_SF_GB,REG,12,SF,,33.0,good,1.0,0.0,J.Moody,00-0038562
2024_12_SF_GB,REG,12,GB,,33.0,good,1.0,0.0,B.McManus,00-0029822
2024_12_SF_GB,REG,12,SF,made,48.0,,0.0,1.0,J.Moody,00-0038562
2024_12_SF_GB,REG,12,GB,,33.0,good,1.0,0.0,B.McManus,00-0029822
2024_12_SF_GB,REG,12,GB,,33.0,good,1.0,0.0,B.McManus,00-0029822
2024_12_TB_NYG,REG,12,TB,,33.0,good,1.0,0.0,C.McLaughlin,00-0035358
2024_12_TB_NYG,REG,12,TB,made,23.0,,0.0,1.0,C.McLaughlin,00-0035358
2024_12_TB_NYG,REG,12,TB,,33.0,good,1.0,0.0,C.McLaughlin,00-0035358
2024_12_TB_NYG,REG,12,TB,,33.0,failed,1.0,0.0,C.McLaughlin,00-0035358
2024_12_TB_NYG,REG,12,TB,,33.0,good,1.0,0.0,C.McLaughlin,00-0035358
2024_12_TB_NYG,REG,12,NYG,,33.0,good,1.0,0.0,G.Gano,00-0026858
2024_12_TEN_HOU,REG,12,HOU,,33.0,good,1.0,0.0,K.Fairbairn,00-0032726
2024_12_TEN_HOU,REG,12,TEN,made,51.0,,0.0,1.0,N.Folk,00-0025565
2024_12_TEN_HOU,REG,12,TEN,,33.0,good,1.0,0.0,N.Folk,00-0025565
2024_12_TEN_HOU,REG,12,TEN,,33.0,good,1.0,0.0,N.Folk,00-0025565
2024_12_TEN_HOU,REG,12,HOU,,33.0,good,1.0,0.0,K.Fairbairn,00-0032726
2024_12_TEN_HOU,REG,12,HOU,made,28.0,,0.0,1.0,K.Fairbairn,00-0032726
2024_12_TEN_HOU,REG,12,TEN,made,56.0,,0.0,1.0,N.Folk,00-0025565
2024_12_TEN_HOU,REG,12,TEN,made,51.0,,0.0,1.0,N.Folk,00-0025565
2024_12_TEN_HOU,REG,12,HOU,,33.0,good,1.0,0.0,K.Fairbairn,00-0032726
2024_12_TEN_HOU,REG,12,HOU,made,54.0,,0.0,1.0,K.Fairbairn,00-0032726
2024_12_TEN_HOU,REG,12,TEN,,33.0,good,1.0,0.0,N.Folk,00-0025565
2024_12_TEN_HOU,REG,12,HOU,missed,28.0,,0.0,1.0,K.Fairbairn,00-0032726
2024_13_ARI_MIN,REG,13,ARI,made,32.0,,0.0,1.0,C.Ryland,00-0038567
2024_13_ARI_MIN,REG,13,MIN,made,44.0,,0.0,1.0,J.Romo,00-0037542
2024_13_ARI_MIN,REG,13,ARI,missed,45.0,,0.0,1.0,C.Ryland,00-0038567
2024_13_ARI_MIN,REG,13,ARI,made,31.0,,0.0,1.0,C.Ryland,00-0038567
2024_13_ARI_MIN,REG,13,MIN,made,55.0,,0.0,1.0,J.Romo,00-0037542
2024_13_ARI_MIN,REG,13,ARI,made,24.0,,0.0,1.0,C.Ryland,00-0038567
2024_13_ARI_MIN,REG,13,MIN,missed,43.0,,0.0,1.0,J.Romo,00-0037542
2024_13_ARI_MIN,REG,13,ARI,made,40.0,,0.0,1.0,C.Ryland,00-0038567
2024_13_ARI_MIN,REG,13,ARI,,33.0,good,1.0,0.0,C.Ryland,00-0038567
2024_13_ARI_MIN,REG,13,MIN,,33.0,good,1.0,0.0,J.Romo,00-0037542
2024_13_ARI_MIN,REG,13,MIN,made,31.0,,0.0,1.0,J.Romo,00-0037542
2024_13_ARI_MIN,REG,13,ARI,made,23.0,,0.0,1.0,C.Ryland,00-0038567
2024_13_ARI_MIN,REG,13,MIN,,33.0,good,1.0,0.0,J.Romo,00-0037542
2024_13_CHI_DET,REG,13,DET,made,30.0,,0.0,1.0,J.Bates,00-0039172
2024_13_CHI_DET,REG,13,DET,,33.0,good,1.0,0.0,J.Bates,00-0039172
2024_13_CHI_DET,REG,13,DET,made,36.0,,0.0,1.0,J.Bates,00-0039172
2024_13_CHI_DET,REG,13,DET,made,48.0,,0.0,1.0,J.Bates,00-0039172
2024_13_CHI_DET,REG,13,CHI,,33.0,good,1.0,0.0,C.Santos,00-0031203
2024_13_CHI_DET,REG,13,DET,,33.0,good,1.0,0.0,J.Bates,00-0039172
2024_13_CHI_DET,REG,13,DET,missed,45.0,,0.0,1.0,J.Bates,00-0039172
2024_13_CHI_DET,REG,13,CHI,,33.0,good,1.0,0.0,C.Santos,00-0031203
2024_13_CLE_DEN,REG,13,CLE,missed,47.0,,0.0,1.0,D.Hopkins,00-0030098
2024_13_CLE_DEN,REG,13,DEN,,33.0,good,1.0,0.0,W.Lutz,00-0032569
2024_13_CLE_DEN,REG,13,CLE,,33.0,good,1.0,0.0,D.Hopkins,00-0030098
2024_13_CLE_DEN,REG,13,CLE,made,45.0,,0.0,1.0,D.Hopkins,00-0030098
2024_13_CLE_DEN,REG,13,DEN,,33.0,good,1.0,0.0,W.Lutz,00-0032569
2024_13_CLE_DEN,REG,13,DEN,,33.0,good,1.0,0.0,W.Lutz,00-0032569
2024_13_CLE_DEN,REG,13,CLE,,33.0,good,1.0,0.0,D.Hopkins,00-0030098
2024_13_CLE_DEN,REG,13,DEN,,33.0,good,1.0,0.0,W.Lutz,00-0032569
2024_13_CLE_DEN,REG,13,DEN,made,36.0,,0.0,1.0,W.Lutz,00-0032569
2024_13_CLE_DEN,REG,13,CLE,,33.0,good,1.0,0.0,D.Hopkins,00-0030098
2024_13_CLE_DEN,REG,13,DEN,made,27.0,,0.0,1.0,W.Lutz,00-0032569
2024_13_CLE_DEN,REG,13,DEN,,33.0,good,1.0,0.0,W.Lutz,00-0032569
2024_13_HOU_JAX,REG,13,HOU,made,53.0,,0.0,1.0,K.Fairbairn,00-0032726
2024_13_HOU_JAX,REG,13,HOU,made,30.0,,0.0,1.0,K.Fairbairn,00-0032726
2024_13_HOU_JAX,REG,13,JAX,made,33.0,,0.0,1.0,C.Little,00-0039409
2024_13_HOU_JAX,REG,13,JAX,made,30.0,,0.0,1.0,C.Little,00-0039409
2024_13_HOU_JAX,REG,13,HOU,,33.0,good,1.0,0.0,K.Fairbairn,00-0032726
2024_13_HOU_JAX,REG,13,HOU,made,28.0,,0.0,1.0,K.Fairbairn,00-0032726
2024_13_HOU_JAX,REG,13,JAX,missed,55.0,,0.0,1.0,C.Little,00-0039409
2024_13_HOU_JAX,REG,13,HOU,,33.0,good,1.0,0.0,K.Fairbairn,00-0032726
2024_13_IND_NE,REG,13,NE,made,35.0,,0.0,1.0,J.Slye,00-0035192
2024_13_IND_NE,REG,13,IND,,33.0,good,1.0,0.0,M.Gay,00-0035269
2024_13_IND_NE,REG,13,NE,made,31.0,,0.0,1.0,J.Slye,00-0035192
2024_13_IND_NE,REG,13,NE,made,54.0,,0.0,1.0,J.Slye,00-0035192
2024_13_IND_NE,REG,13,IND,,33.0,good,1.0,0.0,M.Gay,00-0035269
2024_13_IND_NE,REG,13,NE,,33.0,good,1.0,0.0,J.Slye,00-0035192
2024_13_IND_NE,REG,13,NE,missed,25.0,,0.0,1.0,J.Slye,00-0035192
2024_13_IND_NE,REG,13,IND,made,25.0,,0.0,1.0,M.Gay,00-0035269
2024_13_IND_NE,REG,13,NE,missed,68.0,,0.0,1.0,J.Slye,00-0035192
2024_13_LAC_ATL,REG,13,ATL,missed,35.0,,0.0,1.0,Y.Koo,00-0033702
2024_13_LAC_ATL,REG,13,ATL,,33.0,good,1.0,0.0,Y.Koo,00-0033702
2024_13_LAC_ATL,REG,13,LAC,made,45.0,,0.0,1.0,C.Dicker,00-0037224
2024_13_LAC_ATL,REG,13,LAC,made,51.0,,0.0,1.0,C.Dicker,00-0037224
2024_13_LAC_ATL,REG,13,LAC,made,34.0,,0.0,1.0,C.Dicker,00-0037224
2024_13_LAC_ATL,REG,13,ATL,made,41.0,,0.0,1.0,Y.Koo,00-0033702
2024_13_LAC_ATL,REG,13,ATL,made,26.0,,0.0,1.0,Y.Koo,00-0033702
2024_13_LA_NO,REG,13,NO,made,54.0,,0.0,1.0,B.Grupe,00-0038905
2024_13_LA_NO,REG,13,NO,missed,36.0,,0.0,1.0,B.Grupe,00-0038905
2024_13_LA_NO,REG,13,NO,made,54.0,,0.0,1.0,B.Grupe,00-0038905
2024_13_LA_NO,REG,13,LAR,,33.0,good,1.0,0.0,J.Karty,00-0039750
2024_13_LA_NO,REG,13,LAR,,33.0,good,1.0,0.0,J.Karty,00-0039750
2024_13_LA_NO,REG,13,LAR,,33.0,good,1.0,0.0,J.Karty,00-0039750
2024_13_LV_KC,REG,13,KC,made,25.0,,0.0,1.0,M.Wright,00-0035189
2024_13_LV_KC,REG,13,LV,made,27.0,,0.0,1.0,D.Carlson,00-0034161
2024_13_LV_KC,REG,13,LV,missed,56.0,,0.0,1.0,D.Carlson,00-0034161
2024_13_LV_KC,REG,13,KC,,33.0,good,1.0,0.0,M.Wright,00-0035189
2024_13_LV_KC,REG,13,KC,missed,59.0,,0.0,1.0,M.Wright,00-0035189
2024_13_LV_KC,REG,13,KC,made,42.0,,0.0,1.0,M.Wright,00-0035189
2024_13_LV_KC,REG,13,LV,missed,55.0,,0.0,1.0,D.Carlson,00-0034161
2024_13_LV_KC,REG,13,KC,made,35.0,,0.0,1.0,M.Wright,00-0035189
2024_13_LV_KC,REG,13,LV,,33.0,good,1.0,0.0,D.Carlson,00-0034161
2024_13_LV_KC,REG,13,LV,,33.0,good,1.0,0.0,D.Carlson,00-0034161
2024_13_LV_KC,REG,13,KC,made,32.0,,0.0,1.0,M.Wright,00-0035189
2024_13_LV_KC,REG,13,LV,missed,58.0,,0.0,1.0,D.Carlson,00-0034161
2024_13_MIA_GB,REG,13,GB,,33.0,good,1.0,0.0,B.McManus,00-0029822
2024_13_MIA_GB,REG,13,GB,,33.0,good,1.0,0.0,B.McManus,00-0029822
2024_13_MIA_GB,REG,13,MIA,made,33.0,,0.0,1.0,J.Sanders,00-0034794
2024_13_MIA_GB,REG,13,GB,,33.0,good,1.0,0.0,B.McManus,00-0029822
2024_13_MIA_GB,REG,13,GB,made,46.0,,0.0,1.0,B.McManus,00-0029822
2024_13_MIA_GB,REG,13,GB,made,24.0,,0.0,1.0,B.McManus,00-0029822
2024_13_MIA_GB,REG,13,GB,made,33.0,,0.0,1.0,B.McManus,00-0029822
2024_13_NYG_DAL,REG,13,DAL,made,23.0,,0.0,1.0,B.Aubrey,00-0037692
2024_13_NYG_DAL,REG,13,NYG,,33.0,good,1.0,0.0,G.Gano,00-0026858
2024_13_NYG_DAL,REG,13,DAL,made,33.0,,0.0,1.0,B.Aubrey,00-0037692
2024_13_NYG_DAL,REG,13,DAL,,33.0,good,1.0,0.0,B.Aubrey,00-0037692
2024_13_NYG_DAL,REG,13,NYG,made,46.0,,0.0,1.0,G.Gano,00-0026858
2024_13_NYG_DAL,REG,13,DAL,,33.0,good,1.0,0.0,B.Aubrey,00-0037692
2024_13_NYG_DAL,REG,13,DAL,,33.0,good,1.0,0.0,B.Aubrey,00-0037692
2024_13_NYG_DAL,REG,13,NYG,made,47.0,,0.0,1.0,G.Gano,00-0026858
2024_13_NYG_DAL,REG,13,NYG,,33.0,good,1.0,0.0,G.Gano,00-0026858
2024_13_PHI_BAL,REG,13,BAL,made,34.0,,0.0,1.0,J.Tucker,00-0029597
2024_13_PHI_BAL,REG,13,BAL,,33.0,failed,1.0,0.0,J.Tucker,00-0029597
2024_13_PHI_BAL,REG,13,PHI,,33.0,good,1.0,0.0,J.Elliott,00-0033787
2024_13_PHI_BAL,REG,13,PHI,,33.0,good,1.0,0.0,J.Elliott,00-0033787
2024_13_PHI_BAL,REG,13,BAL,made,50.0,,0.0,1.0,J.Tucker,00-0029597
2024_13_PHI_BAL,REG,13,BAL,missed,47.0,,0.0,1.0,J.Tucker,00-0029597
2024_13_PHI_BAL,REG,13,BAL,missed,53.0,,0.0,1.0,J.Tucker,00-0029597
2024_13_PHI_BAL,REG,13,PHI,,33.0,good,1.0,0.0,J.Elliott,00-0033787
2024_13_PHI_BAL,REG,13,PHI,made,35.0,,0.0,1.0,J.Elliott,00-0033787
2024_13_PHI_BAL,REG,13,BAL,,33.0,good,1.0,0.0,J.Tucker,00-0029597
2024_13_PIT_CIN,REG,13,CIN,,33.0,good,1.0,0.0,E.McPherson,00-0036854
2024_13_PIT_CIN,REG,13,PIT,,33.0,good,1.0,0.0,C.Boswell,00-0031136
2024_13_PIT_CIN,REG,13,CIN,,33.0,good,1.0,0.0,E.McPherson,00-0036854
2024_13_PIT_CIN,REG,13,PIT,,33.0,good,1.0,0.0,C.Boswell,00-0031136
2024_13_PIT_CIN,REG,13,CIN,,33.0,good,1.0,0.0,E.McPherson,00-0036854
2024_13_PIT_CIN,REG,13,PIT,,33.0,good,1.0,0.0,C.Boswell,00-0031136
2024_13_PIT_CIN,REG,13,PIT,made,50.0,,0.0,1.0,C.Boswell,00-0031136
2024_13_PIT_CIN,REG,13,PIT,made,34.0,,0.0,1.0,C.Boswell,00-0031136
2024_13_PIT_CIN,REG,13,PIT,blocked,42.0,,0.0,1.0,C.Boswell,00-0031136
2024_13_PIT_CIN,REG,13,CIN,made,38.0,,0.0,1.0,E.McPherson,00-0036854
2024_13_PIT_CIN,REG,13,PIT,,33.0,good,1.0,0.0,C.Boswell,00-0031136
2024_13_PIT_CIN,REG,13,PIT,,33.0,good,1.0,0.0,C.Boswell,00-0031136
2024_13_PIT_CIN,REG,13,CIN,,33.0,good,1.0,0.0,E.McPherson,00-0036854
2024_13_PIT_CIN,REG,13,PIT,made,30.0,,0.0,1.0,C.Boswell,00-0031136
2024_13_PIT_CIN,REG,13,CIN,,33.0,good,1.0,0.0,E.McPherson,00-0036854
2024_13_SEA_NYJ,REG,13,NYJ,,33.0,blocked,1.0,0.0,A.Carlson,00-0038402
2024_13_SEA_NYJ,REG,13,SEA,,33.0,good,1.0,0.0,J.Myers,00-0031492
2024_13_SEA_NYJ,REG,13,NYJ,,33.0,good,1.0,0.0,A.Carlson,00-0038402
2024_13_SEA_NYJ,REG,13,SEA,,33.0,blocked,1.0,0.0,J.Myers,00-0031492
2024_13_SEA_NYJ,REG,13,SEA,made,54.0,,0.0,1.0,J.Myers,00-0031492
2024_13_SEA_NYJ,REG,13,SEA,made,43.0,,0.0,1.0,J.Myers,00-0031492
2024_13_SEA_NYJ,REG,13,SEA,,33.0,good,1.0,0.0,J.Myers,00-0031492
2024_13_SF_BUF,REG,13,SF,made,33.0,,0.0,1.0,J.Moody,00-0038562
2024_13_SF_BUF,REG,13,BUF,,33.0,good,1.0,0.0,T.Bass,00-0036162
2024_13_SF_BUF,REG,13,SF,missed,45.0,,0.0,1.0,J.Moody,00-0038562
2024_13_SF_BUF,REG,13,BUF,,33.0,good,1.0,0.0,T.Bass,00-0036162
2024_13_SF_BUF,REG,13,BUF,,33.0,good,1.0,0.0,T.Bass,00-0036162
2024_13_SF_BUF,REG,13,SF,missed,55.0,,0.0,1.0,J.Moody,00-0038562
2024_13_SF_BUF,REG,13,BUF,,33.0,good,1.0,0.0,T.Bass,00-0036162
2024_13_SF_BUF,REG,13,SF,,33.0,good,1.0,0.0,J.Moody,00-0038562
2024_13_SF_BUF,REG,13,BUF,,33.0,good,1.0,0.0,T.Bass,00-0036162
2024_13_SF_BUF,REG,13,BUF,missed,49.0,,0.0,1.0,T.Bass,00-0036162
2024_13_TB_CAR,REG,13,TB,,33.0,good,1.0,0.0,C.McLaughlin,00-0035358
2024_13_TB_CAR,REG,13,CAR,made,47.0,,0.0,1.0,E.Pineiro,00-0034173
2024_13_TB_CAR,REG,13,CAR,missed,38.0,,0.0,1.0,E.Pineiro,00-0034173
2024_13_TB_CAR,REG,13,CAR,,33.0,good,1.0,0.0,E.Pineiro,00-0034173
2024_13_TB_CAR,REG,13,TB,made,27.0,,0.0,1.0,C.McLaughlin,00-0035358
2024_13_TB_CAR,REG,13,CAR,missed,45.0,,0.0,1.0,E.Pineiro,00-0034173
2024_13_TB_CAR,REG,13,CAR,made,27.0,,0.0,1.0,E.Pineiro,00-0034173
2024_13_TB_CAR,REG,13,CAR,made,22.0,,0.0,1.0,E.Pineiro,00-0034173
2024_13_TB_CAR,REG,13,TB,,33.0,good,1.0,0.0,C.McLaughlin,00-0035358
2024_13_TB_CAR,REG,13,TB,made,26.0,,0.0,1.0,C.McLaughlin,00-0035358
2024_13_TB_CAR,REG,13,CAR,,33.0,good,1.0,0.0,E.Pineiro,00-0034173
2024_13_TB_CAR,REG,13,TB,made,51.0,,0.0,1.0,C.McLaughlin,00-0035358
2024_13_TB_CAR,REG,13,TB,missed,55.0,,0.0,1.0,C.McLaughlin,00-0035358
2024_13_TB_CAR,REG,13,TB,made,30.0,,0.0,1.0,C.McLaughlin,00-0035358
2024_13_TEN_WAS,REG,13,WAS,,33.0,good,1.0,0.0,Z.Gonzalez,00-0033862
2024_13_TEN_WAS,REG,13,WAS,,33.0,good,1.0,0.0,Z.Gonzalez,00-0033862
2024_13_TEN_WAS,REG,13,WAS,,33.0,good,1.0,0.0,Z.Gonzalez,00-0033862
2024_13_TEN_WAS,REG,13,WAS,,33.0,good,1.0,0.0,Z.Gonzalez,00-0033862
2024_13_TEN_WAS,REG,13,WAS,missed,46.0,,0.0,1.0,Z.Gonzalez,00-0033862
2024_13_TEN_WAS,REG,13,TEN,,33.0,good,1.0,0.0,N.Folk,00-0025565
2024_13_TEN_WAS,REG,13,TEN,made,41.0,,0.0,1.0,N.Folk,00-0025565
2024_13_TEN_WAS,REG,13,TEN,made,44.0,,0.0,1.0,N.Folk,00-0025565
2024_13_TEN_WAS,REG,13,WAS,,33.0,good,1.0,0.0,Z.Gonzalez,00-0033862
2024_13_TEN_WAS,REG,13,WAS,missed,52.0,,0.0,1.0,Z.Gonzalez,00-0033862
2024_13_TEN_WAS,REG,13,WAS,,33.0,good,1.0,0.0,Z.Gonzalez,00-0033862
2024_14_ATL_MIN,REG,14,ATL,,33.0,good,1.0,0.0,Y.Koo,00-0033702
2024_14_ATL_MIN,REG,14,MIN,,33.0,good,1.0,0.0,W.Reichard,00-0039404
2024_14_ATL_MIN,REG,14,MIN,,33.0,good,1.0,0.0,W.Reichard,00-0039404
2024_14_ATL_MIN,REG,14,ATL,made,20.0,,0.0,1.0,Y.Koo,00-0033702
2024_14_ATL_MIN,REG,14,MIN,missed,47.0,,0.0,1.0,W.Reichard,00-0039404
2024_14_ATL_MIN,REG,14,ATL,made,29.0,,0.0,1.0,Y.Koo,00-0033702
2024_14_ATL_MIN,REG,14,MIN,,33.0,good,1.0,0.0,W.Reichard,00-0039404
2024_14_ATL_MIN,REG,14,MIN,,33.0,good,1.0,0.0,W.Reichard,00-0039404
2024_14_ATL_MIN,REG,14,MIN,,33.0,good,1.0,0.0,W.Reichard,00-0039404
2024_14_ATL_MIN,REG,14,MIN,,33.0,good,1.0,0.0,W.Reichard,00-0039404
2024_14_BUF_LA,REG,14,LAR,,33.0,good,1.0,0.0,J.Karty,00-0039750
2024_14_BUF_LA,REG,14,BUF,,33.0,good,1.0,0.0,T.Bass,00-0036162
2024_14_BUF_LA,REG,14,LAR,made,22.0,,0.0,1.0,J.Karty,00-0039750
2024_14_BUF_LA,REG,14,LAR,,33.0,good,1.0,0.0,J.Karty,00-0039750
2024_14_BUF_LA,REG,14,BUF,,33.0,good,1.0,0.0,T.Bass,00-0036162
2024_14_BUF_LA,REG,14,LAR,,33.0,good,1.0,0.0,J.Karty,00-0039750
2024_14_BUF_LA,REG,14,LAR,,33.0,good,1.0,0.0,J.Karty,00-0039750
2024_14_BUF_LA,REG,14,BUF,,33.0,good,1.0,0.0,T.Bass,00-0036162
2024_14_BUF_LA,REG,14,LAR,,33.0,good,1.0,0.0,J.Karty,00-0039750
2024_14_BUF_LA,REG,14,BUF,,33.0,good,1.0,0.0,T.Bass,00-0036162
2024_14_BUF_LA,REG,14,BUF,,33.0,good,1.0,0.0,T.Bass,00-0036162
2024_14_BUF_LA,REG,14,LAR,,33.0,failed,1.0,0.0,J.Karty,00-0039750
2024_14_BUF_LA,REG,14,BUF,,48.0,good,1.0,0.0,T.Bass,00-0036162
2024_14_CAR_PHI,REG,14,CAR,made,38.0,,0.0,1.0,E.Pineiro,00-0034173
2024_14_CAR_PHI,REG,14,PHI,,33.0,good,1.0,0.0,J.Elliott,00-0033787
2024_14_CAR_PHI,REG,14,CAR,,33.0,good,1.0,0.0,E.Pineiro,00-0034173
2024_14_CAR_PHI,REG,14,PHI,,33.0,good,1.0,0.0,J.Elliott,00-0033787
2024_14_CAR_PHI,REG,14,PHI,missed,52.0,,0.0,1.0,J.Elliott,00-0033787
2024_14_CAR_PHI,REG,14,CAR,,33.0,failed,1.0,0.0,E.Pineiro,00-0034173
2024_14_CHI_SF,REG,14,SF,,33.0,good,1.0,0.0,J.Moody,00-0038562
2024_14_CHI_SF,REG,14,SF,,33.0,good,1.0,0.0,J.Moody,00-0038562
2024_14_CHI_SF,REG,14,SF,,33.0,good,1.0,0.0,J.Moody,00-0038562
2024_14_CHI_SF,REG,14,SF,made,23.0,,0.0,1.0,J.Moody,00-0038562
2024_14_CHI_SF,REG,14,SF,,33.0,good,1.0,0.0,J.Moody,00-0038562
2024_14_CHI_SF,REG,14,CHI,,33.0,good,1.0,0.0,C.Santos,00-0031203
2024_14_CHI_SF,REG,14,SF,,33.0,good,1.0,0.0,J.Moody,00-0038562
2024_14_CIN_DAL,REG,14,DAL,,33.0,good,1.0,0.0,B.Aubrey,00-0037692
2024_14_CIN_DAL,REG,14,CIN,,38.0,good,1.0,0.0,C.York,00-0038097
2024_14_CIN_DAL,REG,14,DAL,made,35.0,,0.0,1.0,B.Aubrey,00-0037692
2024_14_CIN_DAL,REG,14,CIN,,33.0,good,1.0,0.0,C.York,00-0038097
2024_14_CIN_DAL,REG,14,CIN,made,37.0,,0.0,1.0,C.York,00-0038097
2024_14_CIN_DAL,REG,14,DAL,,33.0,good,1.0,0.0,B.Aubrey,00-0037692
2024_14_CIN_DAL,REG,14,DAL,made,47.0,,0.0,1.0,B.Aubrey,00-0037692
2024_14_CIN_DAL,REG,14,CIN,made,29.0,,0.0,1.0,C.York,00-0038097
2024_14_CIN_DAL,REG,14,CIN,,33.0,good,1.0,0.0,C.York,00-0038097
2024_14_CLE_PIT,REG,14,PIT,made,30.0,,0.0,1.0,C.Boswell,00-0031136
2024_14_CLE_PIT,REG,14,CLE,,33.0,good,1.0,0.0,D.Hopkins,00-0030098
2024_14_CLE_PIT,REG,14,PIT,,33.0,good,1.0,0.0,C.Boswell,00-0031136
2024_14_CLE_PIT,REG,14,PIT,made,54.0,,0.0,1.0,C.Boswell,00-0031136
2024_14_CLE_PIT,REG,14,CLE,missed,38.0,,0.0,1.0,D.Hopkins,00-0030098
2024_14_CLE_PIT,REG,14,CLE,missed,43.0,,0.0,1.0,D.Hopkins,00-0030098
2024_14_CLE_PIT,REG,14,PIT,,33.0,good,1.0,0.0,C.Boswell,00-0031136
2024_14_CLE_PIT,REG,14,PIT,,33.0,good,1.0,0.0,C.Boswell,00-0031136
2024_14_CLE_PIT,REG,14,CLE,,33.0,good,1.0,0.0,D.Hopkins,00-0030098
2024_14_GB_DET,REG,14,DET,,33.0,good,1.0,0.0,J.Bates,00-0039172
2024_14_GB_DET,REG,14,DET,made,43.0,,0.0,1.0,J.Bates,00-0039172
2024_14_GB_DET,REG,14,GB,,33.0,good,1.0,0.0,B.McManus,00-0029822
2024_14_GB_DET,REG,14,DET,,33.0,good,1.0,0.0,J.Bates,00-0039172
2024_14_GB_DET,REG,14,GB,,33.0,good,1.0,0.0,B.McManus,00-0029822
2024_14_GB_DET,REG,14,GB,,33.0,good,1.0,0.0,B.McManus,00-0029822
2024_14_GB_DET,REG,14,DET,,33.0,good,1.0,0.0,J.Bates,00-0039172
2024_14_GB_DET,REG,14,GB,,33.0,good,1.0,0.0,B.McManus,00-0029822
2024_14_GB_DET,REG,14,DET,,33.0,good,1.0,0.0,J.Bates,00-0039172
2024_14_GB_DET,REG,14,GB,made,32.0,,0.0,1.0,B.McManus,00-0029822
2024_14_GB_DET,REG,14,DET,made,35.0,,0.0,1.0,J.Bates,00-0039172
2024_14_JAX_TEN,REG,14,TEN,made,46.0,,0.0,1.0,N.Folk,00-0025565
2024_14_JAX_TEN,REG,14,TEN,made,39.0,,0.0,1.0,N.Folk,00-0025565
2024_14_JAX_TEN,REG,14,JAX,made,23.0,,0.0,1.0,C.Little,00-0039409
2024_14_JAX_TEN,REG,14,JAX,,33.0,good,1.0,0.0,C.Little,00-0039409
2024_14_LAC_KC,REG,14,KC,made,47.0,,0.0,1.0,M.Wright,00-0035189
2024_14_LAC_KC,REG,14,KC,made,33.0,,0.0,1.0,M.Wright,00-0035189
2024_14_LAC_KC,REG,14,KC,,33.0,good,1.0,0.0,M.Wright,00-0035189
2024_14_LAC_KC,REG,14,LAC,,33.0,good,1.0,0.0,C.Dicker,00-0037224
2024_14_LAC_KC,REG,14,LAC,,33.0,good,1.0,0.0,C.Dicker,00-0037224
2024_14_LAC_KC,REG,14,KC,made,50.0,,0.0,1.0,M.Wright,00-0035189
2024_14_LAC_KC,REG,14,LAC,made,37.0,,0.0,1.0,C.Dicker,00-0037224
2024_14_LAC_KC,REG,14,KC,made,31.0,,0.0,1.0,M.Wright,00-0035189
2024_14_LV_TB,REG,14,TB,,33.0,good,1.0,0.0,C.McLaughlin,00-0035358
2024_14_LV_TB,REG,14,TB,,33.0,good,1.0,0.0,C.McLaughlin,00-0035358
2024_14_LV_TB,REG,14,LV,,33.0,good,1.0,0.0,D.Carlson,00-0034161
2024_14_LV_TB,REG,14,LV,made,25.0,,0.0,1.0,D.Carlson,00-0034161
2024_14_LV_TB,REG,14,TB,,33.0,good,1.0,0.0,C.McLaughlin,00-0035358
2024_14_LV_TB,REG,14,LV,made,27.0,,0.0,1.0,D.Carlson,00-0034161
2024_14_LV_TB,REG,14,TB,,33.0,good,1.0,0.0,C.McLaughlin,00-0035358
2024_14_NO_NYG,REG,14,NO,missed,53.0,,0.0,1.0,B.Grupe,00-0038905
2024_14_NO_NYG,REG,14,NO,,33.0,good,1.0,0.0,B.Grupe,00-0038905
2024_14_NO_NYG,REG,14,NYG,made,43.0,,0.0,1.0,G.Gano,00-0026858
2024_14_NO_NYG,REG,14,NO,blocked,60.0,,0.0,1.0,B.Grupe,00-0038905
2024_14_NO_NYG,REG,14,NO,,33.0,good,1.0,0.0,B.Grupe,00-0038905
2024_14_NO_NYG,REG,14,NYG,blocked,35.0,,0.0,1.0,G.Gano,00-0026858
2024_14_NYJ_MIA,REG,14,MIA,,33.0,failed,1.0,0.0,J.Sanders,00-0034794
2024_14_NYJ_MIA,REG,14,NYJ,made,28.0,,0.0,1.0,A.Carlson,00-0038402
2024_14_NYJ_MIA,REG,14,MIA,made,39.0,,0.0,1.0,J.Sanders,00-0034794
2024_14_NYJ_MIA,REG,14,NYJ,,33.0,good,1.0,0.0,A.Carlson,00-0038402
2024_14_NYJ_MIA,REG,14,MIA,made,24.0,,0.0,1.0,J.Sanders,00-0034794
2024_14_NYJ_MIA,REG,14,NYJ,made,30.0,,0.0,1.0,A.Carlson,00-0038402
2024_14_NYJ_MIA,REG,14,MIA,made,57.0,,0.0,1.0,J.Sanders,00-0034794
2024_14_NYJ_MIA,REG,14,NYJ,,33.0,good,1.0,0.0,A.Carlson,00-0038402
2024_14_NYJ_MIA,REG,14,NYJ,made,40.0,,0.0,1.0,A.Carlson,00-0038402
2024_14_NYJ_MIA,REG,14,NYJ,made,42.0,,0.0,1.0,A.Carlson,00-0038402
2024_14_NYJ_MIA,REG,14,MIA,made,52.0,,0.0,1.0,J.Sanders,00-0034794
2024_14_SEA_ARI,REG,14,ARI,,33.0,good,1.0,0.0,C.Ryland,00-0038567
2024_14_SEA_ARI,REG,14,SEA,made,20.0,,0.0,1.0,J.Myers,00-0031492
2024_14_SEA_ARI,REG,14,SEA,,33.0,good,1.0,0.0,J.Myers,00-0031492
2024_14_SEA_ARI,REG,14,SEA,,33.0,good,1.0,0.0,J.Myers,00-0031492
2024_14_SEA_ARI,REG,14,ARI,made,28.0,,0.0,1.0,C.Ryland,00-0038567
2024_14_SEA_ARI,REG,14,SEA,,33.0,good,1.0,0.0,J.Myers,00-0031492
2024_14_SEA_ARI,REG,14,SEA,made,36.0,,0.0,1.0,J.Myers,00-0031492
2024_14_SEA_ARI,REG,14,ARI,missed,40.0,,0.0,1.0,C.Ryland,00-0038567
2024_14_SEA_ARI,REG,14,SEA,made,35.0,,0.0,1.0,J.Myers,00-0031492
2024_15_ATL_LV,REG,15,ATL,,33.0,good,1.0,0.0,Y.Koo,00-0033702
2024_15_ATL_LV,REG,15,LV,made,52.0,,0.0,1.0,D.Carlson,00-0034161
2024_15_ATL_LV,REG,15,ATL,made,40.0,,0.0,1.0,Y.Koo,00-0033702
2024_15_ATL_LV,REG,15,ATL,made,48.0,,0.0,1.0,Y.Koo,00-0033702
2024_15_ATL_LV,REG,15,ATL,missed,42.0,,0.0,1.0,Y.Koo,00-0033702
2024_15_ATL_LV,REG,15,LV,,33.0,blocked,1.0,0.0,D.Carlson,00-0034161
2024_15_BAL_NYG,REG,15,BAL,,33.0,good,1.0,0.0,J.Tucker,00-0029597
2024_15_BAL_NYG,REG,15,BAL,,33.0,good,1.0,0.0,J.Tucker,00-0029597
2024_15_BAL_NYG,REG,15,NYG,,33.0,good,1.0,0.0,G.Gano,00-0026858
2024_15_BAL_NYG,REG,15,BAL,,33.0,good,1.0,0.0,J.Tucker,00-0029597
2024_15_BAL_NYG,REG,15,BAL,,33.0,good,1.0,0.0,J.Tucker,00-0029597
2024_15_BAL_NYG,REG,15,BAL,,33.0,good,1.0,0.0,J.Tucker,00-0029597
2024_15_BAL_NYG,REG,15,NYG,,33.0,good,1.0,0.0,G.Gano,00-0026858
2024_15_BUF_DET,REG,15,BUF,,33.0,good,1.0,0.0,T.Bass,00-0036162
2024_15_BUF_DET,REG,15,BUF,,33.0,good,1.0,0.0,T.Bass,00-0036162
2024_15_BUF_DET,REG,15,DET,,33.0,good,1.0,0.0,J.Bates,00-0039172
2024_15_BUF_DET,REG,15,BUF,,33.0,good,1.0,0.0,T.Bass,00-0036162
2024_15_BUF_DET,REG,15,DET,,33.0,good,1.0,0.0,J.Bates,00-0039172
2024_15_BUF_DET,REG,15,BUF,missed,24.0,,0.0,1.0,T.Bass,00-0036162
2024_15_BUF_DET,REG,15,DET,missed,52.0,,0.0,1.0,J.Bates,00-0039172
2024_15_BUF_DET,REG,15,BUF,,33.0,good,1.0,0.0,T.Bass,00-0036162
2024_15_BUF_DET,REG,15,BUF,,33.0,good,1.0,0.0,T.Bass,00-0036162
2024_15_BUF_DET,REG,15,DET,,33.0,good,1.0,0.0,J.Bates,00-0039172
2024_15_BUF_DET,REG,15,BUF,made,50.0,,0.0,1.0,T.Bass,00-0036162
2024_15_BUF_DET,REG,15,DET,,33.0,good,1.0,0.0,J.Bates,00-0039172
2024_15_BUF_DET,REG,15,BUF,,33.0,good,1.0,0.0,T.Bass,00-0036162
2024_15_BUF_DET,REG,15,DET,,33.0,good,1.0,0.0,J.Bates,00-0039172
2024_15_BUF_DET,REG,15,BUF,made,41.0,,0.0,1.0,T.Bass,00-0036162
2024_15_BUF_DET,REG,15,DET,,33.0,good,1.0,0.0,J.Bates,00-0039172
2024_15_CHI_MIN,REG,15,MIN,made,52.0,,0.0,1.0,W.Reichard,00-0039404
2024_15_CHI_MIN,REG,15,MIN,,33.0,good,1.0,0.0,W.Reichard,00-0039404
2024_15_CHI_MIN,REG,15,MIN,made,31.0,,0.0,1.0,W.Reichard,00-0039404
2024_15_CHI_MIN,REG,15,CHI,made,29.0,,0.0,1.0,C.Santos,00-0031203
2024_15_CHI_MIN,REG,15,MIN,,33.0,good,1.0,0.0,W.Reichard,00-0039404
2024_15_CHI_MIN,REG,15,CHI,made,39.0,,0.0,1.0,C.Santos,00-0031203
2024_15_CHI_MIN,REG,15,MIN,,33.0,good,1.0,0.0,W.Reichard,00-0039404
2024_15_CHI_MIN,REG,15,MIN,made,46.0,,0.0,1.0,W.Reichard,00-0039404
2024_15_CIN_TEN,REG,15,TEN,,33.0,good,1.0,0.0,N.Folk,00-0025565
2024_15_CIN_TEN,REG,15,CIN,,33.0,good,1.0,0.0,C.York,00-0038097
2024_15_CIN_TEN,REG,15,TEN,,33.0,good,1.0,0.0,N.Folk,00-0025565
2024_15_CIN_TEN,REG,15,CIN,,33.0,good,1.0,0.0,C.York,00-0038097
2024_15_CIN_TEN,REG,15,CIN,,33.0,good,1.0,0.0,C.York,00-0038097
2024_15_CIN_TEN,REG,15,CIN,made,21.0,,0.0,1.0,C.York,00-0038097
2024_15_CIN_TEN,REG,15,CIN,,33.0,good,1.0,0.0,C.York,00-0038097
2024_15_CIN_TEN,REG,15,TEN,,33.0,good,1.0,0.0,N.Folk,00-0025565
2024_15_CIN_TEN,REG,15,CIN,,33.0,failed,1.0,0.0,C.York,00-0038097
2024_15_DAL_CAR,REG,15,DAL,,33.0,good,1.0,0.0,B.Aubrey,00-0037692
2024_15_DAL_CAR,REG,15,DAL,made,52.0,,0.0,1.0,B.Aubrey,00-0037692
2024_15_DAL_CAR,REG,15,CAR,,33.0,good,1.0,0.0,E.Pineiro,00-0034173
2024_15_DAL_CAR,REG,15,DAL,missed,70.0,,0.0,1.0,B.Aubrey,00-0037692
2024_15_DAL_CAR,REG,15,DAL,,33.0,good,1.0,0.0,B.Aubrey,00-0037692
2024_15_DAL_CAR,REG,15,DAL,,33.0,good,1.0,0.0,B.Aubrey,00-0037692
2024_15_DAL_CAR,REG,15,DAL,made,45.0,,0.0,1.0,B.Aubrey,00-0037692
2024_15_DAL_CAR,REG,15,CAR,,33.0,good,1.0,0.0,E.Pineiro,00-0034173
2024_15_DAL_CAR,REG,15,DAL,made,41.0,,0.0,1.0,B.Aubrey,00-0037692
2024_15_GB_SEA,REG,15,GB,,33.0,good,1.0,0.0,B.McManus,00-0029822
2024_15_GB_SEA,REG,15,GB,,33.0,good,1.0,0.0,B.McManus,00-0029822
2024_15_GB_SEA,REG,15,SEA,made,48.0,,0.0,1.0,J.Myers,00-0031492
2024_15_GB_SEA,REG,15,GB,made,39.0,,0.0,1.0,B.McManus,00-0029822
2024_15_GB_SEA,REG,15,GB,made,21.0,,0.0,1.0,B.McManus,00-0029822
2024_15_GB_SEA,REG,15,SEA,made,45.0,,0.0,1.0,J.Myers,00-0031492
2024_15_GB_SEA,REG,15,GB,made,23.0,,0.0,1.0,B.McManus,00-0029822
2024_15_GB_SEA,REG,15,SEA,,33.0,good,1.0,0.0,J.Myers,00-0031492
2024_15_GB_SEA,REG,15,GB,,33.0,good,1.0,0.0,B.McManus,00-0029822
2024_15_IND_DEN,REG,15,IND,,33.0,good,1.0,0.0,M.Gay,00-0035269
2024_15_IND_DEN,REG,15,IND,made,37.0,,0.0,1.0,M.Gay,00-0035269
2024_15_IND_DEN,REG,15,DEN,,33.0,good,1.0,0.0,W.Lutz,00-0032569
2024_15_IND_DEN,REG,15,IND,made,49.0,,0.0,1.0,M.Gay,00-0035269
2024_15_IND_DEN,REG,15,DEN,made,44.0,,0.0,1.0,W.Lutz,00-0032569
2024_15_IND_DEN,REG,15,DEN,,33.0,good,1.0,0.0,W.Lutz,00-0032569
2024_15_IND_DEN,REG,15,DEN,,48.0,good,1.0,0.0,W.Lutz,00-0032569
2024_15_IND_DEN,REG,15,DEN,,33.0,good,1.0,0.0,W.Lutz,00-0032569
2024_15_KC_CLE,REG,15,KC,,33.0,good,1.0,0.0,H.Butker,00-0033303
2024_15_KC_CLE,REG,15,KC,,33.0,good,1.0,0.0,H.Butker,00-0033303
2024_15_KC_CLE,REG,15,KC,missed,29.0,,0.0,1.0,H.Butker,00-0033303
2024_15_KC_CLE,REG,15,KC,,33.0,good,1.0,0.0,H.Butker,00-0033303
2024_15_KC_CLE,REG,15,CLE,,33.0,good,1.0,0.0,R.Patterson,00-0036816
2024_15_LA_SF,REG,15,SF,made,53.0,,0.0,1.0,J.Moody,00-0038562
2024_15_LA_SF,REG,15,LAR,made,48.0,,0.0,1.0,J.Karty,00-0039750
2024_15_LA_SF,REG,15,SF,made,47.0,,0.0,1.0,J.Moody,00-0038562
2024_15_LA_SF,REG,15,LAR,made,23.0,,0.0,1.0,J.Karty,00-0039750
2024_15_LA_SF,REG,15,LAR,made,27.0,,0.0,1.0,J.Karty,00-0039750
2024_15_LA_SF,REG,15,LAR,made,29.0,,0.0,1.0,J.Karty,00-0039750
2024_15_MIA_HOU,REG,15,HOU,made,44.0,,0.0,1.0,K.Fairbairn,00-0032726
2024_15_MIA_HOU,REG,15,MIA,made,55.0,,0.0,1.0,J.Sanders,00-0034794
2024_15_MIA_HOU,REG,15,HOU,,33.0,good,1.0,0.0,K.Fairbairn,00-0032726
2024_15_MIA_HOU,REG,15,MIA,made,36.0,,0.0,1.0,J.Sanders,00-0034794
2024_15_MIA_HOU,REG,15,HOU,made,23.0,,0.0,1.0,K.Fairbairn,00-0032726
2024_15_MIA_HOU,REG,15,HOU,,33.0,good,1.0,0.0,K.Fairbairn,00-0032726
2024_15_MIA_HOU,REG,15,MIA,,33.0,failed,1.0,0.0,J.Sanders,00-0034794
2024_15_NE_ARI,REG,15,NE,missed,53.0,,0.0,1.0,J.Slye,00-0035192
2024_15_NE_ARI,REG,15,ARI,made,49.0,,0.0,1.0,C.Ryland,00-0038567
2024_15_NE_ARI,REG,15,ARI,,33.0,good,1.0,0.0,C.Ryland,00-0038567
2024_15_NE_ARI,REG,15,NE,made,50.0,,0.0,1.0,J.Slye,00-0035192
2024_15_NE_ARI,REG,15,ARI,made,35.0,,0.0,1.0,C.Ryland,00-0038567
2024_15_NE_ARI,REG,15,ARI,made,40.0,,0.0,1.0,C.Ryland,00-0038567
2024_15_NE_ARI,REG,15,ARI,,33.0,good,1.0,0.0,C.Ryland,00-0038567
2024_15_NE_ARI,REG,15,NE,,33.0,good,1.0,0.0,J.Slye,00-0035192
2024_15_NE_ARI,REG,15,ARI,,33.0,good,1.0,0.0,C.Ryland,00-0038567
2024_15_NE_ARI,REG,15,NE,,33.0,good,1.0,0.0,J.Slye,00-0035192
2024_15_NYJ_JAX,REG,15,JAX,,33.0,good,1.0,0.0,C.Little,00-0039409
2024_15_NYJ_JAX,REG,15,NYJ,,33.0,good,1.0,0.0,A.Carlson,00-0038402
2024_15_NYJ_JAX,REG,15,JAX,made,28.0,,0.0,1.0,C.Little,00-0039409
2024_15_NYJ_JAX,REG,15,JAX,made,23.0,,0.0,1.0,C.Little,00-0039409
2024_15_NYJ_JAX,REG,15,NYJ,made,43.0,,0.0,1.0,A.Carlson,00-0038402
2024_15_NYJ_JAX,REG,15,JAX,made,43.0,,0.0,1.0,C.Little,00-0039409
2024_15_NYJ_JAX,REG,15,NYJ,,33.0,good,1.0,0.0,A.Carlson,00-0038402
2024_15_NYJ_JAX,REG,15,NYJ,missed,48.0,,0.0,1.0,A.Carlson,00-0038402
2024_15_NYJ_JAX,REG,15,JAX,made,43.0,,0.0,1.0,C.Little,00-0039409
2024_15_NYJ_JAX,REG,15,NYJ,,33.0,good,1.0,0.0,A.Carlson,00-0038402
2024_15_PIT_PHI,REG,15,PHI,made,34.0,,0.0,1.0,J.Elliott,00-0033787
2024_15_PIT_PHI,REG,15,PIT,made,37.0,,0.0,1.0,C.Boswell,00-0031136
2024_15_PIT_PHI,REG,15,PHI,,33.0,good,1.0,0.0,J.Elliott,00-0033787
2024_15_PIT_PHI,REG,15,PHI,,33.0,good,1.0,0.0,J.Elliott,00-0033787
2024_15_PIT_PHI,REG,15,PIT,,33.0,good,1.0,0.0,C.Boswell,00-0031136
2024_15_PIT_PHI,REG,15,PIT,made,49.0,,0.0,1.0,C.Boswell,00-0031136
2024_15_PIT_PHI,REG,15,PHI,made,41.0,,0.0,1.0,J.Elliott,00-0033787
2024_15_PIT_PHI,REG,15,PHI,,33.0,good,1.0,0.0,J.Elliott,00-0033787
2024_15_TB_LAC,REG,15,TB,,33.0,good,1.0,0.0,C.McLaughlin,00-0035358
2024_15_TB_LAC,REG,15,LAC,,33.0,good,1.0,0.0,C.Dicker,00-0037224
2024_15_TB_LAC,REG,15,TB,made,22.0,,0.0,1.0,C.McLaughlin,00-0035358
2024_15_TB_LAC,REG,15,LAC,made,41.0,,0.0,1.0,C.Dicker,00-0037224
2024_15_TB_LAC,REG,15,LAC,,33.0,good,1.0,0.0,C.Dicker,00-0037224
2024_15_TB_LAC,REG,15,TB,made,37.0,,0.0,1.0,C.McLaughlin,00-0035358
2024_15_TB_LAC,REG,15,TB,,33.0,good,1.0,0.0,C.McLaughlin,00-0035358
2024_15_TB_LAC,REG,15,TB,made,42.0,,0.0,1.0,C.McLaughlin,00-0035358
2024_15_TB_LAC,REG,15,TB,,33.0,good,1.0,0.0,C.McLaughlin,00-0035358
2024_15_TB_LAC,REG,15,TB,,33.0,good,1.0,0.0,C.McLaughlin,00-0035358
2024_15_TB_LAC,REG,15,TB,made,43.0,,0.0,1.0,C.McLaughlin,00-0035358
2024_15_WAS_NO,REG,15,WAS,,33.0,good,1.0,0.0,G.Joseph,00-0034450
2024_15_WAS_NO,REG,15,WAS,,33.0,good,1.0,0.0,G.Joseph,00-0034450
2024_15_WAS_NO,REG,15,WAS,made,23.0,,0.0,1.0,G.Joseph,00-0034450
2024_15_WAS_NO,REG,15,NO,,33.0,good,1.0,0.0,B.Grupe,00-0038905
2024_15_WAS_NO,REG,15,WAS,made,41.0,,0.0,1.0,G.Joseph,00-0034450
2024_15_WAS_NO,REG,15,NO,made,41.0,,0.0,1.0,B.Grupe,00-0038905
2024_15_WAS_NO,REG,15,NO,made,51.0,,0.0,1.0,B.Grupe,00-0038905
2024_15_WAS_NO,REG,15,WAS,missed,54.0,,0.0,1.0,G.Joseph,00-0034450
2024_16_ARI_CAR,REG,16,CAR,,33.0,good,1.0,0.0,E.Pineiro,00-0034173
2024_16_ARI_CAR,REG,16,ARI,made,48.0,,0.0,1.0,C.Ryland,00-0038567
2024_16_ARI_CAR,REG,16,CAR,,33.0,failed,1.0,0.0,E.Pineiro,00-0034173
2024_16_ARI_CAR,REG,16,CAR,,33.0,good,1.0,0.0,E.Pineiro,00-0034173
2024_16_ARI_CAR,REG,16,ARI,,33.0,good,1.0,0.0,C.Ryland,00-0038567
2024_16_ARI_CAR,REG,16,ARI,,33.0,good,1.0,0.0,C.Ryland,00-0038567
2024_16_ARI_CAR,REG,16,CAR,made,29.0,,0.0,1.0,E.Pineiro,00-0034173
2024_16_ARI_CAR,REG,16,ARI,made,30.0,,0.0,1.0,C.Ryland,00-0038567
2024_16_ARI_CAR,REG,16,CAR,,33.0,good,1.0,0.0,E.Pineiro,00-0034173
2024_16_ARI_CAR,REG,16,ARI,,33.0,good,1.0,0.0,C.Ryland,00-0038567
2024_16_ARI_CAR,REG,16,ARI,made,58.0,,0.0,1.0,C.Ryland,00-0038567
2024_16_CLE_CIN,REG,16,CIN,,33.0,good,1.0,0.0,C.York,00-0038097
2024_16_CLE_CIN,REG,16,CIN,missed,47.0,,0.0,1.0,C.York,00-0038097
2024_16_CLE_CIN,REG,16,CIN,,33.0,good,1.0,0.0,C.York,00-0038097
2024_16_CLE_CIN,REG,16,CIN,made,59.0,,0.0,1.0,C.York,00-0038097
2024_16_CLE_CIN,REG,16,CLE,,33.0,failed,1.0,0.0,D.Hopkins,00-0030098
2024_16_CLE_CIN,REG,16,CIN,,33.0,good,1.0,0.0,C.York,00-0038097
2024_16_DEN_LAC,REG,16,DEN,,33.0,good,1.0,0.0,W.Lutz,00-0032569
2024_16_DEN_LAC,REG,16,LAC,,33.0,good,1.0,0.0,C.Dicker,00-0037224
2024_16_DEN_LAC,REG,16,DEN,,33.0,good,1.0,0.0,W.Lutz,00-0032569
2024_16_DEN_LAC,REG,16,LAC,made,37.0,,0.0,1.0,C.Dicker,00-0037224
2024_16_DEN_LAC,REG,16,DEN,,33.0,good,1.0,0.0,W.Lutz,00-0032569
2024_16_DEN_LAC,REG,16,LAC,made,57.0,,0.0,1.0,C.Dicker,00-0037224
2024_16_DEN_LAC,REG,16,DEN,made,41.0,,0.0,1.0,W.Lutz,00-0032569
2024_16_DEN_LAC,REG,16,LAC,,33.0,good,1.0,0.0,C.Dicker,00-0037224
2024_16_DEN_LAC,REG,16,DEN,made,55.0,,0.0,1.0,W.Lutz,00-0032569
2024_16_DET_CHI,REG,16,DET,made,30.0,,0.0,1.0,J.Bates,00-0039172
2024_16_DET_CHI,REG,16,DET,,33.0,good,1.0,0.0,J.Bates,00-0039172
2024_16_DET_CHI,REG,16,DET,made,34.0,,0.0,1.0,J.Bates,00-0039172
2024_16_DET_CHI,REG,16,DET,,33.0,good,1.0,0.0,J.Bates,00-0039172
2024_16_DET_CHI,REG,16,CHI,,33.0,good,1.0,0.0,C.Santos,00-0031203
2024_16_DET_CHI,REG,16,DET,,33.0,good,1.0,0.0,J.Bates,00-0039172
2024_16_DET_CHI,REG,16,CHI,,33.0,good,1.0,0.0,C.Santos,00-0031203
2024_16_DET_CHI,REG,16,DET,missed,65.0,,0.0,1.0,J.Bates,00-0039172
2024_16_DET_CHI,REG,16,DET,,33.0,good,1.0,0.0,J.Bates,00-0039172
2024_16_DET_CHI,REG,16,CHI,made,30.0,,0.0,1.0,C.Santos,00-0031203
2024_16_HOU_KC,REG,16,KC,,33.0,good,1.0,0.0,H.Butker,00-0033303
2024_16_HOU_KC,REG,16,HOU,made,33.0,,0.0,1.0,K.Fairbairn,00-0032726
2024_16_HOU_KC,REG,16,HOU,,33.0,good,1.0,0.0,K.Fairbairn,00-0032726
2024_16_HOU_KC,REG,16,KC,,33.0,good,1.0,0.0,H.Butker,00-0033303
2024_16_HOU_KC,REG,16,KC,made,44.0,,0.0,1.0,H.Butker,00-0033303
2024_16_HOU_KC,REG,16,HOU,,33.0,failed,1.0,0.0,K.Fairbairn,00-0032726
2024_16_HOU_KC,REG,16,KC,,33.0,good,1.0,0.0,H.Butker,00-0033303
2024_16_HOU_KC,REG,16,HOU,made,38.0,,0.0,1.0,K.Fairbairn,00-0032726
2024_16_HOU_KC,REG,16,KC,made,27.0,,0.0,1.0,H.Butker,00-0033303
2024_16_JAX_LV,REG,16,JAX,,33.0,good,1.0,0.0,C.Little,00-0039409
2024_16_JAX_LV,REG,16,LV,,33.0,good,1.0,0.0,D.Carlson,00-0034161
2024_16_JAX_LV,REG,16,LV,made,49.0,,0.0,1.0,D.Carlson,00-0034161
2024_16_JAX_LV,REG,16,LV,made,37.0,,0.0,1.0,D.Carlson,00-0034161
2024_16_JAX_LV,REG,16,LV,missed,46.0,,0.0,1.0,D.Carlson,00-0034161
2024_16_JAX_LV,REG,16,JAX,,33.0,good,1.0,0.0,C.Little,00-0039409
2024_16_LA_NYJ,REG,16,NYJ,,33.0,failed,1.0,0.0,A.Carlson,00-0038402
2024_16_LA_NYJ,REG,16,LAR,,33.0,failed,1.0,0.0,J.Karty,00-0039750
2024_16_LA_NYJ,REG,16,NYJ,made,21.0,,0.0,1.0,A.Carlson,00-0038402
2024_16_LA_NYJ,REG,16,LAR,made,38.0,,0.0,1.0,J.Karty,00-0039750
2024_16_LA_NYJ,REG,16,LAR,,33.0,good,1.0,0.0,J.Karty,00-0039750
2024_16_LA_NYJ,REG,16,LAR,made,45.0,,0.0,1.0,J.Karty,00-0039750
2024_16_LA_NYJ,REG,16,NYJ,missed,49.0,,0.0,1.0,A.Carlson,00-0038402
2024_16_MIN_SEA,REG,16,MIN,,33.0,good,1.0,0.0,W.Reichard,00-0039404
2024_16_MIN_SEA,REG,16,SEA,,33.0,good,1.0,0.0,J.Myers,00-0031492
2024_16_MIN_SEA,REG,16,MIN,,48.0,good,1.0,0.0,W.Reichard,00-0039404
2024_16_MIN_SEA,REG,16,MIN,made,52.0,,0.0,1.0,W.Reichard,00-0039404
2024_16_MIN_SEA,REG,16,SEA,,33.0,good,1.0,0.0,J.Myers,00-0031492
2024_16_MIN_SEA,REG,16,SEA,made,43.0,,0.0,1.0,J.Myers,00-0031492
2024_16_MIN_SEA,REG,16,MIN,made,48.0,,0.0,1.0,W.Reichard,00-0039404
2024_16_MIN_SEA,REG,16,SEA,,33.0,good,1.0,0.0,J.Myers,00-0031492
2024_16_MIN_SEA,REG,16,MIN,,33.0,good,1.0,0.0,W.Reichard,00-0039404
2024_16_MIN_SEA,REG,16,SEA,missed,60.0,,0.0,1.0,J.Myers,00-0031492
2024_16_NE_BUF,REG,16,NE,,33.0,good,1.0,0.0,J.Slye,00-0035192
2024_16_NE_BUF,REG,16,NE,,33.0,good,1.0,0.0,J.Slye,00-0035192
2024_16_NE_BUF,REG,16,BUF,,33.0,good,1.0,0.0,T.Bass,00-0036162
2024_16_NE_BUF,REG,16,BUF,,33.0,good,1.0,0.0,T.Bass,00-0036162
2024_16_NE_BUF,REG,16,BUF,made,50.0,,0.0,1.0,T.Bass,00-0036162
2024_16_NE_BUF,REG,16,BUF,,33.0,good,1.0,0.0,T.Bass,00-0036162
2024_16_NE_BUF,REG,16,NE,,33.0,good,1.0,0.0,J.Slye,00-0035192
2024_16_NO_GB,REG,16,GB,,33.0,good,1.0,0.0,B.McManus,00-0029822
2024_16_NO_GB,REG,16,GB,,33.0,good,1.0,0.0,B.McManus,00-0029822
2024_16_NO_GB,REG,16,GB,,33.0,good,1.0,0.0,B.McManus,00-0029822
2024_16_NO_GB,REG,16,GB,made,55.0,,0.0,1.0,B.McManus,00-0029822
2024_16_NO_GB,REG,16,GB,made,46.0,,0.0,1.0,B.McManus,00-0029822
2024_16_NO_GB,REG,16,GB,,33.0,good,1.0,0.0,B.McManus,00-0029822
2024_16_NYG_ATL,REG,16,ATL,missed,43.0,,0.0,1.0,R.Patterson,00-0036816
2024_16_NYG_ATL,REG,16,NYG,,33.0,good,1.0,0.0,G.Gano,00-0026858
2024_16_NYG_ATL,REG,16,ATL,made,52.0,,0.0,1.0,R.Patterson,00-0036816
2024_16_NYG_ATL,REG,16,ATL,,33.0,good,1.0,0.0,R.Patterson,00-0036816
2024_16_NYG_ATL,REG,16,ATL,,33.0,good,1.0,0.0,R.Patterson,00-0036816
2024_16_NYG_ATL,REG,16,ATL,,33.0,good,1.0,0.0,R.Patterson,00-0036816
2024_16_NYG_ATL,REG,16,ATL,,33.0,good,1.0,0.0,R.Patterson,00-0036816
2024_16_NYG_ATL,REG,16,ATL,made,37.0,,0.0,1.0,R.Patterson,00-0036816
2024_16_PHI_WAS,REG,16,PHI,,33.0,good,1.0,0.0,J.Elliott,00-0033787
2024_16_PHI_WAS,REG,16,PHI,,33.0,good,1.0,0.0,J.Elliott,00-0033787
2024_16_PHI_WAS,REG,16,WAS,,33.0,good,1.0,0.0,Z.Gonzalez,00-0033862
2024_16_PHI_WAS,REG,16,PHI,,33.0,good,1.0,0.0,J.Elliott,00-0033787
2024_16_PHI_WAS,REG,16,WAS,,33.0,good,1.0,0.0,Z.Gonzalez,00-0033862
2024_16_PHI_WAS,REG,16,PHI,missed,56.0,,0.0,1.0,J.Elliott,00-0033787
2024_16_PHI_WAS,REG,16,PHI,made,24.0,,0.0,1.0,J.Elliott,00-0033787
2024_16_PHI_WAS,REG,16,PHI,made,40.0,,0.0,1.0,J.Elliott,00-0033787
2024_16_PHI_WAS,REG,16,WAS,,33.0,good,1.0,0.0,Z.Gonzalez,00-0033862
2024_16_PHI_WAS,REG,16,WAS,,33.0,good,1.0,0.0,Z.Gonzalez,00-0033862
2024_16_PHI_WAS,REG,16,PHI,made,50.0,,0.0,1.0,J.Elliott,00-0033787
2024_16_PHI_WAS,REG,16,PHI,made,40.0,,0.0,1.0,J.Elliott,00-0033787
2024_16_PIT_BAL,REG,16,BAL,,33.0,good,1.0,0.0,J.Tucker,00-0029597
2024_16_PIT_BAL,REG,16,PIT,,33.0,good,1.0,0.0,C.Boswell,00-0031136
2024_16_PIT_BAL,REG,16,BAL,,33.0,good,1.0,0.0,J.Tucker,00-0029597
2024_16_PIT_BAL,REG,16,BAL,made,51.0,,0.0,1.0,J.Tucker,00-0029597
2024_16_PIT_BAL,REG,16,PIT,made,51.0,,0.0,1.0,C.Boswell,00-0031136
2024_16_PIT_BAL,REG,16,PIT,,33.0,good,1.0,0.0,C.Boswell,00-0031136
2024_16_PIT_BAL,REG,16,BAL,,33.0,good,1.0,0.0,J.Tucker,00-0029597
2024_16_PIT_BAL,REG,16,BAL,,33.0,good,1.0,0.0,J.Tucker,00-0029597
2024_16_PIT_BAL,REG,16,BAL,made,23.0,,0.0,1.0,J.Tucker,00-0029597
2024_16_SF_MIA,REG,16,MIA,made,44.0,,0.0,1.0,J.Sanders,00-0034794
2024_16_SF_MIA,REG,16,SF,,33.0,good,1.0,0.0,J.Moody,00-0038562
2024_16_SF_MIA,REG,16,MIA,made,38.0,,0.0,1.0,J.Sanders,00-0034794
2024_16_SF_MIA,REG,16,MIA,,33.0,good,1.0,0.0,J.Sanders,00-0034794
2024_16_SF_MIA,REG,16,SF,made,21.0,,0.0,1.0,J.Moody,00-0038562
2024_16_SF_MIA,REG,16,MIA,made,54.0,,0.0,1.0,J.Sanders,00-0034794
2024_16_SF_MIA,REG,16,SF,missed,41.0,,0.0,1.0,J.Moody,00-0038562
2024_16_SF_MIA,REG,16,MIA,made,33.0,,0.0,1.0,J.Sanders,00-0034794
2024_16_SF_MIA,REG,16,SF,,33.0,good,1.0,0.0,J.Moody,00-0038562
2024_16_SF_MIA,REG,16,MIA,made,48.0,,0.0,1.0,J.Sanders,00-0034794
2024_16_SF_MIA,REG,16,MIA,,33.0,good,1.0,0.0,J.Sanders,00-0034794
2024_16_TB_DAL,REG,16,DAL,made,58.0,,0.0,1.0,B.Aubrey,00-0037692
2024_16_TB_DAL,REG,16,DAL,,33.0,good,1.0,0.0,B.Aubrey,00-0037692
2024_16_TB_DAL,REG,16,TB,,33.0,good,1.0,0.0,C.McLaughlin,00-0035358
2024_16_TB_DAL,REG,16,DAL,made,49.0,,0.0,1.0,B.Aubrey,00-0037692
2024_16_TB_DAL,REG,16,DAL,,33.0,good,1.0,0.0,B.Aubrey,00-0037692
2024_16_TB_DAL,REG,16,TB,,33.0,good,1.0,0.0,C.McLaughlin,00-0035358
2024_16_TB_DAL,REG,16,DAL,made,58.0,,0.0,1.0,B.Aubrey,00-0037692
2024_16_TB_DAL,REG,16,DAL,made,53.0,,0.0,1.0,B.Aubrey,00-0037692
2024_16_TB_DAL,REG,16,TB,made,45.0,,0.0,1.0,C.McLaughlin,00-0035358
2024_16_TB_DAL,REG,16,TB,,33.0,good,1.0,0.0,C.McLaughlin,00-0035358
2024_16_TEN_IND,REG,16,TEN,,33.0,good,1.0,0.0,B.Narveson,00-0039649
2024_16_TEN_IND,REG,16,TEN,missed,53.0,,0.0,1.0,B.Narveson,00-0039649
2024_16_TEN_IND,REG,16,IND,,33.0,good,1.0,0.0,M.Gay,00-0035269
2024_16_TEN_IND,REG,16,IND,,33.0,good,1.0,0.0,M.Gay,00-0035269
2024_16_TEN_IND,REG,16,IND,made,31.0,,0.0,1.0,M.Gay,00-0035269
2024_16_TEN_IND,REG,16,IND,,33.0,good,1.0,0.0,M.Gay,00-0035269
2024_16_TEN_IND,REG,16,IND,,33.0,good,1.0,0.0,M.Gay,00-0035269
2024_16_TEN_IND,REG,16,IND,,33.0,good,1.0,0.0,M.Gay,00-0035269
2024_16_TEN_IND,REG,16,IND,missed,55.0,,0.0,1.0,M.Gay,00-0035269
2024_16_TEN_IND,REG,16,TEN,,33.0,good,1.0,0.0,B.Narveson,00-0039649
2024_17_ARI_LA,REG,17,LAR,,33.0,good,1.0,0.0,J.Karty,00-0039750
2024_17_ARI_LA,REG,17,LAR,made,53.0,,0.0,1.0,J.Karty,00-0039750
2024_17_ARI_LA,REG,17,ARI,,33.0,blocked,1.0,0.0,C.Ryland,00-0038567
2024_17_ARI_LA,REG,17,ARI,made,28.0,,0.0,1.0,C.Ryland,00-0038567
2024_17_ARI_LA,REG,17,LAR,made,25.0,,0.0,1.0,J.Karty,00-0039750
2024_17_ATL_WAS,REG,17,WAS,,33.0,good,1.0,0.0,Z.Gonzalez,00-0033862
2024_17_ATL_WAS,REG,17,ATL,,33.0,good,1.0,0.0,R.Patterson,00-0036816
2024_17_ATL_WAS,REG,17,ATL,,33.0,good,1.0,0.0,R.Patterson,00-0036816
2024_17_ATL_WAS,REG,17,ATL,made,39.0,,0.0,1.0,R.Patterson,00-0036816
2024_17_ATL_WAS,REG,17,WAS,,33.0,good,1.0,0.0,Z.Gonzalez,00-0033862
2024_17_ATL_WAS,REG,17,WAS,,33.0,good,1.0,0.0,Z.Gonzalez,00-0033862
2024_17_ATL_WAS,REG,17,WAS,made,31.0,,0.0,1.0,Z.Gonzalez,00-0033862
2024_17_ATL_WAS,REG,17,ATL,,33.0,good,1.0,0.0,R.Patterson,00-0036816
2024_17_ATL_WAS,REG,17,ATL,missed,56.0,,0.0,1.0,R.Patterson,00-0036816
2024_17_BAL_HOU,REG,17,BAL,,33.0,good,1.0,0.0,J.Tucker,00-0029597
2024_17_BAL_HOU,REG,17,BAL,made,52.0,,0.0,1.0,J.Tucker,00-0029597
2024_17_BAL_HOU,REG,17,BAL,,33.0,good,1.0,0.0,J.Tucker,00-0029597
2024_17_BAL_HOU,REG,17,BAL,,33.0,good,1.0,0.0,J.Tucker,00-0029597
2024_17_BAL_HOU,REG,17,BAL,,33.0,good,1.0,0.0,J.Tucker,00-0029597
2024_17_CAR_TB,REG,17,TB,,33.0,good,1.0,0.0,C.McLaughlin,00-0035358
2024_17_CAR_TB,REG,17,CAR,,33.0,good,1.0,0.0,E.Pineiro,00-0034173
2024_17_CAR_TB,REG,17,TB,made,23.0,,0.0,1.0,C.McLaughlin,00-0035358
2024_17_CAR_TB,REG,17,TB,made,34.0,,0.0,1.0,C.McLaughlin,00-0035358
2024_17_CAR_TB,REG,17,TB,,33.0,good,1.0,0.0,C.McLaughlin,00-0035358
2024_17_CAR_TB,REG,17,TB,,33.0,good,1.0,0.0,C.McLaughlin,00-0035358
2024_17_CAR_TB,REG,17,CAR,,33.0,good,1.0,0.0,E.Pineiro,00-0034173
2024_17_CAR_TB,REG,17,CAR,missed,53.0,,0.0,1.0,E.Pineiro,00-0034173
2024_17_CAR_TB,REG,17,TB,,33.0,good,1.0,0.0,C.McLaughlin,00-0035358
2024_17_CAR_TB,REG,17,TB,,33.0,good,1.0,0.0,C.McLaughlin,00-0035358
2024_17_CAR_TB,REG,17,TB,,33.0,good,1.0,0.0,C.McLaughlin,00-0035358
2024_17_DAL_PHI,REG,17,PHI,,33.0,good,1.0,0.0,J.Elliott,00-0033787
2024_17_DAL_PHI,REG,17,DAL,,33.0,good,1.0,0.0,B.Aubrey,00-0037692
2024_17_DAL_PHI,REG,17,PHI,,33.0,good,1.0,0.0,J.Elliott,00-0033787
2024_17_DAL_PHI,REG,17,PHI,made,31.0,,0.0,1.0,J.Elliott,00-0033787
2024_17_DAL_PHI,REG,17,PHI,,28.0,good,1.0,0.0,J.Elliott,00-0033787
2024_17_DAL_PHI,REG,17,PHI,made,26.0,,0.0,1.0,J.Elliott,00-0033787
2024_17_DAL_PHI,REG,17,PHI,,33.0,good,1.0,0.0,J.Elliott,00-0033787
2024_17_DAL_PHI,REG,17,PHI,,33.0,good,1.0,0.0,J.Elliott,00-0033787
2024_17_DAL_PHI,REG,17,DAL,missed,61.0,,0.0,1.0,B.Aubrey,00-0037692
2024_17_DEN_CIN,REG,17,DEN,made,30.0,,0.0,1.0,W.Lutz,00-0032569
2024_17_DEN_CIN,REG,17,CIN,,33.0,good,1.0,0.0,C.York,00-0038097
2024_17_DEN_CIN,REG,17,CIN,made,22.0,,0.0,1.0,C.York,00-0038097
2024_17_DEN_CIN,REG,17,DEN,,33.0,good,1.0,0.0,W.Lutz,00-0032569
2024_17_DEN_CIN,REG,17,CIN,,33.0,good,1.0,0.0,C.York,00-0038097
2024_17_DEN_CIN,REG,17,DEN,,33.0,good,1.0,0.0,W.Lutz,00-0032569
2024_17_DEN_CIN,REG,17,CIN,,33.0,good,1.0,0.0,C.York,00-0038097
2024_17_DEN_CIN,REG,17,DEN,,33.0,good,1.0,0.0,W.Lutz,00-0032569
2024_17_DEN_CIN,REG,17,CIN,missed,33.0,,0.0,1.0,C.York,00-0038097
2024_17_DET_SF,REG,17,SF,,33.0,good,1.0,0.0,J.Moody,00-0038562
2024_17_DET_SF,REG,17,DET,,33.0,blocked,1.0,0.0,J.Bates,00-0039172
2024_17_DET_SF,REG,17,SF,,33.0,good,1.0,0.0,J.Moody,00-0038562
2024_17_DET_SF,REG,17,DET,,33.0,good,1.0,0.0,J.Bates,00-0039172
2024_17_DET_SF,REG,17,SF,,33.0,good,1.0,0.0,J.Moody,00-0038562
2024_17_DET_SF,REG,17,SF,missed,51.0,,0.0,1.0,J.Moody,00-0038562
2024_17_DET_SF,REG,17,SF,,33.0,good,1.0,0.0,J.Moody,00-0038562
2024_17_DET_SF,REG,17,DET,made,57.0,,0.0,1.0,J.Bates,00-0039172
2024_17_DET_SF,REG,17,DET,,33.0,good,1.0,0.0,J.Bates,00-0039172
2024_17_DET_SF,REG,17,SF,missed,58.0,,0.0,1.0,J.Moody,00-0038562
2024_17_DET_SF,REG,17,DET,made,42.0,,0.0,1.0,J.Bates,00-0039172
2024_17_DET_SF,REG,17,DET,,33.0,failed,1.0,0.0,J.Bates,00-0039172
2024_17_DET_SF,REG,17,SF,,33.0,failed,1.0,0.0,J.Moody,00-0038562
2024_17_GB_MIN,REG,17,MIN,missed,57.0,,0.0,1.0,W.Reichard,00-0039404
2024_17_GB_MIN,REG,17,GB,made,22.0,,0.0,1.0,B.McManus,00-0029822
2024_17_GB_MIN,REG,17,MIN,,33.0,good,1.0,0.0,W.Reichard,00-0039404
2024_17_GB_MIN,REG,17,MIN,made,25.0,,0.0,1.0,W.Reichard,00-0039404
2024_17_GB_MIN,REG,17,MIN,made,50.0,,0.0,1.0,W.Reichard,00-0039404
2024_17_GB_MIN,REG,17,MIN,,33.0,good,1.0,0.0,W.Reichard,00-0039404
2024_17_GB_MIN,REG,17,GB,,33.0,good,1.0,0.0,B.McManus,00-0029822
2024_17_GB_MIN,REG,17,MIN,,33.0,good,1.0,0.0,W.Reichard,00-0039404
2024_17_GB_MIN,REG,17,MIN,missed,43.0,,0.0,1.0,W.Reichard,00-0039404
2024_17_GB_MIN,REG,17,GB,,33.0,good,1.0,0.0,B.McManus,00-0029822
2024_17_IND_NYG,REG,17,IND,made,32.0,,0.0,1.0,M.Gay,00-0035269
2024_17_IND_NYG,REG,17,NYG,,33.0,good,1.0,0.0,G.Gano,00-0026858
2024_17_IND_NYG,REG,17,IND,missed,54.0,,0.0,1.0,M.Gay,00-0035269
2024_17_IND_NYG,REG,17,NYG,,33.0,good,1.0,0.0,G.Gano,00-0026858
2024_17_IND_NYG,REG,17,IND,made,29.0,,0.0,1.0,M.Gay,00-0035269
2024_17_IND_NYG,REG,17,NYG,,33.0,good,1.0,0.0,G.Gano,00-0026858
2024_17_IND_NYG,REG,17,IND,,33.0,good,1.0,0.0,M.Gay,00-0035269
2024_17_IND_NYG,REG,17,NYG,,33.0,good,1.0,0.0,G.Gano,00-0026858
2024_17_IND_NYG,REG,17,IND,,33.0,good,1.0,0.0,M.Gay,00-0035269
2024_17_IND_NYG,REG,17,NYG,,33.0,good,1.0,0.0,G.Gano,00-0026858
2024_17_IND_NYG,REG,17,IND,,33.0,good,1.0,0.0,M.Gay,00-0035269
2024_17_IND_NYG,REG,17,NYG,,33.0,good,1.0,0.0,G.Gano,00-0026858
2024_17_IND_NYG,REG,17,NYG,made,30.0,,0.0,1.0,G.Gano,00-0026858
2024_17_KC_PIT,REG,17,KC,,48.0,failed,1.0,0.0,H.Butker,00-0033303
2024_17_KC_PIT,REG,17,KC,,33.0,good,1.0,0.0,H.Butker,00-0033303
2024_17_KC_PIT,REG,17,PIT,,33.0,good,1.0,0.0,C.Boswell,00-0031136
2024_17_KC_PIT,REG,17,KC,made,32.0,,0.0,1.0,H.Butker,00-0033303
2024_17_KC_PIT,REG,17,PIT,made,36.0,,0.0,1.0,C.Boswell,00-0031136
2024_17_KC_PIT,REG,17,KC,,48.0,good,1.0,0.0,H.Butker,00-0033303
2024_17_LAC_NE,REG,17,LAC,,33.0,good,1.0,0.0,C.Dicker,00-0037224
2024_17_LAC_NE,REG,17,LAC,made,27.0,,0.0,1.0,C.Dicker,00-0037224
2024_17_LAC_NE,REG,17,LAC,,33.0,good,1.0,0.0,C.Dicker,00-0037224
2024_17_LAC_NE,REG,17,NE,,33.0,good,1.0,0.0,J.Slye,00-0035192
2024_17_LAC_NE,REG,17,LAC,made,38.0,,0.0,1.0,C.Dicker,00-0037224
2024_17_LAC_NE,REG,17,LAC,,33.0,good,1.0,0.0,C.Dicker,00-0037224
2024_17_LAC_NE,REG,17,LAC,made,41.0,,0.0,1.0,C.Dicker,00-0037224
2024_17_LAC_NE,REG,17,LAC,,33.0,good,1.0,0.0,C.Dicker,00-0037224
2024_17_LAC_NE,REG,17,LAC,made,35.0,,0.0,1.0,C.Dicker,00-0037224
2024_17_LV_NO,REG,17,LV,made,31.0,,0.0,1.0,D.Carlson,00-0034161
2024_17_LV_NO,REG,17,NO,,33.0,good,1.0,0.0,B.Grupe,00-0038905
2024_17_LV_NO,REG,17,LV,made,39.0,,0.0,1.0,D.Carlson,00-0034161
2024_17_LV_NO,REG,17,LV,,33.0,good,1.0,0.0,D.Carlson,00-0034161
2024_17_LV_NO,REG,17,NO,made,34.0,,0.0,1.0,B.Grupe,00-0038905
2024_17_LV_NO,REG,17,LV,made,54.0,,0.0,1.0,D.Carlson,00-0034161
2024_17_LV_NO,REG,17,LV,made,25.0,,0.0,1.0,D.Carlson,00-0034161
2024_17_LV_NO,REG,17,LV,,33.0,blocked,1.0,0.0,D.Carlson,00-0034161
2024_17_MIA_CLE,REG,17,MIA,made,54.0,,0.0,1.0,J.Sanders,00-0034794
2024_17_MIA_CLE,REG,17,CLE,made,25.0,,0.0,1.0,D.Hopkins,00-0030098
2024_17_MIA_CLE,REG,17,MIA,made,39.0,,0.0,1.0,J.Sanders,00-0034794
2024_17_MIA_CLE,REG,17,MIA,,33.0,good,1.0,0.0,J.Sanders,00-0034794
2024_17_MIA_CLE,REG,17,MIA,,33.0,good,1.0,0.0,J.Sanders,00-0034794
2024_17_NYJ_BUF,REG,17,BUF,,33.0,good,1.0,0.0,T.Bass,00-0036162
2024_17_NYJ_BUF,REG,17,BUF,made,39.0,,0.0,1.0,T.Bass,00-0036162
2024_17_NYJ_BUF,REG,17,BUF,,33.0,good,1.0,0.0,T.Bass,00-0036162
2024_17_NYJ_BUF,REG,17,BUF,,33.0,good,1.0,0.0,T.Bass,00-0036162
2024_17_NYJ_BUF,REG,17,BUF,,25.0,good,1.0,0.0,T.Bass,00-0036162
2024_17_NYJ_BUF,REG,17,BUF,,33.0,good,1.0,0.0,T.Bass,00-0036162
2024_17_SEA_CHI,REG,17,SEA,made,27.0,,0.0,1.0,J.Myers,00-0031492
2024_17_SEA_CHI,REG,17,CHI,made,42.0,,0.0,1.0,C.Santos,00-0031203
2024_17_SEA_CHI,REG,17,SEA,made,50.0,,0.0,1.0,J.Myers,00-0031492
2024_17_TEN_JAX,REG,17,JAX,made,48.0,,0.0,1.0,C.Little,00-0039409
2024_17_TEN_JAX,REG,17,JAX,,33.0,good,1.0,0.0,C.Little,00-0039409
2024_17_TEN_JAX,REG,17,JAX,made,44.0,,0.0,1.0,C.Little,00-0039409
2024_17_TEN_JAX,REG,17,TEN,made,39.0,,0.0,1.0,M.Wright,00-0035189
2024_17_TEN_JAX,REG,17,TEN,,33.0,good,1.0,0.0,M.Wright,00-0035189
2024_17_TEN_JAX,REG,17,JAX,,33.0,good,1.0,0.0,C.Little,00-0039409
2024_17_TEN_JAX,REG,17,TEN,made,28.0,,0.0,1.0,M.Wright,00-0035189
2024_18_BUF_NE,REG,18,NE,,33.0,good,1.0,0.0,J.Slye,00-0035192
2024_18_BUF_NE,REG,18,BUF,,33.0,good,1.0,0.0,T.Bass,00-0036162
2024_18_BUF_NE,REG,18,NE,,33.0,good,1.0,0.0,J.Slye,00-0035192
2024_18_BUF_NE,REG,18,BUF,made,49.0,,0.0,1.0,T.Bass,00-0036162
2024_18_BUF_NE,REG,18,BUF,,33.0,failed,1.0,0.0,T.Bass,00-0036162
2024_18_BUF_NE,REG,18,NE,made,41.0,,0.0,1.0,J.Slye,00-0035192
2024_18_BUF_NE,REG,18,NE,made,42.0,,0.0,1.0,J.Slye,00-0035192
2024_18_BUF_NE,REG,18,NE,made,50.0,,0.0,1.0,J.Slye,00-0035192
2024_18_CAR_ATL,REG,18,ATL,made,31.0,,0.0,1.0,R.Patterson,00-0036816
2024_18_CAR_ATL,REG,18,CAR,made,35.0,,0.0,1.0,E.Pineiro,00-0034173
2024_18_CAR_ATL,REG,18,CAR,,33.0,good,1.0,0.0,E.Pineiro,00-0034173
2024_18_CAR_ATL,REG,18,ATL,,33.0,good,1.0,0.0,R.Patterson,00-0036816
2024_18_CAR_ATL,REG,18,CAR,,33.0,good,1.0,0.0,E.Pineiro,00-0034173
2024_18_CAR_ATL,REG,18,ATL,,33.0,good,1.0,0.0,R.Patterson,00-0036816
2024_18_CAR_ATL,REG,18,ATL,,48.0,good,1.0,0.0,R.Patterson,00-0036816
2024_18_CAR_ATL,REG,18,CAR,,33.0,good,1.0,0.0,E.Pineiro,00-0034173
2024_18_CAR_ATL,REG,18,ATL,missed,52.0,,0.0,1.0,R.Patterson,00-0036816
2024_18_CAR_ATL,REG,18,CAR,,33.0,good,1.0,0.0,E.Pineiro,00-0034173
2024_18_CAR_ATL,REG,18,ATL,,33.0,good,1.0,0.0,R.Patterson,00-0036816
2024_18_CAR_ATL,REG,18,CAR,,33.0,good,1.0,0.0,E.Pineiro,00-0034173
2024_18_CAR_ATL,REG,18,ATL,,33.0,good,1.0,0.0,R.Patterson,00-0036816
2024_18_CHI_GB,REG,18,CHI,,33.0,good,1.0,0.0,C.Santos,00-0031203
2024_18_CHI_GB,REG,18,GB,made,37.0,,0.0,1.0,B.McManus,00-0029822
2024_18_CHI_GB,REG,18,CHI,,33.0,good,1.0,0.0,C.Santos,00-0031203
2024_18_CHI_GB,REG,18,GB,,33.0,good,1.0,0.0,B.McManus,00-0029822
2024_18_CHI_GB,REG,18,GB,made,30.0,,0.0,1.0,B.McManus,00-0029822
2024_18_CHI_GB,REG,18,CHI,,28.0,good,1.0,0.0,C.Santos,00-0031203
2024_18_CHI_GB,REG,18,GB,made,55.0,,0.0,1.0,B.McManus,00-0029822
2024_18_CHI_GB,REG,18,CHI,made,51.0,,0.0,1.0,C.Santos,00-0031203
2024_18_CIN_PIT,REG,18,CIN,,33.0,good,1.0,0.0,C.York,00-0038097
2024_18_CIN_PIT,REG,18,CIN,made,48.0,,0.0,1.0,C.York,00-0038097
2024_18_CIN_PIT,REG,18,PIT,,33.0,good,1.0,0.0,C.Boswell,00-0031136
2024_18_CIN_PIT,REG,18,CIN,made,27.0,,0.0,1.0,C.York,00-0038097
2024_18_CIN_PIT,REG,18,CIN,made,35.0,,0.0,1.0,C.York,00-0038097
2024_18_CIN_PIT,REG,18,CIN,made,23.0,,0.0,1.0,C.York,00-0038097
2024_18_CIN_PIT,REG,18,PIT,,33.0,good,1.0,0.0,C.Boswell,00-0031136
2024_18_CIN_PIT,REG,18,PIT,made,54.0,,0.0,1.0,C.Boswell,00-0031136
2024_18_CLE_BAL,REG,18,BAL,,33.0,good,1.0,0.0,J.Tucker,00-0029597
2024_18_CLE_BAL,REG,18,BAL,,33.0,good,1.0,0.0,J.Tucker,00-0029597
2024_18_CLE_BAL,REG,18,CLE,made,23.0,,0.0,1.0,D.Hopkins,00-0030098
2024_18_CLE_BAL,REG,18,BAL,,33.0,good,1.0,0.0,J.Tucker,00-0029597
2024_18_CLE_BAL,REG,18,CLE,,33.0,good,1.0,0.0,D.Hopkins,00-0030098
2024_18_CLE_BAL,REG,18,BAL,,33.0,good,1.0,0.0,J.Tucker,00-0029597
2024_18_CLE_BAL,REG,18,BAL,,33.0,good,1.0,0.0,J.Tucker,00-0029597
2024_18_HOU_TEN,REG,18,HOU,,33.0,good,1.0,0.0,K.Fairbairn,00-0032726
2024_18_HOU_TEN,REG,18,HOU,,33.0,failed,1.0,0.0,K.Fairbairn,00-0032726
2024_18_HOU_TEN,REG,18,TEN,made,35.0,,0.0,1.0,M.Wright,00-0035189
2024_18_HOU_TEN,REG,18,HOU,made,27.0,,0.0,1.0,K.Fairbairn,00-0032726
2024_18_HOU_TEN,REG,18,TEN,made,38.0,,0.0,1.0,M.Wright,00-0035189
2024_18_HOU_TEN,REG,18,HOU,,48.0,good,1.0,0.0,K.Fairbairn,00-0032726
2024_18_JAX_IND,REG,18,IND,,33.0,good,1.0,0.0,M.Gay,00-0035269
2024_18_JAX_IND,REG,18,JAX,,33.0,good,1.0,0.0,C.Little,00-0039409
2024_18_JAX_IND,REG,18,JAX,made,53.0,,0.0,1.0,C.Little,00-0039409
2024_18_JAX_IND,REG,18,IND,,33.0,good,1.0,0.0,M.Gay,00-0035269
2024_18_JAX_IND,REG,18,IND,made,49.0,,0.0,1.0,M.Gay,00-0035269
2024_18_JAX_IND,REG,18,JAX,made,28.0,,0.0,1.0,C.Little,00-0039409
2024_18_JAX_IND,REG,18,IND,made,36.0,,0.0,1.0,M.Gay,00-0035269
2024_18_JAX_IND,REG,18,IND,missed,51.0,,0.0,1.0,M.Gay,00-0035269
2024_18_JAX_IND,REG,18,JAX,,33.0,good,1.0,0.0,C.Little,00-0039409
2024_18_JAX_IND,REG,18,IND,made,45.0,,0.0,1.0,M.Gay,00-0035269
2024_18_JAX_IND,REG,18,JAX,made,53.0,,0.0,1.0,C.Little,00-0039409
2024_18_JAX_IND,REG,18,IND,made,38.0,,0.0,1.0,M.Gay,00-0035269
2024_18_KC_DEN,REG,18,DEN,,28.0,good,1.0,0.0,W.Lutz,00-0032569
2024_18_KC_DEN,REG,18,DEN,,33.0,good,1.0,0.0,W.Lutz,00-0032569
2024_18_KC_DEN,REG,18,DEN,,33.0,good,1.0,0.0,W.Lutz,00-0032569
2024_18_KC_DEN,REG,18,KC,missed,51.0,,0.0,1.0,H.Butker,00-0033303
2024_18_KC_DEN,REG,18,DEN,made,33.0,,0.0,1.0,W.Lutz,00-0032569
2024_18_KC_DEN,REG,18,DEN,,33.0,good,1.0,0.0,W.Lutz,00-0032569
2024_18_KC_DEN,REG,18,DEN,,33.0,good,1.0,0.0,W.Lutz,00-0032569
2024_18_LAC_LV,REG,18,LAC,missed,51.0,,0.0,1.0,C.Dicker,00-0037224
2024_18_LAC_LV,REG,18,LV,made,40.0,,0.0,1.0,D.Carlson,00-0034161
2024_18_LAC_LV,REG,18,LAC,made,33.0,,0.0,1.0,C.Dicker,00-0037224
2024_18_LAC_LV,REG,18,LV,,33.0,good,1.0,0.0,D.Carlson,00-0034161
2024_18_LAC_LV,REG,18,LAC,made,32.0,,0.0,1.0,C.Dicker,00-0037224
2024_18_LAC_LV,REG,18,LAC,made,49.0,,0.0,1.0,C.Dicker,00-0037224
2024_18_LAC_LV,REG,18,LAC,made,20.0,,0.0,1.0,C.Dicker,00-0037224
2024_18_LAC_LV,REG,18,LV,made,47.0,,0.0,1.0,D.Carlson,00-0034161
2024_18_LAC_LV,REG,18,LAC,,33.0,good,1.0,0.0,C.Dicker,00-0037224
2024_18_LAC_LV,REG,18,LAC,,33.0,good,1.0,0.0,C.Dicker,00-0037224
2024_18_LAC_LV,REG,18,LV,,33.0,good,1.0,0.0,D.Carlson,00-0034161
2024_18_MIA_NYJ,REG,18,MIA,made,26.0,,0.0,1.0,J.Sanders,00-0034794
2024_18_MIA_NYJ,REG,18,MIA,made,28.0,,0.0,1.0,J.Sanders,00-0034794
2024_18_MIA_NYJ,REG,18,NYJ,,33.0,good,1.0,0.0,G.Joseph,00-0034450
2024_18_MIA_NYJ,REG,18,NYJ,made,20.0,,0.0,1.0,G.Joseph,00-0034450
2024_18_MIA_NYJ,REG,18,MIA,,33.0,good,1.0,0.0,J.Sanders,00-0034794
2024_18_MIA_NYJ,REG,18,NYJ,,33.0,good,1.0,0.0,G.Joseph,00-0034450
2024_18_MIA_NYJ,REG,18,MIA,,33.0,good,1.0,0.0,J.Sanders,00-0034794
2024_18_MIA_NYJ,REG,18,NYJ,,33.0,good,1.0,0.0,G.Joseph,00-0034450
2024_18_MIN_DET,REG,18,DET,,33.0,good,1.0,0.0,J.Bates,00-0039172
2024_18_MIN_DET,REG,18,MIN,made,25.0,,0.0,1.0,W.Reichard,00-0039404
2024_18_MIN_DET,REG,18,MIN,made,31.0,,0.0,1.0,W.Reichard,00-0039404
2024_18_MIN_DET,REG,18,DET,made,48.0,,0.0,1.0,J.Bates,00-0039172
2024_18_MIN_DET,REG,18,MIN,made,51.0,,0.0,1.0,W.Reichard,00-0039404
2024_18_MIN_DET,REG,18,DET,,33.0,good,1.0,0.0,J.Bates,00-0039172
2024_18_MIN_DET,REG,18,MIN,missed,51.0,,0.0,1.0,W.Reichard,00-0039404
2024_18_MIN_DET,REG,18,DET,,33.0,good,1.0,0.0,J.Bates,00-0039172
2024_18_MIN_DET,REG,18,DET,,33.0,good,1.0,0.0,J.Bates,00-0039172
2024_18_NO_TB,REG,18,NO,made,35.0,,0.0,1.0,B.Grupe,00-0038905
2024_18_NO_TB,REG,18,TB,made,52.0,,0.0,1.0,C.McLaughlin,00-0035358
2024_18_NO_TB,REG,18,NO,made,39.0,,0.0,1.0,B.Grupe,00-0038905
2024_18_NO_TB,REG,18,NO,,33.0,good,1.0,0.0,B.Grupe,00-0038905
2024_18_NO_TB,REG,18,TB,made,25.0,,0.0,1.0,C.McLaughlin,00-0035358
2024_18_NO_TB,REG,18,NO,made,39.0,,0.0,1.0,B.Grupe,00-0038905
2024_18_NO_TB,REG,18,TB,,33.0,good,1.0,0.0,C.McLaughlin,00-0035358
2024_18_NO_TB,REG,18,NO,made,49.0,,0.0,1.0,B.Grupe,00-0038905
2024_18_NO_TB,REG,18,TB,,33.0,good,1.0,0.0,C.McLaughlin,00-0035358
2024_18_NO_TB,REG,18,TB,,33.0,good,1.0,0.0,C.McLaughlin,00-0035358
2024_18_NYG_PHI,REG,18,PHI,,33.0,good,1.0,0.0,J.Elliott,00-0033787
2024_18_NYG_PHI,REG,18,PHI,missed,39.0,,0.0,1.0,J.Elliott,00-0033787
2024_18_NYG_PHI,REG,18,PHI,made,24.0,,0.0,1.0,J.Elliott,00-0033787
2024_18_NYG_PHI,REG,18,NYG,made,25.0,,0.0,1.0,G.Gano,00-0026858
2024_18_NYG_PHI,REG,18,PHI,,33.0,good,1.0,0.0,J.Elliott,00-0033787
2024_18_NYG_PHI,REG,18,NYG,,33.0,good,1.0,0.0,G.Gano,00-0026858
2024_18_NYG_PHI,REG,18,NYG,made,53.0,,0.0,1.0,G.Gano,00-0026858
2024_18_NYG_PHI,REG,18,PHI,made,32.0,,0.0,1.0,J.Elliott,00-0033787
2024_18_SEA_LA,REG,18,SEA,,33.0,good,1.0,0.0,J.Myers,00-0031492
2024_18_SEA_LA,REG,18,LAR,made,37.0,,0.0,1.0,J.Karty,00-0039750
2024_18_SEA_LA,REG,18,SEA,,33.0,good,1.0,0.0,J.Myers,00-0031492
2024_18_SEA_LA,REG,18,LAR,,33.0,good,1.0,0.0,J.Karty,00-0039750
2024_18_SEA_LA,REG,18,SEA,made,56.0,,0.0,1.0,J.Myers,00-0031492
2024_18_SEA_LA,REG,18,LAR,made,58.0,,0.0,1.0,J.Karty,00-0039750
2024_18_SEA_LA,REG,18,LAR,made,57.0,,0.0,1.0,J.Karty,00-0039750
2024_18_SEA_LA,REG,18,SEA,,33.0,good,1.0,0.0,J.Myers,00-0031492
2024_18_SEA_LA,REG,18,LAR,made,38.0,,0.0,1.0,J.Karty,00-0039750
2024_18_SF_ARI,REG,18,SF,made,51.0,,0.0,1.0,J.Moody,00-0038562
2024_18_SF_ARI,REG,18,SF,missed,47.0,,0.0,1.0,J.Moody,00-0038562
2024_18_SF_ARI,REG,18,ARI,made,51.0,,0.0,1.0,C.Ryland,00-0038567
2024_18_SF_ARI,REG,18,ARI,,33.0,good,1.0,0.0,C.Ryland,00-0038567
2024_18_SF_ARI,REG,18,SF,,33.0,good,1.0,0.0,J.Moody,00-0038562
2024_18_SF_ARI,REG,18,ARI,,33.0,good,1.0,0.0,C.Ryland,00-0038567
2024_18_SF_ARI,REG,18,SF,,33.0,good,1.0,0.0,J.Moody,00-0038562
2024_18_SF_ARI,REG,18,ARI,made,49.0,,0.0,1.0,C.Ryland,00-0038567
2024_18_SF_ARI,REG,18,SF,,33.0,good,1.0,0.0,J.Moody,00-0038562
2024_18_SF_ARI,REG,18,ARI,,33.0,good,1.0,0.0,C.Ryland,00-0038567
2024_18_SF_ARI,REG,18,ARI,,33.0,good,1.0,0.0,C.Ryland,00-0038567
2024_18_SF_ARI,REG,18,ARI,,33.0,good,1.0,0.0,C.Ryland,00-0038567
2024_18_WAS_DAL,REG,18,DAL,made,34.0,,0.0,1.0,B.Aubrey,00-0037692
2024_18_WAS_DAL,REG,18,DAL,made,41.0,,0.0,1.0,B.Aubrey,00-0037692
2024_18_WAS_DAL,REG,18,WAS,made,47.0,,0.0,1.0,Z.Gonzalez,00-0033862
2024_18_WAS_DAL,REG,18,DAL,made,36.0,,0.0,1.0,B.Aubrey,00-0037692
2024_18_WAS_DAL,REG,18,WAS,,33.0,good,1.0,0.0,Z.Gonzalez,00-0033862
2024_18_WAS_DAL,REG,18,DAL,made,22.0,,0.0,1.0,B.Aubrey,00-0037692
2024_18_WAS_DAL,REG,18,DAL,,38.0,good,1.0,0.0,B.Aubrey,00-0037692
2024_18_WAS_DAL,REG,18,WAS,,33.0,good,1.0,0.0,Z.Gonzalez,00-0033862
