year,player_id,player,team,team_start,traded,position,games,carries,rushing_yards,rushing_tds,rushing_first_downs,receptions,receiving_yards,receiving_tds,rush_rec_yards,rush_rec_tds
2021,00-0036223,Jonathan Taylor,IND,IND,,RB,17,332,1811,18,107,40,360,2,2171,20
2021,00-0034791,Nick Chubb,CLE,CLE,,RB,14,228,1259,8,61,20,174,1,1433,9
2021,00-0033897,Joe Mixon,CIN,CIN,,RB,16,292,1205,13,60,42,314,3,1519,16
2021,00-0036893,Najee Harris,PIT,PIT,,RB,17,307,1200,7,62,74,467,3,1667,10
2021,00-0033893,Dalvin Cook,MIN,MIN,,RB,13,249,1159,6,57,34,224,0,1383,6
2021,00-0036328,Antonio Gibson,WAS,WAS,,RB,16,258,1037,7,65,42,294,3,1331,10
2021,00-0033045,Ezekiel Elliott,DAL,DAL,,RB,17,237,1002,10,55,47,287,2,1289,12
2021,00-0036567,Elijah Mitchell,SF,SF,,RB,11,207,963,5,47,19,137,1,1100,6
2021,00-0032764,Derrick Henry,TEN,TEN,,RB,8,219,937,10,49,18,154,0,1091,10
2021,00-0035657,Damien Harris,NE,NE,,RB,15,202,929,15,55,18,132,0,1061,15
2021,00-0032144,Melvin Gordon,DEN,DEN,,RB,16,203,918,8,48,28,213,2,1131,10
2021,00-0033699,Austin Ekeler,LAC,LAC,,RB,16,206,911,12,53,70,647,8,1558,20
2021,00-0036997,Javonte Williams,DEN,DEN,,RB,17,203,903,4,52,43,316,3,1219,7
2021,00-0033906,Alvin Kamara,NO,NO,,RB,13,240,898,4,42,47,439,5,1337,9
2021,00-0035700,Josh Jacobs,LV,LV,,RB,15,217,872,9,45,54,348,0,1220,9
2021,00-0035250,Devin Singletary,BUF,BUF,,RB,17,188,870,7,44,40,228,1,1098,8
2021,00-0035685,David Montgomery,CHI,CHI,,RB,13,225,849,7,55,42,301,0,1150,7
2021,00-0034845,Sony Michel,LAR,LAR,,RB,17,208,845,4,49,21,128,1,973,5
2021,00-0033856,Leonard Fournette,TB,TB,,RB,14,180,812,8,45,69,454,2,1266,10
2021,00-0036265,AJ Dillon,GB,GB,,RB,17,187,803,5,50,34,313,2,1116,7
2021,00-0033293,Aaron Jones,GB,GB,,RB,15,171,799,4,37,52,391,6,1190,10
2021,00-0036389,Jalen Hurts,PHI,PHI,,QB,15,139,784,10,56,0,0,0,784,10
2021,00-0034796,Lamar Jackson,BAL,BAL,,QB,12,133,767,2,48,0,0,0,767,2
2021,00-0035831,James Robinson,JAX,JAX,,RB,14,164,767,8,41,31,222,0,989,8
2021,00-0034857,Josh Allen,BUF,BUF,,QB,17,122,763,6,54,0,0,0,763,6
2021,00-0035243,Miles Sanders,PHI,PHI,,RB,12,137,754,0,33,26,158,0,912,0
2021,00-0033553,James Conner,ARI,ARI,,RB,15,202,752,15,53,37,375,3,1127,18
2021,00-0034750,Rashaad Penny,SEA,SEA,,RB,10,119,749,6,28,6,48,0,797,6
2021,00-0035261,Tony Pollard,DAL,DAL,,RB,15,130,719,2,35,39,337,0,1056,2
2021,00-0035664,Darrell Henderson,LAR,LAR,,RB,12,149,688,5,39,29,176,3,864,8
2021,00-0036924,Michael Carter,NYJ,NYJ,,RB,14,147,639,4,29,36,325,0,964,4
2021,00-0030578,Cordarrelle Patterson,ATL,ATL,,RB,16,153,618,6,29,52,548,5,1166,11
2021,00-0036275,D'Andre Swift,DET,DET,,RB,13,151,617,5,28,62,452,2,1069,7
2021,00-0035311,Myles Gaskin,MIA,MIA,,RB,17,173,612,3,25,49,234,4,846,7
2021,00-0036555,Chuba Hubbard,CAR,CAR,,RB,16,172,612,5,36,25,174,1,786,6
2021,00-0036875,Rhamondre Stevenson,NE,NE,,RB,12,133,606,5,33,14,123,0,729,5
2021,00-0033948,Jamaal Williams,DET,DET,,RB,13,153,601,3,42,26,157,0,758,3
2021,00-0032972,Devontae Booker,NYG,NYG,,RB,16,145,593,2,31,40,268,1,861,3
2021,00-0034844,Saquon Barkley,NYG,NYG,,RB,13,162,593,2,27,41,263,2,856,4
2021,00-0034681,Chase Edmonds,ARI,ARI,,RB,12,116,592,2,32,43,311,0,903,2
2021,00-0031285,Devonta Freeman,BAL,BAL,,RB,16,133,576,5,31,34,190,1,766,6
2021,00-0033925,D'Onta Foreman,TEN,TEN,,RB,9,133,566,3,22,9,123,0,689,3
2021,00-0034301,Darrel Williams,KC,KC,,RB,17,144,558,6,40,47,452,2,1010,8
2021,00-0027966,Mark Ingram,NO,HOU,yes,RB,14,160,554,2,22,27,162,0,716,2
2021,00-0035628,D'Ernest Johnson,CLE,CLE,,RB,13,100,534,3,24,19,137,0,671,3
2021,00-0036360,Clyde Edwards-Helaire,KC,KC,,RB,10,119,517,4,21,19,129,2,646,6
2021,00-0032063,Mike Davis,ATL,ATL,,RB,17,138,503,3,21,44,259,1,762,4
2021,00-0030513,Latavius Murray,BAL,BAL,,RB,14,119,501,6,36,10,75,0,576,6
2021,00-0034972,Alexander Mattison,MIN,MIN,,RB,16,134,491,3,28,32,228,1,719,4
2021,00-0033280,Christian McCaffrey,CAR,CAR,,RB,7,99,442,1,20,37,343,1,785,2
2021,00-0036906,Khalil Herbert,CHI,CHI,,RB,16,103,433,2,24,14,96,0,529,2
2021,00-0034816,Ronald Jones,TB,TB,,RB,15,101,428,4,25,10,64,0,492,4
2021,00-0030288,Rex Burkhead,HOU,HOU,,RB,15,122,427,3,30,25,186,0,613,3
2021,00-0035228,Kyler Murray,ARI,ARI,,QB,14,88,423,5,25,0,7,0,430,5
2021,00-0036945,Justin Fields,CHI,CHI,,QB,12,72,420,2,22,0,0,0,420,2
2021,00-0032426,Alex Collins,SEA,SEA,,RB,11,108,411,2,22,9,87,0,498,2
2021,00-0032780,Jordan Howard,PHI,PHI,,RB,7,86,406,3,24,2,19,0,425,3
2021,00-0033923,Kareem Hunt,CLE,CLE,,RB,8,78,386,5,22,22,174,0,560,5
2021,00-0033873,Patrick Mahomes,KC,KC,,QB,17,66,381,2,25,0,0,0,381,2
2021,00-0033357,Taysom Hill,NO,NO,,TE,12,70,374,5,26,4,52,0,426,5
2021,00-0034414,Boston Scott,PHI,PHI,,RB,11,87,373,7,24,13,83,0,456,7
2021,00-0035719,Deebo Samuel Sr.,SF,SF,,WR,16,59,365,8,21,77,1405,6,1770,14
2021,00-0034440,Justin Jackson,LAC,LAC,,RB,14,68,364,2,18,22,178,0,542,2
2021,00-0032058,Tevin Coleman,NYJ,NYJ,,RB,11,84,356,0,19,11,49,0,405,0
2021,00-0034253,Dontrell Hilliard,TEN,TEN,,RB,8,56,350,2,15,19,87,0,437,2
2021,00-0036251,Zack Moss,BUF,BUF,,RB,13,96,345,4,22,23,197,1,542,5
2021,00-0036971,Trevor Lawrence,JAX,JAX,,QB,17,73,334,2,22,0,0,0,334,2
2021,00-0032257,Duke Johnson,MIA,MIA,,RB,5,71,330,3,18,4,41,0,371,3
2021,00-0031800,Taylor Heinicke,WAS,WAS,,QB,16,60,313,1,20,1,-2,0,311,1
2021,00-0036355,Justin Herbert,LAC,LAC,,QB,17,63,302,3,28,0,0,0,302,3
2021,00-0035710,Daniel Jones,NYG,NYG,,QB,11,62,298,2,16,1,16,0,314,2
2021,00-0034115,Jeff Wilson,SF,SF,,RB,8,79,294,2,19,7,31,0,325,2
2021,00-0035993,Tyler Huntley,BAL,BAL,,QB,7,47,294,2,22,0,0,0,294,2
2021,00-0036919,Kenny Gainwell,PHI,PHI,,RB,16,68,291,5,19,33,253,1,544,6
2021,00-0034367,Nyheim Hines,IND,IND,,RB,17,56,276,2,15,40,310,1,586,3
2021,00-0029701,Ryan Tannehill,TEN,TEN,,QB,17,55,270,7,33,0,0,0,270,7
2021,00-0036755,Jaret Patterson,WAS,WAS,,RB,15,68,266,2,15,10,73,0,339,2
2021,00-0035715,Derrick Gore,KC,KC,,RB,8,51,256,2,12,8,105,0,361,2
2021,00-0033118,Kenyan Drake,LV,LV,,RB,12,63,254,2,15,30,291,1,545,3
2021,00-0031045,Carlos Hyde,JAX,JAX,,RB,11,72,253,1,14,12,65,0,318,1
2021,00-0034109,Phillip Lindsay,MIA,HOU,yes,RB,14,88,249,1,11,4,45,1,294,2
2021,00-0033526,Samaje Perine,CIN,CIN,,RB,15,55,246,1,11,27,196,1,442,2
2021,00-0035537,Ty Johnson,NYJ,NYJ,,RB,15,61,238,2,13,34,372,2,610,4
2021,00-0033594,Chris Carson,SEA,SEA,,RB,4,54,232,3,11,6,29,0,261,3
2021,00-0027939,Cam Newton,CAR,CAR,,QB,7,47,230,5,20,0,0,0,230,5
2021,00-0035567,Craig Reynolds,DET,DET,,RB,5,55,230,0,11,7,52,0,282,0
2021,00-0032187,David Johnson,HOU,HOU,,RB,13,67,228,0,7,32,225,1,453,1
2021,00-0029239,Brandon Bolden,NE,NE,,RB,16,44,226,1,12,41,405,2,631,3
2021,00-0034869,Sam Darnold,CAR,CAR,,QB,12,48,222,5,21,0,0,0,222,5
2021,00-0032950,Carson Wentz,IND,IND,,QB,17,57,215,1,21,0,0,0,215,1
2021,00-0032602,J.D. McKissic,WAS,WAS,,RB,11,48,212,2,14,43,397,2,609,4
2021,00-0032741,Peyton Barber,LV,LV,,RB,9,55,212,2,12,10,67,0,279,2
2021,00-0036457,Ty'Son Williams,BAL,BAL,,RB,7,35,185,1,8,9,84,0,269,1
2021,00-0037013,Zach Wilson,NYJ,NYJ,,QB,13,29,185,4,10,0,0,0,185,4
2021,00-0029263,Russell Wilson,SEA,SEA,,QB,14,43,183,2,17,0,0,0,183,2
2021,00-0036450,Ke'Shawn Vaughn,TB,TB,,RB,6,36,180,2,9,4,26,0,206,2
2021,00-0035594,Travis Homer,SEA,SEA,,RB,14,21,177,1,7,16,161,0,338,1
2021,00-0034838,Royce Freeman,HOU,CAR,yes,RB,12,56,169,0,8,10,77,0,246,0
2021,00-0037012,Trey Lance,SF,SF,,QB,6,38,168,1,8,0,0,0,168,1
2021,00-0036984,Trey Sermon,SF,SF,,RB,6,41,167,1,9,3,26,0,193,1
2021,00-0031503,Jameis Winston,NO,NO,,QB,7,32,166,1,17,0,0,0,166,1
2021,00-0032104,Ameer Abdullah,CAR,MIN,yes,RB,17,51,166,0,8,38,289,1,455,1
2021,00-0030874,Damien Williams,CHI,CHI,,RB,12,40,164,2,11,16,103,1,267,3
2021,00-0033955,Jeremy McNichols,TEN,TEN,,RB,13,41,156,0,6,28,240,1,396,1
2021,00-0028118,Tyrod Taylor,HOU,HOU,,QB,6,19,151,3,7,0,0,0,151,3
2021,00-0036020,Salvon Ahmed,MIA,MIA,,RB,11,54,149,0,8,12,117,0,266,0
2021,00-0033077,Dak Prescott,DAL,DAL,,QB,16,48,146,1,7,0,0,0,146,1
2021,00-0035860,Tony Jones,NO,NO,,RB,10,54,142,0,7,5,29,0,171,0
2021,00-0033725,Corey Clement,DAL,DAL,,RB,11,33,140,0,7,6,29,1,169,1
2021,00-0036425,DeeJay Dallas,SEA,SEA,,RB,17,33,138,2,10,21,133,0,271,2
2021,00-0033854,Dare Ogunbowale,JAX,JAX,,RB,13,43,137,1,5,13,114,1,251,2
2021,00-0034855,Baker Mayfield,CLE,CLE,,QB,14,37,134,1,12,0,11,0,145,1
2021,00-0036972,Mac Jones,NE,NE,,QB,17,44,129,0,22,0,0,0,129,0
2021,00-0036212,Tua Tagovailoa,MIA,MIA,,QB,13,42,128,3,13,0,0,0,128,3
2021,00-0031806,Malcolm Brown,MIA,MIA,,RB,6,33,125,1,6,3,10,0,135,1
2021,00-0033307,Kendrick Bourne,NE,NE,,WR,17,12,125,0,7,55,800,5,925,5
2021,00-0033308,Matt Breida,BUF,BUF,,RB,7,26,125,1,5,7,72,2,197,3
2021,00-0034614,Godwin Igwebuike,DET,DET,,RB,15,18,118,1,7,7,60,0,178,1
2021,00-0036383,Eno Benjamin,ARI,ARI,,RB,8,34,118,1,4,6,42,0,160,1
2021,00-0036442,Joe Burrow,CIN,CIN,,QB,16,40,118,2,14,0,0,0,118,2
2021,00-0029604,Kirk Cousins,MIN,MIN,,QB,16,29,115,1,8,0,0,0,115,1
2021,00-0033572,Jamal Agnew,JAX,JAX,,WR,10,7,111,1,3,24,229,1,340,2
2021,00-0031280,Derek Carr,LV,LV,,QB,17,40,108,0,9,0,0,0,108,0
2021,00-0031237,Teddy Bridgewater,DEN,DEN,,QB,14,30,106,2,16,0,0,0,106,2
2021,00-0035273,Qadree Ollison,ATL,ATL,,RB,6,21,105,1,7,4,12,0,117,1
2021,00-0033950,Wayne Gallman,MIN,ATL,yes,RB,7,28,104,0,5,1,21,0,125,0
2021,00-0036370,Joshua Kelley,LAC,LAC,,RB,8,33,102,0,5,5,38,0,140,0
2021,00-0023459,Aaron Rodgers,GB,GB,,QB,16,33,101,3,10,1,-4,0,97,3
2021,00-0030496,Le'Veon Bell,TB,BAL,yes,RB,8,39,101,2,9,5,30,1,131,3
2021,00-0033951,Marlon Mack,IND,IND,,RB,5,28,101,0,6,2,8,0,109,0
2021,00-0035187,Austin Walter,NYJ,NYJ,,RB,4,26,101,1,5,2,9,0,110,1
2021,00-0032813,Elijhaa Penny,NYG,NYG,,FB,13,24,99,1,9,9,30,1,129,2
2021,00-0025394,Adrian Peterson,SEA,TEN,yes,RB,4,38,98,2,6,4,8,0,106,2
2021,00-0035217,Benny Snell,PIT,PIT,,RB,16,36,98,0,2,2,13,0,111,0
2021,00-0033040,Tyreek Hill,KC,KC,,WR,17,9,96,0,4,111,1239,9,1335,9
2021,00-0036326,Chase Claypool,PIT,PIT,,WR,15,14,96,0,7,59,860,2,956,2
2021,00-0031763,DeAndre Carter,WAS,WAS,,WR,17,10,89,0,4,24,296,3,385,3
2021,00-0035973,Patrick Taylor,GB,GB,,RB,5,23,89,1,5,2,3,0,92,1
2021,00-0032268,Marcus Mariota,LV,LV,,QB,7,13,87,1,6,0,0,0,87,1
2021,00-0033106,Jared Goff,DET,DET,,QB,14,17,87,0,4,0,0,0,87,0
2021,00-0036650,Larry Rountree III,LAC,LAC,,RB,9,36,87,1,5,1,-1,0,86,1
2021,00-0026143,Matt Ryan,ATL,ATL,,QB,17,40,82,1,9,0,0,0,82,1
2021,00-0019596,Tom Brady,TB,TB,,QB,17,28,81,2,14,0,0,0,81,2
2021,00-0035268,Ryquell Armstead,JAX,JAX,,RB,2,15,80,0,3,3,16,0,96,0
2021,00-0032975,Jonathan Williams,WAS,WAS,,RB,5,17,79,1,7,4,28,0,107,1
2021,00-0036857,Chris Evans,CIN,CIN,,RB,9,17,77,0,3,15,151,2,228,2
2021,00-0027973,Andy Dalton,CHI,CHI,,QB,8,16,76,0,2,0,0,0,76,0
2021,00-0036358,CeeDee Lamb,DAL,DAL,,WR,16,9,76,0,4,79,1102,6,1178,6
2021,00-0036936,Rondale Moore,ARI,ARI,,WR,14,18,76,0,2,54,435,1,511,1
2021,00-0036670,Jermar Jefferson,DET,DET,,RB,4,15,74,2,4,4,23,0,97,2
2021,00-0033119,Jacoby Brissett,MIA,MIA,,QB,10,19,70,1,9,0,0,0,70,1
2021,00-0035806,JaMycal Hasty,SF,SF,,RB,11,16,68,1,6,23,157,0,225,1
2021,00-0036197,Jake Fromm,NYG,NYG,,QB,3,8,65,0,4,0,0,0,65,0
2021,00-0031376,Jerick McKinnon,KC,KC,,RB,9,12,62,0,2,13,107,1,169,1
2021,00-0036842,Kene Nwangwu,MIN,MIN,,RB,9,13,61,0,3,4,9,0,70,0
2021,00-0036963,Amon-Ra St. Brown,DET,DET,,WR,16,7,61,1,2,90,912,5,973,6
2021,00-0036620,Dee Eskridge,SEA,SEA,,WR,8,4,59,0,2,10,64,1,123,1
2021,00-0030456,Giovani Bernard,TB,TB,,RB,10,8,58,0,3,23,123,3,181,3
2021,00-0036980,Elijah Moore,NYJ,NYJ,,WR,11,5,54,1,3,43,538,5,592,6
2021,00-0034771,Mason Rudolph,PIT,PIT,,QB,2,5,53,0,3,0,0,0,53,0
2021,00-0035216,Diontae Johnson,PIT,PIT,,WR,16,5,53,0,2,107,1161,8,1214,8
2021,00-0035704,Drew Lock,DEN,DEN,,QB,6,10,53,2,5,1,1,0,54,2
2021,00-0031345,Jimmy Garoppolo,SF,SF,,QB,15,38,51,3,15,0,0,0,51,3
2021,00-0035291,Trayveon Williams,CIN,CIN,,RB,4,15,51,0,4,1,4,0,55,0
2021,00-0036278,Jason Huntley,PHI,PHI,,RB,1,13,51,0,2,0,0,0,51,0
2021,00-0036331,Devin Duvernay,BAL,BAL,,WR,16,7,50,0,3,33,272,2,322,2
2021,00-0034827,DJ Moore,CAR,CAR,,WR,17,8,48,0,4,93,1157,4,1205,4
2021,00-0033466,Isaiah McKenzie,BUF,BUF,,WR,15,9,47,1,4,20,178,1,225,2
2021,00-0030431,Robert Woods,LAR,LAR,,WR,9,8,46,1,1,45,556,4,602,5
2021,00-0035140,Mecole Hardman,KC,KC,,WR,17,8,46,0,2,59,693,2,739,2
2021,00-0032200,Ty Montgomery,NO,NO,,WR,14,15,44,0,2,16,95,0,139,0
2021,00-0036252,Michael Pittman,IND,IND,,WR,17,5,44,0,1,88,1082,6,1126,6
2021,00-0036898,Davis Mills,HOU,HOU,,QB,13,18,44,0,5,0,0,0,44,0
2021,00-0026498,Matthew Stafford,LAR,LAR,,QB,17,32,43,0,8,0,0,0,43,0
2021,00-0035298,Scott Miller,TB,TB,,WR,6,2,43,1,2,5,38,0,81,1
2021,00-0030565,Geno Smith,SEA,SEA,,QB,4,9,42,1,3,0,0,0,42,1
2021,00-0035215,Deonte Harty,NO,NO,,WR,13,5,41,0,1,36,570,3,611,3
2021,00-0036268,Laviska Shenault Jr.,JAX,JAX,,WR,16,11,41,0,2,63,619,0,660,0
2021,00-0031382,Jarvis Landry,CLE,CLE,,WR,12,6,40,2,4,52,570,2,610,4
2021,00-0033025,Jalen Richard,LV,LV,,RB,9,9,40,0,3,12,72,0,112,0
2021,00-0033858,Jonnu Smith,NE,NE,,TE,16,9,40,0,2,28,294,1,334,1
2021,00-0034419,Braxton Berrios,NYJ,NYJ,,WR,16,7,40,2,3,46,431,2,471,4
2021,00-0036999,Anthony Schwartz,CLE,CLE,,WR,13,6,39,0,4,10,135,1,174,1
2021,00-0031062,James White,NE,NE,,RB,3,10,38,1,4,12,94,0,132,1
2021,00-0027688,Colt McCoy,ARI,ARI,,QB,7,22,37,0,6,0,0,0,37,0
2021,00-0036096,J.J. Taylor,NE,NE,,RB,5,19,37,2,3,4,8,0,45,2
2021,00-0032688,Robbie Chosen,CAR,CAR,,WR,17,3,36,0,1,53,519,5,555,5
2021,00-0034799,Kalen Ballage,PIT,PIT,,RB,8,12,36,0,2,2,8,0,44,0
2021,00-0034208,Mike Boone,DEN,DEN,,RB,3,4,35,0,2,2,22,0,57,0
2021,00-0032918,C.J. Ham,MIN,MIN,,FB,15,7,34,0,3,17,125,0,159,0
2021,00-0035414,Jalen Guyton,LAC,LAC,,WR,16,7,34,0,2,31,448,3,482,3
2021,00-0030520,Mike Glennon,NYG,NYG,,QB,6,7,33,1,2,0,0,0,33,1
2021,00-0032791,Jakeem Grant,CHI,MIA,yes,WR,15,5,33,0,2,11,132,2,165,2
2021,00-0035924,Jonathan Ward,ARI,ARI,,RB,9,9,33,0,3,3,34,0,67,0
2021,00-0034521,Allen Lazard,GB,GB,,WR,14,3,32,0,2,40,513,8,545,8
2021,00-0035021,Ashton Dulin,IND,IND,,WR,16,3,32,0,1,13,173,2,205,2
2021,00-0036247,Freddie Swain,SEA,SEA,,WR,17,5,32,0,2,25,343,4,375,4
2021,00-0036309,Darnell Mooney,CHI,CHI,,WR,17,6,32,1,2,81,1055,4,1087,5
2021,00-0036387,Jalen Reagor,PHI,PHI,,WR,17,10,32,0,3,33,299,2,331,2
2021,00-0027685,Emmanuel Sanders,BUF,BUF,,WR,14,2,31,0,2,42,626,4,657,4
2021,00-0030968,Keith Smith,ATL,ATL,,FB,13,9,31,0,3,9,56,0,87,0
2021,00-0036269,La'Mical Perine,NYJ,NYJ,,RB,2,8,31,0,1,0,0,0,31,0
2021,00-0036493,Deon Jackson,IND,IND,,RB,3,13,31,1,2,0,0,0,31,1
2021,00-0036768,JaQuan Hardy,DAL,DAL,,RB,2,4,29,1,1,0,0,0,29,1
2021,00-0026300,Josh Johnson,BAL,NYJ,yes,QB,4,9,28,0,1,0,0,0,28,0
2021,00-0032464,Kalif Raymond,DET,DET,,WR,16,4,28,0,2,48,576,4,604,4
2021,00-0035327,C.J. Moore,DET,DET,,DB,11,1,28,0,1,0,0,0,28,0
2021,00-0036264,Jordan Love,GB,GB,,QB,6,12,27,0,1,0,0,0,27,0
2021,00-0031595,Michael Burton,KC,KC,,FB,10,8,26,1,8,3,31,0,57,1
2021,00-0032782,Wendell Smallwood,WAS,WAS,,RB,2,5,25,0,2,4,22,0,47,0
2021,00-0033869,Mitchell Trubisky,BUF,BUF,,QB,5,13,24,1,3,0,0,0,24,1
2021,00-0035500,Greg Dortch,ARI,ARI,,WR,5,1,24,0,1,3,15,0,39,0
2021,00-0036654,Demetric Felton,CLE,CLE,,RB,15,7,24,0,0,18,181,2,205,2
2021,00-0036669,Kylin Hill,GB,GB,,RB,8,10,24,0,1,1,5,0,29,0
2021,00-0034171,Jason Cabinda,DET,DET,,FB,9,3,23,0,2,4,16,1,39,1
2021,00-0028986,Case Keenum,CLE,CLE,,QB,5,12,22,0,6,0,0,0,22,0
2021,00-0029892,Kyle Juszczyk,SF,SF,,FB,15,8,22,1,3,30,296,1,318,2
2021,00-0033009,Tyler Boyd,CIN,CIN,,WR,16,2,22,0,1,67,828,5,850,5
2021,00-0030525,Tavon Austin,JAX,JAX,,WR,11,3,21,0,1,24,213,1,234,1
2021,00-0031236,Brandin Cooks,HOU,HOU,,WR,16,2,21,0,1,90,1037,6,1058,6
2021,00-0033251,Zach Pascal,IND,IND,,WR,16,2,21,0,0,38,384,3,405,3
2021,00-0033296,Alex Armah,WAS,NO,yes,RB,9,5,21,0,4,1,1,1,22,1
2021,00-0033921,Chris Godwin Jr.,TB,TB,,WR,14,4,21,1,4,98,1103,5,1124,6
2021,00-0035289,Gardner Minshew,PHI,PHI,,QB,3,9,21,0,2,0,0,0,21,0
2021,00-0036900,Ja'Marr Chase,CIN,CIN,,WR,17,7,21,0,2,81,1455,13,1476,13
2021,00-0031687,Raheem Mostert,SF,SF,,RB,1,2,20,0,1,0,0,0,20,0
2021,00-0032156,Trevor Siemian,NO,NO,,QB,6,9,20,1,2,0,0,0,20,1
2021,00-0033288,George Kittle,SF,SF,,TE,14,3,20,0,0,71,910,6,930,6
2021,00-0033895,Gerald Everett,SEA,SEA,,TE,15,3,20,0,2,48,478,4,498,4
2021,00-0036415,Van Jefferson,LAR,LAR,,WR,17,2,20,0,1,50,802,6,822,6
2021,00-0027691,Andre Roberts,LAC,HOU,yes,WR,16,3,19,0,0,1,35,0,54,0
2021,00-0033908,Cooper Kupp,LAR,LAR,,WR,17,4,18,0,1,145,1947,16,1965,16
2021,00-0030669,Albert Wilson,MIA,MIA,,WR,10,4,17,0,1,25,213,0,230,0
2021,00-0036261,Brandon Aiyuk,SF,SF,,WR,17,5,17,0,0,56,826,5,843,5
2021,00-0032450,Dwayne Washington,NO,NO,,RB,8,4,16,0,0,2,12,0,28,0
2021,00-0033460,John Ross,NYG,NYG,,WR,9,1,16,0,1,11,224,1,240,1
2021,00-0036357,Henry Ruggs III,LV,LV,,WR,7,3,16,0,0,24,469,2,485,2
2021,00-0034407,Ray-Ray McCloud,PIT,PIT,,WR,16,2,15,0,0,39,277,0,292,0
2021,00-0034652,Cameron Batson,TEN,TEN,,WR,4,2,15,0,1,2,15,1,30,1
2021,00-0031235,Odell Beckham Jr.,LAR,CLE,yes,WR,14,2,14,0,1,44,537,5,551,5
2021,00-0032245,Sean Mannion,MIN,MIN,,QB,1,2,14,0,2,0,0,0,14,0
2021,00-0033215,Cyril Grayson,TB,TB,,WR,3,1,14,0,1,10,212,2,226,2
2021,00-0034279,Equanimeous St. Brown,GB,GB,,WR,12,3,14,0,2,9,98,0,112,0
2021,00-0034496,Sean Chandler,CAR,CAR,,DB,12,1,14,0,1,0,0,0,14,0
2021,00-0036322,Justin Jefferson,MIN,MIN,,WR,17,6,14,0,1,108,1616,10,1630,10
2021,00-0033275,PJ Walker,CAR,CAR,,QB,5,7,13,0,2,0,0,0,13,0
2021,00-0034177,Tim Boyle,DET,DET,,QB,4,2,13,0,1,0,0,0,13,0
2021,00-0034676,James Washington,PIT,PIT,,WR,15,2,13,0,1,24,285,2,298,2
2021,00-0034808,John Kelly,CLE,CLE,,RB,1,2,13,0,1,0,0,0,13,0
2021,00-0036069,Scottie Phillips,HOU,HOU,,RB,2,6,13,0,1,2,9,0,22,0
2021,00-0035659,Terry McLaurin,WAS,WAS,,WR,17,1,12,0,1,77,1053,5,1065,5
2021,00-0035760,Jacques Patrick,SF,SF,,RB,1,2,12,0,1,0,0,0,12,0
2021,00-0031549,Nelson Agholor,NE,NE,,WR,14,3,11,0,0,37,473,3,484,3
2021,00-0033282,Curtis Samuel,WAS,WAS,,WR,5,4,11,0,0,6,27,0,38,0
2021,00-0034418,Cedrick Wilson Jr.,DAL,DAL,,WR,14,2,11,0,1,45,602,6,613,6
2021,00-0034449,Buddy Howell,LAR,LAR,,RB,5,5,11,0,0,0,0,0,11,0
2021,00-0034577,Kyle Allen,WAS,WAS,,QB,2,2,11,0,1,0,0,0,11,0
2021,00-0034775,Christian Kirk,ARI,ARI,,WR,17,1,11,0,1,77,982,5,993,5
2021,00-0036698,Mekhi Sargent,JAX,TEN,yes,RB,4,5,11,0,1,0,0,0,11,0
2021,00-0036877,Jaelon Darden,TB,TB,,WR,9,1,11,0,1,6,43,0,54,0
2021,00-0036991,Amari Rodgers,GB,GB,,WR,16,1,11,0,1,4,45,0,56,0
2021,00-0037005,Tommy Tremble,CAR,CAR,,TE,15,3,11,1,1,20,180,1,191,2
2021,00-0031408,Mike Evans,TB,TB,,WR,16,1,10,0,1,74,1035,14,1045,14
2021,00-0032062,Blake Bell,KC,KC,,TE,11,4,10,0,4,9,87,0,97,0
2021,00-0035676,A.J. Brown,TEN,TEN,,WR,13,2,10,0,1,63,869,5,879,5
2021,00-0036345,K.J. Osborn,MIN,MIN,,WR,17,1,10,0,1,50,655,7,665,7
2021,00-0032211,Tyler Lockett,SEA,SEA,,WR,16,2,9,0,0,73,1175,8,1184,8
2021,00-0032355,Chester Rogers,TEN,TEN,,WR,16,1,9,0,0,30,301,1,310,1
2021,00-0033857,JuJu Smith-Schuster,PIT,PIT,,WR,5,3,9,1,1,15,129,0,138,1
2021,00-0034331,Jaylen Samuels,HOU,HOU,,RB,3,5,9,0,0,3,14,0,23,0
2021,00-0034960,Jakobi Meyers,NE,NE,,WR,16,1,9,0,0,83,866,2,875,2
2021,00-0035645,Gunner Olszewski,NE,NE,,WR,16,1,9,0,0,2,31,0,40,0
2021,00-0036523,Trey Ragas,LV,LV,,RB,1,1,9,0,1,2,6,0,15,0
2021,00-0036879,Sam Ehlinger,IND,IND,,QB,3,3,9,0,1,0,0,0,9,0
2021,00-0029567,Nick Foles,CHI,CHI,,QB,1,4,8,0,1,0,0,0,8,0
2021,00-0035908,Gabe Nabers,LAC,LAC,,FB,7,3,8,0,1,3,17,0,25,0
2021,00-0034104,Cam Sims,WAS,WAS,,WR,12,1,7,0,0,15,211,2,218,2
2021,00-0034278,Tremon Smith,HOU,HOU,,CB,15,1,7,0,0,0,0,0,7,0
2021,00-0035350,Preston Williams,MIA,MIA,,WR,6,1,7,0,0,6,71,0,78,0
2021,00-0035448,Damarea Crockett,DEN,DEN,,RB,1,3,7,0,0,0,0,0,7,0
2021,00-0036297,Darrynton Evans,TEN,TEN,,RB,1,2,7,0,0,2,11,0,18,0
2021,00-0027793,Antonio Brown,TB,TB,,WR,7,1,6,0,0,42,545,4,551,4
2021,00-0033367,C.J. Board,NYG,NYG,,WR,6,1,6,0,0,4,51,0,57,0
2021,00-0034726,Dallin Leavitt,LV,LV,,DB,14,2,6,0,2,0,0,0,6,0
2021,00-0035040,David Blough,DET,DET,,QB,1,1,6,0,0,0,0,0,6,0
2021,00-0035099,Khari Blasingame,TEN,TEN,,FB,5,3,6,0,1,2,4,0,10,0
2021,00-0035640,DK Metcalf,SEA,SEA,,WR,17,1,6,0,0,75,967,12,973,12
2021,00-0035752,Chris Streveler,ARI,ARI,,QB,2,3,6,0,0,0,0,0,6,0
2021,00-0036825,Feleipe Franks,ATL,ATL,,TE,4,3,6,0,0,0,0,0,6,0
2021,00-0036913,Kadarius Toney,NYG,NYG,,WR,9,3,6,0,0,39,420,0,426,0
2021,00-0036929,Ian Book,NO,NO,,QB,1,3,6,0,1,0,0,0,6,0
2021,00-0036988,Josh Palmer,LAC,LAC,,WR,15,1,6,0,0,33,353,4,359,4
2021,00-0022924,Ben Roethlisberger,PIT,PIT,,QB,16,20,5,1,3,0,0,0,5,1
2021,00-0034311,Johnny Stanton,CLE,CLE,,RB,3,3,5,0,2,2,7,1,12,1
2021,00-0035662,Marquise Brown,BAL,BAL,,WR,16,1,5,0,1,91,1008,6,1013,6
2021,00-0036727,Adam Prentice,NO,NO,,FB,5,3,5,0,2,3,16,0,21,0
2021,00-0036860,Jake Funk,LAR,LAR,,RB,5,2,5,0,0,0,0,0,5,0
2021,00-0026189,DeSean Jackson,LV,LAR,yes,WR,14,1,4,0,0,20,454,2,458,2
2021,00-0030061,Zach Ertz,ARI,PHI,yes,TE,17,1,4,0,0,74,763,5,767,5
2021,00-0033376,Patrick Ricard,BAL,BAL,,RB,8,2,4,0,2,8,63,1,67,1
2021,00-0034164,Trenton Cannon,SF,BAL,yes,RB,10,3,4,0,0,0,0,0,4,0
2021,00-0034378,Ito Smith,DAL,DAL,,RB,1,1,4,1,1,0,0,0,4,1
2021,00-0034578,Reggie Bonnafon,CAR,CAR,,RB,1,1,4,0,0,2,12,0,16,0
2021,00-0034597,Ryan Nall,CHI,CHI,,RB,5,1,4,0,0,1,4,0,8,0
2021,00-0035342,Patrick Laird,MIA,MIA,,RB,3,1,4,0,0,3,17,0,21,0
2021,00-0035378,Andrew Wingard,JAX,JAX,,SAF,15,1,4,0,1,0,0,0,4,0
2021,00-0036313,Braden Mann,NYJ,NYJ,,P,10,1,4,0,0,0,0,0,4,0
2021,00-0036569,Gary Brightwell,NYG,NYG,,RB,7,1,4,0,0,1,6,0,10,0
2021,00-0026158,Joe Flacco,NYJ,NYJ,,QB,2,2,3,0,1,0,0,0,3,0
2021,00-0030506,Travis Kelce,KC,KC,,TE,16,2,3,1,1,92,1125,9,1128,10
2021,00-0032128,Chris Conley,HOU,HOU,,WR,14,1,3,0,1,22,323,2,326,2
2021,00-0033111,Pharoh Cooper,NYG,NYG,,WR,8,1,3,0,0,4,33,0,36,0
2021,00-0033891,Zay Jones,LV,LV,,WR,15,2,3,0,0,47,546,1,549,1
2021,00-0034364,Jordan Akins,HOU,HOU,,TE,12,1,3,0,1,24,214,0,217,0
2021,00-0034798,Durham Smythe,MIA,MIA,,TE,16,2,3,0,2,34,357,0,360,0
2021,00-0034983,Hunter Renfrow,LV,LV,,WR,17,3,3,0,0,103,1038,9,1041,9
2021,00-0035399,Stanley Morgan,CIN,CIN,,WR,11,1,3,0,0,2,11,0,14,0
2021,00-0035835,Nathan Cottrell,JAX,JAX,,RB,3,1,3,0,0,0,0,0,3,0
2021,00-0035883,Maurice Ffrench,LAC,LAC,,WR,2,1,3,0,0,0,0,0,3,0
2021,00-0036187,Reggie Gilliam,BUF,BUF,,RB,8,3,3,0,0,3,23,0,26,0
2021,00-0036271,Quez Watkins,PHI,PHI,,WR,17,1,3,0,0,43,647,1,650,1
2021,00-0036336,Anthony McFarland,PIT,PIT,,RB,2,3,3,0,0,1,11,0,14,0
2021,00-0036407,Jerry Jeudy,DEN,DEN,,WR,10,2,3,0,0,38,467,0,470,0
2021,00-0036414,Cam Akers,LAR,LAR,,RB,1,5,3,0,0,3,10,0,13,0
2021,00-0036613,Jaylen Waddle,MIA,MIA,,WR,16,2,3,1,1,104,1015,6,1018,7
2021,00-0023682,Ryan Fitzpatrick,WAS,WAS,,QB,1,1,2,0,0,0,0,0,2,0
2021,00-0030035,Adam Thielen,MIN,MIN,,WR,13,1,2,0,0,67,726,10,728,10
2021,00-0033936,C.J. Beathard,JAX,JAX,,QB,2,1,2,0,0,0,0,0,2,0
2021,00-0033958,Nathan Peterman,LV,LV,,QB,1,2,2,0,1,0,0,0,2,0
2021,00-0035208,Olamide Zaccheaus,ATL,ATL,,WR,15,1,2,0,1,31,406,3,408,3
2021,00-0028002,Randall Cobb,GB,GB,,WR,11,1,1,0,0,28,375,5,376,5
2021,00-0030085,Kenny Stills,NO,NO,,WR,7,1,1,0,0,6,68,1,69,1
2021,00-0031363,Michael Palardy,MIA,MIA,,P,17,1,1,0,0,0,0,0,1,0
2021,00-0031387,Eric Ebron,PIT,PIT,,TE,8,1,1,1,1,12,84,1,85,2
2021,00-0032897,Derek Watt,PIT,PIT,,FB,11,1,1,0,1,3,15,0,16,0
2021,00-0033885,David Njoku,CLE,CLE,,TE,15,1,1,0,0,36,475,4,476,4
2021,00-0035125,Alec Ingold,LV,LV,,FB,7,2,1,0,1,10,85,1,86,1
2021,00-0036671,Dax Milne,WAS,WAS,,WR,9,1,1,0,0,9,83,0,84,0
2021,00-0022824,Andy Lee,ARI,ARI,,P,16,1,0,0,0,0,0,0,0,0
2021,00-0026197,Chad Henne,KC,KC,,QB,4,8,0,0,0,0,0,0,0,0
2021,00-0028872,Johnny Hekker,LAR,LAR,,P,17,1,0,0,0,0,0,0,0,0
2021,00-0030465,Kenjon Barner,TB,TB,,RB,3,4,0,0,0,0,0,0,0,0
2021,00-0032208,Phillip Dorsett,HOU,JAX,yes,WR,5,1,0,0,0,7,110,0,110,0
2021,00-0032807,Clayton Fejedelem,MIA,MIA,,DB,7,1,0,0,0,0,0,0,0,0
2021,00-0032956,Andy Janovich,CLE,CLE,,FB,6,2,0,1,1,3,9,0,9,1
2021,00-0034753,Mark Andrews,BAL,BAL,,TE,17,1,0,0,0,107,1361,9,1361,9
2021,00-0035042,Jamie Gillan,CLE,CLE,,P,12,1,0,0,0,0,0,0,0,0
2021,00-0036290,Cole Kmet,CHI,CHI,,TE,17,1,0,0,0,60,612,0,612,0
2021,00-0036365,Bryan Edwards,LV,LV,,WR,16,1,0,0,0,34,571,3,571,3
2021,00-0030068,Marquise Goodwin,CHI,CHI,,WR,14,2,-1,0,0,20,313,1,312,1
2021,00-0032434,Brandon Allen,CIN,CIN,,QB,5,7,-1,0,1,0,0,0,-1,0
2021,00-0034131,Kurt Benkert,GB,GB,,QB,1,2,-1,0,0,0,0,0,-1,0
2021,00-0034401,Mike White,NYJ,NYJ,,QB,4,5,-1,0,2,0,0,0,-1,0
2021,00-0034899,John Wolford,LAR,LAR,,QB,2,2,-1,0,0,0,0,0,-1,0
2021,00-0035510,Jeff Smith,NYJ,NYJ,,WR,9,1,-1,0,0,8,113,0,112,0
2021,00-0036582,Nate McCrary,BAL,BAL,,RB,1,1,-1,0,0,0,0,0,-1,0
2021,00-0026544,Chase Daniel,LAC,LAC,,QB,1,2,-2,0,0,0,0,0,-2,0
2021,00-0032980,Marcus Johnson,TEN,TEN,,WR,7,2,-2,0,1,9,160,0,158,0
2021,00-0032054,Breshad Perriman,TB,TB,,WR,5,1,-3,0,0,11,167,1,164,1
2021,00-0033550,Davis Webb,BUF,BUF,,QB,1,2,-3,0,0,0,0,0,-3,0
2021,00-0033881,Evan Engram,NYG,NYG,,TE,15,1,-3,0,0,46,408,3,405,3
2021,00-0035184,Devine Ozigbo,NO,NO,,RB,1,1,-3,0,0,1,7,0,4,0
2021,00-0035602,Alex Bachman,NYG,NYG,,WR,2,1,-3,0,0,0,0,0,-3,0
2021,00-0036572,Shi Smith,CAR,CAR,,WR,5,1,-3,0,0,6,104,0,101,0
2021,00-0036626,Dyami Brown,WAS,WAS,,WR,10,1,-4,0,0,12,165,0,161,0
2021,00-0034438,Logan Woodside,TEN,TEN,,QB,4,6,-6,0,0,0,0,0,-6,0
2021,00-0027948,Blaine Gabbert,TB,TB,,QB,6,9,-7,0,0,0,0,0,-7,0
2021,00-0026625,Brian Hoyer,NE,NE,,QB,5,11,-8,0,1,0,0,0,-8,0
2021,00-0033662,Cooper Rush,DAL,DAL,,QB,4,9,-8,0,0,0,0,0,-8,0
2021,00-0032385,Sterling Shepard,NYG,NYG,,WR,7,1,-9,0,0,36,366,1,357,1
2021,00-0035535,Darius Slayton,NYG,NYG,,WR,13,1,-13,0,0,26,339,2,326,2
2022,00-0035700,Josh Jacobs,LV,LV,,RB,17,340,1653,12,93,53,400,0,2053,12
2022,00-0032764,Derrick Henry,TEN,TEN,,RB,16,349,1538,13,65,33,398,0,1936,13
2022,00-0034791,Nick Chubb,CLE,CLE,,RB,17,302,1525,12,69,27,239,1,1764,13
2022,00-0034844,Saquon Barkley,NYG,NYG,,RB,16,295,1312,10,62,57,338,0,1650,10
2022,00-0035243,Miles Sanders,PHI,PHI,,RB,17,259,1269,11,62,20,78,0,1347,11
2022,00-0033893,Dalvin Cook,MIN,MIN,,RB,17,264,1173,8,50,39,295,2,1468,10
2022,00-0036945,Justin Fields,CHI,CHI,,QB,15,160,1143,8,65,0,0,0,1143,8
2022,00-0033280,Christian McCaffrey,SF,CAR,yes,RB,17,244,1139,8,59,85,741,5,1880,13
2022,00-0036973,Travis Etienne,JAX,JAX,,RB,17,220,1125,5,52,35,316,0,1441,5
2022,00-0033293,Aaron Jones,GB,GB,,RB,17,213,1121,2,54,59,395,5,1516,7
2022,00-0033948,Jamaal Williams,DET,DET,,RB,17,262,1066,17,65,12,73,0,1139,17
2022,00-0038134,Kenneth Walker III,SEA,SEA,,RB,15,228,1050,9,51,27,165,0,1215,9
2022,00-0036875,Rhamondre Stevenson,NE,NE,,RB,17,210,1040,5,49,69,421,1,1461,6
2022,00-0037263,Tyler Allgeier,ATL,ATL,,RB,16,210,1035,3,53,16,139,1,1174,4
2022,00-0036893,Najee Harris,PIT,PIT,,RB,17,272,1034,7,45,41,229,3,1263,10
2022,00-0035261,Tony Pollard,DAL,DAL,,RB,16,193,1007,9,46,39,371,3,1378,12
2022,00-0037258,Dameon Pierce,HOU,HOU,,RB,13,220,939,4,54,30,165,1,1104,5
2022,00-0033699,Austin Ekeler,LAC,LAC,,RB,17,204,915,13,46,107,722,5,1637,18
2022,00-0033925,D'Onta Foreman,CAR,CAR,,RB,16,203,914,5,45,5,26,0,940,5
2022,00-0033906,Alvin Kamara,NO,NO,,RB,15,223,897,2,40,57,490,2,1387,4
2022,00-0031687,Raheem Mostert,MIA,MIA,,RB,16,181,891,3,44,31,202,2,1093,5
2022,00-0033045,Ezekiel Elliott,DAL,DAL,,RB,15,231,876,12,52,17,92,0,968,12
2022,00-0036223,Jonathan Taylor,IND,IND,,RB,11,192,861,4,39,28,143,0,1004,4
2022,00-0034115,Jeff Wilson,MIA,SF,yes,RB,16,176,860,5,44,22,185,1,1045,6
2022,00-0037197,Isiah Pacheco,KC,KC,,RB,17,170,830,5,37,13,130,0,960,5
2022,00-0035250,Devin Singletary,BUF,BUF,,RB,16,177,819,5,42,38,280,1,1099,6
2022,00-0033897,Joe Mixon,CIN,CIN,,RB,14,210,814,7,47,60,441,2,1255,9
2022,00-0035685,David Montgomery,CHI,CHI,,RB,16,201,801,5,41,34,316,1,1117,6
2022,00-0037746,Brian Robinson,WAS,WAS,,RB,12,205,797,2,49,9,60,1,857,3
2022,00-0036414,Cam Akers,LAR,LAR,,RB,15,188,786,7,39,13,117,0,903,7
2022,00-0033553,James Conner,ARI,ARI,,RB,13,183,782,7,48,46,300,1,1082,8
2022,00-0036265,AJ Dillon,GB,GB,,RB,17,186,770,7,47,28,206,0,976,7
2022,00-0034796,Lamar Jackson,BAL,BAL,,QB,12,112,764,3,47,0,0,0,764,3
2022,00-0034857,Josh Allen,BUF,BUF,,QB,16,124,762,7,55,0,0,0,762,7
2022,00-0030513,Latavius Murray,DEN,NO,yes,RB,13,171,760,6,44,27,132,0,892,6
2022,00-0036389,Jalen Hurts,PHI,PHI,,QB,15,165,760,13,67,0,0,0,760,13
2022,00-0036906,Khalil Herbert,CHI,CHI,,RB,13,129,731,4,26,9,57,1,788,5
2022,00-0035710,Daniel Jones,NYG,NYG,,QB,16,120,708,7,57,0,0,0,708,7
2022,00-0030578,Cordarrelle Patterson,ATL,ATL,,RB,13,144,695,8,39,21,122,0,817,8
2022,00-0033856,Leonard Fournette,TB,TB,,RB,16,189,668,3,39,73,523,3,1191,6
2022,00-0033357,Taysom Hill,NO,NO,,TE,16,96,575,7,34,9,77,2,652,9
2022,00-0036328,Antonio Gibson,WAS,WAS,,RB,15,149,546,3,32,46,353,2,899,5
2022,00-0036275,D'Andre Swift,DET,DET,,RB,14,99,542,5,21,48,389,3,931,8
2022,00-0036158,J.K. Dobbins,BAL,BAL,,RB,8,92,520,2,26,7,42,1,562,3
2022,00-0037248,James Cook,BUF,BUF,,RB,16,89,507,2,24,21,180,1,687,3
2022,00-0033118,Kenyan Drake,BAL,BAL,,RB,12,109,482,4,21,17,89,1,571,5
2022,00-0037256,Rachaad White,TB,TB,,RB,17,129,481,1,27,50,290,2,771,3
2022,00-0033923,Kareem Hunt,CLE,CLE,,RB,17,123,468,3,30,35,210,1,678,4
2022,00-0036555,Chuba Hubbard,CAR,CAR,,RB,14,95,466,2,23,14,171,0,637,2
2022,00-0038120,Breece Hall,NYJ,NYJ,,RB,7,80,463,4,20,19,218,1,681,5
2022,00-0035657,Damien Harris,NE,NE,,RB,11,106,462,3,23,17,97,0,559,3
2022,00-0036251,Zack Moss,IND,BUF,yes,RB,13,93,456,1,18,11,39,0,495,1
2022,00-0032268,Marcus Mariota,ATL,ATL,,QB,13,85,438,4,30,0,0,0,438,4
2022,00-0034184,Gus Edwards,BAL,BAL,,RB,9,87,433,3,30,0,0,0,433,3
2022,00-0035831,James Robinson,NYJ,JAX,yes,RB,11,110,425,3,22,11,51,2,476,5
2022,00-0035228,Kyler Murray,ARI,ARI,,QB,11,67,418,3,23,0,0,0,418,3
2022,00-0036924,Michael Carter,NYJ,NYJ,,RB,16,114,402,3,14,41,288,0,690,3
2022,00-0033526,Samaje Perine,CIN,CIN,,RB,16,95,394,2,19,38,287,4,681,6
2022,00-0037228,Jaylen Warren,PIT,PIT,,RB,16,77,379,1,20,28,214,0,593,1
2022,00-0030565,Geno Smith,SEA,SEA,,QB,17,68,366,1,24,0,0,0,366,1
2022,00-0036829,Caleb Huntley,ATL,ATL,,RB,12,76,366,1,18,2,3,0,369,1
2022,00-0033873,Patrick Mahomes,KC,KC,,QB,17,61,358,4,25,1,6,0,364,4
2022,00-0034750,Rashaad Penny,SEA,SEA,,RB,5,57,346,2,15,4,16,0,362,2
2022,00-0032144,Melvin Gordon,DEN,DEN,,RB,10,90,318,2,15,25,223,0,541,2
2022,00-0036383,Eno Benjamin,NO,ARI,yes,RB,13,77,313,2,14,25,193,0,506,2
2022,00-0036360,Clyde Edwards-Helaire,KC,KC,,RB,10,71,302,3,15,17,151,3,453,6
2022,00-0037157,Bam Knight,NYJ,NYJ,,RB,7,85,300,1,14,13,100,0,400,1
2022,00-0031376,Jerick McKinnon,KC,KC,,RB,17,72,291,1,12,56,512,9,803,10
2022,00-0036971,Trevor Lawrence,JAX,JAX,,QB,17,62,291,5,27,0,0,0,291,5
2022,00-0036370,Joshua Kelley,LAC,LAC,,RB,12,69,287,2,16,14,101,0,388,2
2022,00-0034972,Alexander Mattison,MIN,MIN,,RB,17,74,283,5,21,15,91,1,374,6
2022,00-0035664,Darrell Henderson,LAR,LAR,,RB,10,70,283,3,14,17,102,0,385,3
2022,00-0036567,Elijah Mitchell,SF,SF,,RB,5,45,279,2,15,3,7,0,286,2
2022,00-0029263,Russell Wilson,DEN,DEN,,QB,15,55,277,3,21,1,1,0,278,3
2022,00-0034975,Justice Hill,BAL,BAL,,RB,15,49,262,0,15,12,58,0,320,0
2022,00-0037525,Jordan Mason,SF,SF,,RB,12,43,258,1,10,0,0,0,258,1
2022,00-0036442,Joe Burrow,CIN,CIN,,QB,16,75,257,5,27,0,0,0,257,5
2022,00-0034681,Chase Edmonds,DEN,MIA,yes,RB,13,68,245,2,8,16,157,1,402,3
2022,00-0033119,Jacoby Brissett,CLE,CLE,,QB,14,49,243,2,28,0,0,0,243,2
2022,00-0036919,Kenny Gainwell,PHI,PHI,,RB,17,53,240,4,17,23,169,0,409,4
2022,00-0038102,Kenny Pickett,PIT,PIT,,QB,13,55,237,3,23,0,0,0,237,3
2022,00-0036493,Deon Jackson,IND,IND,,RB,12,68,236,1,13,30,209,1,445,2
2022,00-0027966,Mark Ingram,NO,NO,,RB,10,62,233,1,12,16,68,0,301,1
2022,00-0035719,Deebo Samuel Sr.,SF,SF,,WR,13,42,232,3,8,56,632,2,864,5
2022,00-0033308,Matt Breida,NYG,NYG,,RB,17,54,220,1,13,20,118,0,338,1
2022,00-0034414,Boston Scott,PHI,PHI,,RB,15,54,217,3,12,5,15,0,232,3
2022,00-0036997,Javonte Williams,DEN,DEN,,RB,4,47,204,0,9,16,76,0,280,0
2022,00-0035806,JaMycal Hasty,JAX,JAX,,RB,14,46,194,2,7,20,126,1,320,3
2022,00-0033282,Curtis Samuel,WAS,WAS,,WR,17,38,187,1,11,64,656,4,843,5
2022,00-0036425,DeeJay Dallas,SEA,SEA,,RB,15,35,186,0,9,17,126,0,312,0
2022,00-0033077,Dak Prescott,DAL,DAL,,QB,12,45,182,1,19,0,0,0,182,1
2022,00-0033537,Deshaun Watson,CLE,CLE,,QB,6,36,175,1,10,0,0,0,175,1
2022,00-0034440,Justin Jackson,DET,DET,,RB,15,42,170,1,8,12,101,1,271,2
2022,00-0037563,Malik Davis,DAL,DAL,,RB,6,38,161,1,6,6,63,0,224,1
2022,00-0035537,Ty Johnson,NYJ,NYJ,,RB,12,30,160,1,5,12,88,0,248,1
2022,00-0032975,Jonathan Williams,WAS,WAS,,RB,9,37,152,0,6,7,40,0,192,0
2022,00-0036355,Justin Herbert,LAC,LAC,,QB,17,54,147,0,17,2,-10,0,137,0
2022,00-0034253,Dontrell Hilliard,TEN,TEN,,RB,12,22,145,0,4,21,177,4,322,4
2022,00-0036569,Gary Brightwell,NYG,NYG,,RB,15,31,141,1,9,5,39,0,180,1
2022,00-0037840,Kyren Williams,LAR,LAR,,RB,8,35,139,0,6,9,76,0,215,0
2022,00-0035993,Tyler Huntley,BAL,BAL,,QB,5,43,137,1,12,0,0,0,137,1
2022,00-0033854,Dare Ogunbowale,HOU,HOU,,RB,15,42,123,1,10,20,104,0,227,1
2022,00-0038128,Malik Willis,TEN,TEN,,QB,7,27,123,1,8,0,0,0,123,1
2022,00-0034838,Royce Freeman,HOU,HOU,,RB,4,41,117,0,7,6,33,0,150,0
2022,00-0036950,Avery Williams,ATL,ATL,,RB,17,22,109,1,6,13,61,0,170,1
2022,00-0036898,Davis Mills,HOU,HOU,,QB,15,32,108,2,8,0,0,0,108,2
2022,00-0034845,Sony Michel,LAC,LAC,,RB,10,36,106,0,8,9,53,0,159,0
2022,00-0034869,Sam Darnold,CAR,CAR,,QB,6,26,106,2,10,0,0,0,106,2
2022,00-0037745,Velus Jones Jr.,CHI,CHI,,WR,11,9,103,1,5,7,107,1,210,2
2022,00-0031280,Derek Carr,LV,LV,,QB,15,24,102,0,10,0,0,0,102,0
2022,00-0034208,Mike Boone,DEN,DEN,,RB,8,24,102,0,6,9,96,0,198,0
2022,00-0034301,Darrel Williams,ARI,ARI,,RB,5,21,102,1,8,4,9,0,111,1
2022,00-0035567,Craig Reynolds,DET,DET,,RB,6,23,102,0,4,9,116,0,218,0
2022,00-0036972,Mac Jones,NE,NE,,QB,14,47,102,1,12,0,0,0,102,1
2022,00-0037013,Zach Wilson,NYJ,NYJ,,QB,9,28,102,1,7,1,2,1,104,2
2022,00-0038098,Pierre Strong,NE,NE,,RB,10,10,100,1,5,7,42,0,142,1
2022,00-0037827,Tyrion Davis-Price,SF,SF,,RB,5,34,99,0,5,0,0,0,99,0
2022,00-0029701,Ryan Tannehill,TEN,TEN,,QB,12,34,98,2,12,0,0,0,98,2
2022,00-0029604,Kirk Cousins,MIN,MIN,,QB,17,31,97,2,11,0,0,0,97,2
2022,00-0031800,Taylor Heinicke,WAS,WAS,,QB,9,28,96,1,6,0,0,0,96,1
2022,00-0032602,J.D. McKissic,WAS,WAS,,RB,8,22,95,0,5,27,173,0,268,0
2022,00-0036963,Amon-Ra St. Brown,DET,DET,,WR,16,9,95,0,3,106,1161,6,1256,6
2022,00-0023459,Aaron Rodgers,GB,GB,,QB,17,34,94,1,9,0,0,0,94,1
2022,00-0037617,Hassan Haskins,TEN,TEN,,RB,14,25,93,0,5,11,57,0,150,0
2022,00-0034419,Braxton Berrios,NYJ,NYJ,,WR,17,9,91,2,5,18,145,0,236,2
2022,00-0035217,Benny Snell,PIT,PIT,,RB,9,20,90,1,6,2,17,0,107,1
2022,00-0035939,Bryce Perkins,LAR,LAR,,QB,5,19,90,0,6,0,0,0,90,0
2022,00-0034855,Baker Mayfield,LAR,CAR,yes,QB,12,31,89,1,7,0,0,0,89,1
2022,00-0036879,Sam Ehlinger,IND,IND,,QB,4,17,87,0,5,0,0,0,87,0
2022,00-0032950,Carson Wentz,WAS,WAS,,QB,8,22,86,1,4,0,0,0,86,1
2022,00-0033572,Jamal Agnew,JAX,JAX,,WR,15,12,86,0,6,23,187,3,273,3
2022,00-0033951,Marlon Mack,DEN,SF,yes,RB,7,16,84,1,4,8,99,1,183,2
2022,00-0035264,Jarrett Stidham,LV,LV,,QB,3,14,84,0,7,0,0,0,84,0
2022,00-0036331,Devin Duvernay,BAL,BAL,,WR,14,12,84,1,7,37,407,3,491,4
2022,00-0036913,Kadarius Toney,KC,NYG,yes,WR,9,7,82,1,5,16,171,2,253,3
2022,00-0031806,Malcolm Brown,LAR,LAR,,RB,7,18,81,1,3,5,37,0,118,1
2022,00-0030288,Rex Burkhead,HOU,HOU,,RB,15,26,80,0,4,37,204,1,284,1
2022,00-0034646,Brandon Powell,LAR,LAR,,WR,17,17,80,0,6,24,156,0,236,0
2022,00-0038124,Christian Watson,GB,GB,,WR,14,7,80,2,2,41,611,7,691,9
2022,00-0034407,Ray-Ray McCloud,SF,SF,,WR,17,4,78,1,1,14,243,1,321,2
2022,00-0036755,Jaret Patterson,WAS,WAS,,RB,2,17,78,0,3,0,0,0,78,0
2022,00-0037429,Raheem Blackshear,CAR,CAR,,RB,13,23,77,3,7,10,93,0,170,3
2022,00-0032436,Jeff Driskel,HOU,HOU,,QB,7,20,75,0,4,1,4,0,79,0
2022,00-0035594,Travis Homer,SEA,SEA,,RB,10,19,74,0,4,16,157,1,231,1
2022,00-0033106,Jared Goff,DET,DET,,QB,17,29,73,0,5,1,5,0,78,0
2022,00-0026143,Matt Ryan,IND,IND,,QB,12,27,70,1,9,0,0,0,70,1
2022,00-0028118,Tyrod Taylor,NYG,NYG,,QB,2,5,70,0,5,0,0,0,70,0
2022,00-0034816,Ronald Jones,KC,KC,,RB,5,17,70,1,4,1,22,0,92,1
2022,00-0034928,Steven Sims,PIT,PIT,,WR,12,13,70,0,5,14,104,0,174,0
2022,00-0036212,Tua Tagovailoa,MIA,MIA,,QB,13,24,70,0,4,0,0,0,70,0
2022,00-0038040,Zamir White,LV,LV,,RB,11,17,70,0,4,0,0,0,70,0
2022,00-0037012,Trey Lance,SF,SF,,QB,2,16,67,0,7,0,0,0,67,0
2022,00-0029239,Brandon Bolden,LV,LV,,RB,13,17,66,0,3,9,57,1,123,1
2022,00-0036268,Laviska Shenault Jr.,CAR,CAR,,WR,13,9,65,1,1,27,272,1,337,2
2022,00-0036020,Salvon Ahmed,MIA,MIA,,RB,6,12,64,1,4,1,8,0,72,1
2022,00-0036297,Darrynton Evans,CHI,CHI,,RB,3,14,64,0,3,1,33,0,97,0
2022,00-0038122,Desmond Ridder,ATL,ATL,,QB,4,16,64,0,4,0,0,0,64,0
2022,00-0035146,Trace McSorley,ARI,ARI,,QB,5,15,61,0,3,0,0,0,61,0
2022,00-0037299,Keaontay Ingram,ARI,ARI,,RB,11,27,60,1,4,4,21,0,81,1
2022,00-0036326,Chase Claypool,CHI,PIT,yes,WR,15,9,59,0,3,46,451,1,510,1
2022,00-0034400,Jordan Wilkins,IND,IND,,RB,4,13,58,0,2,6,29,0,87,0
2022,00-0035639,Parris Campbell,IND,IND,,WR,17,5,58,0,2,63,623,3,681,3
2022,00-0036999,Anthony Schwartz,CLE,CLE,,WR,7,4,57,1,2,4,51,0,108,1
2022,00-0037545,Rashid Shaheed,NO,NO,,WR,12,4,57,1,2,28,488,2,545,3
2022,00-0033466,Isaiah McKenzie,BUF,BUF,,WR,15,9,55,1,3,42,423,4,478,5
2022,00-0033725,Corey Clement,ARI,ARI,,RB,5,15,55,1,6,5,54,0,109,1
2022,00-0035327,C.J. Moore,DET,DET,,DB,9,2,55,0,2,0,0,0,55,0
2022,00-0027973,Andy Dalton,NO,NO,,QB,14,30,54,0,6,0,0,0,54,0
2022,00-0034279,Equanimeous St. Brown,CHI,CHI,,WR,16,6,54,0,2,21,323,1,377,1
2022,00-0035752,Chris Streveler,NYJ,NYJ,,QB,1,9,54,0,1,0,0,0,54,0
2022,00-0037087,Trestan Ebner,CHI,CHI,,RB,11,24,54,0,2,2,8,0,62,0
2022,00-0034827,DJ Moore,CAR,CAR,,WR,17,10,53,0,3,63,888,7,941,7
2022,00-0036450,Ke'Shawn Vaughn,TB,TB,,RB,6,17,53,0,3,3,19,0,72,0
2022,00-0033908,Cooper Kupp,LAR,LAR,,WR,9,9,52,1,4,75,812,6,864,7
2022,00-0037286,Kevin Harris,NE,NE,,RB,5,18,52,1,3,0,0,0,52,1
2022,00-0034109,Phillip Lindsay,IND,IND,,RB,3,15,49,0,1,6,19,0,68,0
2022,00-0036358,CeeDee Lamb,DAL,DAL,,WR,17,10,47,0,3,107,1359,9,1406,9
2022,00-0037742,Treylon Burks,TEN,TEN,,WR,11,4,47,0,3,33,444,1,491,1
2022,00-0027944,Julio Jones,TB,TB,,WR,10,5,45,0,4,24,299,2,344,2
2022,00-0033949,Joshua Dobbs,TEN,TEN,,QB,2,8,44,0,4,0,0,0,44,0
2022,00-0035500,Greg Dortch,ARI,ARI,,WR,16,7,44,0,3,52,467,2,511,2
2022,00-0036543,Spencer Brown,CAR,CAR,,RB,2,9,43,0,1,2,10,0,53,0
2022,00-0037265,Snoop Conner,JAX,JAX,,RB,5,12,42,1,2,0,0,0,42,1
2022,00-0033550,Davis Webb,NYG,NYG,,QB,1,6,41,1,2,0,0,0,41,1
2022,00-0038045,Isaiah Spiller,LAC,LAC,,RB,5,18,41,0,2,3,13,0,54,0
2022,00-0033555,Mack Hollins,LV,LV,,WR,17,4,40,0,2,57,690,4,730,4
2022,00-0036407,Jerry Jeudy,DEN,DEN,,WR,15,4,40,0,4,67,972,6,1012,6
2022,00-0037240,Jameson Williams,DET,DET,,WR,6,1,40,0,1,1,41,1,81,1
2022,00-0033275,PJ Walker,CAR,CAR,,QB,6,6,39,0,3,0,0,0,39,0
2022,00-0033307,Kendrick Bourne,NE,NE,,WR,16,6,39,0,2,35,434,1,473,1
2022,00-0035645,Gunner Olszewski,PIT,PIT,,WR,15,8,39,0,3,5,53,0,92,0
2022,00-0032450,Dwayne Washington,NO,NO,,RB,7,11,38,0,2,1,7,0,45,0
2022,00-0033869,Mitchell Trubisky,PIT,PIT,,QB,7,19,38,2,7,0,0,0,38,2
2022,00-0034860,Dante Pettis,CHI,CHI,,WR,17,2,37,0,2,19,245,3,282,3
2022,00-0027688,Colt McCoy,ARI,ARI,,QB,4,14,36,0,5,0,0,0,36,0
2022,00-0032464,Kalif Raymond,DET,DET,,WR,17,7,36,0,4,47,616,0,652,0
2022,00-0037077,Sam Howell,WAS,WAS,,QB,1,5,35,1,4,0,0,0,35,1
2022,00-0036849,Tutu Atwell,LAR,LAR,,WR,12,9,34,1,2,18,298,1,332,2
2022,00-0031345,Jimmy Garoppolo,SF,SF,,QB,11,23,33,2,11,0,0,0,33,2
2022,00-0034367,Nyheim Hines,BUF,IND,yes,RB,16,24,33,1,2,30,241,1,274,2
2022,00-0033040,Tyreek Hill,MIA,MIA,,WR,17,7,32,1,3,119,1710,7,1742,8
2022,00-0034899,John Wolford,LAR,LAR,,QB,2,8,32,0,2,0,0,0,32,0
2022,00-0035140,Mecole Hardman,KC,KC,,WR,8,4,31,2,3,25,297,4,328,6
2022,00-0035973,Patrick Taylor,GB,GB,,RB,6,10,31,0,2,1,17,0,48,0
2022,00-0035291,Trayveon Williams,CIN,CIN,,RB,7,6,30,0,1,2,30,0,60,0
2022,00-0036252,Michael Pittman,IND,IND,,WR,16,3,30,0,2,99,925,4,955,4
2022,00-0036336,Anthony McFarland,PIT,PIT,,RB,1,6,30,0,3,2,11,0,41,0
2022,00-0037272,Montrell Washington,DEN,DEN,,WR,15,5,30,0,0,4,2,0,32,0
2022,00-0035659,Terry McLaurin,WAS,WAS,,WR,17,7,29,0,2,77,1191,5,1220,5
2022,00-0030456,Giovani Bernard,TB,TB,,RB,4,8,28,0,0,2,-1,0,27,0
2022,00-0031237,Teddy Bridgewater,MIA,MIA,,QB,5,3,27,0,2,0,0,0,27,0
2022,00-0037304,Connor Heyward,PIT,PIT,,FB,15,2,27,0,2,12,151,1,178,1
2022,00-0029892,Kyle Juszczyk,SF,SF,,FB,13,7,26,1,5,19,200,1,226,2
2022,00-0032058,Tevin Coleman,SF,SF,,RB,2,12,26,1,2,3,44,1,70,2
2022,00-0035311,Myles Gaskin,MIA,MIA,,RB,2,10,26,0,2,4,28,0,54,0
2022,00-0036527,DJ Turner,LV,LV,,WR,5,4,26,0,1,0,0,0,26,0
2022,00-0036613,Jaylen Waddle,MIA,MIA,,WR,17,3,26,0,0,75,1356,8,1382,8
2022,00-0037168,Armani Rogers,WAS,WAS,,TE,9,2,26,0,1,5,64,0,90,0
2022,00-0037487,Deven Thompkins,TB,TB,,WR,5,2,26,0,1,5,32,0,58,0
2022,00-0035216,Diontae Johnson,PIT,PIT,,WR,17,7,25,0,1,86,882,0,907,0
2022,00-0035924,Jonathan Ward,TEN,ARI,yes,RB,4,5,25,0,2,2,7,0,32,0
2022,00-0036387,Jalen Reagor,MIN,MIN,,WR,17,4,25,0,1,8,104,1,129,1
2022,00-0032187,David Johnson,NO,NO,,RB,4,12,24,0,0,4,47,0,71,0
2022,00-0035860,Tony Jones,SEA,NO,yes,RB,3,10,24,0,3,5,30,0,54,0
2022,00-0036322,Justin Jefferson,MIN,MIN,,WR,17,4,24,1,2,128,1809,8,1833,9
2022,00-0037247,George Pickens,PIT,PIT,,WR,17,3,24,1,2,52,801,4,825,5
2022,00-0038090,Skyy Moore,KC,KC,,WR,16,3,24,0,1,22,250,0,274,0
2022,00-0036261,Brandon Aiyuk,SF,SF,,WR,17,2,23,0,1,78,1015,8,1038,8
2022,00-0036412,KJ Hamler,DEN,DEN,,WR,6,2,23,0,1,7,165,0,188,0
2022,00-0032897,Derek Watt,PIT,PIT,,FB,12,9,21,1,8,5,11,1,32,2
2022,00-0037327,Skylar Thompson,MIA,MIA,,QB,7,14,21,0,1,0,0,0,21,0
2022,00-0037557,Ronnie Rivers,LAR,LAR,,RB,2,9,21,0,1,5,29,0,50,0
2022,00-0032104,Ameer Abdullah,LV,LV,,RB,16,4,20,0,2,25,211,1,231,1
2022,00-0037276,Ty Chandler,MIN,MIN,,RB,2,6,20,0,1,0,0,0,20,0
2022,00-0036650,Larry Rountree III,LAC,LAC,,RB,2,13,19,0,0,2,14,0,33,0
2022,00-0036984,Trey Sermon,PHI,PHI,,RB,1,2,19,0,2,0,0,0,19,0
2022,00-0032063,Mike Davis,BAL,BAL,,RB,5,8,18,0,1,2,4,0,22,0
2022,00-0033891,Zay Jones,JAX,JAX,,WR,16,4,18,0,1,82,823,5,841,5
2022,00-0035628,D'Ernest Johnson,CLE,CLE,,RB,9,4,17,0,1,3,7,0,24,0
2022,00-0036862,Ben Skowronek,LAR,LAR,,WR,14,1,17,1,1,39,376,0,393,1
2022,00-0037801,KaVontae Turpin,DAL,DAL,,WR,17,3,17,0,1,1,9,0,26,0
2022,00-0031503,Jameis Winston,NO,NO,,QB,3,5,16,0,0,0,0,0,16,0
2022,00-0033376,Patrick Ricard,BAL,BAL,,RB,13,7,16,0,5,11,74,0,90,0
2022,00-0038104,Tyquan Thornton,NE,NE,,WR,12,3,16,1,1,22,247,2,263,3
2022,00-0033111,Pharoh Cooper,ARI,ARI,,WR,5,4,15,0,0,2,6,0,21,0
2022,00-0033292,Trent Taylor,CIN,CIN,,WR,16,4,15,0,0,6,62,0,77,0
2022,00-0036626,Dyami Brown,WAS,WAS,,WR,9,1,15,0,1,5,143,2,158,2
2022,00-0036842,Kene Nwangwu,MIN,MIN,,RB,14,9,14,0,1,2,21,0,35,0
2022,00-0033881,Evan Engram,JAX,JAX,,TE,17,2,13,0,1,73,766,4,779,4
2022,00-0034577,Kyle Allen,HOU,HOU,,QB,2,6,13,0,2,0,0,0,13,0
2022,00-0035864,Kendall Hinton,DEN,DEN,,WR,11,2,13,0,1,24,311,0,324,0
2022,00-0037834,Brock Purdy,SF,SF,,QB,9,22,13,1,5,0,0,0,13,1
2022,00-0037267,Jerome Ford,CLE,CLE,,RB,13,8,12,0,1,0,0,0,12,0
2022,00-0037594,Julius Chestnut,TEN,TEN,,RB,6,9,12,0,1,3,41,0,53,0
2022,00-0034775,Christian Kirk,JAX,JAX,,WR,17,5,11,0,0,84,1108,8,1119,8
2022,00-0035341,Trenton Irwin,CIN,CIN,,WR,9,1,11,0,1,15,231,4,242,4
2022,00-0037816,Romeo Doubs,GB,GB,,WR,13,1,11,0,1,42,425,3,436,3
2022,00-0036620,Dee Eskridge,SEA,SEA,,WR,9,2,10,0,0,7,58,0,68,0
2022,00-0026498,Matthew Stafford,LAR,LAR,,QB,9,13,9,1,3,0,0,0,9,1
2022,00-0034401,Mike White,NYJ,NYJ,,QB,4,6,9,1,3,0,0,0,9,1
2022,00-0036096,J.J. Taylor,NE,NE,,RB,1,10,9,0,0,1,8,0,17,0
2022,00-0036290,Cole Kmet,CHI,CHI,,TE,17,2,9,0,1,50,544,7,553,7
2022,00-0036727,Adam Prentice,NO,NO,,FB,6,4,9,0,3,3,9,0,18,0
2022,00-0037828,Danny Gray,SF,SF,,WR,7,1,9,0,0,1,10,0,19,0
2022,00-0029567,Nick Foles,IND,IND,,QB,2,2,8,0,0,0,0,0,8,0
2022,00-0030279,Keenan Allen,LAC,LAC,,WR,10,1,8,0,1,66,752,4,760,4
2022,00-0032156,Trevor Siemian,CHI,CHI,,QB,2,4,8,0,1,0,0,0,8,0
2022,00-0033319,Nick Mullens,MIN,MIN,,QB,4,4,8,0,1,0,0,0,8,0
2022,00-0034418,Cedrick Wilson Jr.,MIA,MIA,,WR,13,1,8,0,0,12,136,0,144,0
2022,00-0034578,Reggie Bonnafon,WAS,WAS,,RB,1,3,8,0,0,0,0,0,8,0
2022,00-0034753,Mark Andrews,BAL,BAL,,TE,15,3,8,0,3,73,847,5,855,5
2022,00-0035021,Ashton Dulin,IND,IND,,WR,10,2,8,0,1,15,207,1,215,1
2022,00-0035125,Alec Ingold,MIA,MIA,,FB,12,6,8,1,5,15,105,1,113,2
2022,00-0035298,Scott Miller,TB,TB,,WR,12,1,8,0,0,23,185,0,193,0
2022,00-0036232,Harrison Bryant,CLE,CLE,,TE,14,1,8,0,1,31,239,1,247,1
2022,00-0036900,Ja'Marr Chase,CIN,CIN,,WR,12,5,8,0,0,87,1046,9,1054,9
2022,00-0037331,Zander Horvath,LAC,LAC,,RB,8,4,8,0,2,5,8,2,16,2
2022,00-0031236,Brandin Cooks,HOU,HOU,,WR,13,2,7,0,0,57,699,3,706,3
2022,00-0031595,Michael Burton,KC,KC,,FB,12,5,7,0,2,2,11,0,18,0
2022,00-0032918,C.J. Ham,MIN,MIN,,FB,11,4,7,2,3,10,86,0,93,2
2022,00-0033958,Nathan Peterman,CHI,CHI,,QB,3,2,7,0,0,0,0,0,7,0
2022,00-0034955,Brett Rypien,DEN,DEN,,QB,4,6,7,0,2,0,0,0,7,0
2022,00-0035208,Olamide Zaccheaus,ATL,ATL,,WR,16,2,7,0,1,40,533,3,540,3
2022,00-0036669,Kylin Hill,GB,GB,,RB,1,1,7,0,1,0,0,0,7,0
2022,00-0036991,Amari Rodgers,HOU,GB,yes,WR,15,2,7,0,0,16,204,1,211,1
2022,00-0026158,Joe Flacco,NYJ,NYJ,,QB,5,3,6,0,1,0,-3,0,3,0
2022,00-0033662,Cooper Rush,DAL,DAL,,QB,8,9,6,0,1,0,0,0,6,0
2022,00-0034286,Richie James,NYG,NYG,,WR,16,2,6,0,0,57,569,4,575,4
2022,00-0036345,K.J. Osborn,MIN,MIN,,WR,17,3,6,0,2,60,650,5,656,5
2022,00-0030068,Marquise Goodwin,SEA,SEA,,WR,13,2,5,0,0,27,387,4,392,4
2022,00-0030506,Travis Kelce,KC,KC,,TE,17,2,5,0,1,110,1338,12,1343,12
2022,00-0033858,Jonnu Smith,NE,NE,,TE,12,1,5,0,1,27,245,0,250,0
2022,00-0033921,Chris Godwin Jr.,TB,TB,,WR,15,3,5,0,0,104,1023,3,1028,3
2022,00-0034348,Courtland Sutton,DEN,DEN,,WR,15,1,5,0,0,64,829,2,834,2
2022,00-0035040,David Blough,ARI,ARI,,QB,2,4,5,0,0,0,0,0,5,0
2022,00-0036980,Elijah Moore,NYJ,NYJ,,WR,14,5,5,0,2,37,446,1,451,1
2022,00-0026544,Chase Daniel,LAC,LAC,,QB,3,1,4,0,0,0,0,0,4,0
2022,00-0030035,Adam Thielen,MIN,MIN,,WR,17,1,4,0,0,70,716,6,720,6
2022,00-0032257,Duke Johnson,BUF,BUF,,RB,1,2,4,0,1,0,0,0,4,0
2022,00-0034171,Jason Cabinda,DET,DET,,FB,6,1,4,0,1,1,5,0,9,0
2022,00-0034335,Marcus Allen,PIT,PIT,,LB,10,1,4,0,1,0,0,0,4,0
2022,00-0034614,Godwin Igwebuike,SEA,SEA,,RB,5,3,4,0,0,1,3,0,7,0
2022,00-0035184,Devine Ozigbo,DEN,DEN,,RB,3,3,4,0,0,1,3,0,7,0
2022,00-0036652,Racey McMath,TEN,TEN,,WR,4,1,4,0,0,2,40,0,44,0
2022,00-0036988,Josh Palmer,LAC,LAC,,WR,16,1,4,0,1,72,769,3,773,3
2022,00-0037740,Garrett Wilson,NYJ,NYJ,,WR,17,4,4,0,0,83,1103,4,1107,4
2022,00-0026300,Josh Johnson,SF,SF,,QB,1,2,3,0,0,0,0,0,3,0
2022,00-0028292,Nick Bellore,SEA,SEA,,LB,12,1,3,0,0,0,0,0,3,0
2022,00-0032398,Chris Moore,HOU,HOU,,WR,15,3,3,0,0,48,548,2,551,2
2022,00-0034270,Tyler Conklin,NYJ,NYJ,,TE,17,2,3,0,2,58,552,3,555,3
2022,00-0034355,M.J. Stewart,HOU,HOU,,SAF,14,1,3,0,1,0,0,0,3,0
2022,00-0035289,Gardner Minshew,PHI,PHI,,QB,5,7,3,1,1,0,0,0,3,1
2022,00-0030874,Damien Williams,ATL,ATL,,RB,1,2,2,0,0,0,0,0,2,0
2022,00-0030968,Keith Smith,ATL,ATL,,FB,9,1,2,0,1,1,8,0,10,0
2022,00-0034496,Sean Chandler,CAR,CAR,,DB,9,1,2,0,1,0,0,0,2,0
2022,00-0036233,Donovan Peoples-Jones,CLE,CLE,,WR,17,1,2,0,0,61,839,3,841,3
2022,00-0036309,Darnell Mooney,CHI,CHI,,WR,11,1,2,0,0,40,493,2,495,2
2022,00-0036329,Ashtyn Davis,NYJ,NYJ,,SAF,6,1,2,0,1,0,0,0,2,0
2022,00-0036877,Jaelon Darden,CLE,TB,yes,WR,14,1,2,0,0,2,26,0,28,0
2022,00-0037569,Peyton Hendershot,DAL,DAL,,TE,12,1,2,1,1,11,103,2,105,3
2022,00-0037809,Chig Okonkwo,TEN,TEN,,TE,16,3,2,0,0,32,450,3,452,3
2022,00-0038115,Daniel Bellinger,NYG,NYG,,TE,11,1,2,1,1,30,268,2,270,3
2022,00-0032780,Jordan Howard,NO,NO,,RB,1,1,1,0,0,0,0,0,1,0
2022,00-0034798,Durham Smythe,MIA,MIA,,TE,13,2,1,1,1,15,129,1,130,2
2022,00-0035527,Andy Isabella,BAL,ARI,yes,WR,4,1,1,0,0,2,21,0,22,0
2022,00-0035662,Marquise Brown,ARI,ARI,,WR,12,1,1,0,0,67,709,3,710,3
2022,00-0036271,Quez Watkins,PHI,PHI,,WR,17,3,1,0,0,33,354,3,355,3
2022,00-0036637,Noah Gray,KC,KC,,TE,17,1,1,1,1,28,299,1,300,2
2022,00-0028986,Case Keenum,BUF,BUF,,QB,2,5,0,0,0,0,0,0,0,0
2022,00-0029692,Bryan Anger,DAL,DAL,,P,17,1,0,0,0,0,0,0,0,0
2022,00-0032807,Clayton Fejedelem,MIA,MIA,,DB,7,1,0,0,0,0,0,0,0,0
2022,00-0033251,Zach Pascal,PHI,PHI,,WR,15,1,0,0,0,15,150,1,150,1
2022,00-0033895,Gerald Everett,LAC,LAC,,TE,15,1,0,0,0,58,555,4,555,4
2022,00-0034521,Allen Lazard,GB,GB,,WR,15,2,0,0,0,60,788,6,788,6
2022,00-0034726,Dallin Leavitt,GB,GB,,DB,9,1,0,0,0,0,0,0,0,0
2022,00-0034959,Andrew Beck,DEN,DEN,,FB,9,2,0,0,0,5,69,0,69,0
2022,00-0036825,Feleipe Franks,ATL,ATL,,TE,5,1,0,0,0,0,0,0,0,0
2022,00-0036876,Kylen Granson,IND,IND,,TE,13,1,0,0,0,31,302,0,302,0
2022,00-0037085,Tyler Badie,DEN,DEN,,RB,1,1,0,0,0,1,24,1,24,1
2022,00-0038108,Bailey Zappe,NE,NE,,QB,4,10,0,0,0,1,-6,0,-6,0
2022,00-0019596,Tom Brady,TB,TB,,QB,17,29,-1,1,5,0,0,0,-1,1
2022,00-0031381,Davante Adams,LV,LV,,WR,17,3,-1,0,0,100,1516,14,1515,14
2022,00-0032434,Brandon Allen,CIN,CIN,,QB,1,3,-1,0,1,0,0,0,-1,0
2022,00-0036264,Jordan Love,GB,GB,,QB,4,1,-1,0,0,0,0,0,-1,0
2022,00-0036635,Ihmir Smith-Marsette,CHI,CHI,,WR,4,1,-1,0,0,1,15,0,14,0
2022,00-0038117,Wan'Dale Robinson,NYG,NYG,,WR,6,2,-1,0,0,23,227,1,226,1
2022,00-0032200,Ty Montgomery,NE,NE,,WR,1,2,-2,0,0,3,15,1,13,1
2022,00-0034177,Tim Boyle,CHI,CHI,,QB,1,2,-2,0,0,0,0,0,-2,0
2022,00-0031588,Stefon Diggs,BUF,BUF,,WR,16,1,-3,0,0,108,1429,11,1426,11
2022,00-0032496,Matthias Farley,LV,LV,,DB,10,1,-3,0,0,0,0,0,-3,0
2022,00-0034272,Marquez Valdes-Scantling,KC,KC,,WR,17,1,-3,0,0,42,687,2,684,2
2022,00-0035042,Jamie Gillan,NYG,NYG,,P,17,2,-3,0,0,0,0,0,-3,0
2022,00-0032792,Nate Sudfeld,DET,DET,,QB,2,5,-4,0,0,0,0,0,-4,0
2022,00-0033936,C.J. Beathard,JAX,JAX,,QB,4,4,-4,0,0,0,0,0,-4,0
2022,00-0036654,Demetric Felton,CLE,CLE,,RB,6,1,-4,0,0,2,8,0,4,0
2022,00-0026197,Chad Henne,KC,KC,,QB,3,5,-5,0,0,0,0,0,-5,0
2022,00-0036936,Rondale Moore,ARI,ARI,,WR,8,6,-5,0,1,41,414,1,409,1
2022,00-0037175,Anthony Brown,BAL,BAL,,QB,2,3,-5,0,0,0,0,0,-5,0
2022,00-0037300,Mike Woods,CLE,CLE,,WR,7,1,-5,0,0,5,45,0,40,0
2022,00-0032054,Breshad Perriman,TB,TB,,WR,8,2,-7,0,0,9,110,1,103,1
2022,00-0037741,Jahan Dotson,WAS,WAS,,WR,12,2,-7,0,0,35,523,7,516,7
2022,00-0033885,David Njoku,CLE,CLE,,TE,14,2,-8,0,0,58,628,4,620,4
2022,00-0034960,Jakobi Meyers,NE,NE,,WR,14,2,-11,0,2,67,804,6,793,6
2022,00-0031763,DeAndre Carter,LAC,LAC,,WR,17,2,-15,0,0,46,538,3,523,3
2022,00-0034160,Michael Dickson,SEA,SEA,,P,16,2,-18,0,0,0,0,0,-18,0
2023,00-0033280,Christian McCaffrey,SF,SF,,RB,16,272,1459,14,83,67,564,7,2023,21
2023,00-0032764,Derrick Henry,TEN,TEN,,RB,17,280,1167,12,63,28,214,0,1381,12
2023,00-0037840,Kyren Williams,LAR,LAR,,RB,12,228,1144,12,62,32,206,3,1350,15
2023,00-0037248,James Cook,BUF,BUF,,RB,17,237,1122,2,53,44,445,4,1567,6
2023,00-0036275,D'Andre Swift,PHI,PHI,,RB,16,229,1049,5,50,39,214,1,1263,6
2023,00-0033553,James Conner,ARI,ARI,,RB,13,208,1040,7,57,27,165,2,1205,9
2023,00-0036893,Najee Harris,PIT,PIT,,RB,17,255,1035,8,51,29,170,0,1205,8
2023,00-0033897,Joe Mixon,CIN,CIN,,RB,17,257,1034,9,59,52,376,3,1410,12
2023,00-0035685,David Montgomery,DET,DET,,RB,14,219,1015,13,59,16,117,0,1132,13
2023,00-0031687,Raheem Mostert,MIA,MIA,,RB,15,209,1012,18,59,25,175,3,1187,21
2023,00-0036973,Travis Etienne,JAX,JAX,,RB,17,267,1008,11,53,58,476,1,1484,12
2023,00-0035261,Tony Pollard,DAL,DAL,,RB,17,252,1005,6,56,55,311,0,1316,6
2023,00-0038120,Breece Hall,NYJ,NYJ,,RB,17,223,994,5,40,76,591,4,1585,9
2023,00-0037256,Rachaad White,TB,TB,,RB,17,272,990,6,46,64,549,3,1539,9
2023,00-0038542,Bijan Robinson,ATL,ATL,,RB,17,214,976,4,50,58,487,4,1463,8
2023,00-0034844,Saquon Barkley,NYG,NYG,,RB,14,247,962,6,51,41,280,4,1242,10
2023,00-0039139,Jahmyr Gibbs,DET,DET,,RB,15,182,945,10,42,52,316,1,1261,11
2023,00-0037197,Isiah Pacheco,KC,KC,,RB,14,205,935,7,53,44,244,2,1179,9
2023,00-0038134,Kenneth Walker III,SEA,SEA,,RB,15,219,905,8,46,29,259,1,1164,9
2023,00-0036555,Chuba Hubbard,CAR,CAR,,RB,17,238,902,5,59,39,233,0,1135,5
2023,00-0035250,Devin Singletary,HOU,HOU,,RB,17,216,898,4,41,30,193,0,1091,4
2023,00-0034796,Lamar Jackson,BAL,BAL,,QB,16,148,821,5,48,0,0,0,821,5
2023,00-0037267,Jerome Ford,CLE,CLE,,RB,17,204,813,4,33,44,319,5,1132,9
2023,00-0034184,Gus Edwards,BAL,BAL,,RB,17,198,810,13,49,12,180,0,990,13
2023,00-0035700,Josh Jacobs,LV,LV,,RB,13,233,805,6,34,37,296,0,1101,6
2023,00-0039040,De'Von Achane,MIA,MIA,,RB,11,103,800,8,30,27,197,3,997,11
2023,00-0036251,Zack Moss,IND,IND,,RB,14,183,794,5,43,27,192,2,986,7
2023,00-0037228,Jaylen Warren,PIT,PIT,,RB,17,149,784,4,36,61,370,0,1154,4
2023,00-0036997,Javonte Williams,DEN,DEN,,RB,16,217,774,3,41,47,228,2,1002,5
2023,00-0036223,Jonathan Taylor,IND,IND,,RB,10,169,741,7,42,19,153,1,894,8
2023,00-0037746,Brian Robinson,WAS,WAS,,RB,15,178,733,5,47,36,368,4,1101,9
2023,00-0034972,Alexander Mattison,MIN,MIN,,RB,16,180,700,0,28,30,192,3,892,3
2023,00-0033906,Alvin Kamara,NO,NO,,RB,13,180,694,5,42,75,466,1,1160,6
2023,00-0037263,Tyler Allgeier,ATL,ATL,,RB,17,186,683,4,39,18,193,1,876,5
2023,00-0036945,Justin Fields,CHI,CHI,,QB,13,124,657,4,43,0,0,0,657,4
2023,00-0033293,Aaron Jones,GB,GB,,RB,11,142,656,2,34,30,233,1,889,3
2023,00-0033045,Ezekiel Elliott,NE,NE,,RB,17,184,642,3,33,51,313,2,955,5
2023,00-0033699,Austin Ekeler,LAC,LAC,,RB,14,179,628,5,34,51,436,1,1064,6
2023,00-0036875,Rhamondre Stevenson,NE,NE,,RB,12,156,619,4,36,38,238,0,857,4
2023,00-0036265,AJ Dillon,GB,GB,,RB,15,178,613,2,32,22,223,0,836,2
2023,00-0036906,Khalil Herbert,CHI,CHI,,RB,12,132,611,2,25,20,134,1,745,3
2023,00-0036389,Jalen Hurts,PHI,PHI,,QB,17,157,605,15,68,0,0,0,605,15
2023,00-0034857,Josh Allen,BUF,BUF,,QB,17,111,524,15,57,0,0,0,524,15
2023,00-0039165,Zach Charbonnet,SEA,SEA,,RB,16,108,462,1,32,33,209,0,671,1
2023,00-0037276,Ty Chandler,MIN,MIN,,RB,16,102,461,3,20,21,159,0,620,3
2023,00-0039032,Tyjae Spears,TEN,TEN,,RB,17,100,453,2,24,52,385,1,838,3
2023,00-0038040,Zamir White,LV,LV,,RB,13,104,451,1,19,15,98,0,549,1
2023,00-0035243,Miles Sanders,CAR,CAR,,RB,16,129,432,1,24,27,154,0,586,1
2023,00-0033925,D'Onta Foreman,CHI,CHI,,RB,9,109,425,4,24,11,77,1,502,5
2023,00-0033949,Joshua Dobbs,MIN,ARI,yes,QB,13,77,421,6,31,0,0,0,421,6
2023,00-0037258,Dameon Pierce,HOU,HOU,,RB,14,145,416,2,14,13,101,0,517,2
2023,00-0033923,Kareem Hunt,CLE,CLE,,RB,15,135,411,9,38,15,84,0,495,9
2023,00-0038794,Jaleel McLaughlin,DEN,DEN,,RB,17,76,410,1,16,31,160,2,570,3
2023,00-0036370,Joshua Kelley,LAC,LAC,,RB,17,107,405,2,21,8,32,0,437,2
2023,00-0033357,Taysom Hill,NO,NO,,TE,16,81,401,4,26,33,291,2,692,6
2023,00-0038454,Keaton Mitchell,BAL,BAL,,RB,7,47,396,2,19,9,93,0,489,2
2023,00-0033873,Patrick Mahomes,KC,KC,,QB,16,75,389,0,27,0,0,0,389,0
2023,00-0034975,Justice Hill,BAL,BAL,,RB,16,84,387,3,18,28,206,1,593,4
2023,00-0036919,Kenny Gainwell,PHI,PHI,,RB,16,84,364,2,19,30,183,0,547,2
2023,00-0036139,Rico Dowdle,DAL,DAL,,RB,16,89,361,2,17,17,144,2,505,4
2023,00-0039021,Roschon Johnson,CHI,CHI,,RB,15,81,352,2,16,34,209,0,561,2
2023,00-0029263,Russell Wilson,DEN,DEN,,QB,15,80,341,3,38,0,0,0,341,3
2023,00-0036971,Trevor Lawrence,JAX,JAX,,QB,16,70,339,4,23,0,0,0,339,4
2023,00-0034838,Royce Freeman,LAR,LAR,,RB,11,77,319,2,17,1,13,0,332,2
2023,00-0033948,Jamaal Williams,NO,NO,,RB,13,106,306,1,19,18,62,0,368,1
2023,00-0030513,Latavius Murray,BUF,BUF,,RB,15,79,300,4,27,17,119,0,419,4
2023,00-0038098,Pierre Strong,CLE,CLE,,RB,16,63,291,1,10,5,47,0,338,1
2023,00-0038705,Emari Demercado,ARI,ARI,,RB,11,58,284,2,12,21,119,0,403,2
2023,00-0036567,Elijah Mitchell,SF,SF,,RB,11,75,281,2,14,6,14,0,295,2
2023,00-0036328,Antonio Gibson,WAS,WAS,,RB,16,65,265,1,13,48,389,2,654,3
2023,00-0037077,Sam Howell,WAS,WAS,,QB,17,48,263,5,19,1,4,0,267,5
2023,00-0039150,Bryce Young,CAR,CAR,,QB,16,39,253,0,18,0,0,0,253,0
2023,00-0036264,Jordan Love,GB,GB,,QB,17,50,247,4,16,0,0,0,247,4
2023,00-0038611,Chris Rodriguez Jr.,WAS,WAS,,RB,9,51,247,2,14,2,12,0,259,2
2023,00-0035228,Kyler Murray,ARI,ARI,,QB,8,44,244,3,15,0,0,0,244,3
2023,00-0033077,Dak Prescott,DAL,DAL,,QB,17,55,242,2,21,0,0,0,242,2
2023,00-0033526,Samaje Perine,DEN,DEN,,RB,17,53,238,1,14,50,455,0,693,1
2023,00-0036355,Justin Herbert,LAC,LAC,,QB,13,52,228,3,16,1,10,0,238,3
2023,00-0035719,Deebo Samuel Sr.,SF,SF,,WR,15,37,225,5,13,60,892,7,1117,12
2023,00-0036360,Clyde Edwards-Helaire,KC,KC,,RB,15,70,223,1,12,17,188,1,411,2
2023,00-0033893,Dalvin Cook,NYJ,NYJ,,RB,14,67,214,0,10,15,78,0,292,0
2023,00-0037013,Zach Wilson,NYJ,NYJ,,QB,12,36,211,0,7,0,0,0,211,0
2023,00-0035710,Daniel Jones,NYG,NYG,,QB,6,40,206,1,15,0,0,0,206,1
2023,00-0037525,Jordan Mason,SF,SF,,RB,16,40,206,3,13,3,31,0,237,3
2023,00-0028118,Tyrod Taylor,NYG,NYG,,QB,10,38,197,0,10,0,0,0,197,0
2023,00-0038476,Tommy DeVito,NYG,NYG,,QB,9,36,195,1,7,0,0,0,195,1
2023,00-0038122,Desmond Ridder,ATL,ATL,,QB,15,53,193,5,18,1,-6,0,187,5
2023,00-0034115,Jeff Wilson,MIA,MIA,,RB,9,41,188,0,8,14,85,0,273,0
2023,00-0036924,Michael Carter,ARI,NYJ,yes,RB,15,30,187,0,9,24,101,1,288,1
2023,00-0030578,Cordarrelle Patterson,ATL,ATL,,RB,12,50,181,0,9,9,38,1,219,1
2023,00-0035567,Craig Reynolds,DET,DET,,RB,12,41,179,1,11,5,47,0,226,1
2023,00-0038597,Chase Brown,CIN,CIN,,RB,12,44,179,0,6,14,156,1,335,1
2023,00-0036936,Rondale Moore,ARI,ARI,,WR,17,28,178,1,5,40,352,1,530,2
2023,00-0034681,Chase Edmonds,TB,TB,,RB,13,49,176,0,8,14,81,0,257,0
2023,00-0034791,Nick Chubb,CLE,CLE,,RB,2,28,170,0,8,4,21,0,191,0
2023,00-0036414,Cam Akers,MIN,LAR,yes,RB,7,60,167,2,12,11,70,0,237,2
2023,00-0039163,C.J. Stroud,HOU,HOU,,QB,15,39,167,3,17,1,0,0,167,3
2023,00-0034855,Baker Mayfield,TB,TB,,QB,17,62,163,1,16,0,0,0,163,1
2023,00-0036984,Trey Sermon,IND,IND,,RB,8,35,160,0,7,3,13,0,173,0
2023,00-0038551,Kendre Miller,NO,NO,,RB,7,41,156,1,10,10,117,0,273,1
2023,00-0030565,Geno Smith,SEA,SEA,,QB,15,37,155,1,10,1,-2,0,153,1
2023,00-0033308,Matt Breida,NYG,NYG,,RB,15,55,151,1,7,17,88,0,239,1
2023,00-0035282,Easton Stick,LAC,LAC,,QB,5,27,144,1,11,0,0,0,144,1
2023,00-0037834,Brock Purdy,SF,SF,,QB,16,39,144,2,15,0,0,0,144,2
2023,00-0033537,Deshaun Watson,CLE,CLE,,QB,6,26,142,1,10,0,0,0,142,1
2023,00-0035973,Patrick Taylor,GB,GB,,RB,11,32,141,0,7,11,49,0,190,0
2023,00-0039164,Anthony Richardson,IND,IND,,QB,4,25,136,4,8,0,0,0,136,4
2023,00-0035537,Ty Johnson,BUF,BUF,,RB,9,30,132,0,8,7,62,1,194,1
2023,00-0038555,Tank Bigsby,JAX,JAX,,RB,13,50,132,2,12,1,6,0,138,2
2023,00-0037557,Ronnie Rivers,LAR,LAR,,RB,9,32,129,0,4,5,22,0,151,0
2023,00-0035100,Jake Browning,CIN,CIN,,QB,9,27,127,3,12,1,-7,0,120,3
2023,00-0031800,Taylor Heinicke,ATL,ATL,,QB,5,15,124,1,5,0,0,0,124,1
2023,00-0036297,Darrynton Evans,MIA,CHI,yes,RB,6,32,121,1,10,7,49,0,170,1
2023,00-0039146,Jayden Reed,GB,GB,,WR,16,11,119,2,6,64,793,8,912,10
2023,00-0036358,CeeDee Lamb,DAL,DAL,,WR,17,14,113,2,6,135,1749,12,1862,14
2023,00-0035664,Darrell Henderson,LAR,LAR,,RB,4,46,112,2,5,10,103,0,215,2
2023,00-0037801,KaVontae Turpin,DAL,DAL,,WR,16,11,110,1,5,12,127,3,237,4
2023,00-0038416,Tyson Bagent,CHI,CHI,,QB,5,23,109,2,11,0,0,0,109,2
2023,00-0035628,D'Ernest Johnson,JAX,JAX,,RB,16,41,108,0,5,10,140,0,248,0
2023,00-0038685,Chris Brooks,MIA,MIA,,RB,3,19,106,0,2,0,0,0,106,0
2023,00-0038573,Derius Davis,LAC,LAC,,WR,17,14,101,0,5,15,66,0,167,0
2023,00-0035289,Gardner Minshew,IND,IND,,QB,16,34,100,3,7,0,0,0,100,3
2023,00-0036972,Mac Jones,NE,NE,,QB,11,26,96,0,11,0,0,0,96,0
2023,00-0038045,Isaiah Spiller,LAC,LAC,,RB,9,37,96,0,1,6,34,0,130,0
2023,00-0035860,Tony Jones,ARI,NO,yes,RB,6,26,95,2,7,7,37,0,132,2
2023,00-0035657,Damien Harris,BUF,BUF,,RB,6,23,94,1,9,2,16,0,110,1
2023,00-0032104,Ameer Abdullah,LV,LV,,RB,16,15,89,0,6,19,131,0,220,0
2023,00-0039075,Puka Nacua,LAR,LAR,,WR,17,12,89,0,5,105,1486,6,1575,6
2023,00-0036442,Joe Burrow,CIN,CIN,,QB,10,31,88,0,9,0,0,0,88,0
2023,00-0037120,Tyler Goodson,IND,IND,,RB,6,13,87,0,4,6,34,0,121,0
2023,00-0038117,Wan'Dale Robinson,NYG,NYG,,WR,15,9,87,1,4,60,525,1,612,2
2023,00-0034414,Boston Scott,PHI,PHI,,RB,12,20,86,0,5,4,52,0,138,0
2023,00-0038797,Emanuel Wilson,GB,GB,,RB,5,14,85,0,2,4,23,0,108,0
2023,00-0038108,Bailey Zappe,NE,NE,,QB,10,17,83,1,6,0,0,0,83,1
2023,00-0032144,Melvin Gordon,BAL,BAL,,RB,4,26,81,1,4,3,46,0,127,1
2023,00-0036269,La'Mical Perine,KC,KC,,RB,2,22,77,0,3,3,33,0,110,0
2023,00-0038563,Tre Tucker,LV,LV,,WR,13,10,77,0,4,19,331,2,408,2
2023,00-0032464,Kalif Raymond,DET,DET,,WR,17,7,75,0,2,35,489,1,564,1
2023,00-0029701,Ryan Tannehill,TEN,TEN,,QB,9,17,74,1,4,0,0,0,74,1
2023,00-0036212,Tua Tagovailoa,MIA,MIA,,QB,17,35,74,0,5,0,0,0,74,0
2023,00-0036635,Ihmir Smith-Marsette,CAR,CAR,,WR,17,8,74,1,4,8,51,0,125,1
2023,00-0037299,Keaontay Ingram,ARI,ARI,,RB,7,35,74,0,4,4,26,0,100,0
2023,00-0038389,Israel Abanikanda,NYJ,NYJ,,RB,6,22,70,0,3,7,43,0,113,0
2023,00-0035291,Trayveon Williams,CIN,CIN,,RB,16,15,69,0,2,7,10,0,79,0
2023,00-0038496,Xavier Gipson,NYJ,NYJ,,WR,17,8,68,1,4,21,229,0,297,1
2023,00-0026498,Matthew Stafford,LAR,LAR,,QB,15,21,65,0,4,0,0,0,65,0
2023,00-0037286,Kevin Harris,NE,NE,,RB,4,16,65,1,2,3,58,0,123,1
2023,00-0038583,Dorian Thompson-Robinson,CLE,CLE,,QB,7,14,65,0,4,0,0,0,65,0
2023,00-0036020,Salvon Ahmed,MIA,MIA,,RB,7,22,61,1,3,16,88,1,149,2
2023,00-0031376,Jerick McKinnon,KC,KC,,RB,12,21,60,1,7,25,192,4,252,5
2023,00-0037837,Calvin Austin III,PIT,PIT,,WR,16,11,57,1,4,17,180,1,237,2
2023,00-0039152,Will Levis,TEN,TEN,,QB,9,25,57,1,7,0,0,0,57,1
2023,00-0032950,Carson Wentz,LAR,LAR,,QB,1,17,56,1,4,0,0,0,56,1
2023,00-0037487,Deven Thompkins,TB,TB,,WR,17,8,56,0,4,17,83,1,139,1
2023,00-0039064,Zay Flowers,BAL,BAL,,WR,16,8,56,1,1,77,858,5,914,6
2023,00-0035993,Tyler Huntley,BAL,BAL,,QB,5,15,55,0,3,0,0,0,55,0
2023,00-0036268,Laviska Shenault Jr.,CAR,CAR,,WR,8,12,55,0,3,10,60,0,115,0
2023,00-0033869,Mitchell Trubisky,PIT,PIT,,QB,5,16,54,2,6,0,0,0,54,2
2023,00-0038102,Kenny Pickett,PIT,PIT,,QB,12,42,54,1,12,0,0,0,54,1
2023,00-0032268,Marcus Mariota,PHI,PHI,,QB,2,8,52,0,6,0,0,0,52,0
2023,00-0037745,Velus Jones Jr.,CHI,CHI,,WR,13,8,51,0,4,4,20,0,71,0
2023,00-0038104,Tyquan Thornton,NE,NE,,WR,9,3,51,0,1,13,91,0,142,0
2023,00-0038977,Tank Dell,HOU,HOU,,WR,10,11,51,0,3,47,709,7,760,7
2023,00-0038618,Xavier Hutchinson,HOU,HOU,,WR,12,5,49,0,3,8,90,0,139,0
2023,00-0038396,Eric Gray,NYG,NYG,,RB,10,17,48,0,2,6,22,0,70,0
2023,00-0037429,Raheem Blackshear,CAR,CAR,,RB,9,14,46,0,1,6,45,0,91,0
2023,00-0027948,Blaine Gabbert,KC,KC,,QB,2,7,45,0,2,0,0,0,45,0
2023,00-0030874,Damien Williams,ARI,ARI,,RB,3,11,43,0,1,2,12,0,55,0
2023,00-0036450,Ke'Shawn Vaughn,TB,TB,,RB,5,24,42,0,0,2,2,0,44,0
2023,00-0038621,DeMario Douglas,NE,NE,,WR,14,8,41,0,2,49,561,0,602,0
2023,00-0038941,Tyler Scott,CHI,CHI,,WR,13,7,41,0,2,17,168,0,209,0
2023,00-0031280,Derek Carr,NO,NO,,QB,17,32,40,0,4,0,0,0,40,0
2023,00-0032156,Trevor Siemian,NYJ,NYJ,,QB,5,11,40,0,5,0,0,0,40,0
2023,00-0033856,Leonard Fournette,BUF,BUF,,RB,2,12,40,0,2,0,0,0,40,0
2023,00-0038622,Deuce Vaughn,DAL,DAL,,RB,6,23,40,0,1,7,40,0,80,0
2023,00-0031345,Jimmy Garoppolo,LV,LV,,QB,7,20,39,0,6,0,0,0,39,0
2023,00-0032398,Chris Moore,TEN,TEN,,WR,15,2,39,0,1,22,424,0,463,0
2023,00-0033282,Curtis Samuel,WAS,WAS,,WR,16,7,39,1,4,62,613,4,652,5
2023,00-0033921,Chris Godwin Jr.,TB,TB,,WR,17,4,38,1,3,83,1024,2,1062,3
2023,00-0037545,Rashid Shaheed,NO,NO,,WR,15,7,37,0,1,46,719,5,756,5
2023,00-0036425,DeeJay Dallas,SEA,SEA,,RB,17,10,36,0,2,6,26,0,62,0
2023,00-0031236,Brandin Cooks,DAL,DAL,,WR,16,5,35,0,1,54,657,8,692,8
2023,00-0033854,Dare Ogunbowale,HOU,HOU,,RB,9,8,35,0,2,2,18,0,53,0
2023,00-0033936,C.J. Beathard,JAX,JAX,,QB,6,8,35,0,2,0,0,0,35,0
2023,00-0030068,Marquise Goodwin,CLE,CLE,,WR,10,4,33,0,2,4,67,0,100,0
2023,00-0032436,Jeff Driskel,CLE,CLE,,QB,1,7,33,0,4,0,0,0,33,0
2023,00-0034750,Rashaad Penny,PHI,PHI,,RB,3,11,33,0,1,1,5,0,38,0
2023,00-0036364,Lynn Bowden,NO,NO,,WR,8,5,32,0,3,11,83,0,115,0
2023,00-0029239,Brandon Bolden,LV,LV,,RB,5,4,31,1,2,0,0,0,31,1
2023,00-0036849,Tutu Atwell,LAR,LAR,,WR,14,5,31,0,2,39,483,3,514,3
2023,00-0036913,Kadarius Toney,KC,KC,,WR,13,11,31,0,2,27,169,1,200,1
2023,00-0033275,PJ Walker,CLE,CLE,,QB,5,13,30,0,3,0,0,0,30,0
2023,00-0034407,Ray-Ray McCloud,SF,SF,,WR,12,3,30,0,2,12,135,0,165,0
2023,00-0038582,Clayton Tune,ARI,ARI,,QB,6,8,30,1,3,0,0,0,30,1
2023,00-0038976,Marvin Mims Jr.,DEN,DEN,,WR,16,9,30,0,2,22,377,1,407,1
2023,00-0037240,Jameson Williams,DET,DET,,WR,12,3,29,1,1,24,354,2,383,3
2023,00-0035099,Khari Blasingame,CHI,CHI,,FB,8,8,26,0,0,3,2,0,28,0
2023,00-0035715,Derrick Gore,WAS,WAS,,RB,3,3,26,0,1,0,0,0,26,0
2023,00-0029604,Kirk Cousins,MIN,MIN,,QB,8,14,25,0,6,0,0,0,25,0
2023,00-0033319,Nick Mullens,MIN,MIN,,QB,5,10,25,0,4,0,0,0,25,0
2023,00-0034960,Jakobi Meyers,LV,LV,,WR,16,4,24,2,3,71,807,8,831,10
2023,00-0036963,Amon-Ra St. Brown,DET,DET,,WR,16,4,24,0,2,119,1515,10,1539,10
2023,00-0032775,Demarcus Robinson,LAR,LAR,,WR,8,1,23,0,1,26,371,4,394,4
2023,00-0034208,Mike Boone,HOU,HOU,,RB,9,5,23,0,2,7,40,0,63,0
2023,00-0034837,Calvin Ridley,JAX,JAX,,WR,17,9,23,0,3,76,1016,8,1039,8
2023,00-0035662,Marquise Brown,ARI,ARI,,WR,13,2,23,0,1,51,574,4,597,4
2023,00-0038090,Skyy Moore,KC,KC,,WR,13,3,23,0,1,21,244,1,267,1
2023,00-0038951,Sean Tucker,TB,TB,,RB,3,15,23,0,1,2,9,0,32,0
2023,00-0036158,J.K. Dobbins,BAL,BAL,,RB,1,8,22,1,1,2,15,0,37,1
2023,00-0038092,Erik Ezukanma,MIA,MIA,,WR,2,5,22,0,1,0,0,0,22,0
2023,00-0039052,Trey Palmer,TB,TB,,WR,17,3,22,0,1,39,385,3,407,3
2023,00-0033106,Jared Goff,DET,DET,,QB,17,32,21,2,5,0,0,0,21,2
2023,00-0034827,DJ Moore,CHI,CHI,,WR,17,4,21,1,1,96,1364,8,1385,9
2023,00-0037091,Bo Melton,GB,GB,,WR,4,3,21,0,2,16,218,1,239,1
2023,00-0037827,Tyrion Davis-Price,SF,SF,,RB,1,6,21,0,1,0,0,0,21,0
2023,00-0038128,Malik Willis,TEN,TEN,,QB,2,5,21,0,1,0,0,0,21,0
2023,00-0033119,Jacoby Brissett,WAS,WAS,,QB,2,3,19,0,0,0,0,0,19,0
2023,00-0034955,Brett Rypien,LAR,LAR,,QB,2,3,19,0,1,0,0,0,19,0
2023,00-0036569,Gary Brightwell,NYG,NYG,,RB,4,9,19,0,0,5,47,0,66,0
2023,00-0038738,Hunter Luepke,DAL,DAL,,RB,10,6,19,1,5,3,18,0,37,1
2023,00-0039136,Zach Evans,LAR,LAR,,RB,4,9,19,0,0,0,0,0,19,0
2023,00-0031763,DeAndre Carter,LV,LV,,WR,17,3,18,0,2,4,39,0,57,0
2023,00-0036550,Rashod Bateman,BAL,BAL,,WR,15,1,18,0,1,32,367,1,385,1
2023,00-0037247,George Pickens,PIT,PIT,,WR,17,3,18,0,2,63,1140,5,1158,5
2023,00-0037742,Treylon Burks,TEN,TEN,,WR,9,5,18,0,0,16,221,0,239,0
2023,00-0034646,Brandon Powell,MIN,MIN,,WR,17,5,17,0,1,29,324,1,341,1
2023,00-0036387,Jalen Reagor,NE,NE,,WR,9,1,17,0,1,7,138,0,155,0
2023,00-0036493,Deon Jackson,NYG,IND,yes,RB,2,14,16,0,1,5,14,0,30,0
2023,00-0033040,Tyreek Hill,MIA,MIA,,WR,16,6,15,0,2,119,1799,13,1814,13
2023,00-0034869,Sam Darnold,SF,SF,,QB,10,21,15,1,3,0,0,0,15,1
2023,00-0036331,Devin Duvernay,BAL,BAL,,WR,13,4,15,0,0,4,18,0,33,0
2023,00-0033466,Isaiah McKenzie,IND,IND,,WR,13,3,14,0,0,11,82,0,96,0
2023,00-0035704,Drew Lock,SEA,SEA,,QB,4,5,14,0,1,0,0,0,14,0
2023,00-0038598,Jaren Hall,MIN,MIN,,QB,3,6,14,0,0,0,0,0,14,0
2023,00-0036842,Kene Nwangwu,MIN,MIN,,RB,8,5,13,0,0,0,0,0,13,0
2023,00-0037157,Bam Knight,DET,DET,,RB,2,3,13,0,0,1,8,0,21,0
2023,00-0038576,Charlie Jones,CIN,CIN,,WR,11,2,13,0,1,7,64,0,77,0
2023,00-0027973,Andy Dalton,CAR,CAR,,QB,2,3,12,0,2,0,0,0,12,0
2023,00-0036613,Jaylen Waddle,MIA,MIA,,WR,14,3,12,0,1,72,1014,4,1026,4
2023,00-0036727,Adam Prentice,NO,NO,,FB,6,2,12,0,1,2,12,0,24,0
2023,00-0036857,Chris Evans,CIN,CIN,,RB,3,2,12,0,0,1,-1,0,11,0
2023,00-0033009,Tyler Boyd,CIN,CIN,,WR,17,2,11,0,1,67,667,2,678,2
2023,00-0034419,Braxton Berrios,MIA,MIA,,WR,16,1,11,0,1,27,238,1,249,1
2023,00-0035133,Keisean Nixon,GB,GB,,DB,17,1,11,0,1,0,0,0,11,0
2023,00-0035924,Jonathan Ward,TEN,TEN,,RB,2,3,11,0,1,0,0,0,11,0
2023,00-0036980,Elijah Moore,CLE,CLE,,WR,16,9,11,0,2,59,640,2,651,2
2023,00-0038124,Christian Watson,GB,GB,,WR,9,4,11,0,1,28,422,5,433,5
2023,00-0038579,Aidan O'Connell,LV,LV,,QB,11,17,11,1,7,0,0,0,11,1
2023,00-0033895,Gerald Everett,LAC,LAC,,TE,15,3,10,0,0,51,411,3,421,3
2023,00-0035859,Blake Gillikin,ARI,ARI,,P,12,1,10,0,1,0,0,0,10,0
2023,00-0036860,Jake Funk,IND,IND,,RB,1,2,10,0,0,1,12,0,22,0
2023,00-0037261,Khalil Shakir,BUF,BUF,,WR,16,1,10,0,1,39,611,2,621,2
2023,00-0030564,DeAndre Hopkins,TEN,TEN,,WR,17,2,9,0,0,75,1057,7,1066,7
2023,00-0031595,Michael Burton,DEN,DEN,,FB,11,7,9,0,4,3,8,0,17,0
2023,00-0032200,Ty Montgomery,NE,NE,,WR,11,3,9,0,0,5,40,0,49,0
2023,00-0036862,Ben Skowronek,LAR,LAR,,WR,13,2,9,0,1,8,66,1,75,1
2023,00-0036898,Davis Mills,HOU,HOU,,QB,5,2,9,0,0,0,0,0,9,0
2023,00-0038544,Quentin Johnston,LAC,LAC,,WR,17,3,9,0,0,38,431,2,440,2
2023,00-0034771,Mason Rudolph,PIT,PIT,,QB,4,10,8,0,4,0,0,0,8,0
2023,00-0035264,Jarrett Stidham,DEN,DEN,,QB,2,9,8,0,1,0,0,0,8,0
2023,00-0036232,Harrison Bryant,CLE,CLE,,TE,14,5,8,0,4,13,81,3,89,3
2023,00-0038979,Cedric Tillman,CLE,CLE,,WR,11,1,8,0,0,21,224,0,232,0
2023,00-0030431,Robert Woods,HOU,HOU,,WR,14,1,7,0,0,40,426,1,433,1
2023,00-0032918,C.J. Ham,MIN,MIN,,FB,9,1,7,0,0,7,25,0,32,0
2023,00-0036554,Nico Collins,HOU,HOU,,WR,15,1,7,0,0,80,1297,8,1304,8
2023,00-0029892,Kyle Juszczyk,SF,SF,,FB,11,5,6,0,2,14,119,2,125,2
2023,00-0030035,Adam Thielen,CAR,CAR,,WR,17,1,6,0,0,103,1014,4,1020,4
2023,00-0030279,Keenan Allen,LAC,LAC,,WR,13,2,6,0,1,108,1243,7,1249,7
2023,00-0032385,Sterling Shepard,NYG,NYG,,WR,10,1,6,0,0,10,57,1,63,1
2023,00-0034438,Logan Woodside,ATL,ATL,,QB,1,1,6,0,0,0,0,0,6,0
2023,00-0034775,Christian Kirk,JAX,JAX,,WR,12,1,6,0,0,57,787,3,793,3
2023,00-0036988,Josh Palmer,LAC,LAC,,WR,10,1,6,0,0,38,581,2,587,2
2023,00-0037809,Chig Okonkwo,TEN,TEN,,TE,17,2,6,0,1,54,528,1,534,1
2023,00-0038862,Elijah Dotson,LAC,LAC,,RB,1,4,6,0,0,2,13,0,19,0
2023,00-0031588,Stefon Diggs,BUF,BUF,,WR,17,1,5,0,1,107,1183,8,1188,8
2023,00-0034177,Tim Boyle,NYJ,NYJ,,QB,3,4,5,0,3,0,0,0,5,0
2023,00-0035184,Devine Ozigbo,DET,DET,,RB,1,3,5,0,1,1,8,0,13,0
2023,00-0035500,Greg Dortch,ARI,ARI,,WR,16,1,5,0,0,24,280,2,285,2
2023,00-0036309,Darnell Mooney,CHI,CHI,,WR,14,2,5,0,0,31,414,1,419,1
2023,00-0036620,Dee Eskridge,SEA,SEA,,WR,4,2,5,0,1,0,0,0,5,0
2023,00-0033307,Kendrick Bourne,NE,NE,,WR,8,1,4,0,1,37,406,4,410,4
2023,00-0034433,Nick Bawden,NYJ,NYJ,,RB,6,2,4,1,1,3,21,0,25,1
2023,00-0036415,Van Jefferson,ATL,LAR,yes,WR,14,1,4,0,0,20,209,0,213,0
2023,00-0037614,John Metchie III,HOU,HOU,,WR,14,1,4,0,0,16,158,0,162,0
2023,00-0039065,Sam LaPorta,DET,DET,,TE,17,1,4,0,0,86,889,10,893,10
2023,00-0033536,Mike Williams,LAC,LAC,,WR,3,1,3,0,0,19,249,1,252,1
2023,00-0033557,Jalen Reeves-Maybin,DET,DET,,LB,13,2,3,0,1,0,0,0,3,0
2023,00-0034959,Andrew Beck,HOU,HOU,,FB,12,5,3,1,2,11,55,2,58,3
2023,00-0035140,Mecole Hardman,KC,NYJ,yes,WR,7,1,3,0,0,15,124,0,127,0
2023,00-0036329,Ashtyn Davis,NYJ,NYJ,,SAF,16,2,3,0,1,0,0,0,3,0
2023,00-0038752,Jake Bobo,SEA,SEA,,WR,14,1,3,1,1,19,196,2,199,3
2023,00-0026158,Joe Flacco,CLE,CLE,,QB,5,9,2,0,3,0,0,0,2,0
2023,00-0031260,Logan Thomas,WAS,WAS,,TE,16,1,2,0,1,55,496,4,498,4
2023,00-0033288,George Kittle,SF,SF,,TE,16,1,2,0,1,65,1020,6,1022,6
2023,00-0034490,Ezekiel Turner,ARI,ARI,,LB,10,1,2,0,1,0,0,0,2,0
2023,00-0035632,Amani Hooker,TEN,TEN,,SAF,13,1,2,0,1,0,0,0,2,0
2023,00-0035831,James Robinson,GB,GB,,RB,1,1,2,0,0,1,-2,0,0,0
2023,00-0036290,Cole Kmet,CHI,CHI,,TE,16,3,2,0,2,73,719,6,721,6
2023,00-0036876,Kylen Granson,IND,IND,,TE,15,1,2,0,1,30,368,1,370,1
2023,00-0038994,Jordan Addison,MIN,MIN,,WR,17,1,2,0,0,70,911,10,913,10
2023,00-0028986,Case Keenum,HOU,HOU,,QB,2,2,1,0,0,0,0,0,1,0
2023,00-0034351,Dallas Goedert,PHI,PHI,,TE,14,1,1,0,0,59,592,3,593,3
2023,00-0034928,Steven Sims,HOU,HOU,,WR,3,1,1,0,0,3,25,0,26,0
2023,00-0036637,Noah Gray,KC,KC,,TE,16,1,1,0,0,28,305,2,306,2
2023,00-0037410,Jashaun Corbin,NYG,NYG,,RB,3,1,1,0,1,3,12,0,13,0
2023,00-0038393,Dontayvion Wicks,GB,GB,,WR,15,1,1,0,0,39,581,4,582,4
2023,00-0038397,Evan Hull,IND,IND,,RB,1,1,1,0,0,1,6,0,7,0
2023,00-0030140,Tress Way,WAS,WAS,,P,17,1,0,0,0,0,0,0,0,0
2023,00-0033118,Kenyan Drake,GB,BAL,yes,RB,2,2,0,0,0,2,31,0,31,0
2023,00-0033858,Jonnu Smith,ATL,ATL,,TE,17,1,0,0,0,50,582,3,582,3
2023,00-0034171,Jason Cabinda,DET,DET,,FB,3,1,0,0,0,0,0,0,0,0
2023,00-0034270,Tyler Conklin,NYJ,NYJ,,TE,17,1,0,0,0,61,621,0,621,0
2023,00-0034753,Mark Andrews,BAL,BAL,,TE,10,1,0,0,0,45,544,6,544,6
2023,00-0034854,KhaDarel Hodge,ATL,ATL,,WR,14,1,0,0,0,14,232,0,232,0
2023,00-0035125,Alec Ingold,MIA,MIA,,FB,11,2,0,0,0,13,119,0,119,0
2023,00-0035215,Deonte Harty,BUF,BUF,,WR,16,4,0,0,0,15,150,1,150,1
2023,00-0036626,Dyami Brown,WAS,WAS,,WR,16,1,0,0,0,12,168,1,168,1
2023,00-0036648,Nick Niemann,LAC,LAC,,LB,11,1,0,0,0,0,0,0,0,0
2023,00-0037304,Connor Heyward,PIT,PIT,,FB,14,1,0,0,0,23,167,0,167,0
2023,00-0037569,Peyton Hendershot,DAL,DAL,,TE,8,1,0,0,0,4,38,0,38,0
2023,00-0037740,Garrett Wilson,NYJ,NYJ,,WR,17,4,0,0,1,95,1042,3,1042,3
2023,00-0038490,Ty Zentner,TEN,HOU,yes,P,9,1,0,0,0,0,0,0,0,0
2023,00-0038821,Rakim Jarrett,TB,TB,,WR,7,1,0,0,0,4,60,0,60,0
2023,00-0033591,Noah Brown,HOU,HOU,,WR,10,1,-1,0,0,33,567,2,566,2
2023,00-0036928,Kyle Trask,TB,TB,,QB,2,1,-1,0,0,0,0,0,-1,0
2023,00-0031237,Teddy Bridgewater,DET,DET,,QB,1,2,-2,0,0,0,0,0,-2,0
2023,00-0032975,Jonathan Williams,WAS,WAS,,RB,1,1,-2,0,0,0,0,0,-2,0
2023,00-0033292,Trent Taylor,CHI,CHI,,WR,15,1,-2,0,0,0,0,0,-2,0
2023,00-0033572,Jamal Agnew,JAX,JAX,,WR,11,4,-2,0,0,14,225,1,223,1
2023,00-0036196,Gabe Davis,BUF,BUF,,WR,16,1,-2,0,0,45,746,7,744,7
2023,00-0038391,Sean Clifford,GB,GB,,QB,2,3,-2,0,0,0,0,0,-2,0
2023,00-0026625,Brian Hoyer,LV,LV,,QB,2,3,-3,0,0,0,0,0,-3,0
2023,00-0030533,Matt Barkley,JAX,JAX,,QB,1,3,-3,0,0,0,0,0,-3,0
2023,00-0033908,Cooper Kupp,LAR,LAR,,WR,12,1,-3,0,0,59,737,5,734,5
2023,00-0039067,Rashee Rice,KC,KC,,WR,16,1,-3,0,0,79,938,7,935,7
2023,00-0033958,Nathan Peterman,CHI,CHI,,QB,1,2,-4,0,0,0,0,0,-4,0
2023,00-0036970,Kyle Pitts,ATL,ATL,,TE,17,1,-4,0,0,53,667,3,663,3
2023,00-0033662,Cooper Rush,DAL,DAL,,QB,7,12,-5,0,1,0,0,0,-5,0
2023,00-0031503,Jameis Winston,NO,NO,,QB,6,5,-6,0,0,0,0,0,-6,0
2023,00-0036900,Ja'Marr Chase,CIN,CIN,,WR,16,3,-6,0,0,100,1216,7,1210,7
2023,00-0034401,Mike White,MIA,MIA,,QB,6,8,-9,0,0,0,0,0,-9,0
2023,00-0028872,Johnny Hekker,CAR,CAR,,P,17,1,-11,0,0,0,0,0,-11,0
2023,00-0037607,Ryan Stonehouse,TEN,TEN,,P,12,1,-11,0,0,0,0,0,-11,0
2023,00-0036322,Justin Jefferson,MIN,MIN,,WR,10,1,-12,0,0,68,1074,5,1062,5
2023,00-0034577,Kyle Allen,BUF,BUF,,QB,6,13,-13,0,0,0,0,0,-13,0
2023,00-0033729,Cameron Johnston,HOU,HOU,,P,13,1,-23,0,0,0,0,0,-23,0
2024,00-0034844,Saquon Barkley,PHI,PHI,,RB,16,345,2005,13,82,33,278,2,2283,15
2024,00-0032764,Derrick Henry,BAL,BAL,,RB,17,325,1921,16,94,19,193,2,2114,18
2024,00-0038542,Bijan Robinson,ATL,ATL,,RB,17,304,1456,14,82,61,431,1,1887,15
2024,00-0036223,Jonathan Taylor,IND,IND,,RB,14,303,1431,11,71,18,136,1,1567,12
2024,00-0039139,Jahmyr Gibbs,DET,DET,,RB,17,250,1412,16,70,52,517,4,1929,20
2024,00-0035700,Josh Jacobs,GB,GB,,RB,17,301,1329,15,73,36,342,1,1671,16
2024,00-0037840,Kyren Williams,LAR,LAR,,RB,16,316,1299,14,85,34,182,2,1481,16
2024,00-0036555,Chuba Hubbard,CAR,CAR,,RB,15,250,1195,10,62,43,171,1,1366,11
2024,00-0033293,Aaron Jones,MIN,MIN,,RB,17,255,1138,5,49,51,408,2,1546,7
2024,00-0039361,Bucky Irving,TB,TB,,RB,17,207,1122,8,52,47,392,0,1514,8
2024,00-0033553,James Conner,ARI,ARI,,RB,16,236,1094,8,67,47,414,1,1508,9
2024,00-0035261,Tony Pollard,TEN,TEN,,RB,16,260,1079,5,53,41,238,0,1317,5
2024,00-0036139,Rico Dowdle,DAL,DAL,,RB,16,235,1079,2,53,39,249,3,1328,5
2024,00-0036893,Najee Harris,PIT,PIT,,RB,17,263,1043,6,50,36,283,0,1326,6
2024,00-0033897,Joe Mixon,HOU,HOU,,RB,14,245,1016,11,52,36,309,1,1325,12
2024,00-0037248,James Cook,BUF,BUF,,RB,16,207,1009,16,48,32,258,2,1267,18
2024,00-0038597,Chase Brown,CIN,CIN,,RB,16,229,990,7,49,54,360,4,1350,11
2024,00-0036275,D'Andre Swift,CHI,CHI,,RB,17,253,959,6,43,42,386,0,1345,6
2024,00-0033906,Alvin Kamara,NO,NO,,RB,14,228,950,6,52,68,543,2,1493,8
2024,00-0034796,Lamar Jackson,BAL,BAL,,QB,17,139,915,4,47,0,0,0,915,4
2024,00-0039040,De'Von Achane,MIA,MIA,,RB,17,203,907,6,37,78,592,6,1499,12
2024,00-0036158,J.K. Dobbins,LAC,LAC,,RB,13,195,905,9,47,32,153,0,1058,9
2024,00-0039910,Jayden Daniels,WAS,WAS,,QB,17,148,891,6,55,0,0,0,891,6
2024,00-0038120,Breece Hall,NYJ,NYJ,,RB,16,209,876,5,40,57,483,3,1359,8
2024,00-0039384,Tyrone Tracy Jr.,NYG,NYG,,RB,17,192,839,5,39,38,284,1,1123,6
2024,00-0036875,Rhamondre Stevenson,NE,NE,,RB,15,207,801,7,40,33,168,1,969,8
2024,00-0037746,Brian Robinson,WAS,WAS,,RB,14,187,799,8,47,20,159,0,958,8
2024,00-0037525,Jordan Mason,SF,SF,,RB,12,153,789,3,37,11,91,0,880,3
2024,00-0035685,David Montgomery,DET,DET,,RB,14,185,775,12,50,36,341,0,1116,12
2024,00-0038555,Tank Bigsby,JAX,JAX,,RB,16,168,766,7,39,7,54,0,820,7
2024,00-0033923,Kareem Hunt,KC,KC,,RB,13,200,728,7,42,23,176,0,904,7
2024,00-0037263,Tyler Allgeier,ATL,ATL,,RB,17,137,644,3,43,13,88,0,732,3
2024,00-0036389,Jalen Hurts,PHI,PHI,,QB,15,150,630,14,62,0,0,0,630,14
2024,00-0037256,Rachaad White,TB,TB,,RB,15,144,613,3,35,51,393,6,1006,9
2024,00-0038134,Kenneth Walker III,SEA,SEA,,RB,11,153,573,7,28,46,299,1,872,8
2024,00-0035228,Kyler Murray,ARI,ARI,,QB,17,78,572,5,27,0,0,0,572,5
2024,00-0039165,Zach Charbonnet,SEA,SEA,,RB,17,135,569,8,32,42,340,1,909,9
2024,00-0037267,Jerome Ford,CLE,CLE,,RB,14,104,565,3,25,37,225,0,790,3
2024,00-0036973,Travis Etienne,JAX,JAX,,RB,15,150,558,2,31,39,254,0,812,2
2024,00-0036328,Antonio Gibson,NE,NE,,RB,17,120,538,1,24,23,206,0,744,1
2024,00-0034857,Josh Allen,BUF,BUF,,QB,16,102,531,12,51,0,7,1,538,13
2024,00-0036997,Javonte Williams,DEN,DEN,,RB,17,139,513,4,30,52,346,0,859,4
2024,00-0037228,Jaylen Warren,PIT,PIT,,RB,15,120,511,1,28,38,310,0,821,1
2024,00-0038797,Emanuel Wilson,GB,GB,,RB,17,103,502,4,27,11,48,1,550,5
2024,00-0039164,Anthony Richardson,IND,IND,,QB,11,86,499,6,34,1,-1,0,498,6
2024,00-0038794,Jaleel McLaughlin,DEN,DEN,,RB,16,113,496,1,25,24,76,2,572,3
2024,00-0039918,Caleb Williams,CHI,CHI,,QB,17,81,489,0,27,0,0,0,489,0
2024,00-0036414,Cam Akers,MIN,HOU,yes,RB,16,104,444,2,21,14,68,3,512,5
2024,00-0039875,Ray Davis,BUF,BUF,,RB,17,113,442,3,25,17,189,3,631,6
2024,00-0035250,Devin Singletary,NYG,NYG,,RB,15,113,437,4,24,21,119,0,556,4
2024,00-0039732,Bo Nix,DEN,DEN,,QB,17,92,430,4,41,1,2,1,432,5
2024,00-0039851,Drake Maye,NE,NE,,QB,13,54,421,2,22,0,0,0,421,2
2024,00-0034972,Alexander Mattison,LV,LV,,RB,14,132,420,4,25,36,294,1,714,5
2024,00-0039363,Isaac Guerendo,SF,SF,,RB,16,84,420,4,18,15,152,0,572,4
2024,00-0034855,Baker Mayfield,TB,TB,,QB,17,60,378,3,24,0,0,0,378,3
2024,00-0033699,Austin Ekeler,WAS,WAS,,RB,12,77,367,4,19,35,366,0,733,4
2024,00-0034184,Gus Edwards,LAC,LAC,,RB,11,101,365,4,17,3,6,0,371,4
2024,00-0039794,Braelon Allen,NYJ,NYJ,,RB,17,92,334,2,22,19,148,1,482,3
2024,00-0034791,Nick Chubb,CLE,CLE,,RB,8,102,332,3,17,5,31,1,363,4
2024,00-0037834,Brock Purdy,SF,SF,,QB,15,66,323,5,33,0,0,0,323,5
2024,00-0039032,Tyjae Spears,TEN,TEN,,RB,12,84,312,4,19,30,224,1,536,5
2024,00-0032104,Ameer Abdullah,LV,LV,,RB,15,66,311,2,14,40,261,3,572,5
2024,00-0037197,Isiah Pacheco,KC,KC,,RB,7,83,310,1,14,12,79,0,389,1
2024,00-0039373,Audric Estimé,DEN,DEN,,RB,13,76,310,2,15,5,27,0,337,2
2024,00-0038951,Sean Tucker,TB,TB,,RB,17,50,308,2,17,9,109,1,417,3
2024,00-0033873,Patrick Mahomes,KC,KC,,QB,16,58,307,2,22,1,2,0,309,2
2024,00-0036355,Justin Herbert,LAC,LAC,,QB,17,69,306,2,23,0,0,0,306,2
2024,00-0037258,Dameon Pierce,HOU,HOU,,RB,10,40,293,2,7,2,2,0,295,2
2024,00-0039921,Trey Benson,ARI,ARI,,RB,12,63,291,1,16,6,59,0,350,1
2024,00-0036919,Kenny Gainwell,PHI,PHI,,RB,17,75,290,1,12,16,116,0,406,1
2024,00-0036945,Justin Fields,PIT,PIT,,QB,10,62,289,5,19,0,0,0,289,5
2024,00-0031687,Raheem Mostert,MIA,MIA,,RB,13,85,278,2,13,19,161,0,439,2
2024,00-0033357,Taysom Hill,NO,NO,,TE,8,39,278,6,18,23,187,0,465,6
2024,00-0030565,Geno Smith,SEA,SEA,,QB,17,53,272,2,17,0,0,0,272,2
2024,00-0035710,Daniel Jones,NYG,NYG,,QB,10,67,265,2,26,0,0,0,265,2
2024,00-0033955,Jeremy McNichols,WAS,WAS,,RB,15,55,261,4,15,9,27,0,288,4
2024,00-0039150,Bryce Young,CAR,CAR,,QB,14,43,249,6,15,0,0,0,249,6
2024,00-0039874,Jaylen Wright,MIA,MIA,,RB,13,68,249,0,11,3,8,0,257,0
2024,00-0036251,Zack Moss,CIN,CIN,,RB,8,74,242,2,13,23,187,1,429,3
2024,00-0039163,C.J. Stroud,HOU,HOU,,QB,17,52,233,0,14,0,0,0,233,0
2024,00-0033925,D'Onta Foreman,CLE,CLE,,RB,10,71,232,0,10,6,54,0,286,0
2024,00-0034975,Justice Hill,BAL,BAL,,RB,15,47,228,1,14,42,383,3,611,4
2024,00-0033045,Ezekiel Elliott,DAL,DAL,,RB,15,74,226,3,14,12,69,0,295,3
2024,00-0038705,Emari Demercado,ARI,ARI,,RB,13,24,223,1,8,16,104,0,327,1
2024,00-0035537,Ty Johnson,BUF,BUF,,RB,17,41,213,1,13,18,284,3,497,4
2024,00-0034869,Sam Darnold,MIN,MIN,,QB,17,67,212,1,23,0,0,0,212,1
2024,00-0039738,Blake Corum,LAR,LAR,,RB,15,58,207,0,12,7,58,0,265,0
2024,00-0035243,Miles Sanders,CAR,CAR,,RB,11,55,205,2,12,24,148,1,353,3
2024,00-0033280,Christian McCaffrey,SF,SF,,RB,4,50,202,0,12,15,146,0,348,0
2024,00-0036442,Joe Burrow,CIN,CIN,,QB,17,42,201,2,16,0,0,0,201,2
2024,00-0035973,Patrick Taylor,SF,SF,,RB,7,39,183,1,11,3,25,0,208,1
2024,00-0037509,Sincere McCormick,LV,LV,,RB,4,39,183,0,10,6,29,0,212,0
2024,00-0038040,Zamir White,LV,LV,,RB,8,65,183,1,4,6,30,0,213,1
2024,00-0038685,Chris Brooks,GB,GB,,RB,11,36,183,1,12,11,69,0,252,1
2024,00-0039152,Will Levis,TEN,TEN,,QB,12,45,183,0,20,0,0,0,183,0
2024,00-0039325,Carson Steele,KC,KC,,RB,13,56,183,0,14,7,26,0,209,0
2024,00-0037276,Ty Chandler,MIN,MIN,,RB,14,56,182,0,9,6,42,0,224,0
2024,00-0039798,Isaiah Davis,NYJ,NYJ,,RB,13,30,174,1,10,9,75,1,249,2
2024,00-0038611,Chris Rodriguez Jr.,WAS,WAS,,RB,7,35,173,2,10,1,12,0,185,2
2024,00-0038636,Kenny McIntosh,SEA,SEA,,RB,11,31,172,0,8,3,22,0,194,0
2024,00-0033948,Jamaal Williams,NO,NO,,RB,14,48,164,1,11,9,57,0,221,1
2024,00-0039146,Jayden Reed,GB,GB,,WR,17,20,163,1,7,55,857,6,1020,7
2024,00-0036984,Trey Sermon,IND,IND,,RB,15,56,159,2,14,16,99,0,258,2
2024,00-0029263,Russell Wilson,PIT,PIT,,QB,11,43,155,2,16,0,0,0,155,2
2024,00-0039391,Kimani Vidal,LAC,LAC,,RB,9,43,155,0,7,5,62,1,217,1
2024,00-0037120,Tyler Goodson,IND,IND,,RB,14,32,153,1,6,11,61,1,214,2
2024,00-0039021,Roschon Johnson,CHI,CHI,,RB,13,55,150,6,17,16,104,0,254,6
2024,00-0033537,Deshaun Watson,CLE,CLE,,QB,7,31,148,1,8,0,0,0,148,1
2024,00-0038551,Kendre Miller,NO,NO,,RB,6,39,148,1,11,5,33,0,181,1
2024,00-0039376,Spencer Rattler,NO,NO,,QB,7,18,146,0,7,0,0,0,146,0
2024,00-0035628,D'Ernest Johnson,JAX,JAX,,RB,12,32,143,0,7,12,96,0,239,0
2024,00-0035567,Craig Reynolds,DET,DET,,RB,8,31,139,0,6,3,40,0,179,0
2024,00-0038128,Malik Willis,GB,GB,,QB,6,20,138,1,6,0,0,0,138,1
2024,00-0035719,Deebo Samuel Sr.,SF,SF,,WR,15,42,136,1,5,51,670,3,806,4
2024,00-0030578,Cordarrelle Patterson,PIT,PIT,,RB,13,32,135,0,7,12,80,1,215,1
2024,00-0035993,Tyler Huntley,MIA,MIA,,QB,5,26,135,2,10,0,0,0,135,2
2024,00-0035704,Drew Lock,NYG,NYG,,QB,7,18,133,2,9,0,0,0,133,2
2024,00-0036924,Michael Carter,ARI,ARI,,RB,3,35,131,1,9,11,57,0,188,1
2024,00-0036906,Khalil Herbert,CIN,CHI,yes,RB,11,36,130,1,10,10,25,0,155,1
2024,00-0038583,Dorian Thompson-Robinson,CLE,CLE,,QB,6,21,122,0,9,0,0,0,122,0
2024,00-0036971,Trevor Lawrence,JAX,JAX,,QB,10,26,119,3,13,0,-5,0,114,3
2024,00-0033854,Dare Ogunbowale,HOU,HOU,,RB,16,30,112,0,5,19,198,1,310,1
2024,00-0038098,Pierre Strong,CLE,CLE,,RB,13,26,108,0,6,14,104,0,212,0
2024,00-0023459,Aaron Rodgers,NYJ,NYJ,,QB,17,22,107,0,7,0,0,0,107,0
2024,00-0034771,Mason Rudolph,TEN,TEN,,QB,8,25,106,1,13,0,0,0,106,1
2024,00-0039894,Xavier Worthy,KC,KC,,WR,16,20,104,3,4,59,638,6,742,9
2024,00-0037594,Julius Chestnut,TEN,TEN,,RB,12,22,102,0,2,2,11,0,113,0
2024,00-0037557,Ronnie Rivers,LAR,LAR,,RB,6,22,99,0,6,5,34,0,133,0
2024,00-0032268,Marcus Mariota,WAS,WAS,,QB,3,18,92,1,6,0,0,0,92,1
2024,00-0033526,Samaje Perine,KC,KC,,RB,17,20,92,1,7,28,322,1,414,2
2024,00-0036972,Mac Jones,JAX,JAX,,QB,10,28,92,1,12,0,0,0,92,1
2024,00-0037801,KaVontae Turpin,DAL,DAL,,WR,17,16,92,0,6,31,420,2,512,2
2024,00-0037617,Hassan Haskins,LAC,LAC,,RB,12,34,89,2,13,3,49,1,138,3
2024,00-0037085,Tyler Badie,DEN,DEN,,RB,3,11,86,0,4,3,-2,0,84,0
2024,00-0031503,Jameis Winston,CLE,CLE,,QB,11,25,83,1,17,0,0,0,83,1
2024,00-0036264,Jordan Love,GB,GB,,QB,15,25,83,1,9,0,0,0,83,1
2024,00-0039746,Will Shipley,PHI,PHI,,RB,13,30,82,0,2,4,35,0,117,0
2024,00-0037429,Raheem Blackshear,CAR,CAR,,RB,16,15,80,0,2,0,0,0,80,0
2024,00-0034407,Ray-Ray McCloud,ATL,ATL,,WR,17,10,79,0,3,62,686,1,765,1
2024,00-0034827,DJ Moore,CHI,CHI,,WR,17,14,75,0,3,98,966,6,1041,6
2024,00-0031280,Derek Carr,NO,NO,,QB,10,17,71,1,4,0,0,0,71,1
2024,00-0036358,CeeDee Lamb,DAL,DAL,,WR,15,14,70,0,4,101,1194,6,1264,6
2024,00-0038622,Deuce Vaughn,DAL,DAL,,RB,5,17,70,0,2,3,18,0,88,0
2024,00-0038678,Jordan Mims,NO,NO,,RB,8,20,70,0,2,12,71,0,141,0
2024,00-0032385,Sterling Shepard,TB,TB,,WR,13,8,69,0,4,32,334,1,403,1
2024,00-0035806,JaMycal Hasty,NE,NE,,RB,12,20,69,0,4,10,59,1,128,1
2024,00-0033119,Jacoby Brissett,NE,NE,,QB,7,15,62,0,5,0,0,0,62,0
2024,00-0035140,Mecole Hardman,KC,KC,,WR,12,5,62,1,2,12,90,0,152,1
2024,00-0037240,Jameson Williams,DET,DET,,WR,15,11,61,1,5,58,1001,7,1062,8
2024,00-0035289,Gardner Minshew,LV,LV,,QB,10,19,58,0,5,0,0,0,58,0
2024,00-0034115,Jeff Wilson,MIA,MIA,,RB,7,16,57,0,3,3,19,0,76,0
2024,00-0033106,Jared Goff,DET,DET,,QB,17,35,56,0,9,1,7,1,63,1
2024,00-0039064,Zay Flowers,BAL,BAL,,WR,17,9,56,0,1,74,1059,4,1115,4
2024,00-0034837,Calvin Ridley,TEN,TEN,,WR,17,8,55,1,3,64,1017,4,1072,5
2024,00-0035860,Tony Jones,ARI,ARI,,RB,1,4,55,1,1,0,0,0,55,1
2024,00-0033077,Dak Prescott,DAL,DAL,,QB,8,13,54,1,5,0,0,0,54,1
2024,00-0037091,Bo Melton,GB,GB,,WR,13,8,54,0,4,8,91,0,145,0
2024,00-0033040,Tyreek Hill,MIA,MIA,,WR,17,8,53,0,2,81,959,6,1012,6
2024,00-0034208,Mike Boone,CAR,CAR,,RB,5,13,51,0,3,1,-2,0,49,0
2024,00-0036212,Tua Tagovailoa,MIA,MIA,,QB,11,17,49,0,5,0,0,0,49,0
2024,00-0036425,DeeJay Dallas,ARI,ARI,,RB,16,9,49,0,4,3,11,1,60,1
2024,00-0039893,Brian Thomas Jr.,JAX,JAX,,WR,17,6,48,0,3,87,1282,10,1330,10
2024,00-0036360,Clyde Edwards-Helaire,NO,NO,,RB,2,13,46,0,2,3,24,0,70,0
2024,00-0039075,Puka Nacua,LAR,LAR,,WR,11,11,46,1,2,79,990,3,1036,4
2024,00-0035021,Ashton Dulin,IND,IND,,WR,13,5,45,0,2,2,67,1,112,1
2024,00-0039916,Ricky Pearsall,SF,SF,,WR,11,3,45,0,1,31,400,3,445,3
2024,00-0036096,J.J. Taylor,HOU,HOU,,RB,3,10,44,0,1,2,0,0,44,0
2024,00-0038563,Tre Tucker,LV,LV,,WR,17,9,44,1,3,47,539,3,583,4
2024,00-0038977,Tank Dell,HOU,HOU,,WR,14,9,43,0,3,51,667,3,710,3
2024,00-0039855,Jalen McMillan,TB,TB,,WR,13,4,43,0,3,37,461,8,504,8
2024,00-0038976,Marvin Mims Jr.,DEN,DEN,,WR,17,13,42,0,3,39,503,6,545,6
2024,00-0026498,Matthew Stafford,LAR,LAR,,QB,16,30,41,0,10,0,0,0,41,0
2024,00-0037012,Trey Lance,DAL,DAL,,QB,4,11,41,0,3,0,0,0,41,0
2024,00-0038573,Derius Davis,LAC,LAC,,WR,15,12,39,0,2,13,112,2,151,2
2024,00-0038738,Hunter Luepke,DAL,DAL,,RB,14,12,38,0,6,12,111,0,149,0
2024,00-0038122,Desmond Ridder,LV,LV,,QB,5,9,36,0,2,0,0,0,36,0
2024,00-0038359,Xavier Smith,LAR,LAR,,WR,14,4,36,0,1,2,6,0,42,0
2024,00-0027973,Andy Dalton,CAR,CAR,,QB,6,11,34,0,2,0,0,0,34,0
2024,00-0036527,DJ Turner,LV,LV,,WR,12,5,33,1,1,16,158,1,191,2
2024,00-0039757,Terrell Jennings,NE,NE,,RB,2,13,33,0,0,0,0,0,33,0
2024,00-0036900,Ja'Marr Chase,CIN,CIN,,WR,17,3,32,0,2,127,1708,17,1740,17
2024,00-0038476,Tommy DeVito,NYG,NYG,,QB,2,8,32,0,1,0,0,0,32,0
2024,00-0039393,Jase McClellan,ATL,ATL,,RB,2,13,32,0,2,0,0,0,32,0
2024,00-0035500,Greg Dortch,ARI,ARI,,WR,17,5,31,0,1,37,342,3,373,3
2024,00-0038396,Eric Gray,NYG,NYG,,RB,14,14,31,0,1,10,82,0,113,0
2024,00-0039796,Rasheen Ali,BAL,BAL,,RB,5,10,31,0,2,0,0,0,31,0
2024,00-0038454,Keaton Mitchell,BAL,BAL,,RB,4,15,30,0,2,1,28,0,58,0
2024,00-0038579,Aidan O'Connell,LV,LV,,QB,9,21,30,1,10,0,0,0,30,1
2024,00-0037545,Rashid Shaheed,NO,NO,,WR,6,6,29,0,2,20,349,3,378,3
2024,00-0026158,Joe Flacco,IND,IND,,QB,7,9,26,0,2,0,0,0,26,0
2024,00-0029892,Kyle Juszczyk,SF,SF,,FB,14,5,26,1,1,19,200,2,226,3
2024,00-0036626,Dyami Brown,WAS,WAS,,WR,15,3,26,0,1,30,308,1,334,1
2024,00-0038543,Jaxon Smith-Njigba,SEA,SEA,,WR,17,5,26,0,1,100,1130,6,1156,6
2024,00-0039920,Malachi Corley,NYJ,NYJ,,WR,5,2,26,0,1,3,16,0,42,0
2024,00-0039880,Malik Washington,MIA,MIA,,WR,14,5,25,1,1,26,223,0,248,1
2024,00-0033949,Joshua Dobbs,SF,SF,,QB,2,9,24,2,2,0,0,0,24,2
2024,00-0039342,Xavier Legette,CAR,CAR,,WR,15,6,24,0,2,49,497,4,521,4
2024,00-0039617,Jacob Kibodi,CLE,CLE,,RB,1,5,24,0,1,1,15,0,39,0
2024,00-0034960,Jakobi Meyers,LV,LV,,WR,15,2,23,0,1,87,1027,4,1050,4
2024,00-0035594,Travis Homer,CHI,CHI,,RB,8,6,23,0,2,3,11,0,34,0
2024,00-0038124,Christian Watson,GB,GB,,WR,14,4,23,0,1,29,620,2,643,2
2024,00-0035924,Jonathan Ward,PIT,PIT,,RB,4,5,22,0,1,0,0,0,22,0
2024,00-0036670,Jermar Jefferson,DET,DET,,RB,2,6,22,0,1,1,10,0,32,0
2024,00-0038998,Jake Haener,NO,NO,,QB,8,11,22,0,0,0,0,0,22,0
2024,00-0039344,Jonathon Brooks,CAR,CAR,,RB,3,9,22,0,0,3,23,0,45,0
2024,00-0036329,Ashtyn Davis,NYJ,NYJ,,SAF,10,1,21,0,1,0,0,0,21,0
2024,00-0031800,Taylor Heinicke,LAC,LAC,,QB,4,2,20,0,1,0,0,0,20,0
2024,00-0033893,Dalvin Cook,DAL,DAL,,RB,2,8,20,0,0,1,10,0,30,0
2024,00-0038994,Jordan Addison,MIN,MIN,,WR,15,3,20,1,1,63,875,9,895,10
2024,00-0033662,Cooper Rush,DAL,DAL,,QB,12,26,18,0,5,0,0,0,18,0
2024,00-0038117,Wan'Dale Robinson,NYG,NYG,,WR,17,3,18,0,1,93,699,3,717,3
2024,00-0035125,Alec Ingold,MIA,MIA,,FB,10,10,17,1,6,11,96,0,113,1
2024,00-0035535,Darius Slayton,NYG,NYG,,WR,16,2,17,0,1,39,573,2,590,2
2024,00-0037609,Aaron Shampklin,PIT,PIT,,RB,3,6,17,0,1,0,0,0,17,0
2024,00-0037809,Chig Okonkwo,TEN,TEN,,TE,16,1,17,0,1,52,479,2,496,2
2024,00-0038621,DeMario Douglas,NE,NE,,WR,16,3,16,0,0,66,621,3,637,3
2024,00-0039398,Joe Milton III,NE,NE,,QB,1,10,16,1,4,0,0,0,16,1
2024,00-0038102,Kenny Pickett,PHI,PHI,,QB,5,9,15,1,3,0,0,0,15,1
2024,00-0039811,MarShawn Lloyd,GB,GB,,RB,1,6,15,0,0,1,3,0,18,0
2024,00-0039919,Rome Odunze,CHI,CHI,,WR,17,3,15,0,1,54,734,3,749,3
2024,00-0033282,Curtis Samuel,BUF,BUF,,WR,14,5,14,0,0,31,253,1,267,1
2024,00-0039364,Sione Vaki,DET,DET,,RB,9,6,14,0,0,3,37,0,51,0
2024,00-0028118,Tyrod Taylor,NYJ,NYJ,,QB,2,3,13,0,0,0,0,0,13,0
2024,00-0037741,Jahan Dotson,PHI,PHI,,WR,14,1,13,0,1,19,216,0,229,0
2024,00-0039338,Brock Bowers,LV,LV,,TE,17,5,13,0,2,112,1194,5,1207,5
2024,00-0036613,Jaylen Waddle,MIA,MIA,,WR,15,4,12,0,1,58,744,2,756,2
2024,00-0038997,Josh Downs,IND,IND,,WR,14,1,12,0,0,72,803,5,815,5
2024,00-0039244,Chris Collier,LV,BAL,yes,RB,6,5,12,0,0,1,-4,0,8,0
2024,00-0039751,Jordan Whittington,LAR,LAR,,WR,14,2,12,0,2,22,293,0,305,0
2024,00-0036898,Davis Mills,HOU,HOU,,QB,4,3,11,0,1,0,0,0,11,0
2024,00-0037450,Tyreik McAllister,LV,LV,,WR,2,2,11,0,1,0,0,0,11,0
2024,00-0037745,Velus Jones Jr.,CAR,CHI,yes,WR,2,3,11,0,1,1,8,0,19,0
2024,00-0039589,Kameron Johnson,TB,TB,,WR,4,2,11,0,1,0,0,0,11,0
2024,00-0039611,Matthew Hayball,NO,NO,,P,17,1,11,0,1,0,0,0,11,0
2024,00-0039917,Michael Penix Jr.,ATL,ATL,,QB,5,7,11,1,1,0,0,0,11,1
2024,00-0032918,C.J. Ham,MIN,MIN,,FB,10,2,10,1,1,5,35,0,45,1
2024,00-0033908,Cooper Kupp,LAR,LAR,,WR,12,2,10,0,1,67,710,6,720,6
2024,00-0038123,Dane Belton,NYG,NYG,,SAF,13,1,10,0,1,0,0,0,10,0
2024,00-0039299,George Holani,SEA,SEA,,RB,3,3,10,0,1,1,-1,0,9,0
2024,00-0039573,Blake Watson,DEN,DEN,,RB,1,4,10,0,2,1,13,0,23,0
2024,00-0034177,Tim Boyle,NYG,MIA,yes,QB,3,3,9,0,1,0,0,0,9,0
2024,00-0037231,Kevin Austin Jr.,NO,NO,,WR,8,1,9,0,0,11,151,0,160,0
2024,00-0039901,Keon Coleman,BUF,BUF,,WR,13,1,9,0,0,29,556,4,565,4
2024,00-0031588,Stefon Diggs,HOU,HOU,,WR,8,3,8,1,1,47,496,3,504,4
2024,00-0031595,Michael Burton,DEN,DEN,,FB,12,7,8,1,3,10,65,1,73,2
2024,00-0035208,Olamide Zaccheaus,WAS,WAS,,WR,16,1,8,0,1,45,506,3,514,3
2024,00-0039868,Troy Franklin,DEN,DEN,,WR,16,2,8,0,0,28,263,2,271,2
2024,00-0036187,Reggie Gilliam,BUF,BUF,,RB,7,3,7,0,1,0,0,0,7,0
2024,00-0036849,Tutu Atwell,LAR,LAR,,WR,15,2,7,0,0,42,562,0,569,0
2024,00-0037239,Chris Olave,NO,NO,,WR,8,1,7,0,1,32,400,1,407,1
2024,00-0037487,Deven Thompkins,CAR,CAR,,WR,5,2,7,0,0,4,20,0,27,0
2024,00-0037827,Tyrion Davis-Price,PHI,PHI,,RB,1,3,7,0,0,0,0,0,7,0
2024,00-0038559,Michael Wilson,ARI,ARI,,WR,16,1,7,0,0,47,548,4,555,4
2024,00-0039365,Jacob Cowing,SF,SF,,WR,15,1,7,0,0,4,80,0,87,0
2024,00-0033307,Kendrick Bourne,NE,NE,,WR,12,1,6,0,1,28,305,1,311,1
2024,00-0035216,Diontae Johnson,HOU,CAR,yes,WR,11,2,6,0,1,33,375,3,381,3
2024,00-0036963,Amon-Ra St. Brown,DET,DET,,WR,17,2,6,0,1,115,1263,12,1269,12
2024,00-0038544,Quentin Johnston,LAC,LAC,,WR,15,3,6,0,0,55,711,8,717,8
2024,00-0038996,Tucker Kraft,GB,GB,,TE,17,3,6,0,3,50,707,7,713,7
2024,00-0039747,Ainias Smith,PHI,PHI,,WR,3,2,6,0,1,7,41,1,47,1
2024,00-0039890,Adonai Mitchell,IND,IND,,WR,17,4,6,0,1,23,312,0,318,0
2024,00-0031345,Jimmy Garoppolo,LAR,LAR,,QB,1,2,5,0,0,0,0,0,5,0
2024,00-0034753,Mark Andrews,BAL,BAL,,TE,17,4,5,0,3,55,673,11,678,11
2024,00-0035264,Jarrett Stidham,DEN,DEN,,QB,2,4,5,0,1,0,0,0,5,0
2024,00-0037253,Marcus Jones,NE,NE,,CB,14,1,5,0,0,1,18,0,23,0
2024,00-0037324,Chris Oladokun,KC,KC,,QB,1,1,5,0,0,0,0,0,5,0
2024,00-0037740,Garrett Wilson,NYJ,NYJ,,WR,17,2,5,0,1,101,1104,7,1109,7
2024,00-0038496,Xavier Gipson,NYJ,NYJ,,WR,17,1,5,0,1,6,39,1,44,1
2024,00-0039062,Jonathan Mingo,DAL,CAR,yes,WR,14,2,5,0,0,17,167,0,172,0
2024,00-0032434,Brandon Allen,SF,SF,,QB,3,3,4,0,0,0,0,0,4,0
2024,00-0034272,Marquez Valdes-Scantling,NO,BUF,yes,WR,13,1,4,0,0,19,411,4,415,4
2024,00-0036450,Ke'Shawn Vaughn,SF,SF,,RB,1,2,4,0,0,0,0,0,4,0
2024,00-0037261,Khalil Shakir,BUF,BUF,,WR,15,2,4,0,0,76,821,4,825,4
2024,00-0037327,Skylar Thompson,MIA,MIA,,QB,2,1,4,0,0,0,0,0,4,0
2024,00-0033009,Tyler Boyd,TEN,TEN,,WR,15,1,3,0,1,39,390,0,393,0
2024,00-0036297,Darrynton Evans,CHI,CHI,,RB,1,3,3,0,0,0,0,0,3,0
2024,00-0036322,Justin Jefferson,MIN,MIN,,WR,17,1,3,0,0,103,1533,10,1536,10
2024,00-0036331,Devin Duvernay,JAX,JAX,,WR,13,4,3,0,1,11,79,0,82,0
2024,00-0039703,Cody Schrader,LAR,LAR,,RB,1,1,3,0,0,1,6,0,9,0
2024,00-0033921,Chris Godwin Jr.,TB,TB,,WR,7,1,2,0,1,50,576,5,578,5
2024,00-0034974,Julian Love,SEA,SEA,,SAF,17,1,2,0,1,0,0,0,2,0
2024,00-0035659,Terry McLaurin,WAS,WAS,,WR,17,2,2,0,0,82,1096,13,1098,13
2024,00-0036370,Joshua Kelley,TEN,TEN,,RB,1,1,2,0,0,0,0,0,2,0
2024,00-0037077,Sam Howell,SEA,SEA,,QB,1,1,2,0,0,0,0,0,2,0
2024,00-0037744,Trey McBride,ARI,ARI,,TE,16,1,2,1,1,111,1146,2,1148,3
2024,00-0038046,Charlie Kolar,BAL,BAL,,TE,10,1,2,0,1,9,131,1,133,1
2024,00-0038108,Bailey Zappe,CLE,CLE,,QB,1,2,2,0,0,0,0,0,2,0
2024,00-0038550,Hendon Hooker,DET,DET,,QB,3,5,2,0,1,0,0,0,2,0
2024,00-0039337,Malik Nabers,NYG,NYG,,WR,15,5,2,0,1,109,1204,7,1206,7
2024,00-0039603,British Brooks,HOU,HOU,,RB,2,1,2,0,0,0,0,0,2,0
2024,00-0039692,Dell Pettus,NE,NE,,SAF,12,1,2,0,1,0,0,0,2,0
2024,00-0026300,Josh Johnson,BAL,BAL,,QB,4,4,1,0,0,0,0,0,1,0
2024,00-0030506,Travis Kelce,KC,KC,,TE,16,1,1,0,0,97,823,3,824,3
2024,00-0033557,Jalen Reeves-Maybin,DET,DET,,LB,9,1,1,0,0,0,0,0,1,0
2024,00-0033869,Mitchell Trubisky,BUF,BUF,,QB,8,17,1,0,1,0,0,0,1,0
2024,00-0034613,Tanner Hudson,CIN,CIN,,TE,9,1,1,0,1,19,154,1,155,1
2024,00-0036268,Laviska Shenault Jr.,SEA,SEA,,WR,10,1,1,0,0,5,36,0,37,0
2024,00-0036912,DeVonta Smith,PHI,PHI,,WR,13,1,1,0,0,68,833,8,834,8
2024,00-0036980,Elijah Moore,CLE,CLE,,WR,17,1,1,0,0,61,538,1,539,1
2024,00-0037742,Treylon Burks,TEN,TEN,,WR,5,2,1,0,0,4,34,0,35,0
2024,00-0039067,Rashee Rice,KC,KC,,WR,4,1,1,0,1,24,288,2,289,2
2024,00-0039825,Jaden Hicks,KC,KC,,SAF,14,1,1,0,0,0,0,0,1,0
2024,00-0029604,Kirk Cousins,ATL,ATL,,QB,14,23,0,0,2,0,0,0,0,0
2024,00-0032464,Kalif Raymond,DET,DET,,WR,12,2,0,0,1,17,215,2,215,2
2024,00-0032950,Carson Wentz,KC,KC,,QB,2,3,0,0,0,0,0,0,0,0
2024,00-0033589,David Moore,CAR,CAR,,WR,15,1,0,0,0,32,351,3,351,3
2024,00-0034162,J.K. Scott,LAC,LAC,,P,17,1,0,0,0,0,0,0,0,0
2024,00-0034270,Tyler Conklin,NYJ,NYJ,,TE,16,1,0,0,0,51,449,4,449,4
2024,00-0034928,Steven Sims,BAL,HOU,yes,WR,9,1,0,0,0,0,0,0,0,0
2024,00-0035280,Jake Bailey,MIA,MIA,,P,16,1,0,0,0,0,0,0,0,0
2024,00-0039407,Dylan Laube,LV,LV,,RB,6,1,0,0,0,0,0,0,0,0
2024,00-0039907,Ja'Lynn Polk,NE,NE,,WR,14,1,0,0,0,12,87,2,87,2
2024,00-0033858,Jonnu Smith,MIA,MIA,,TE,17,2,-1,0,0,88,884,8,883,8
2024,00-0035311,Myles Gaskin,MIN,MIN,,RB,4,3,-1,0,0,1,11,0,10,0
2024,00-0038400,Tanner McKee,PHI,PHI,,QB,2,5,-1,0,1,0,0,0,-1,0
2024,00-0039614,Jermaine Jackson,NO,NO,,WR,4,1,-1,0,0,0,0,0,-1,0
2024,00-0033319,Nick Mullens,MIN,MIN,,QB,4,3,-2,0,0,0,0,0,-2,0
2024,00-0034488,Tavierre Thomas,TB,TB,,SAF,9,1,-2,0,0,0,0,0,-2,0
2024,00-0035100,Jake Browning,CIN,CIN,,QB,2,2,-2,0,0,0,0,0,-2,0
2024,00-0031236,Brandin Cooks,DAL,DAL,,WR,10,3,-3,0,0,26,259,3,256,3
2024,00-0036387,Jalen Reagor,LAC,LAC,,WR,7,3,-3,0,0,7,100,0,97,0
2024,00-0037238,Drake London,ATL,ATL,,WR,17,1,-3,0,0,100,1271,9,1268,9
2024,00-0035631,Drew Sample,CIN,CIN,,TE,11,1,-4,0,0,20,109,1,105,1
2024,00-0036637,Noah Gray,KC,KC,,TE,16,1,-4,0,0,40,437,5,433,5
2024,00-0036913,Kadarius Toney,CLE,CLE,,WR,3,2,-4,0,0,0,0,0,-4,0
2024,00-0036928,Kyle Trask,TB,TB,,QB,3,5,-4,0,0,0,0,0,-4,0
2024,00-0037291,Jalen Nailor,MIN,MIN,,WR,15,3,-4,0,1,28,414,6,410,6
2024,00-0038129,Cade Otton,TB,TB,,TE,14,1,-4,0,0,59,600,4,596,4
2024,00-0038582,Clayton Tune,ARI,ARI,,QB,5,7,-4,0,2,0,0,0,-4,0
2024,00-0038979,Cedric Tillman,CLE,CLE,,WR,9,1,-5,0,0,29,339,3,334,3
2024,00-0039392,Jha'Quan Jackson,TEN,TEN,,WR,12,1,-5,0,0,1,8,0,3,0
2024,00-0037247,George Pickens,PIT,PIT,,WR,14,2,-6,0,0,59,900,3,894,3
2024,00-0038416,Tyson Bagent,CHI,CHI,,QB,4,6,-7,0,0,0,0,0,-7,0
2025,00-0037248,James Cook,BUF,BUF,,RB,17,309,1621,12,68,33,291,2,1912,14
2025,00-0032764,Derrick Henry,BAL,BAL,,RB,17,307,1595,16,79,15,150,0,1745,16
2025,00-0036223,Jonathan Taylor,IND,IND,,RB,17,323,1585,18,84,46,378,2,1963,20
2025,00-0038542,Bijan Robinson,ATL,ATL,,RB,17,287,1478,7,63,79,820,4,2298,11
2025,00-0039040,De'Von Achane,MIA,MIA,,RB,16,238,1350,8,56,67,488,4,1838,12
2025,00-0037840,Kyren Williams,LAR,LAR,,RB,17,259,1252,10,74,36,281,3,1533,13
2025,00-0039139,Jahmyr Gibbs,DET,DET,,RB,17,243,1223,13,56,77,616,5,1839,18
2025,00-0033280,Christian McCaffrey,SF,SF,,RB,17,311,1202,10,71,102,924,7,2126,17
2025,00-0036997,Javonte Williams,DAL,DAL,,RB,16,252,1201,11,67,35,137,2,1338,13
2025,00-0034844,Saquon Barkley,PHI,PHI,,RB,16,280,1140,7,48,37,273,2,1413,9
2025,00-0036973,Travis Etienne,JAX,JAX,,RB,17,260,1107,7,48,36,292,6,1399,13
2025,00-0036275,D'Andre Swift,CHI,CHI,,RB,16,223,1087,9,62,34,299,1,1386,10
2025,00-0035261,Tony Pollard,TEN,TEN,,RB,17,242,1082,5,48,33,206,0,1288,5
2025,00-0036139,Rico Dowdle,CAR,CAR,,RB,17,236,1076,6,51,39,297,1,1373,7
2025,00-0038120,Breece Hall,NYJ,NYJ,,RB,16,243,1065,4,57,36,350,1,1415,5
2025,00-0038134,Kenneth Walker III,SEA,SEA,,RB,17,221,1027,5,46,31,282,0,1309,5
2025,00-0038597,Chase Brown,CIN,CIN,,RB,17,232,1019,6,52,69,437,5,1456,11
2025,00-0040122,Ashton Jeanty,LV,LV,,RB,17,266,975,5,44,55,346,5,1321,10
2025,00-0037228,Jaylen Warren,PIT,PIT,,RB,16,211,958,6,52,40,333,2,1291,8
2025,00-0035700,Josh Jacobs,GB,GB,,RB,15,234,929,13,55,36,282,1,1211,14
2025,00-0040734,TreVeyon Henderson,NE,NE,,RB,17,180,911,9,45,35,221,1,1132,10
2025,00-0040784,Quinshon Judkins,CLE,CLE,,RB,14,230,827,7,50,26,171,0,998,7
2025,00-0040242,Jacory Croskey-Merritt,WAS,WAS,,RB,17,175,805,8,41,9,68,0,873,8
2025,00-0040236,Kyle Monangai,CHI,CHI,,RB,17,169,783,5,40,18,164,0,947,5
2025,00-0036158,J.K. Dobbins,DEN,DEN,,RB,10,153,772,4,37,11,37,0,809,4
2025,00-0037525,Jordan Mason,MIN,MIN,,RB,16,159,758,6,45,14,51,0,809,6
2025,00-0039738,Blake Corum,LAR,LAR,,RB,17,145,746,6,44,8,36,0,782,6
2025,00-0039384,Tyrone Tracy Jr.,NYG,NYG,,RB,15,176,740,2,39,36,288,2,1028,4
2025,00-0039165,Zach Charbonnet,SEA,SEA,,RB,16,184,730,12,48,20,144,0,874,12
2025,00-0035685,David Montgomery,DET,DET,,RB,17,158,716,8,41,24,192,0,908,8
2025,00-0040583,Woody Marks,HOU,HOU,,RB,16,196,703,2,39,24,208,3,911,5
2025,00-0039391,Kimani Vidal,LAC,LAC,,RB,13,155,643,3,32,16,136,1,779,4
2025,00-0033923,Kareem Hunt,KC,KC,,RB,17,163,611,8,55,18,143,1,754,9
2025,00-0036875,Rhamondre Stevenson,NE,NE,,RB,14,130,603,7,29,32,345,2,948,9
2025,00-0039361,Bucky Irving,TB,TB,,RB,10,173,588,1,27,30,277,3,865,4
2025,00-0034857,Josh Allen,BUF,BUF,,QB,16,112,579,14,46,0,0,0,579,14
2025,00-0037256,Rachaad White,TB,TB,,RB,17,132,572,4,37,40,218,0,790,4
2025,00-0033293,Aaron Jones,MIN,MIN,,RB,12,132,548,2,28,28,199,1,747,3
2025,00-0040666,Omarion Hampton,LAC,LAC,,RB,9,124,545,4,31,32,192,1,737,5
2025,00-0040730,RJ Harvey,DEN,DEN,,RB,17,146,540,7,28,47,356,5,896,12
2025,00-0036919,Kenny Gainwell,PIT,PIT,,RB,17,114,537,5,34,73,486,3,1023,8
2025,00-0037263,Tyler Allgeier,ATL,ATL,,RB,17,143,514,8,36,14,96,0,610,8
2025,00-0036555,Chuba Hubbard,CAR,CAR,,RB,15,134,511,1,31,30,223,3,734,4
2025,00-0034791,Nick Chubb,HOU,HOU,,RB,15,122,506,3,20,13,67,0,573,3
2025,00-0038611,Chris Rodriguez Jr.,WAS,WAS,,RB,12,112,500,6,32,3,30,0,530,6
2025,00-0036355,Justin Herbert,LAC,LAC,,QB,16,83,498,2,34,0,0,0,498,2
2025,00-0038797,Emanuel Wilson,GB,GB,,RB,17,125,496,3,32,15,99,0,595,3
2025,00-0040691,Jaxson Dart,NYG,NYG,,QB,14,86,487,9,38,0,0,0,487,9
2025,00-0033906,Alvin Kamara,NO,NO,,RB,11,131,471,1,21,33,186,0,657,1
2025,00-0037197,Isiah Pacheco,KC,KC,,RB,13,118,462,1,27,19,101,1,563,2
2025,00-0039851,Drake Maye,NE,NE,,QB,17,103,450,4,38,1,2,0,452,4
2025,00-0035250,Devin Singletary,NYG,NYG,,RB,17,119,437,5,27,18,151,0,588,5
2025,00-0033873,Patrick Mahomes,KC,KC,,QB,14,64,422,5,27,1,-10,0,412,5
2025,00-0036389,Jalen Hurts,PHI,PHI,,QB,16,105,421,8,40,0,0,0,421,8
2025,00-0040715,Cam Skattebo,NYG,NYG,,RB,8,101,410,5,27,24,207,2,617,7
2025,00-0037746,Brian Robinson,SF,SF,,RB,17,92,400,2,20,8,25,0,425,2
2025,00-0039918,Caleb Williams,CHI,CHI,,QB,17,77,388,3,28,2,22,1,410,4
2025,00-0036945,Justin Fields,NYJ,NYJ,,QB,9,71,383,4,26,0,0,0,383,4
2025,00-0033526,Samaje Perine,CIN,CIN,,RB,15,84,382,3,32,17,87,0,469,3
2025,00-0034855,Baker Mayfield,TB,TB,,QB,17,55,382,1,27,0,0,0,382,1
2025,00-0036971,Trevor Lawrence,JAX,JAX,,QB,17,82,359,9,40,0,0,0,359,9
2025,00-0038555,Tank Bigsby,PHI,JAX,yes,RB,15,63,356,2,18,3,32,0,388,2
2025,00-0039732,Bo Nix,DEN,DEN,,QB,17,83,356,5,25,0,0,0,356,5
2025,00-0034796,Lamar Jackson,BAL,BAL,,QB,13,67,349,2,24,0,0,0,349,2
2025,00-0038454,Keaton Mitchell,BAL,BAL,,RB,13,59,341,1,16,9,63,0,404,1
2025,00-0036924,Michael Carter,ARI,ARI,,RB,13,92,333,1,19,33,267,0,600,1
2025,00-0038951,Sean Tucker,TB,TB,,RB,17,86,320,7,22,8,34,1,354,8
2025,00-0038705,Emari Demercado,ARI,ARI,,RB,12,44,312,0,9,13,101,1,413,1
2025,00-0040719,Bhayshul Tuten,JAX,JAX,,RB,15,83,307,5,23,10,79,2,386,7
2025,00-0032268,Marcus Mariota,WAS,WAS,,QB,10,50,297,1,12,0,0,0,297,1
2025,00-0039874,Jaylen Wright,MIA,MIA,,RB,9,70,288,2,17,5,44,0,332,2
2025,00-0039032,Tyjae Spears,TEN,TEN,,RB,13,72,283,2,16,45,264,0,547,2
2025,00-0039910,Jayden Daniels,WAS,WAS,,QB,7,58,278,2,14,0,0,0,278,2
2025,00-0039875,Ray Davis,BUF,BUF,,RB,17,58,275,0,15,10,86,2,361,2
2025,00-0037157,Bam Knight,ARI,ARI,,RB,12,82,269,4,21,22,160,1,429,5
2025,00-0037563,Malik Davis,DAL,DAL,,RB,10,52,250,2,11,2,16,0,266,2
2025,00-0039798,Isaiah Davis,NYJ,NYJ,,RB,16,43,236,1,7,21,186,0,422,1
2025,00-0033955,Jeremy McNichols,WAS,WAS,,RB,16,44,221,1,13,25,196,0,417,1
2025,00-0039150,Bryce Young,CAR,CAR,,QB,16,54,216,2,16,0,0,0,216,2
2025,00-0039163,C.J. Stroud,HOU,HOU,,QB,14,48,209,1,18,0,0,0,209,1
2025,00-0040202,Devin Neal,NO,NO,,RB,9,57,206,2,11,17,104,0,310,2
2025,00-0035537,Ty Johnson,BUF,BUF,,RB,17,50,200,3,13,24,263,2,463,5
2025,00-0036264,Jordan Love,GB,GB,,QB,15,47,199,0,14,0,0,0,199,0
2025,00-0040198,Ollie Gordon II,MIA,MIA,,RB,17,70,199,3,21,7,32,1,231,4
2025,00-0039373,Audric Estimé,NO,NO,,RB,5,46,198,1,12,12,103,0,301,1
2025,00-0038551,Kendre Miller,NO,NO,,RB,7,47,193,1,9,5,30,0,223,1
2025,00-0039405,Jawhar Jordan,HOU,HOU,,RB,4,43,193,0,8,7,34,0,227,0
2025,00-0038794,Jaleel McLaughlin,DEN,DEN,,RB,8,37,187,1,8,4,27,0,214,1
2025,00-0040743,Tyler Shough,NO,NO,,QB,11,45,186,3,11,0,0,0,186,3
2025,00-0039923,J.J. McCarthy,MIN,MIN,,QB,10,37,181,4,12,0,0,0,181,4
2025,00-0033077,Dak Prescott,DAL,DAL,,QB,17,53,177,2,15,0,0,0,177,2
2025,00-0040162,Dylan Sampson,CLE,CLE,,RB,15,65,175,0,12,33,271,2,446,2
2025,00-0035228,Kyler Murray,ARI,ARI,,QB,5,29,173,1,10,0,0,0,173,1
2025,00-0040668,Shedeur Sanders,CLE,CLE,,QB,8,21,169,1,7,0,0,0,169,1
2025,00-0033119,Jacoby Brissett,ARI,ARI,,QB,14,38,168,1,16,0,0,0,168,1
2025,00-0039376,Spencer Rattler,NO,NO,,QB,9,31,167,0,17,1,0,0,167,0
2025,00-0035710,Daniel Jones,IND,IND,,QB,13,45,164,5,19,0,0,0,164,5
2025,00-0039921,Trey Benson,ARI,ARI,,RB,4,29,160,0,4,13,64,0,224,0
2025,00-0036755,Jaret Patterson,LAC,LAC,,RB,6,41,159,1,7,3,8,0,167,1
2025,00-0040676,Cam Ward,TEN,TEN,,QB,17,39,159,2,15,0,0,0,159,2
2025,00-0035993,Tyler Huntley,BAL,BAL,,QB,5,24,151,0,11,0,0,0,151,0
2025,00-0040078,Brashard Smith,KC,KC,,RB,17,44,151,0,5,25,172,1,323,1
2025,00-0037834,Brock Purdy,SF,SF,,QB,9,33,147,3,16,0,0,0,147,3
2025,00-0028118,Tyrod Taylor,NYJ,NYJ,,QB,6,27,143,1,10,0,0,0,143,1
2025,00-0040586,Jaydon Blue,DAL,DAL,,RB,5,38,129,1,7,1,5,0,134,1
2025,00-0039920,Malachi Corley,CLE,CLE,,WR,12,13,127,0,6,11,79,0,206,0
2025,00-0038128,Malik Willis,GB,GB,,QB,4,22,123,2,9,0,0,0,123,2
2025,00-0035243,Miles Sanders,DAL,DAL,,RB,4,20,117,1,5,8,30,0,147,1
2025,00-0033357,Taysom Hill,NO,NO,,TE,13,52,114,1,16,11,91,0,205,1
2025,00-0038440,Zavier Scott,MIN,MIN,,RB,11,32,114,0,6,14,98,1,212,1
2025,00-0039880,Malik Washington,MIA,MIA,,WR,17,17,110,1,5,46,317,3,427,4
2025,00-0030565,Geno Smith,LV,LV,,QB,15,41,109,0,13,0,0,0,109,0
2025,00-0029263,Russell Wilson,NYG,NYG,,QB,6,18,106,0,6,0,0,0,106,0
2025,00-0036328,Antonio Gibson,NE,NE,,RB,5,25,106,1,6,2,6,0,112,1
2025,00-0038685,Chris Brooks,GB,GB,,RB,17,27,106,0,5,13,91,0,197,0
2025,00-0039075,Puka Nacua,LAR,LAR,,WR,16,10,105,1,5,129,1715,10,1820,11
2025,00-0031687,Raheem Mostert,LV,LV,,RB,12,22,104,0,5,12,70,0,174,0
2025,00-0040179,DJ Giddens,IND,IND,,RB,5,26,96,0,5,0,0,0,96,0
2025,00-0033553,James Conner,ARI,ARI,,RB,3,32,95,1,7,8,38,1,133,2
2025,00-0034869,Sam Darnold,SEA,SEA,,QB,17,35,95,0,10,0,0,0,95,0
2025,00-0040238,LeQuint Allen Jr.,JAX,JAX,,RB,16,23,94,0,5,10,54,0,148,0
2025,00-0040644,Trevor Etienne,CAR,CAR,,RB,17,20,94,0,6,3,13,0,107,0
2025,00-0034975,Justice Hill,BAL,BAL,,RB,10,18,93,2,4,21,169,1,262,3
2025,00-0040466,Raheim Sanders,CLE,CLE,,RB,4,27,92,1,7,3,21,0,113,1
2025,00-0037801,KaVontae Turpin,DAL,DAL,,WR,15,17,89,0,3,26,396,2,485,2
2025,00-0039894,Xavier Worthy,KC,KC,,WR,14,11,87,0,4,42,532,1,619,1
2025,00-0040704,Dillon Gabriel,CLE,CLE,,QB,10,14,86,0,4,0,0,0,86,0
2025,00-0037012,Trey Lance,LAC,LAC,,QB,4,17,85,0,5,0,0,0,85,0
2025,00-0038994,Jordan Addison,MIN,MIN,,WR,14,2,81,1,2,42,610,3,691,4
2025,00-0034827,DJ Moore,CHI,CHI,,WR,17,15,79,1,5,50,682,6,761,7
2025,00-0038976,Marvin Mims Jr.,DEN,DEN,,WR,15,12,78,1,3,37,322,1,400,2
2025,00-0039603,British Brooks,HOU,HOU,,RB,8,17,78,0,5,0,0,0,78,0
2025,00-0039794,Braelon Allen,NYJ,NYJ,,RB,4,18,76,1,4,2,17,0,93,1
2025,00-0035719,Deebo Samuel Sr.,WAS,WAS,,WR,16,17,75,1,4,72,727,5,802,6
2025,00-0037267,Jerome Ford,CLE,CLE,,RB,13,24,73,0,5,26,103,0,176,0
2025,00-0039299,George Holani,SEA,SEA,,RB,10,22,73,1,5,2,15,0,88,1
2025,00-0039757,Terrell Jennings,NE,NE,,RB,6,23,73,1,8,1,9,0,82,1
2025,00-0038738,Hunter Luepke,DAL,DAL,,RB,14,16,71,0,6,13,109,1,180,1
2025,00-0033858,Jonnu Smith,PIT,PIT,,TE,17,9,70,1,3,38,222,2,292,3
2025,00-0039917,Michael Penix Jr.,ATL,ATL,,QB,9,21,70,1,5,0,0,0,70,1
2025,00-0037545,Rashid Shaheed,SEA,NO,yes,WR,18,9,69,0,3,59,687,2,756,2
2025,00-0040142,Kaleb Johnson,PIT,PIT,,RB,10,28,69,0,2,1,9,0,78,0
2025,00-0040218,Jimmy Horn Jr.,CAR,CAR,,WR,10,8,69,0,3,11,108,0,177,0
2025,00-0039064,Zay Flowers,BAL,BAL,,WR,17,10,62,1,3,86,1211,5,1273,6
2025,00-0023459,Aaron Rodgers,PIT,PIT,,QB,16,21,61,1,4,1,-9,0,52,1
2025,00-0036893,Najee Harris,LAC,LAC,,RB,3,15,61,0,3,3,25,0,86,0
2025,00-0032104,Ameer Abdullah,IND,IND,,RB,13,14,60,1,3,16,99,0,159,1
2025,00-0036265,AJ Dillon,PHI,PHI,,RB,6,12,60,0,4,3,21,0,81,0
2025,00-0036898,Davis Mills,HOU,HOU,,QB,6,13,60,1,2,0,0,0,60,1
2025,00-0036972,Mac Jones,SF,SF,,QB,11,36,60,0,11,0,0,0,60,0
2025,00-0040547,Nate Carter,ATL,ATL,,RB,2,9,60,0,3,0,0,0,60,0
2025,00-0040556,Corey Kiner,ARI,ARI,,RB,4,12,58,0,4,2,15,0,73,0
2025,00-0032950,Carson Wentz,MIN,MIN,,QB,5,11,57,0,3,0,0,0,57,0
2025,00-0026300,Josh Johnson,WAS,WAS,,QB,3,12,55,1,4,0,0,0,55,1
2025,00-0036906,Khalil Herbert,NYJ,NYJ,,RB,5,16,52,0,2,1,4,0,56,0
2025,00-0038563,Tre Tucker,LV,LV,,WR,17,11,51,0,1,57,696,5,747,5
2025,00-0039398,Joe Milton III,DAL,DAL,,QB,4,5,50,0,1,0,0,0,50,0
2025,00-0036842,Kene Nwangwu,NYJ,NYJ,,RB,10,13,49,0,2,0,0,0,49,0
2025,00-0039746,Will Shipley,PHI,PHI,,RB,14,14,49,0,4,9,56,0,105,0
2025,00-0040398,Brady Cook,NYJ,NYJ,,QB,5,13,49,0,4,0,0,0,49,0
2025,00-0040667,Matthew Golden,GB,GB,,WR,14,10,49,0,3,29,361,0,410,0
2025,00-0034753,Mark Andrews,BAL,BAL,,TE,17,10,48,1,7,48,422,5,470,6
2025,00-0038397,Evan Hull,NO,NO,,RB,6,19,48,0,2,1,6,0,54,0
2025,00-0037276,Ty Chandler,MIN,MIN,,RB,3,17,47,0,1,3,11,0,58,0
2025,00-0037617,Hassan Haskins,LAC,LAC,,RB,11,17,47,0,4,4,13,0,60,0
2025,00-0037557,Ronnie Rivers,LAR,LAR,,RB,6,9,46,0,3,0,0,0,46,0
2025,00-0033106,Jared Goff,DET,DET,,QB,17,19,45,0,5,0,0,0,45,0
2025,00-0040208,Tahj Brooks,CIN,CIN,,RB,12,16,45,0,1,1,9,0,54,0
2025,00-0035021,Ashton Dulin,IND,IND,,WR,12,3,44,0,2,5,106,0,150,0
2025,00-0036727,Adam Prentice,DEN,DEN,,FB,13,10,44,0,7,6,53,0,97,0
2025,00-0033699,Austin Ekeler,WAS,WAS,,RB,2,14,43,0,3,5,38,0,81,0
2025,00-0036212,Tua Tagovailoa,MIA,MIA,,QB,14,20,43,0,1,0,0,0,43,0
2025,00-0037304,Connor Heyward,PIT,PIT,,FB,14,15,43,2,11,3,21,1,64,3
2025,00-0036442,Joe Burrow,CIN,CIN,,QB,8,14,41,0,5,0,0,0,41,0
2025,00-0037594,Julius Chestnut,TEN,TEN,,RB,16,11,40,0,4,0,0,0,40,0
2025,00-0035100,Jake Browning,CIN,CIN,,QB,5,9,39,1,5,0,0,0,39,1
2025,00-0037329,Brittain Brown,CHI,CHI,,RB,2,5,37,1,2,0,0,0,37,1
2025,00-0040009,Savion Williams,GB,GB,,WR,12,11,37,0,1,10,78,1,115,1
2025,00-0040735,Luther Burden III,CHI,CHI,,WR,15,6,37,0,3,47,652,2,689,2
2025,00-0035291,Trayveon Williams,CLE,LAC,yes,RB,6,10,36,0,3,8,55,0,91,0
2025,00-0037258,Dameon Pierce,KC,HOU,yes,RB,5,14,36,0,1,0,0,0,36,0
2025,00-0038543,Jaxon Smith-Njigba,SEA,SEA,,WR,17,7,36,0,2,119,1793,10,1829,10
2025,00-0026158,Joe Flacco,CIN,CLE,yes,QB,13,21,35,1,9,0,0,0,35,1
2025,00-0037091,Bo Melton,GB,GB,,WR,13,5,35,0,2,4,107,1,142,1
2025,00-0039451,Isaiah Williams,NYJ,NYJ,,WR,15,3,34,0,1,26,193,0,227,0
2025,00-0037745,Velus Jones Jr.,SEA,NO,yes,WR,5,4,32,0,1,0,0,0,32,0
2025,00-0038040,Zamir White,LV,LV,,RB,5,12,32,0,1,4,24,0,56,0
2025,00-0036626,Dyami Brown,JAX,JAX,,WR,11,6,30,0,2,20,227,1,257,1
2025,00-0040782,Isaiah Bond,CLE,CLE,,WR,15,5,29,0,1,18,338,0,367,0
2025,00-0036613,Jaylen Waddle,MIA,MIA,,WR,16,2,28,0,1,64,910,6,938,6
2025,00-0039146,Jayden Reed,GB,GB,,WR,5,3,28,0,1,19,207,1,235,1
2025,00-0040206,Riley Leonard,IND,IND,,QB,5,6,27,2,4,0,-3,0,24,2
2025,00-0033854,Dare Ogunbowale,HOU,HOU,,RB,14,11,25,1,1,10,76,0,101,1
2025,00-0035208,Olamide Zaccheaus,CHI,CHI,,WR,14,4,25,0,1,39,313,2,338,2
2025,00-0035628,D'Ernest Johnson,NE,ARI,yes,RB,5,14,25,0,0,0,0,0,25,0
2025,00-0039410,Ryan Flournoy,DAL,DAL,,WR,15,4,25,0,2,40,475,4,500,4
2025,00-0036980,Elijah Moore,BUF,BUF,,WR,9,6,24,1,3,9,112,0,136,1
2025,00-0037120,Tyler Goodson,IND,IND,,RB,10,9,24,0,0,2,8,0,32,0
2025,00-0039796,Rasheen Ali,BAL,BAL,,RB,15,7,24,0,1,9,68,1,92,1
2025,00-0031503,Jameis Winston,NYG,NYG,,QB,3,7,23,1,3,1,33,1,56,2
2025,00-0037085,Tyler Badie,DEN,DEN,,RB,16,8,23,0,1,19,141,0,164,0
2025,00-0038582,Clayton Tune,GB,GB,,QB,2,5,23,0,2,0,0,0,23,0
2025,00-0038102,Kenny Pickett,LV,LV,,QB,6,5,22,0,3,0,0,0,22,0
2025,00-0038618,Xavier Hutchinson,HOU,HOU,,WR,16,3,22,0,2,35,428,3,450,3
2025,00-0040237,Tez Johnson,TB,TB,,WR,15,7,22,0,0,28,322,5,344,5
2025,00-0036425,DeeJay Dallas,JAX,CAR,yes,RB,5,3,21,0,1,0,0,0,21,0
2025,00-0038621,DeMario Douglas,NE,NE,,WR,16,7,21,0,2,31,447,3,468,3
2025,00-0039893,Brian Thomas Jr.,JAX,JAX,,WR,14,3,21,1,2,48,707,2,728,3
2025,00-0039067,Rashee Rice,KC,KC,,WR,8,5,20,1,2,53,571,5,591,6
2025,00-0040067,Jacardia Wright,SEA,SEA,,RB,1,5,20,0,1,0,0,0,20,0
2025,00-0032385,Sterling Shepard,TB,TB,,WR,13,4,19,0,1,39,371,1,390,1
2025,00-0032464,Kalif Raymond,DET,DET,,WR,15,2,19,0,1,24,289,1,308,1
2025,00-0036414,Cam Akers,SEA,MIN,yes,RB,4,5,19,0,1,0,0,0,19,0
2025,00-0040234,Quinn Ewers,MIA,MIA,,QB,4,8,19,0,1,1,-6,0,13,0
2025,00-0037324,Chris Oladokun,KC,KC,,QB,3,5,18,0,0,0,0,0,18,0
2025,00-0039623,Mason Tipton,NO,NO,,WR,8,4,18,0,2,11,76,0,94,0
2025,00-0040021,Phil Mafah,DAL,DAL,,RB,1,5,18,1,2,2,11,0,29,1
2025,00-0040705,Chimere Dike,TEN,TEN,,WR,17,11,18,0,0,48,423,4,441,4
2025,00-0039021,Roschon Johnson,CHI,CHI,,RB,6,2,17,0,1,0,0,0,17,0
2025,00-0035500,Greg Dortch,ARI,ARI,,WR,12,7,15,1,1,29,206,3,221,4
2025,00-0036554,Nico Collins,HOU,HOU,,WR,15,2,15,1,1,71,1117,6,1132,7
2025,00-0036900,Ja'Marr Chase,CIN,CIN,,WR,16,3,14,0,0,125,1412,8,1426,8
2025,00-0038619,Andrei Iosivas,CIN,CIN,,WR,15,3,14,0,0,33,435,2,449,2
2025,00-0039793,AJ Barner,SEA,SEA,,TE,17,10,14,1,9,52,519,6,533,7
2025,00-0034960,Jakobi Meyers,JAX,LV,yes,WR,16,5,13,0,1,75,835,3,848,3
2025,00-0036360,Clyde Edwards-Helaire,KC,KC,,RB,2,7,13,0,1,2,9,0,22,0
2025,00-0037291,Jalen Nailor,MIN,MIN,,WR,17,2,13,0,1,29,444,4,457,4
2025,00-0039589,Kameron Johnson,TB,TB,,WR,17,2,13,0,1,4,64,1,77,1
2025,00-0040582,Arian Smith,NYJ,NYJ,,WR,13,4,13,0,1,7,52,0,65,0
2025,00-0040663,Harold Fannin Jr.,CLE,CLE,,TE,16,7,13,1,2,72,731,6,744,7
2025,00-0033589,David Moore,CAR,CAR,,WR,3,1,12,0,1,1,5,0,17,0
2025,00-0035640,DK Metcalf,PIT,PIT,,WR,15,2,12,1,1,59,850,6,862,7
2025,00-0037240,Jameson Williams,DET,DET,,WR,17,6,12,0,0,65,1117,7,1129,7
2025,00-0039751,Jordan Whittington,LAR,LAR,,WR,15,3,12,0,0,18,171,0,183,0
2025,00-0039868,Troy Franklin,DEN,DEN,,WR,17,5,12,0,2,65,709,6,721,6
2025,00-0040138,Jaylin Noel,HOU,HOU,,WR,17,6,12,0,0,26,292,2,304,2
2025,00-0038090,Skyy Moore,SF,SF,,WR,17,2,11,0,1,5,87,0,98,0
2025,00-0038519,Nikko Remigio,KC,KC,,WR,14,1,11,0,1,1,21,0,32,0
2025,00-0038896,Jacob Saylors,DET,DET,,RB,11,2,11,0,1,0,0,0,11,0
2025,00-0040429,Josh Williams,TB,TB,,RB,2,4,11,0,0,0,0,0,11,0
2025,00-0040494,Max Brosmer,MIN,MIN,,QB,7,7,11,0,1,0,0,0,11,0
2025,00-0040534,Ke'Shawn Williams,CIN,PIT,yes,WR,11,2,10,0,0,1,5,0,15,0
2025,00-0040727,Tre Harris,LAC,LAC,,WR,16,2,10,0,0,30,324,1,334,1
2025,00-0032398,Chris Moore,WAS,WAS,,WR,10,1,9,0,0,11,207,1,216,1
2025,00-0035125,Alec Ingold,MIA,MIA,,FB,9,2,9,0,1,8,52,0,61,0
2025,00-0036963,Amon-Ra St. Brown,DET,DET,,WR,17,3,9,0,1,117,1401,11,1410,11
2025,00-0039407,Dylan Laube,LV,LV,,RB,17,7,9,0,0,3,18,0,27,0
2025,00-0040129,Emeka Egbuka,TB,TB,,WR,17,2,9,0,0,63,938,6,947,6
2025,00-0038400,Tanner McKee,PHI,PHI,,QB,4,8,8,0,1,0,0,0,8,0
2025,00-0040039,Amar Johnson,LAC,LAC,,RB,1,2,8,0,0,0,0,0,8,0
2025,00-0040128,Tyler Warren,IND,IND,,TE,17,6,8,1,3,76,817,4,825,5
2025,00-0029604,Kirk Cousins,ATL,ATL,,QB,10,14,7,1,4,0,0,0,7,1
2025,00-0033881,Evan Engram,DEN,DEN,,TE,16,1,7,0,0,50,461,1,468,1
2025,00-0036322,Justin Jefferson,MIN,MIN,,WR,17,2,7,0,0,84,1048,2,1055,2
2025,00-0038416,Tyson Bagent,CHI,CHI,,QB,2,2,7,0,0,0,0,0,7,0
2025,00-0038544,Quentin Johnston,LAC,LAC,,WR,13,2,7,0,0,51,735,8,742,8
2025,00-0038579,Aidan O'Connell,LV,LV,,QB,1,1,7,0,0,0,0,0,7,0
2025,00-0040164,Jaylin Lane,WAS,WAS,,WR,15,1,7,0,0,16,225,0,232,0
2025,00-0040205,Kalel Mullings,TEN,TEN,,RB,4,3,7,0,2,0,0,0,7,0
2025,00-0032775,Demarcus Robinson,SF,SF,,WR,14,1,6,0,0,22,276,1,282,1
2025,00-0033869,Mitchell Trubisky,BUF,BUF,,QB,4,9,6,0,0,0,0,0,6,0
2025,00-0034771,Mason Rudolph,PIT,PIT,,QB,5,7,6,0,2,0,0,0,6,0
2025,00-0035311,Myles Gaskin,SEA,SEA,,RB,1,3,6,0,0,0,0,0,6,0
2025,00-0037692,Brandon Aubrey,DAL,DAL,,K,17,1,6,0,1,0,0,0,6,0
2025,00-0038393,Dontayvion Wicks,GB,GB,,WR,13,1,6,0,0,30,332,2,338,2
2025,00-0038458,Owen Wright,TB,TB,,RB,2,3,6,0,0,0,0,0,6,0
2025,00-0032918,C.J. Ham,MIN,MIN,,FB,8,3,5,2,2,2,11,0,16,2
2025,00-0034959,Andrew Beck,NYJ,NYJ,,FB,11,1,5,0,1,6,45,2,50,2
2025,00-0036407,Jerry Jeudy,CLE,CLE,,WR,17,1,5,0,1,50,602,2,607,2
2025,00-0037261,Khalil Shakir,BUF,BUF,,WR,16,1,5,0,0,72,719,4,724,4
2025,00-0037487,Deven Thompkins,ATL,ATL,,WR,7,1,5,0,0,3,27,0,32,0
2025,00-0038117,Wan'Dale Robinson,NYG,NYG,,WR,16,3,5,0,1,92,1014,4,1019,4
2025,00-0038573,Derius Davis,LAC,LAC,,WR,11,2,5,0,0,2,10,0,15,0
2025,00-0031237,Teddy Bridgewater,TB,TB,,QB,3,3,4,0,0,0,0,0,4,0
2025,00-0031610,Darren Waller,MIA,MIA,,TE,9,1,4,0,1,24,283,6,287,6
2025,00-0033555,Mack Hollins,NE,NE,,WR,14,1,4,0,0,46,550,2,554,2
2025,00-0035567,Craig Reynolds,DET,DET,,RB,5,3,4,0,0,0,0,0,4,0
2025,00-0036187,Reggie Gilliam,BUF,BUF,,RB,11,2,4,0,1,2,24,0,28,0
2025,00-0036679,Shane Buechele,KC,KC,,QB,1,1,4,0,0,0,0,0,4,0
2025,00-0036825,Feleipe Franks,ATL,ATL,,TE,10,2,4,0,2,0,0,0,4,0
2025,00-0039364,Sione Vaki,DET,DET,,RB,8,1,4,0,0,0,0,0,4,0
2025,00-0040673,Jalen Milroe,SEA,SEA,,QB,3,3,4,0,0,0,0,0,4,0
2025,00-0033376,Patrick Ricard,BAL,BAL,,RB,5,1,3,0,1,1,8,0,11,0
2025,00-0035631,Drew Sample,CIN,CIN,,TE,12,1,3,0,0,15,106,1,109,1
2025,00-0037323,Rodney Thomas,IND,IND,,SAF,11,1,3,0,1,0,0,0,3,0
2025,00-0037512,Isaiah Pola-Mao,LV,LV,,SAF,17,1,3,0,0,0,0,0,3,0
2025,00-0038124,Christian Watson,GB,GB,,WR,10,1,3,0,0,35,611,6,614,6
2025,00-0038891,Shedrick Jackson,LV,LV,,WR,3,1,3,0,0,4,56,1,59,1
2025,00-0038996,Tucker Kraft,GB,GB,,TE,8,1,3,0,0,32,489,6,492,6
2025,00-0039359,Cade Stover,HOU,HOU,,TE,6,4,3,0,2,12,76,0,79,0
2025,00-0040131,Kyle Williams,NE,NE,,WR,14,2,3,0,0,10,209,3,212,3
2025,00-0040259,Gage Larvadain,CLE,CLE,,WR,13,1,3,0,0,7,71,0,74,0
2025,00-0034270,Tyler Conklin,LAC,LAC,,TE,6,1,2,0,1,7,101,0,103,0
2025,00-0035289,Gardner Minshew,KC,KC,,QB,4,6,2,0,0,0,0,0,2,0
2025,00-0036358,CeeDee Lamb,DAL,DAL,,WR,13,1,2,0,0,75,1077,3,1079,3
2025,00-0039266,Kendall Milton,CIN,CIN,,RB,1,2,2,0,0,0,0,0,2,0
2025,00-0039338,Brock Bowers,LV,LV,,TE,12,2,2,0,0,64,680,7,682,7
2025,00-0026498,Matthew Stafford,LAR,LAR,,QB,17,29,1,0,0,0,0,0,1,0
2025,00-0030506,Travis Kelce,KC,KC,,TE,17,1,1,0,0,76,851,5,852,5
2025,00-0037013,Zach Wilson,MIA,MIA,,QB,4,3,1,0,0,0,0,0,1,0
2025,00-0038041,Jake Ferguson,DAL,DAL,,TE,17,1,1,0,0,82,600,8,601,8
2025,00-0038911,Malik Cunningham,DET,DET,,WR,1,1,1,0,0,0,0,0,1,0
2025,00-0039855,Jalen McMillan,TB,TB,,WR,4,1,1,0,0,12,178,0,179,0
2025,00-0040187,Mitchell Evans,CAR,CAR,,TE,14,1,1,0,1,19,171,2,172,2
2025,00-0035229,T.J. Hockenson,MIN,MIN,,TE,15,1,0,0,0,51,438,3,438,3
2025,00-0036672,Grant Stuard,DET,DET,,LB,14,1,0,0,0,0,0,0,0,0
2025,00-0038606,Parker Washington,JAX,JAX,,WR,16,7,0,0,1,58,847,5,847,5
2025,00-0039342,Xavier Legette,CAR,CAR,,WR,15,1,0,0,0,35,363,3,363,3
2025,00-0040476,Ulysses Bentley IV,IND,IND,,RB,1,1,0,0,0,0,0,0,0,0
2025,00-0040718,Travis Hunter,JAX,JAX,,CB,7,1,0,0,0,28,298,1,298,1
2025,00-0040737,Terrance Ferguson,LAR,LAR,,TE,11,1,0,0,0,11,231,3,231,3
2025,00-0022942,Philip Rivers,IND,IND,,QB,3,2,-1,0,0,0,0,0,-1,0
2025,00-0035264,Jarrett Stidham,DEN,DEN,,QB,1,1,-1,0,0,0,0,0,-1,0
2025,00-0038658,Adrian Martinez,SF,SF,,QB,1,1,-1,0,0,0,0,0,-1,0
2025,00-0039164,Anthony Richardson,IND,IND,,QB,2,4,-1,0,1,1,9,0,8,0
2025,00-0027973,Andy Dalton,CAR,CAR,,QB,4,5,-2,0,0,0,0,0,-2,0
2025,00-0034367,Nyheim Hines,NO,LAC,yes,RB,4,2,-2,0,0,0,0,0,-2,0
2025,00-0035594,Travis Homer,CHI,CHI,,RB,8,1,-2,0,0,0,0,0,-2,0
2025,00-0038997,Josh Downs,IND,IND,,WR,16,2,-2,0,0,58,566,4,564,4
2025,00-0039916,Ricky Pearsall,SF,SF,,WR,9,2,-2,0,0,36,528,0,526,0
2025,00-0040126,Colston Loveland,CHI,CHI,,TE,16,1,-2,0,0,58,713,6,711,6
2025,00-0029892,Kyle Juszczyk,SF,SF,,FB,16,2,-3,0,0,24,213,2,210,2
2025,00-0033288,George Kittle,SF,SF,,TE,11,1,-3,0,0,57,628,7,625,7
2025,00-0034577,Kyle Allen,DET,DET,,QB,2,3,-3,0,0,0,0,0,-3,0
2025,00-0037239,Chris Olave,NO,NO,,WR,16,1,-3,0,0,100,1163,9,1160,9
2025,00-0033662,Cooper Rush,BAL,BAL,,QB,4,4,-4,0,0,0,0,0,-4,0
2025,00-0039890,Adonai Mitchell,NYJ,IND,yes,WR,16,1,-4,0,0,33,453,2,449,2
2025,00-0033949,Joshua Dobbs,NE,NE,,QB,4,10,-5,0,0,0,0,0,-5,0
2025,00-0035704,Drew Lock,SEA,SEA,,QB,3,6,-5,0,0,0,0,0,-5,0
2025,00-0037614,John Metchie III,NYJ,PHI,yes,WR,13,3,-5,0,0,33,274,2,269,2
2025,00-0037252,Greg Dulcich,MIA,MIA,,TE,9,1,-7,0,0,26,335,1,328,1
2025,00-0033319,Nick Mullens,JAX,JAX,,QB,4,12,-8,0,0,0,0,0,-8,0
2025,00-0031345,Jimmy Garoppolo,LAR,LAR,,QB,3,9,-10,0,0,0,0,0,-10,0
2025,00-0035042,Jamie Gillan,NYG,NYG,,P,16,1,-13,0,0,0,0,0,-13,0
2025,00-0036313,Braden Mann,PHI,PHI,,P,17,1,-34,0,0,0,0,0,-34,0
