game_id,season_type,week,posteam,kick_distance,punt_blocked,punt_inside_twenty,punt_attempt,punter_player_id,punter_player_name
2023_01_ARI_WAS,REG,1,WAS,42.0,0.0,1.0,1.0,00-0030140,T.Way
2023_01_ARI_WAS,REG,1,ARI,51.0,0.0,1.0,1.0,00-0036539,N.Cooney
2023_01_ARI_WAS,REG,1,ARI,34.0,0.0,0.0,1.0,00-0036539,N.Cooney
2023_01_ARI_WAS,REG,1,WAS,33.0,0.0,1.0,1.0,00-0030140,T.Way
2023_01_ARI_WAS,REG,1,ARI,56.0,0.0,1.0,1.0,00-0036539,N.Cooney
2023_01_ARI_WAS,REG,1,WAS,58.0,0.0,0.0,1.0,00-0030140,T.Way
2023_01_ARI_WAS,REG,1,ARI,41.0,0.0,0.0,1.0,00-0036539,N.Cooney
2023_01_ARI_WAS,REG,1,WAS,41.0,0.0,0.0,1.0,00-0030140,T.Way
2023_01_ARI_WAS,REG,1,ARI,53.0,0.0,0.0,1.0,00-0036539,N.Cooney
2023_01_ARI_WAS,REG,1,WAS,59.0,0.0,0.0,1.0,00-0030140,T.Way
2023_01_ARI_WAS,REG,1,WAS,33.0,0.0,1.0,1.0,00-0030140,T.Way
2023_01_BUF_NYJ,REG,1,BUF,46.0,0.0,1.0,1.0,00-0030092,S.Martin
2023_01_BUF_NYJ,REG,1,NYJ,31.0,0.0,0.0,1.0,00-0027114,T.Morstead
2023_01_BUF_NYJ,REG,1,NYJ,39.0,0.0,0.0,1.0,00-0027114,T.Morstead
2023_01_BUF_NYJ,REG,1,NYJ,50.0,0.0,1.0,1.0,00-0027114,T.Morstead
2023_01_BUF_NYJ,REG,1,BUF,53.0,0.0,0.0,1.0,00-0030092,S.Martin
2023_01_BUF_NYJ,REG,1,NYJ,54.0,0.0,1.0,1.0,00-0027114,T.Morstead
2023_01_BUF_NYJ,REG,1,BUF,42.0,0.0,0.0,1.0,00-0030092,S.Martin
2023_01_CAR_ATL,REG,1,ATL,31.0,0.0,0.0,1.0,00-0032065,B.Pinion
2023_01_CAR_ATL,REG,1,ATL,38.0,0.0,1.0,1.0,00-0032065,B.Pinion
2023_01_CAR_ATL,REG,1,CAR,53.0,0.0,1.0,1.0,00-0028872,J.Hekker
2023_01_CAR_ATL,REG,1,ATL,51.0,0.0,0.0,1.0,00-0032065,B.Pinion
2023_01_CAR_ATL,REG,1,ATL,58.0,0.0,1.0,1.0,00-0032065,B.Pinion
2023_01_CAR_ATL,REG,1,CAR,55.0,0.0,0.0,1.0,00-0028872,J.Hekker
2023_01_CAR_ATL,REG,1,ATL,60.0,0.0,0.0,1.0,00-0032065,B.Pinion
2023_01_CAR_ATL,REG,1,CAR,36.0,0.0,0.0,1.0,00-0028872,J.Hekker
2023_01_CAR_ATL,REG,1,ATL,55.0,0.0,1.0,1.0,00-0032065,B.Pinion
2023_01_CAR_ATL,REG,1,CAR,53.0,0.0,0.0,1.0,00-0028872,J.Hekker
2023_01_CAR_ATL,REG,1,CAR,69.0,0.0,0.0,1.0,00-0028872,J.Hekker
2023_01_CAR_ATL,REG,1,ATL,44.0,0.0,0.0,1.0,00-0032065,B.Pinion
2023_01_CIN_CLE,REG,1,CIN,35.0,0.0,1.0,1.0,00-0038626,B.Robbins
2023_01_CIN_CLE,REG,1,CLE,66.0,0.0,1.0,1.0,00-0034721,C.Bojorquez
2023_01_CIN_CLE,REG,1,CIN,45.0,0.0,0.0,1.0,00-0038626,B.Robbins
2023_01_CIN_CLE,REG,1,CIN,41.0,0.0,0.0,1.0,00-0038626,B.Robbins
2023_01_CIN_CLE,REG,1,CIN,37.0,0.0,0.0,1.0,00-0038626,B.Robbins
2023_01_CIN_CLE,REG,1,CLE,36.0,0.0,0.0,1.0,00-0034721,C.Bojorquez
2023_01_CIN_CLE,REG,1,CIN,38.0,0.0,0.0,1.0,00-0038626,B.Robbins
2023_01_CIN_CLE,REG,1,CLE,56.0,0.0,1.0,1.0,00-0034721,C.Bojorquez
2023_01_CIN_CLE,REG,1,CIN,54.0,0.0,0.0,1.0,00-0038626,B.Robbins
2023_01_CIN_CLE,REG,1,CLE,33.0,0.0,0.0,1.0,00-0034721,C.Bojorquez
2023_01_CIN_CLE,REG,1,CIN,44.0,0.0,0.0,1.0,00-0038626,B.Robbins
2023_01_CIN_CLE,REG,1,CLE,30.0,0.0,0.0,1.0,00-0034721,C.Bojorquez
2023_01_CIN_CLE,REG,1,CIN,22.0,0.0,0.0,1.0,00-0038626,B.Robbins
2023_01_CIN_CLE,REG,1,CIN,52.0,0.0,0.0,1.0,00-0038626,B.Robbins
2023_01_CIN_CLE,REG,1,CLE,57.0,0.0,0.0,1.0,00-0034721,C.Bojorquez
2023_01_CIN_CLE,REG,1,CIN,41.0,0.0,1.0,1.0,00-0038626,B.Robbins
2023_01_CIN_CLE,REG,1,CLE,53.0,0.0,1.0,1.0,00-0034721,C.Bojorquez
2023_01_DAL_NYG,REG,1,NYG,59.0,0.0,0.0,1.0,00-0035042,J.Gillan
2023_01_DAL_NYG,REG,1,NYG,62.0,0.0,0.0,1.0,00-0035042,J.Gillan
2023_01_DAL_NYG,REG,1,DAL,48.0,0.0,0.0,1.0,00-0029692,B.Anger
2023_01_DAL_NYG,REG,1,NYG,39.0,0.0,0.0,1.0,00-0035042,J.Gillan
2023_01_DAL_NYG,REG,1,DAL,56.0,0.0,0.0,1.0,00-0029692,B.Anger
2023_01_DAL_NYG,REG,1,DAL,42.0,0.0,1.0,1.0,00-0029692,B.Anger
2023_01_DET_KC,REG,1,DET,61.0,0.0,1.0,1.0,00-0035156,J.Fox
2023_01_DET_KC,REG,1,KC,53.0,0.0,1.0,1.0,00-0035889,T.Townsend
2023_01_DET_KC,REG,1,KC,47.0,0.0,0.0,1.0,00-0035889,T.Townsend
2023_01_DET_KC,REG,1,DET,40.0,0.0,1.0,1.0,00-0035156,J.Fox
2023_01_DET_KC,REG,1,KC,54.0,0.0,1.0,1.0,00-0035889,T.Townsend
2023_01_DET_KC,REG,1,DET,47.0,0.0,0.0,1.0,00-0035156,J.Fox
2023_01_DET_KC,REG,1,KC,58.0,0.0,1.0,1.0,00-0035889,T.Townsend
2023_01_DET_KC,REG,1,DET,30.0,0.0,1.0,1.0,00-0035156,J.Fox
2023_01_DET_KC,REG,1,DET,44.0,0.0,0.0,1.0,00-0035156,J.Fox
2023_01_DET_KC,REG,1,KC,35.0,0.0,0.0,1.0,00-0035889,T.Townsend
2023_01_GB_CHI,REG,1,GB,42.0,0.0,0.0,1.0,00-0037547,D.Whelan
2023_01_GB_CHI,REG,1,GB,68.0,0.0,0.0,1.0,00-0037547,D.Whelan
2023_01_GB_CHI,REG,1,CHI,53.0,0.0,0.0,1.0,00-0037097,T.Gill
2023_01_GB_CHI,REG,1,GB,42.0,0.0,1.0,1.0,00-0037547,D.Whelan
2023_01_GB_CHI,REG,1,CHI,51.0,0.0,0.0,1.0,00-0037097,T.Gill
2023_01_GB_CHI,REG,1,CHI,54.0,0.0,0.0,1.0,00-0037097,T.Gill
2023_01_GB_CHI,REG,1,GB,41.0,0.0,0.0,1.0,00-0037547,D.Whelan
2023_01_GB_CHI,REG,1,CHI,54.0,0.0,1.0,1.0,00-0037097,T.Gill
2023_01_GB_CHI,REG,1,GB,56.0,0.0,0.0,1.0,00-0037547,D.Whelan
2023_01_HOU_BAL,REG,1,BAL,67.0,0.0,0.0,1.0,00-0038094,J.Stout
2023_01_HOU_BAL,REG,1,HOU,39.0,0.0,0.0,1.0,00-0038490,T.Zentner
2023_01_HOU_BAL,REG,1,HOU,41.0,0.0,0.0,1.0,00-0038490,T.Zentner
2023_01_HOU_BAL,REG,1,BAL,50.0,0.0,1.0,1.0,00-0038094,J.Stout
2023_01_HOU_BAL,REG,1,BAL,49.0,0.0,1.0,1.0,00-0038094,J.Stout
2023_01_HOU_BAL,REG,1,HOU,48.0,0.0,0.0,1.0,00-0038490,T.Zentner
2023_01_HOU_BAL,REG,1,HOU,48.0,0.0,0.0,1.0,00-0038490,T.Zentner
2023_01_HOU_BAL,REG,1,BAL,43.0,0.0,0.0,1.0,00-0038094,J.Stout
2023_01_HOU_BAL,REG,1,BAL,40.0,0.0,1.0,1.0,00-0038094,J.Stout
2023_01_JAX_IND,REG,1,IND,38.0,0.0,0.0,1.0,00-0033269,R.Sanchez
2023_01_JAX_IND,REG,1,JAX,51.0,0.0,1.0,1.0,00-0034437,L.Cooke
2023_01_JAX_IND,REG,1,IND,46.0,0.0,0.0,1.0,00-0033269,R.Sanchez
2023_01_JAX_IND,REG,1,JAX,44.0,0.0,0.0,1.0,00-0034437,L.Cooke
2023_01_JAX_IND,REG,1,JAX,35.0,0.0,1.0,1.0,00-0034437,L.Cooke
2023_01_JAX_IND,REG,1,JAX,52.0,0.0,0.0,1.0,00-0034437,L.Cooke
2023_01_JAX_IND,REG,1,IND,37.0,0.0,0.0,1.0,00-0033269,R.Sanchez
2023_01_JAX_IND,REG,1,JAX,41.0,0.0,0.0,1.0,00-0034437,L.Cooke
2023_01_JAX_IND,REG,1,IND,43.0,0.0,0.0,1.0,00-0033269,R.Sanchez
2023_01_JAX_IND,REG,1,IND,44.0,0.0,0.0,1.0,00-0033269,R.Sanchez
2023_01_LA_SEA,REG,1,LAR,45.0,0.0,0.0,1.0,00-0039059,E.Evans
2023_01_LA_SEA,REG,1,SEA,65.0,0.0,0.0,1.0,00-0034160,M.Dickson
2023_01_LA_SEA,REG,1,SEA,44.0,0.0,0.0,1.0,00-0034160,M.Dickson
2023_01_LA_SEA,REG,1,SEA,73.0,0.0,0.0,1.0,00-0034160,M.Dickson
2023_01_LA_SEA,REG,1,SEA,54.0,0.0,0.0,1.0,00-0034160,M.Dickson
2023_01_LV_DEN,REG,1,DEN,43.0,0.0,1.0,1.0,00-0032943,R.Dixon
2023_01_LV_DEN,REG,1,LV,49.0,0.0,0.0,1.0,00-0035190,A.Cole
2023_01_LV_DEN,REG,1,DEN,37.0,0.0,0.0,1.0,00-0032943,R.Dixon
2023_01_MIA_LAC,REG,1,LAC,49.0,0.0,0.0,1.0,00-0034162,J.Scott
2023_01_MIA_LAC,REG,1,MIA,38.0,0.0,0.0,1.0,00-0035280,J.Bailey
2023_01_MIA_LAC,REG,1,LAC,62.0,0.0,0.0,1.0,00-0034162,J.Scott
2023_01_MIA_LAC,REG,1,LAC,34.0,0.0,0.0,1.0,00-0034162,J.Scott
2023_01_PHI_NE,REG,1,NE,39.0,0.0,1.0,1.0,00-0038610,B.Baringer
2023_01_PHI_NE,REG,1,PHI,50.0,0.0,0.0,1.0,00-0036013,A.Siposs
2023_01_PHI_NE,REG,1,NE,36.0,0.0,1.0,1.0,00-0038610,B.Baringer
2023_01_PHI_NE,REG,1,PHI,46.0,0.0,0.0,1.0,00-0036013,A.Siposs
2023_01_PHI_NE,REG,1,NE,43.0,0.0,1.0,1.0,00-0038610,B.Baringer
2023_01_PHI_NE,REG,1,PHI,54.0,0.0,0.0,1.0,00-0036013,A.Siposs
2023_01_PHI_NE,REG,1,PHI,47.0,0.0,0.0,1.0,00-0036013,A.Siposs
2023_01_PHI_NE,REG,1,NE,65.0,0.0,0.0,1.0,00-0038610,B.Baringer
2023_01_PHI_NE,REG,1,NE,43.0,0.0,0.0,1.0,00-0038610,B.Baringer
2023_01_SF_PIT,REG,1,PIT,34.0,0.0,0.0,1.0,00-0036847,P.Harvin
2023_01_SF_PIT,REG,1,PIT,54.0,0.0,0.0,1.0,00-0036847,P.Harvin
2023_01_SF_PIT,REG,1,PIT,57.0,0.0,0.0,1.0,00-0036847,P.Harvin
2023_01_SF_PIT,REG,1,PIT,36.0,0.0,0.0,1.0,00-0036847,P.Harvin
2023_01_SF_PIT,REG,1,SF,37.0,0.0,1.0,1.0,00-0034941,M.Wishnowsky
2023_01_SF_PIT,REG,1,PIT,28.0,0.0,1.0,1.0,00-0036847,P.Harvin
2023_01_SF_PIT,REG,1,SF,56.0,0.0,1.0,1.0,00-0034941,M.Wishnowsky
2023_01_SF_PIT,REG,1,PIT,45.0,0.0,0.0,1.0,00-0036847,P.Harvin
2023_01_SF_PIT,REG,1,SF,41.0,0.0,1.0,1.0,00-0034941,M.Wishnowsky
2023_01_TB_MIN,REG,1,MIN,52.0,0.0,0.0,1.0,00-0037500,R.Wright
2023_01_TB_MIN,REG,1,TB,53.0,0.0,1.0,1.0,00-0038042,J.Camarda
2023_01_TB_MIN,REG,1,TB,42.0,0.0,0.0,1.0,00-0038042,J.Camarda
2023_01_TB_MIN,REG,1,MIN,55.0,0.0,0.0,1.0,00-0037500,R.Wright
2023_01_TB_MIN,REG,1,TB,63.0,0.0,0.0,1.0,00-0038042,J.Camarda
2023_01_TB_MIN,REG,1,TB,50.0,0.0,0.0,1.0,00-0038042,J.Camarda
2023_01_TB_MIN,REG,1,TB,59.0,0.0,1.0,1.0,00-0038042,J.Camarda
2023_01_TB_MIN,REG,1,MIN,38.0,0.0,0.0,1.0,00-0037500,R.Wright
2023_01_TB_MIN,REG,1,TB,60.0,0.0,0.0,1.0,00-0038042,J.Camarda
2023_01_TB_MIN,REG,1,MIN,54.0,0.0,0.0,1.0,00-0037500,R.Wright
2023_01_TB_MIN,REG,1,MIN,58.0,0.0,0.0,1.0,00-0037500,R.Wright
2023_01_TEN_NO,REG,1,NO,51.0,0.0,0.0,1.0,00-0038906,L.Hedley
2023_01_TEN_NO,REG,1,TEN,62.0,0.0,1.0,1.0,00-0037607,R.Stonehouse
2023_01_TEN_NO,REG,1,NO,52.0,0.0,0.0,1.0,00-0038906,L.Hedley
2023_01_TEN_NO,REG,1,TEN,1.0,0.0,0.0,1.0,00-0037607,R.Stonehouse
2023_01_TEN_NO,REG,1,NO,49.0,0.0,0.0,1.0,00-0038906,L.Hedley
2023_01_TEN_NO,REG,1,TEN,44.0,0.0,0.0,1.0,00-0037607,R.Stonehouse
2023_01_TEN_NO,REG,1,NO,45.0,0.0,1.0,1.0,00-0038906,L.Hedley
2023_01_TEN_NO,REG,1,NO,44.0,0.0,0.0,1.0,00-0038906,L.Hedley
2023_02_BAL_CIN,REG,2,CIN,40.0,0.0,0.0,1.0,00-0038626,B.Robbins
2023_02_BAL_CIN,REG,2,CIN,39.0,0.0,1.0,1.0,00-0038626,B.Robbins
2023_02_BAL_CIN,REG,2,BAL,54.0,0.0,0.0,1.0,00-0038094,J.Stout
2023_02_BAL_CIN,REG,2,CIN,41.0,0.0,0.0,1.0,00-0038626,B.Robbins
2023_02_BAL_CIN,REG,2,BAL,63.0,0.0,0.0,1.0,00-0038094,J.Stout
2023_02_CHI_TB,REG,2,CHI,47.0,0.0,0.0,1.0,00-0037097,T.Gill
2023_02_CHI_TB,REG,2,CHI,55.0,0.0,1.0,1.0,00-0037097,T.Gill
2023_02_CHI_TB,REG,2,TB,72.0,0.0,0.0,1.0,00-0038042,J.Camarda
2023_02_CHI_TB,REG,2,CHI,47.0,0.0,0.0,1.0,00-0037097,T.Gill
2023_02_CHI_TB,REG,2,CHI,34.0,0.0,0.0,1.0,00-0037097,T.Gill
2023_02_CHI_TB,REG,2,TB,55.0,0.0,1.0,1.0,00-0038042,J.Camarda
2023_02_CHI_TB,REG,2,CHI,49.0,0.0,0.0,1.0,00-0037097,T.Gill
2023_02_CHI_TB,REG,2,TB,48.0,0.0,1.0,1.0,00-0038042,J.Camarda
2023_02_CHI_TB,REG,2,TB,36.0,0.0,1.0,1.0,00-0038042,J.Camarda
2023_02_CLE_PIT,REG,2,PIT,55.0,0.0,1.0,1.0,00-0036847,P.Harvin
2023_02_CLE_PIT,REG,2,PIT,31.0,0.0,1.0,1.0,00-0036847,P.Harvin
2023_02_CLE_PIT,REG,2,CLE,46.0,0.0,0.0,1.0,00-0034721,C.Bojorquez
2023_02_CLE_PIT,REG,2,CLE,54.0,0.0,1.0,1.0,00-0034721,C.Bojorquez
2023_02_CLE_PIT,REG,2,CLE,44.0,0.0,0.0,1.0,00-0034721,C.Bojorquez
2023_02_CLE_PIT,REG,2,PIT,41.0,0.0,0.0,1.0,00-0036847,P.Harvin
2023_02_CLE_PIT,REG,2,PIT,48.0,0.0,0.0,1.0,00-0036847,P.Harvin
2023_02_CLE_PIT,REG,2,CLE,52.0,0.0,0.0,1.0,00-0034721,C.Bojorquez
2023_02_CLE_PIT,REG,2,PIT,40.0,0.0,1.0,1.0,00-0036847,P.Harvin
2023_02_CLE_PIT,REG,2,PIT,61.0,0.0,1.0,1.0,00-0036847,P.Harvin
2023_02_CLE_PIT,REG,2,CLE,42.0,0.0,0.0,1.0,00-0034721,C.Bojorquez
2023_02_CLE_PIT,REG,2,PIT,44.0,0.0,0.0,1.0,00-0036847,P.Harvin
2023_02_GB_ATL,REG,2,GB,38.0,0.0,0.0,1.0,00-0037547,D.Whelan
2023_02_GB_ATL,REG,2,GB,45.0,0.0,0.0,1.0,00-0037547,D.Whelan
2023_02_GB_ATL,REG,2,ATL,45.0,0.0,0.0,1.0,00-0032065,B.Pinion
2023_02_GB_ATL,REG,2,GB,57.0,0.0,0.0,1.0,00-0037547,D.Whelan
2023_02_GB_ATL,REG,2,GB,59.0,0.0,0.0,1.0,00-0037547,D.Whelan
2023_02_IND_HOU,REG,2,IND,38.0,0.0,0.0,1.0,00-0033269,R.Sanchez
2023_02_IND_HOU,REG,2,HOU,40.0,0.0,0.0,1.0,00-0038490,T.Zentner
2023_02_IND_HOU,REG,2,IND,51.0,0.0,0.0,1.0,00-0033269,R.Sanchez
2023_02_IND_HOU,REG,2,HOU,36.0,0.0,0.0,1.0,00-0038490,T.Zentner
2023_02_IND_HOU,REG,2,HOU,51.0,0.0,0.0,1.0,00-0038490,T.Zentner
2023_02_IND_HOU,REG,2,IND,47.0,0.0,0.0,1.0,00-0033269,R.Sanchez
2023_02_IND_HOU,REG,2,IND,41.0,0.0,1.0,1.0,00-0033269,R.Sanchez
2023_02_IND_HOU,REG,2,IND,43.0,0.0,1.0,1.0,00-0033269,R.Sanchez
2023_02_KC_JAX,REG,2,JAX,36.0,0.0,1.0,1.0,00-0034437,L.Cooke
2023_02_KC_JAX,REG,2,KC,50.0,0.0,0.0,1.0,00-0035889,T.Townsend
2023_02_KC_JAX,REG,2,JAX,54.0,0.0,1.0,1.0,00-0034437,L.Cooke
2023_02_KC_JAX,REG,2,KC,35.0,0.0,1.0,1.0,00-0035889,T.Townsend
2023_02_KC_JAX,REG,2,JAX,50.0,0.0,1.0,1.0,00-0034437,L.Cooke
2023_02_KC_JAX,REG,2,JAX,57.0,0.0,1.0,1.0,00-0034437,L.Cooke
2023_02_KC_JAX,REG,2,KC,50.0,0.0,0.0,1.0,00-0035889,T.Townsend
2023_02_KC_JAX,REG,2,JAX,46.0,0.0,0.0,1.0,00-0034437,L.Cooke
2023_02_KC_JAX,REG,2,KC,58.0,0.0,0.0,1.0,00-0035889,T.Townsend
2023_02_LAC_TEN,REG,2,LAC,40.0,0.0,0.0,1.0,00-0034162,J.Scott
2023_02_LAC_TEN,REG,2,TEN,60.0,0.0,0.0,1.0,00-0037607,R.Stonehouse
2023_02_LAC_TEN,REG,2,LAC,29.0,0.0,1.0,1.0,00-0034162,J.Scott
2023_02_LAC_TEN,REG,2,TEN,63.0,0.0,0.0,1.0,00-0037607,R.Stonehouse
2023_02_LAC_TEN,REG,2,LAC,45.0,0.0,1.0,1.0,00-0034162,J.Scott
2023_02_LAC_TEN,REG,2,TEN,63.0,0.0,0.0,1.0,00-0037607,R.Stonehouse
2023_02_LAC_TEN,REG,2,TEN,58.0,0.0,0.0,1.0,00-0037607,R.Stonehouse
2023_02_LAC_TEN,REG,2,LAC,44.0,0.0,1.0,1.0,00-0034162,J.Scott
2023_02_LAC_TEN,REG,2,TEN,62.0,0.0,0.0,1.0,00-0037607,R.Stonehouse
2023_02_LAC_TEN,REG,2,LAC,29.0,0.0,1.0,1.0,00-0034162,J.Scott
2023_02_LAC_TEN,REG,2,LAC,47.0,0.0,0.0,1.0,00-0034162,J.Scott
2023_02_LV_BUF,REG,2,BUF,54.0,0.0,1.0,1.0,00-0030092,S.Martin
2023_02_LV_BUF,REG,2,LV,48.0,0.0,1.0,1.0,00-0035190,A.Cole
2023_02_LV_BUF,REG,2,LV,48.0,0.0,0.0,1.0,00-0035190,A.Cole
2023_02_LV_BUF,REG,2,LV,53.0,0.0,1.0,1.0,00-0035190,A.Cole
2023_02_MIA_NE,REG,2,NE,39.0,0.0,1.0,1.0,00-0038610,B.Baringer
2023_02_MIA_NE,REG,2,NE,58.0,0.0,1.0,1.0,00-0038610,B.Baringer
2023_02_MIA_NE,REG,2,MIA,37.0,0.0,0.0,1.0,00-0035280,J.Bailey
2023_02_MIA_NE,REG,2,MIA,55.0,0.0,0.0,1.0,00-0035280,J.Bailey
2023_02_MIA_NE,REG,2,NE,38.0,0.0,1.0,1.0,00-0038610,B.Baringer
2023_02_MIA_NE,REG,2,MIA,52.0,0.0,0.0,1.0,00-0035280,J.Bailey
2023_02_MIA_NE,REG,2,NE,57.0,0.0,0.0,1.0,00-0038610,B.Baringer
2023_02_MIN_PHI,REG,2,MIN,51.0,0.0,1.0,1.0,00-0037500,R.Wright
2023_02_MIN_PHI,REG,2,PHI,40.0,0.0,0.0,1.0,00-0036013,A.Siposs
2023_02_MIN_PHI,REG,2,MIN,49.0,0.0,0.0,1.0,00-0037500,R.Wright
2023_02_MIN_PHI,REG,2,PHI,44.0,0.0,0.0,1.0,00-0036013,A.Siposs
2023_02_MIN_PHI,REG,2,MIN,57.0,0.0,1.0,1.0,00-0037500,R.Wright
2023_02_MIN_PHI,REG,2,PHI,35.0,0.0,1.0,1.0,00-0036013,A.Siposs
2023_02_MIN_PHI,REG,2,PHI,31.0,0.0,1.0,1.0,00-0036013,A.Siposs
2023_02_NO_CAR,REG,2,NO,29.0,0.0,0.0,1.0,00-0038906,L.Hedley
2023_02_NO_CAR,REG,2,CAR,43.0,0.0,0.0,1.0,00-0028872,J.Hekker
2023_02_NO_CAR,REG,2,CAR,47.0,0.0,0.0,1.0,00-0028872,J.Hekker
2023_02_NO_CAR,REG,2,NO,40.0,0.0,1.0,1.0,00-0038906,L.Hedley
2023_02_NO_CAR,REG,2,CAR,47.0,0.0,0.0,1.0,00-0028872,J.Hekker
2023_02_NO_CAR,REG,2,NO,45.0,0.0,1.0,1.0,00-0038906,L.Hedley
2023_02_NO_CAR,REG,2,CAR,48.0,0.0,1.0,1.0,00-0028872,J.Hekker
2023_02_NO_CAR,REG,2,NO,47.0,0.0,0.0,1.0,00-0038906,L.Hedley
2023_02_NO_CAR,REG,2,CAR,54.0,0.0,1.0,1.0,00-0028872,J.Hekker
2023_02_NO_CAR,REG,2,NO,49.0,0.0,0.0,1.0,00-0038906,L.Hedley
2023_02_NYG_ARI,REG,2,NYG,33.0,0.0,1.0,1.0,00-0035042,J.Gillan
2023_02_NYG_ARI,REG,2,NYG,36.0,0.0,0.0,1.0,00-0035042,J.Gillan
2023_02_NYG_ARI,REG,2,NYG,42.0,0.0,0.0,1.0,00-0035042,J.Gillan
2023_02_NYG_ARI,REG,2,ARI,44.0,0.0,0.0,1.0,00-0036539,N.Cooney
2023_02_NYG_ARI,REG,2,ARI,54.0,0.0,0.0,1.0,00-0036539,N.Cooney
2023_02_NYG_ARI,REG,2,ARI,48.0,0.0,0.0,1.0,00-0036539,N.Cooney
2023_02_NYJ_DAL,REG,2,NYJ,46.0,0.0,0.0,1.0,00-0027114,T.Morstead
2023_02_NYJ_DAL,REG,2,DAL,50.0,0.0,1.0,1.0,00-0029692,B.Anger
2023_02_NYJ_DAL,REG,2,NYJ,58.0,0.0,1.0,1.0,00-0027114,T.Morstead
2023_02_NYJ_DAL,REG,2,NYJ,46.0,0.0,0.0,1.0,00-0027114,T.Morstead
2023_02_NYJ_DAL,REG,2,DAL,50.0,0.0,0.0,1.0,00-0029692,B.Anger
2023_02_NYJ_DAL,REG,2,NYJ,38.0,0.0,0.0,1.0,00-0027114,T.Morstead
2023_02_NYJ_DAL,REG,2,NYJ,53.0,0.0,0.0,1.0,00-0027114,T.Morstead
2023_02_NYJ_DAL,REG,2,DAL,55.0,0.0,0.0,1.0,00-0029692,B.Anger
2023_02_SEA_DET,REG,2,SEA,51.0,0.0,1.0,1.0,00-0034160,M.Dickson
2023_02_SEA_DET,REG,2,SEA,37.0,0.0,1.0,1.0,00-0034160,M.Dickson
2023_02_SEA_DET,REG,2,DET,53.0,0.0,0.0,1.0,00-0035156,J.Fox
2023_02_SEA_DET,REG,2,SEA,64.0,0.0,0.0,1.0,00-0034160,M.Dickson
2023_02_SF_LA,REG,2,SF,33.0,0.0,1.0,1.0,00-0034941,M.Wishnowsky
2023_02_SF_LA,REG,2,LAR,36.0,0.0,1.0,1.0,00-0039059,E.Evans
2023_02_SF_LA,REG,2,SF,62.0,0.0,0.0,1.0,00-0034941,M.Wishnowsky
2023_02_SF_LA,REG,2,LAR,72.0,0.0,0.0,1.0,00-0039059,E.Evans
2023_02_SF_LA,REG,2,SF,67.0,0.0,0.0,1.0,00-0034941,M.Wishnowsky
2023_02_SF_LA,REG,2,SF,35.0,0.0,1.0,1.0,00-0034941,M.Wishnowsky
2023_02_WAS_DEN,REG,2,WAS,66.0,0.0,1.0,1.0,00-0030140,T.Way
2023_02_WAS_DEN,REG,2,WAS,59.0,0.0,0.0,1.0,00-0030140,T.Way
2023_02_WAS_DEN,REG,2,DEN,44.0,0.0,0.0,1.0,00-0032943,R.Dixon
2023_02_WAS_DEN,REG,2,DEN,46.0,0.0,0.0,1.0,00-0032943,R.Dixon
2023_02_WAS_DEN,REG,2,DEN,44.0,0.0,0.0,1.0,00-0032943,R.Dixon
2023_02_WAS_DEN,REG,2,WAS,43.0,0.0,1.0,1.0,00-0030140,T.Way
2023_03_ATL_DET,REG,3,ATL,57.0,0.0,1.0,1.0,00-0032065,B.Pinion
2023_03_ATL_DET,REG,3,DET,62.0,0.0,0.0,1.0,00-0035156,J.Fox
2023_03_ATL_DET,REG,3,ATL,54.0,0.0,0.0,1.0,00-0032065,B.Pinion
2023_03_ATL_DET,REG,3,ATL,47.0,0.0,0.0,1.0,00-0032065,B.Pinion
2023_03_ATL_DET,REG,3,ATL,52.0,0.0,0.0,1.0,00-0032065,B.Pinion
2023_03_ATL_DET,REG,3,DET,44.0,0.0,0.0,1.0,00-0035156,J.Fox
2023_03_ATL_DET,REG,3,DET,55.0,0.0,1.0,1.0,00-0035156,J.Fox
2023_03_ATL_DET,REG,3,DET,25.0,0.0,1.0,1.0,00-0035156,J.Fox
2023_03_ATL_DET,REG,3,ATL,46.0,0.0,0.0,1.0,00-0032065,B.Pinion
2023_03_ATL_DET,REG,3,DET,37.0,0.0,0.0,1.0,00-0035156,J.Fox
2023_03_ATL_DET,REG,3,ATL,39.0,0.0,0.0,1.0,00-0032065,B.Pinion
2023_03_ATL_DET,REG,3,DET,51.0,0.0,1.0,1.0,00-0035156,J.Fox
2023_03_BUF_WAS,REG,3,BUF,70.0,0.0,0.0,1.0,00-0030092,S.Martin
2023_03_BUF_WAS,REG,3,WAS,57.0,0.0,0.0,1.0,00-0030140,T.Way
2023_03_BUF_WAS,REG,3,WAS,48.0,0.0,0.0,1.0,00-0030140,T.Way
2023_03_BUF_WAS,REG,3,WAS,45.0,0.0,0.0,1.0,00-0030140,T.Way
2023_03_CAR_SEA,REG,3,SEA,51.0,0.0,0.0,1.0,00-0034160,M.Dickson
2023_03_CAR_SEA,REG,3,CAR,49.0,0.0,1.0,1.0,00-0028872,J.Hekker
2023_03_CAR_SEA,REG,3,CAR,45.0,0.0,0.0,1.0,00-0028872,J.Hekker
2023_03_CAR_SEA,REG,3,CAR,45.0,0.0,1.0,1.0,00-0028872,J.Hekker
2023_03_CAR_SEA,REG,3,CAR,58.0,0.0,0.0,1.0,00-0028872,J.Hekker
2023_03_CAR_SEA,REG,3,CAR,49.0,0.0,1.0,1.0,00-0028872,J.Hekker
2023_03_CAR_SEA,REG,3,SEA,42.0,0.0,0.0,1.0,00-0034160,M.Dickson
2023_03_CHI_KC,REG,3,KC,55.0,0.0,1.0,1.0,00-0035889,T.Townsend
2023_03_CHI_KC,REG,3,CHI,58.0,0.0,0.0,1.0,00-0037097,T.Gill
2023_03_CHI_KC,REG,3,CHI,44.0,0.0,0.0,1.0,00-0037097,T.Gill
2023_03_CHI_KC,REG,3,CHI,43.0,0.0,1.0,1.0,00-0037097,T.Gill
2023_03_CHI_KC,REG,3,CHI,47.0,0.0,0.0,1.0,00-0037097,T.Gill
2023_03_CHI_KC,REG,3,CHI,37.0,0.0,0.0,1.0,00-0037097,T.Gill
2023_03_DAL_ARI,REG,3,DAL,52.0,0.0,0.0,1.0,00-0029692,B.Anger
2023_03_DAL_ARI,REG,3,DAL,50.0,0.0,0.0,1.0,00-0029692,B.Anger
2023_03_DAL_ARI,REG,3,ARI,52.0,0.0,0.0,1.0,00-0036539,N.Cooney
2023_03_DAL_ARI,REG,3,ARI,42.0,0.0,0.0,1.0,00-0036539,N.Cooney
2023_03_DEN_MIA,REG,3,DEN,61.0,0.0,1.0,1.0,00-0032943,R.Dixon
2023_03_DEN_MIA,REG,3,DEN,31.0,0.0,1.0,1.0,00-0032943,R.Dixon
2023_03_DEN_MIA,REG,3,DEN,48.0,0.0,1.0,1.0,00-0032943,R.Dixon
2023_03_DEN_MIA,REG,3,DEN,58.0,0.0,0.0,1.0,00-0032943,R.Dixon
2023_03_DEN_MIA,REG,3,MIA,48.0,0.0,0.0,1.0,00-0035280,J.Bailey
2023_03_DEN_MIA,REG,3,DEN,36.0,0.0,0.0,1.0,00-0032943,R.Dixon
2023_03_HOU_JAX,REG,3,HOU,45.0,0.0,0.0,1.0,00-0038490,T.Zentner
2023_03_HOU_JAX,REG,3,JAX,54.0,0.0,0.0,1.0,00-0034437,L.Cooke
2023_03_HOU_JAX,REG,3,HOU,33.0,0.0,1.0,1.0,00-0038490,T.Zentner
2023_03_HOU_JAX,REG,3,JAX,40.0,0.0,1.0,1.0,00-0034437,L.Cooke
2023_03_HOU_JAX,REG,3,HOU,54.0,0.0,0.0,1.0,00-0038490,T.Zentner
2023_03_HOU_JAX,REG,3,HOU,41.0,0.0,0.0,1.0,00-0038490,T.Zentner
2023_03_IND_BAL,REG,3,IND,46.0,0.0,0.0,1.0,00-0033269,R.Sanchez
2023_03_IND_BAL,REG,3,IND,47.0,0.0,0.0,1.0,00-0033269,R.Sanchez
2023_03_IND_BAL,REG,3,IND,39.0,0.0,1.0,1.0,00-0033269,R.Sanchez
2023_03_IND_BAL,REG,3,BAL,65.0,0.0,0.0,1.0,00-0038094,J.Stout
2023_03_IND_BAL,REG,3,BAL,51.0,0.0,0.0,1.0,00-0038094,J.Stout
2023_03_IND_BAL,REG,3,IND,50.0,0.0,1.0,1.0,00-0033269,R.Sanchez
2023_03_IND_BAL,REG,3,BAL,44.0,0.0,0.0,1.0,00-0038094,J.Stout
2023_03_IND_BAL,REG,3,BAL,49.0,0.0,0.0,1.0,00-0038094,J.Stout
2023_03_IND_BAL,REG,3,IND,54.0,0.0,1.0,1.0,00-0033269,R.Sanchez
2023_03_IND_BAL,REG,3,IND,39.0,0.0,0.0,1.0,00-0033269,R.Sanchez
2023_03_IND_BAL,REG,3,BAL,53.0,0.0,1.0,1.0,00-0038094,J.Stout
2023_03_IND_BAL,REG,3,BAL,34.0,0.0,0.0,1.0,00-0038094,J.Stout
2023_03_IND_BAL,REG,3,IND,50.0,0.0,0.0,1.0,00-0033269,R.Sanchez
2023_03_IND_BAL,REG,3,BAL,33.0,0.0,1.0,1.0,00-0038094,J.Stout
2023_03_LAC_MIN,REG,3,LAC,27.0,0.0,0.0,1.0,00-0034162,J.Scott
2023_03_LAC_MIN,REG,3,MIN,53.0,0.0,0.0,1.0,00-0037500,R.Wright
2023_03_LAC_MIN,REG,3,LAC,33.0,0.0,0.0,1.0,00-0034162,J.Scott
2023_03_LAC_MIN,REG,3,MIN,46.0,0.0,1.0,1.0,00-0037500,R.Wright
2023_03_LAC_MIN,REG,3,MIN,46.0,0.0,0.0,1.0,00-0037500,R.Wright
2023_03_LAC_MIN,REG,3,LAC,52.0,0.0,1.0,1.0,00-0034162,J.Scott
2023_03_LA_CIN,REG,3,CIN,46.0,0.0,0.0,1.0,00-0038626,B.Robbins
2023_03_LA_CIN,REG,3,LAR,51.0,0.0,0.0,1.0,00-0039059,E.Evans
2023_03_LA_CIN,REG,3,CIN,34.0,0.0,0.0,1.0,00-0038626,B.Robbins
2023_03_LA_CIN,REG,3,LAR,45.0,0.0,1.0,1.0,00-0039059,E.Evans
2023_03_LA_CIN,REG,3,CIN,46.0,0.0,0.0,1.0,00-0038626,B.Robbins
2023_03_LA_CIN,REG,3,CIN,44.0,0.0,1.0,1.0,00-0038626,B.Robbins
2023_03_LA_CIN,REG,3,LAR,51.0,0.0,0.0,1.0,00-0039059,E.Evans
2023_03_LA_CIN,REG,3,LAR,58.0,0.0,0.0,1.0,00-0039059,E.Evans
2023_03_LA_CIN,REG,3,LAR,55.0,0.0,0.0,1.0,00-0039059,E.Evans
2023_03_LA_CIN,REG,3,LAR,46.0,0.0,0.0,1.0,00-0039059,E.Evans
2023_03_LA_CIN,REG,3,CIN,41.0,0.0,0.0,1.0,00-0038626,B.Robbins
2023_03_NE_NYJ,REG,3,NYJ,38.0,0.0,0.0,1.0,00-0027114,T.Morstead
2023_03_NE_NYJ,REG,3,NYJ,52.0,0.0,0.0,1.0,00-0027114,T.Morstead
2023_03_NE_NYJ,REG,3,NE,39.0,0.0,1.0,1.0,00-0038610,B.Baringer
2023_03_NE_NYJ,REG,3,NYJ,52.0,0.0,0.0,1.0,00-0027114,T.Morstead
2023_03_NE_NYJ,REG,3,NYJ,58.0,0.0,0.0,1.0,00-0027114,T.Morstead
2023_03_NE_NYJ,REG,3,NYJ,54.0,0.0,1.0,1.0,00-0027114,T.Morstead
2023_03_NE_NYJ,REG,3,NE,42.0,0.0,0.0,1.0,00-0038610,B.Baringer
2023_03_NE_NYJ,REG,3,NYJ,55.0,0.0,0.0,1.0,00-0027114,T.Morstead
2023_03_NE_NYJ,REG,3,NE,48.0,0.0,0.0,1.0,00-0038610,B.Baringer
2023_03_NE_NYJ,REG,3,NYJ,48.0,0.0,0.0,1.0,00-0027114,T.Morstead
2023_03_NE_NYJ,REG,3,NE,49.0,0.0,0.0,1.0,00-0038610,B.Baringer
2023_03_NE_NYJ,REG,3,NYJ,53.0,0.0,0.0,1.0,00-0027114,T.Morstead
2023_03_NE_NYJ,REG,3,NE,32.0,0.0,1.0,1.0,00-0038610,B.Baringer
2023_03_NE_NYJ,REG,3,NE,40.0,0.0,1.0,1.0,00-0038610,B.Baringer
2023_03_NE_NYJ,REG,3,NE,50.0,0.0,0.0,1.0,00-0038610,B.Baringer
2023_03_NE_NYJ,REG,3,NE,22.0,0.0,1.0,1.0,00-0038610,B.Baringer
2023_03_NO_GB,REG,3,NO,38.0,0.0,0.0,1.0,00-0038906,L.Hedley
2023_03_NO_GB,REG,3,GB,38.0,0.0,1.0,1.0,00-0037547,D.Whelan
2023_03_NO_GB,REG,3,NO,49.0,0.0,0.0,1.0,00-0038906,L.Hedley
2023_03_NO_GB,REG,3,GB,40.0,0.0,0.0,1.0,00-0037547,D.Whelan
2023_03_NO_GB,REG,3,GB,30.0,0.0,1.0,1.0,00-0037547,D.Whelan
2023_03_NO_GB,REG,3,NO,47.0,0.0,1.0,1.0,00-0038906,L.Hedley
2023_03_NO_GB,REG,3,GB,45.0,0.0,0.0,1.0,00-0037547,D.Whelan
2023_03_NO_GB,REG,3,NO,37.0,0.0,1.0,1.0,00-0038906,L.Hedley
2023_03_NO_GB,REG,3,NO,35.0,0.0,0.0,1.0,00-0038906,L.Hedley
2023_03_NO_GB,REG,3,NO,41.0,0.0,0.0,1.0,00-0038906,L.Hedley
2023_03_NO_GB,REG,3,NO,46.0,0.0,0.0,1.0,00-0038906,L.Hedley
2023_03_NYG_SF,REG,3,SF,43.0,0.0,1.0,1.0,00-0034941,M.Wishnowsky
2023_03_NYG_SF,REG,3,NYG,60.0,0.0,0.0,1.0,00-0035042,J.Gillan
2023_03_NYG_SF,REG,3,NYG,48.0,0.0,0.0,1.0,00-0035042,J.Gillan
2023_03_NYG_SF,REG,3,NYG,49.0,0.0,1.0,1.0,00-0035042,J.Gillan
2023_03_NYG_SF,REG,3,SF,46.0,0.0,0.0,1.0,00-0034941,M.Wishnowsky
2023_03_NYG_SF,REG,3,NYG,49.0,0.0,0.0,1.0,00-0035042,J.Gillan
2023_03_NYG_SF,REG,3,NYG,58.0,0.0,0.0,1.0,00-0035042,J.Gillan
2023_03_NYG_SF,REG,3,SF,39.0,0.0,1.0,1.0,00-0034941,M.Wishnowsky
2023_03_NYG_SF,REG,3,NYG,52.0,0.0,0.0,1.0,00-0035042,J.Gillan
2023_03_PHI_TB,REG,3,TB,48.0,0.0,0.0,1.0,00-0038042,J.Camarda
2023_03_PHI_TB,REG,3,TB,60.0,0.0,0.0,1.0,00-0038042,J.Camarda
2023_03_PHI_TB,REG,3,TB,74.0,0.0,1.0,1.0,00-0038042,J.Camarda
2023_03_PHI_TB,REG,3,PHI,38.0,0.0,1.0,1.0,00-0036313,B.Mann
2023_03_PHI_TB,REG,3,TB,48.0,0.0,1.0,1.0,00-0038042,J.Camarda
2023_03_PIT_LV,REG,3,PIT,57.0,0.0,1.0,1.0,00-0036847,P.Harvin
2023_03_PIT_LV,REG,3,LV,48.0,0.0,0.0,1.0,00-0035190,A.Cole
2023_03_PIT_LV,REG,3,PIT,59.0,0.0,0.0,1.0,00-0036847,P.Harvin
2023_03_PIT_LV,REG,3,LV,50.0,0.0,0.0,1.0,00-0035190,A.Cole
2023_03_PIT_LV,REG,3,PIT,47.0,0.0,1.0,1.0,00-0036847,P.Harvin
2023_03_PIT_LV,REG,3,LV,45.0,0.0,0.0,1.0,00-0035190,A.Cole
2023_03_PIT_LV,REG,3,LV,60.0,0.0,0.0,1.0,00-0035190,A.Cole
2023_03_PIT_LV,REG,3,LV,59.0,0.0,1.0,1.0,00-0035190,A.Cole
2023_03_PIT_LV,REG,3,PIT,63.0,0.0,0.0,1.0,00-0036847,P.Harvin
2023_03_PIT_LV,REG,3,PIT,41.0,0.0,0.0,1.0,00-0036847,P.Harvin
2023_03_PIT_LV,REG,3,PIT,56.0,0.0,1.0,1.0,00-0036847,P.Harvin
2023_03_TEN_CLE,REG,3,TEN,49.0,0.0,1.0,1.0,00-0037607,R.Stonehouse
2023_03_TEN_CLE,REG,3,CLE,48.0,0.0,0.0,1.0,00-0034721,C.Bojorquez
2023_03_TEN_CLE,REG,3,TEN,45.0,0.0,1.0,1.0,00-0037607,R.Stonehouse
2023_03_TEN_CLE,REG,3,TEN,48.0,0.0,0.0,1.0,00-0037607,R.Stonehouse
2023_03_TEN_CLE,REG,3,TEN,48.0,0.0,1.0,1.0,00-0037607,R.Stonehouse
2023_03_TEN_CLE,REG,3,TEN,54.0,0.0,1.0,1.0,00-0037607,R.Stonehouse
2023_03_TEN_CLE,REG,3,CLE,38.0,0.0,1.0,1.0,00-0034721,C.Bojorquez
2023_03_TEN_CLE,REG,3,TEN,74.0,0.0,0.0,1.0,00-0037607,R.Stonehouse
2023_03_TEN_CLE,REG,3,TEN,56.0,0.0,0.0,1.0,00-0037607,R.Stonehouse
2023_03_TEN_CLE,REG,3,CLE,53.0,0.0,1.0,1.0,00-0034721,C.Bojorquez
2023_04_ARI_SF,REG,4,ARI,49.0,0.0,0.0,1.0,00-0036539,N.Cooney
2023_04_ARI_SF,REG,4,ARI,48.0,0.0,0.0,1.0,00-0036539,N.Cooney
2023_04_ARI_SF,REG,4,SF,45.0,0.0,1.0,1.0,00-0034941,M.Wishnowsky
2023_04_ARI_SF,REG,4,ARI,20.0,0.0,0.0,1.0,00-0036539,N.Cooney
2023_04_ATL_JAX,REG,4,JAX,54.0,0.0,1.0,1.0,00-0034437,L.Cooke
2023_04_ATL_JAX,REG,4,ATL,61.0,0.0,0.0,1.0,00-0032065,B.Pinion
2023_04_ATL_JAX,REG,4,ATL,58.0,0.0,1.0,1.0,00-0032065,B.Pinion
2023_04_ATL_JAX,REG,4,ATL,62.0,0.0,1.0,1.0,00-0032065,B.Pinion
2023_04_ATL_JAX,REG,4,JAX,59.0,0.0,1.0,1.0,00-0034437,L.Cooke
2023_04_ATL_JAX,REG,4,ATL,49.0,0.0,0.0,1.0,00-0032065,B.Pinion
2023_04_ATL_JAX,REG,4,JAX,47.0,0.0,1.0,1.0,00-0034437,L.Cooke
2023_04_ATL_JAX,REG,4,ATL,41.0,0.0,1.0,1.0,00-0032065,B.Pinion
2023_04_BAL_CLE,REG,4,BAL,45.0,0.0,0.0,1.0,00-0038094,J.Stout
2023_04_BAL_CLE,REG,4,CLE,33.0,0.0,0.0,1.0,00-0034721,C.Bojorquez
2023_04_BAL_CLE,REG,4,BAL,44.0,0.0,0.0,1.0,00-0038094,J.Stout
2023_04_BAL_CLE,REG,4,BAL,59.0,0.0,0.0,1.0,00-0038094,J.Stout
2023_04_BAL_CLE,REG,4,CLE,46.0,0.0,0.0,1.0,00-0034721,C.Bojorquez
2023_04_BAL_CLE,REG,4,CLE,38.0,0.0,1.0,1.0,00-0034721,C.Bojorquez
2023_04_BAL_CLE,REG,4,CLE,45.0,0.0,0.0,1.0,00-0034721,C.Bojorquez
2023_04_BAL_CLE,REG,4,CLE,48.0,0.0,0.0,1.0,00-0034721,C.Bojorquez
2023_04_BAL_CLE,REG,4,BAL,40.0,0.0,1.0,1.0,00-0038094,J.Stout
2023_04_BAL_CLE,REG,4,CLE,48.0,0.0,0.0,1.0,00-0034721,C.Bojorquez
2023_04_BAL_CLE,REG,4,BAL,51.0,0.0,1.0,1.0,00-0038094,J.Stout
2023_04_BAL_CLE,REG,4,CLE,48.0,0.0,0.0,1.0,00-0034721,C.Bojorquez
2023_04_BAL_CLE,REG,4,BAL,56.0,0.0,1.0,1.0,00-0038094,J.Stout
2023_04_BAL_CLE,REG,4,CLE,67.0,0.0,0.0,1.0,00-0034721,C.Bojorquez
2023_04_BAL_CLE,REG,4,BAL,39.0,0.0,0.0,1.0,00-0038094,J.Stout
2023_04_CIN_TEN,REG,4,CIN,49.0,0.0,0.0,1.0,00-0038626,B.Robbins
2023_04_CIN_TEN,REG,4,TEN,48.0,0.0,1.0,1.0,00-0037607,R.Stonehouse
2023_04_CIN_TEN,REG,4,CIN,62.0,0.0,0.0,1.0,00-0038626,B.Robbins
2023_04_CIN_TEN,REG,4,CIN,53.0,0.0,0.0,1.0,00-0038626,B.Robbins
2023_04_CIN_TEN,REG,4,CIN,53.0,0.0,0.0,1.0,00-0038626,B.Robbins
2023_04_CIN_TEN,REG,4,TEN,45.0,0.0,1.0,1.0,00-0037607,R.Stonehouse
2023_04_CIN_TEN,REG,4,CIN,40.0,0.0,0.0,1.0,00-0038626,B.Robbins
2023_04_DEN_CHI,REG,4,CHI,34.0,0.0,1.0,1.0,00-0037097,T.Gill
2023_04_DEN_CHI,REG,4,DEN,38.0,0.0,0.0,1.0,00-0032943,R.Dixon
2023_04_DEN_CHI,REG,4,DEN,40.0,0.0,1.0,1.0,00-0032943,R.Dixon
2023_04_DEN_CHI,REG,4,DEN,40.0,0.0,1.0,1.0,00-0032943,R.Dixon
2023_04_DEN_CHI,REG,4,DEN,45.0,0.0,0.0,1.0,00-0032943,R.Dixon
2023_04_DEN_CHI,REG,4,CHI,56.0,0.0,0.0,1.0,00-0037097,T.Gill
2023_04_DET_GB,REG,4,GB,57.0,0.0,0.0,1.0,00-0037547,D.Whelan
2023_04_DET_GB,REG,4,GB,47.0,0.0,0.0,1.0,00-0037547,D.Whelan
2023_04_DET_GB,REG,4,GB,52.0,0.0,0.0,1.0,00-0037547,D.Whelan
2023_04_DET_GB,REG,4,DET,52.0,0.0,1.0,1.0,00-0035156,J.Fox
2023_04_DET_GB,REG,4,GB,52.0,0.0,0.0,1.0,00-0037547,D.Whelan
2023_04_DET_GB,REG,4,DET,42.0,0.0,0.0,1.0,00-0035156,J.Fox
2023_04_DET_GB,REG,4,GB,51.0,0.0,0.0,1.0,00-0037547,D.Whelan
2023_04_DET_GB,REG,4,DET,39.0,0.0,0.0,1.0,00-0035156,J.Fox
2023_04_DET_GB,REG,4,DET,47.0,0.0,0.0,1.0,00-0035156,J.Fox
2023_04_KC_NYJ,REG,4,NYJ,49.0,0.0,0.0,1.0,00-0027114,T.Morstead
2023_04_KC_NYJ,REG,4,NYJ,48.0,0.0,1.0,1.0,00-0027114,T.Morstead
2023_04_KC_NYJ,REG,4,NYJ,49.0,0.0,1.0,1.0,00-0027114,T.Morstead
2023_04_KC_NYJ,REG,4,KC,45.0,0.0,0.0,1.0,00-0035889,T.Townsend
2023_04_KC_NYJ,REG,4,NYJ,37.0,0.0,1.0,1.0,00-0027114,T.Morstead
2023_04_KC_NYJ,REG,4,KC,53.0,0.0,1.0,1.0,00-0035889,T.Townsend
2023_04_KC_NYJ,REG,4,NYJ,31.0,0.0,1.0,1.0,00-0027114,T.Morstead
2023_04_LA_IND,REG,4,IND,54.0,0.0,1.0,1.0,00-0033269,R.Sanchez
2023_04_LA_IND,REG,4,IND,46.0,0.0,0.0,1.0,00-0033269,R.Sanchez
2023_04_LA_IND,REG,4,IND,48.0,0.0,0.0,1.0,00-0033269,R.Sanchez
2023_04_LA_IND,REG,4,LAR,40.0,0.0,1.0,1.0,00-0039059,E.Evans
2023_04_LA_IND,REG,4,LAR,48.0,0.0,0.0,1.0,00-0039059,E.Evans
2023_04_LA_IND,REG,4,IND,45.0,0.0,0.0,1.0,00-0033269,R.Sanchez
2023_04_LA_IND,REG,4,LAR,35.0,0.0,1.0,1.0,00-0039059,E.Evans
2023_04_LV_LAC,REG,4,LV,61.0,0.0,1.0,1.0,00-0035190,A.Cole
2023_04_LV_LAC,REG,4,LAC,23.0,0.0,0.0,1.0,00-0034162,J.Scott
2023_04_LV_LAC,REG,4,LV,61.0,0.0,0.0,1.0,00-0035190,A.Cole
2023_04_LV_LAC,REG,4,LAC,42.0,0.0,0.0,1.0,00-0034162,J.Scott
2023_04_LV_LAC,REG,4,LV,52.0,0.0,0.0,1.0,00-0035190,A.Cole
2023_04_LV_LAC,REG,4,LV,70.0,0.0,1.0,1.0,00-0035190,A.Cole
2023_04_LV_LAC,REG,4,LAC,49.0,0.0,0.0,1.0,00-0034162,J.Scott
2023_04_LV_LAC,REG,4,LV,25.0,0.0,1.0,1.0,00-0035190,A.Cole
2023_04_LV_LAC,REG,4,LAC,46.0,0.0,0.0,1.0,00-0034162,J.Scott
2023_04_MIA_BUF,REG,4,MIA,47.0,0.0,0.0,1.0,00-0035280,J.Bailey
2023_04_MIA_BUF,REG,4,BUF,40.0,0.0,1.0,1.0,00-0030092,S.Martin
2023_04_MIA_BUF,REG,4,MIA,45.0,0.0,0.0,1.0,00-0035280,J.Bailey
2023_04_MIA_BUF,REG,4,MIA,46.0,0.0,0.0,1.0,00-0035280,J.Bailey
2023_04_MIA_BUF,REG,4,BUF,53.0,0.0,0.0,1.0,00-0030092,S.Martin
2023_04_MIN_CAR,REG,4,MIN,52.0,0.0,0.0,1.0,00-0037500,R.Wright
2023_04_MIN_CAR,REG,4,CAR,37.0,0.0,1.0,1.0,00-0028872,J.Hekker
2023_04_MIN_CAR,REG,4,MIN,42.0,0.0,0.0,1.0,00-0037500,R.Wright
2023_04_MIN_CAR,REG,4,CAR,47.0,0.0,0.0,1.0,00-0028872,J.Hekker
2023_04_MIN_CAR,REG,4,CAR,59.0,0.0,1.0,1.0,00-0028872,J.Hekker
2023_04_MIN_CAR,REG,4,MIN,61.0,0.0,0.0,1.0,00-0037500,R.Wright
2023_04_MIN_CAR,REG,4,CAR,42.0,0.0,0.0,1.0,00-0028872,J.Hekker
2023_04_MIN_CAR,REG,4,CAR,44.0,0.0,0.0,1.0,00-0028872,J.Hekker
2023_04_MIN_CAR,REG,4,MIN,61.0,0.0,0.0,1.0,00-0037500,R.Wright
2023_04_NE_DAL,REG,4,DAL,55.0,0.0,1.0,1.0,00-0029692,B.Anger
2023_04_NE_DAL,REG,4,NE,50.0,0.0,0.0,1.0,00-0038610,B.Baringer
2023_04_NE_DAL,REG,4,NE,44.0,0.0,0.0,1.0,00-0038610,B.Baringer
2023_04_NE_DAL,REG,4,NE,46.0,0.0,0.0,1.0,00-0038610,B.Baringer
2023_04_NE_DAL,REG,4,NE,43.0,0.0,1.0,1.0,00-0038610,B.Baringer
2023_04_NE_DAL,REG,4,DAL,57.0,0.0,1.0,1.0,00-0029692,B.Anger
2023_04_NE_DAL,REG,4,NE,42.0,0.0,0.0,1.0,00-0038610,B.Baringer
2023_04_PIT_HOU,REG,4,PIT,41.0,0.0,0.0,1.0,00-0030142,B.Wing
2023_04_PIT_HOU,REG,4,PIT,44.0,0.0,0.0,1.0,00-0030142,B.Wing
2023_04_PIT_HOU,REG,4,PIT,51.0,0.0,0.0,1.0,00-0030142,B.Wing
2023_04_PIT_HOU,REG,4,HOU,42.0,0.0,1.0,1.0,00-0038490,T.Zentner
2023_04_PIT_HOU,REG,4,PIT,52.0,0.0,0.0,1.0,00-0030142,B.Wing
2023_04_PIT_HOU,REG,4,HOU,38.0,0.0,0.0,1.0,00-0038490,T.Zentner
2023_04_PIT_HOU,REG,4,HOU,34.0,0.0,0.0,1.0,00-0038490,T.Zentner
2023_04_PIT_HOU,REG,4,PIT,50.0,0.0,1.0,1.0,00-0030142,B.Wing
2023_04_SEA_NYG,REG,4,SEA,45.0,0.0,0.0,1.0,00-0034160,M.Dickson
2023_04_SEA_NYG,REG,4,NYG,52.0,0.0,0.0,1.0,00-0035042,J.Gillan
2023_04_SEA_NYG,REG,4,SEA,52.0,0.0,1.0,1.0,00-0034160,M.Dickson
2023_04_SEA_NYG,REG,4,NYG,46.0,0.0,1.0,1.0,00-0035042,J.Gillan
2023_04_SEA_NYG,REG,4,SEA,63.0,0.0,1.0,1.0,00-0034160,M.Dickson
2023_04_SEA_NYG,REG,4,NYG,61.0,0.0,1.0,1.0,00-0035042,J.Gillan
2023_04_SEA_NYG,REG,4,NYG,61.0,0.0,0.0,1.0,00-0035042,J.Gillan
2023_04_SEA_NYG,REG,4,NYG,48.0,0.0,0.0,1.0,00-0035042,J.Gillan
2023_04_SEA_NYG,REG,4,SEA,54.0,0.0,1.0,1.0,00-0034160,M.Dickson
2023_04_TB_NO,REG,4,TB,27.0,0.0,1.0,1.0,00-0038042,J.Camarda
2023_04_TB_NO,REG,4,NO,36.0,0.0,0.0,1.0,00-0038906,L.Hedley
2023_04_TB_NO,REG,4,TB,41.0,0.0,1.0,1.0,00-0038042,J.Camarda
2023_04_TB_NO,REG,4,NO,36.0,0.0,1.0,1.0,00-0038906,L.Hedley
2023_04_TB_NO,REG,4,NO,52.0,0.0,1.0,1.0,00-0038906,L.Hedley
2023_04_TB_NO,REG,4,TB,63.0,0.0,0.0,1.0,00-0038042,J.Camarda
2023_04_TB_NO,REG,4,NO,38.0,0.0,1.0,1.0,00-0038906,L.Hedley
2023_04_TB_NO,REG,4,TB,59.0,0.0,0.0,1.0,00-0038042,J.Camarda
2023_04_WAS_PHI,REG,4,PHI,34.0,0.0,0.0,1.0,00-0036313,B.Mann
2023_04_WAS_PHI,REG,4,WAS,49.0,0.0,0.0,1.0,00-0030140,T.Way
2023_04_WAS_PHI,REG,4,PHI,48.0,0.0,0.0,1.0,00-0036313,B.Mann
2023_04_WAS_PHI,REG,4,WAS,38.0,0.0,0.0,1.0,00-0030140,T.Way
2023_04_WAS_PHI,REG,4,WAS,43.0,0.0,0.0,1.0,00-0030140,T.Way
2023_04_WAS_PHI,REG,4,PHI,47.0,0.0,1.0,1.0,00-0036313,B.Mann
2023_04_WAS_PHI,REG,4,WAS,54.0,0.0,0.0,1.0,00-0030140,T.Way
2023_04_WAS_PHI,REG,4,WAS,29.0,0.0,0.0,1.0,00-0030140,T.Way
2023_05_BAL_PIT,REG,5,BAL,37.0,0.0,1.0,1.0,00-0038094,J.Stout
2023_05_BAL_PIT,REG,5,PIT,47.0,0.0,0.0,1.0,00-0030142,B.Wing
2023_05_BAL_PIT,REG,5,PIT,44.0,0.0,0.0,1.0,00-0030142,B.Wing
2023_05_BAL_PIT,REG,5,PIT,39.0,0.0,1.0,1.0,00-0030142,B.Wing
2023_05_BAL_PIT,REG,5,PIT,43.0,0.0,0.0,1.0,00-0030142,B.Wing
2023_05_BAL_PIT,REG,5,BAL,36.0,0.0,1.0,1.0,00-0038094,J.Stout
2023_05_BAL_PIT,REG,5,PIT,42.0,0.0,1.0,1.0,00-0030142,B.Wing
2023_05_BAL_PIT,REG,5,BAL,31.0,0.0,1.0,1.0,00-0038094,J.Stout
2023_05_BAL_PIT,REG,5,PIT,42.0,0.0,0.0,1.0,00-0030142,B.Wing
2023_05_BAL_PIT,REG,5,BAL,0.0,1.0,0.0,1.0,00-0038094,J.Stout
2023_05_BAL_PIT,REG,5,BAL,50.0,0.0,0.0,1.0,00-0038094,J.Stout
2023_05_CAR_DET,REG,5,CAR,25.0,0.0,1.0,1.0,00-0028872,J.Hekker
2023_05_CAR_DET,REG,5,DET,33.0,0.0,1.0,1.0,00-0035156,J.Fox
2023_05_CAR_DET,REG,5,CAR,45.0,0.0,0.0,1.0,00-0028872,J.Hekker
2023_05_CAR_DET,REG,5,DET,55.0,0.0,1.0,1.0,00-0035156,J.Fox
2023_05_CAR_DET,REG,5,CAR,44.0,0.0,0.0,1.0,00-0028872,J.Hekker
2023_05_CHI_WAS,REG,5,WAS,52.0,0.0,0.0,1.0,00-0030140,T.Way
2023_05_CHI_WAS,REG,5,WAS,51.0,0.0,0.0,1.0,00-0030140,T.Way
2023_05_CHI_WAS,REG,5,CHI,45.0,0.0,0.0,1.0,00-0037097,T.Gill
2023_05_CHI_WAS,REG,5,CHI,39.0,0.0,1.0,1.0,00-0037097,T.Gill
2023_05_CHI_WAS,REG,5,CHI,47.0,0.0,0.0,1.0,00-0037097,T.Gill
2023_05_CIN_ARI,REG,5,ARI,55.0,0.0,0.0,1.0,00-0035859,B.Gillikin
2023_05_CIN_ARI,REG,5,ARI,48.0,0.0,0.0,1.0,00-0035859,B.Gillikin
2023_05_CIN_ARI,REG,5,CIN,59.0,0.0,0.0,1.0,00-0038626,B.Robbins
2023_05_CIN_ARI,REG,5,CIN,48.0,0.0,0.0,1.0,00-0038626,B.Robbins
2023_05_CIN_ARI,REG,5,ARI,62.0,0.0,0.0,1.0,00-0035859,B.Gillikin
2023_05_CIN_ARI,REG,5,ARI,54.0,0.0,0.0,1.0,00-0035859,B.Gillikin
2023_05_CIN_ARI,REG,5,CIN,38.0,0.0,1.0,1.0,00-0038626,B.Robbins
2023_05_DAL_SF,REG,5,DAL,52.0,0.0,0.0,1.0,00-0029692,B.Anger
2023_05_DAL_SF,REG,5,SF,48.0,0.0,0.0,1.0,00-0034941,M.Wishnowsky
2023_05_DAL_SF,REG,5,DAL,48.0,0.0,0.0,1.0,00-0029692,B.Anger
2023_05_DAL_SF,REG,5,SF,36.0,0.0,1.0,1.0,00-0034941,M.Wishnowsky
2023_05_DAL_SF,REG,5,DAL,48.0,0.0,0.0,1.0,00-0029692,B.Anger
2023_05_DAL_SF,REG,5,DAL,52.0,0.0,1.0,1.0,00-0029692,B.Anger
2023_05_DAL_SF,REG,5,SF,59.0,0.0,0.0,1.0,00-0034941,M.Wishnowsky
2023_05_DAL_SF,REG,5,SF,44.0,0.0,1.0,1.0,00-0034941,M.Wishnowsky
2023_05_DAL_SF,REG,5,DAL,54.0,0.0,0.0,1.0,00-0029692,B.Anger
2023_05_GB_LV,REG,5,GB,39.0,0.0,1.0,1.0,00-0037547,D.Whelan
2023_05_GB_LV,REG,5,LV,55.0,0.0,1.0,1.0,00-0035190,A.Cole
2023_05_GB_LV,REG,5,LV,37.0,0.0,1.0,1.0,00-0035190,A.Cole
2023_05_GB_LV,REG,5,GB,41.0,0.0,0.0,1.0,00-0037547,D.Whelan
2023_05_GB_LV,REG,5,GB,54.0,0.0,0.0,1.0,00-0037547,D.Whelan
2023_05_GB_LV,REG,5,LV,53.0,0.0,1.0,1.0,00-0035190,A.Cole
2023_05_GB_LV,REG,5,LV,44.0,0.0,1.0,1.0,00-0035190,A.Cole
2023_05_GB_LV,REG,5,GB,50.0,0.0,0.0,1.0,00-0037547,D.Whelan
2023_05_HOU_ATL,REG,5,ATL,41.0,0.0,0.0,1.0,00-0032065,B.Pinion
2023_05_HOU_ATL,REG,5,HOU,48.0,0.0,0.0,1.0,00-0033729,C.Johnston
2023_05_HOU_ATL,REG,5,ATL,43.0,0.0,0.0,1.0,00-0032065,B.Pinion
2023_05_HOU_ATL,REG,5,ATL,38.0,0.0,0.0,1.0,00-0032065,B.Pinion
2023_05_HOU_ATL,REG,5,HOU,36.0,0.0,1.0,1.0,00-0033729,C.Johnston
2023_05_HOU_ATL,REG,5,ATL,45.0,0.0,0.0,1.0,00-0032065,B.Pinion
2023_05_HOU_ATL,REG,5,HOU,43.0,0.0,0.0,1.0,00-0033729,C.Johnston
2023_05_HOU_ATL,REG,5,ATL,33.0,0.0,1.0,1.0,00-0032065,B.Pinion
2023_05_HOU_ATL,REG,5,HOU,27.0,0.0,1.0,1.0,00-0033729,C.Johnston
2023_05_HOU_ATL,REG,5,HOU,40.0,0.0,0.0,1.0,00-0033729,C.Johnston
2023_05_HOU_ATL,REG,5,HOU,40.0,0.0,0.0,1.0,00-0033729,C.Johnston
2023_05_JAX_BUF,REG,5,JAX,60.0,0.0,0.0,1.0,00-0034437,L.Cooke
2023_05_JAX_BUF,REG,5,BUF,45.0,0.0,0.0,1.0,00-0030092,S.Martin
2023_05_JAX_BUF,REG,5,BUF,41.0,0.0,0.0,1.0,00-0030092,S.Martin
2023_05_JAX_BUF,REG,5,BUF,35.0,0.0,0.0,1.0,00-0030092,S.Martin
2023_05_JAX_BUF,REG,5,JAX,44.0,0.0,1.0,1.0,00-0034437,L.Cooke
2023_05_JAX_BUF,REG,5,BUF,53.0,0.0,0.0,1.0,00-0030092,S.Martin
2023_05_JAX_BUF,REG,5,JAX,57.0,0.0,1.0,1.0,00-0034437,L.Cooke
2023_05_JAX_BUF,REG,5,BUF,50.0,0.0,1.0,1.0,00-0030092,S.Martin
2023_05_JAX_BUF,REG,5,JAX,46.0,0.0,0.0,1.0,00-0034437,L.Cooke
2023_05_JAX_BUF,REG,5,BUF,34.0,0.0,1.0,1.0,00-0030092,S.Martin
2023_05_JAX_BUF,REG,5,JAX,40.0,0.0,1.0,1.0,00-0034437,L.Cooke
2023_05_KC_MIN,REG,5,KC,42.0,0.0,0.0,1.0,00-0035889,T.Townsend
2023_05_KC_MIN,REG,5,MIN,54.0,0.0,0.0,1.0,00-0037500,R.Wright
2023_05_KC_MIN,REG,5,KC,58.0,0.0,0.0,1.0,00-0035889,T.Townsend
2023_05_KC_MIN,REG,5,KC,40.0,0.0,1.0,1.0,00-0035889,T.Townsend
2023_05_NO_NE,REG,5,NO,53.0,0.0,1.0,1.0,00-0038906,L.Hedley
2023_05_NO_NE,REG,5,NE,26.0,0.0,0.0,1.0,00-0038610,B.Baringer
2023_05_NO_NE,REG,5,NO,39.0,0.0,0.0,1.0,00-0038906,L.Hedley
2023_05_NO_NE,REG,5,NE,43.0,0.0,0.0,1.0,00-0038610,B.Baringer
2023_05_NO_NE,REG,5,NE,45.0,0.0,1.0,1.0,00-0038610,B.Baringer
2023_05_NO_NE,REG,5,NO,23.0,0.0,1.0,1.0,00-0038906,L.Hedley
2023_05_NO_NE,REG,5,NE,54.0,0.0,1.0,1.0,00-0038610,B.Baringer
2023_05_NO_NE,REG,5,NE,27.0,0.0,1.0,1.0,00-0038610,B.Baringer
2023_05_NO_NE,REG,5,NO,44.0,0.0,0.0,1.0,00-0038906,L.Hedley
2023_05_NO_NE,REG,5,NE,57.0,0.0,1.0,1.0,00-0038610,B.Baringer
2023_05_NO_NE,REG,5,NO,43.0,0.0,1.0,1.0,00-0038906,L.Hedley
2023_05_NO_NE,REG,5,NE,51.0,0.0,1.0,1.0,00-0038610,B.Baringer
2023_05_NO_NE,REG,5,NO,55.0,0.0,0.0,1.0,00-0038906,L.Hedley
2023_05_NO_NE,REG,5,NE,50.0,0.0,0.0,1.0,00-0038610,B.Baringer
2023_05_NO_NE,REG,5,NO,50.0,0.0,0.0,1.0,00-0038906,L.Hedley
2023_05_NYG_MIA,REG,5,NYG,38.0,0.0,1.0,1.0,00-0035042,J.Gillan
2023_05_NYG_MIA,REG,5,NYG,49.0,0.0,1.0,1.0,00-0035042,J.Gillan
2023_05_NYG_MIA,REG,5,NYG,34.0,0.0,1.0,1.0,00-0035042,J.Gillan
2023_05_NYG_MIA,REG,5,NYG,40.0,0.0,0.0,1.0,00-0035042,J.Gillan
2023_05_NYG_MIA,REG,5,MIA,20.0,0.0,0.0,1.0,00-0035280,J.Bailey
2023_05_NYG_MIA,REG,5,MIA,49.0,0.0,1.0,1.0,00-0035280,J.Bailey
2023_05_NYJ_DEN,REG,5,NYJ,54.0,0.0,0.0,1.0,00-0027114,T.Morstead
2023_05_NYJ_DEN,REG,5,NYJ,54.0,0.0,1.0,1.0,00-0027114,T.Morstead
2023_05_NYJ_DEN,REG,5,NYJ,48.0,0.0,0.0,1.0,00-0027114,T.Morstead
2023_05_NYJ_DEN,REG,5,DEN,43.0,0.0,0.0,1.0,00-0032943,R.Dixon
2023_05_NYJ_DEN,REG,5,DEN,46.0,0.0,0.0,1.0,00-0032943,R.Dixon
2023_05_NYJ_DEN,REG,5,DEN,43.0,0.0,0.0,1.0,00-0032943,R.Dixon
2023_05_NYJ_DEN,REG,5,DEN,49.0,0.0,0.0,1.0,00-0032943,R.Dixon
2023_05_PHI_LA,REG,5,PHI,41.0,0.0,1.0,1.0,00-0036313,B.Mann
2023_05_PHI_LA,REG,5,LAR,65.0,0.0,0.0,1.0,00-0039059,E.Evans
2023_05_PHI_LA,REG,5,LAR,54.0,0.0,1.0,1.0,00-0039059,E.Evans
2023_05_PHI_LA,REG,5,LAR,43.0,0.0,1.0,1.0,00-0039059,E.Evans
2023_05_PHI_LA,REG,5,LAR,53.0,0.0,0.0,1.0,00-0039059,E.Evans
2023_05_TEN_IND,REG,5,IND,50.0,0.0,1.0,1.0,00-0033269,R.Sanchez
2023_05_TEN_IND,REG,5,TEN,43.0,0.0,0.0,1.0,00-0037607,R.Stonehouse
2023_06_ARI_LA,REG,6,LAR,43.0,0.0,1.0,1.0,00-0039059,E.Evans
2023_06_ARI_LA,REG,6,ARI,41.0,0.0,0.0,1.0,00-0035859,B.Gillikin
2023_06_ARI_LA,REG,6,ARI,45.0,0.0,1.0,1.0,00-0035859,B.Gillikin
2023_06_ARI_LA,REG,6,LAR,52.0,0.0,0.0,1.0,00-0039059,E.Evans
2023_06_ARI_LA,REG,6,LAR,42.0,0.0,0.0,1.0,00-0039059,E.Evans
2023_06_ARI_LA,REG,6,ARI,48.0,0.0,0.0,1.0,00-0035859,B.Gillikin
2023_06_ARI_LA,REG,6,LAR,49.0,0.0,0.0,1.0,00-0039059,E.Evans
2023_06_BAL_TEN,REG,6,TEN,57.0,0.0,0.0,1.0,00-0037607,R.Stonehouse
2023_06_BAL_TEN,REG,6,TEN,55.0,0.0,0.0,1.0,00-0037607,R.Stonehouse
2023_06_BAL_TEN,REG,6,TEN,46.0,0.0,1.0,1.0,00-0037607,R.Stonehouse
2023_06_BAL_TEN,REG,6,BAL,37.0,0.0,1.0,1.0,00-0038094,J.Stout
2023_06_BAL_TEN,REG,6,TEN,56.0,0.0,0.0,1.0,00-0037607,R.Stonehouse
2023_06_BAL_TEN,REG,6,BAL,53.0,0.0,1.0,1.0,00-0038094,J.Stout
2023_06_BAL_TEN,REG,6,BAL,56.0,0.0,0.0,1.0,00-0038094,J.Stout
2023_06_BAL_TEN,REG,6,TEN,49.0,0.0,1.0,1.0,00-0037607,R.Stonehouse
2023_06_CAR_MIA,REG,6,CAR,43.0,0.0,0.0,1.0,00-0028872,J.Hekker
2023_06_CAR_MIA,REG,6,MIA,43.0,0.0,0.0,1.0,00-0035280,J.Bailey
2023_06_CAR_MIA,REG,6,MIA,60.0,0.0,0.0,1.0,00-0035280,J.Bailey
2023_06_CAR_MIA,REG,6,CAR,43.0,0.0,0.0,1.0,00-0028872,J.Hekker
2023_06_CAR_MIA,REG,6,MIA,45.0,0.0,0.0,1.0,00-0035280,J.Bailey
2023_06_CAR_MIA,REG,6,CAR,55.0,0.0,1.0,1.0,00-0028872,J.Hekker
2023_06_CAR_MIA,REG,6,CAR,48.0,0.0,0.0,1.0,00-0028872,J.Hekker
2023_06_CAR_MIA,REG,6,MIA,46.0,0.0,1.0,1.0,00-0035280,J.Bailey
2023_06_DAL_LAC,REG,6,DAL,53.0,0.0,0.0,1.0,00-0029692,B.Anger
2023_06_DAL_LAC,REG,6,LAC,45.0,0.0,0.0,1.0,00-0034162,J.Scott
2023_06_DAL_LAC,REG,6,DAL,45.0,0.0,1.0,1.0,00-0029692,B.Anger
2023_06_DAL_LAC,REG,6,LAC,30.0,0.0,1.0,1.0,00-0034162,J.Scott
2023_06_DAL_LAC,REG,6,DAL,55.0,0.0,0.0,1.0,00-0029692,B.Anger
2023_06_DAL_LAC,REG,6,LAC,38.0,0.0,0.0,1.0,00-0034162,J.Scott
2023_06_DAL_LAC,REG,6,LAC,40.0,0.0,0.0,1.0,00-0034162,J.Scott
2023_06_DAL_LAC,REG,6,DAL,56.0,0.0,0.0,1.0,00-0029692,B.Anger
2023_06_DAL_LAC,REG,6,LAC,50.0,0.0,0.0,1.0,00-0034162,J.Scott
2023_06_DEN_KC,REG,6,DEN,41.0,0.0,0.0,1.0,00-0032943,R.Dixon
2023_06_DEN_KC,REG,6,DEN,52.0,0.0,0.0,1.0,00-0032943,R.Dixon
2023_06_DEN_KC,REG,6,DEN,51.0,0.0,1.0,1.0,00-0032943,R.Dixon
2023_06_DEN_KC,REG,6,KC,62.0,0.0,0.0,1.0,00-0035889,T.Townsend
2023_06_DEN_KC,REG,6,DEN,29.0,0.0,0.0,1.0,00-0032943,R.Dixon
2023_06_DEN_KC,REG,6,KC,40.0,0.0,1.0,1.0,00-0035889,T.Townsend
2023_06_DEN_KC,REG,6,DEN,51.0,0.0,0.0,1.0,00-0032943,R.Dixon
2023_06_DEN_KC,REG,6,KC,42.0,0.0,0.0,1.0,00-0035889,T.Townsend
2023_06_DET_TB,REG,6,TB,53.0,0.0,1.0,1.0,00-0038042,J.Camarda
2023_06_DET_TB,REG,6,DET,43.0,0.0,1.0,1.0,00-0035156,J.Fox
2023_06_DET_TB,REG,6,TB,42.0,0.0,0.0,1.0,00-0038042,J.Camarda
2023_06_DET_TB,REG,6,DET,50.0,0.0,0.0,1.0,00-0035156,J.Fox
2023_06_DET_TB,REG,6,TB,63.0,0.0,1.0,1.0,00-0038042,J.Camarda
2023_06_DET_TB,REG,6,DET,45.0,0.0,0.0,1.0,00-0035156,J.Fox
2023_06_DET_TB,REG,6,TB,57.0,0.0,0.0,1.0,00-0038042,J.Camarda
2023_06_DET_TB,REG,6,TB,44.0,0.0,0.0,1.0,00-0038042,J.Camarda
2023_06_DET_TB,REG,6,TB,66.0,0.0,1.0,1.0,00-0038042,J.Camarda
2023_06_DET_TB,REG,6,DET,42.0,0.0,1.0,1.0,00-0035156,J.Fox
2023_06_IND_JAX,REG,6,IND,50.0,0.0,1.0,1.0,00-0033269,R.Sanchez
2023_06_IND_JAX,REG,6,JAX,47.0,0.0,1.0,1.0,00-0034437,L.Cooke
2023_06_IND_JAX,REG,6,IND,41.0,0.0,0.0,1.0,00-0033269,R.Sanchez
2023_06_IND_JAX,REG,6,JAX,45.0,0.0,0.0,1.0,00-0034437,L.Cooke
2023_06_IND_JAX,REG,6,JAX,49.0,0.0,0.0,1.0,00-0034437,L.Cooke
2023_06_IND_JAX,REG,6,IND,52.0,0.0,0.0,1.0,00-0033269,R.Sanchez
2023_06_IND_JAX,REG,6,JAX,62.0,0.0,0.0,1.0,00-0034437,L.Cooke
2023_06_MIN_CHI,REG,6,CHI,40.0,0.0,0.0,1.0,00-0037097,T.Gill
2023_06_MIN_CHI,REG,6,CHI,50.0,0.0,0.0,1.0,00-0037097,T.Gill
2023_06_MIN_CHI,REG,6,MIN,63.0,0.0,0.0,1.0,00-0037500,R.Wright
2023_06_MIN_CHI,REG,6,MIN,38.0,0.0,0.0,1.0,00-0037500,R.Wright
2023_06_MIN_CHI,REG,6,CHI,48.0,0.0,1.0,1.0,00-0037097,T.Gill
2023_06_MIN_CHI,REG,6,MIN,45.0,0.0,0.0,1.0,00-0037500,R.Wright
2023_06_MIN_CHI,REG,6,CHI,38.0,0.0,0.0,1.0,00-0037097,T.Gill
2023_06_MIN_CHI,REG,6,MIN,55.0,0.0,0.0,1.0,00-0037500,R.Wright
2023_06_MIN_CHI,REG,6,MIN,48.0,0.0,0.0,1.0,00-0037500,R.Wright
2023_06_NE_LV,REG,6,NE,34.0,0.0,0.0,1.0,00-0038610,B.Baringer
2023_06_NE_LV,REG,6,NE,53.0,0.0,0.0,1.0,00-0038610,B.Baringer
2023_06_NE_LV,REG,6,LV,57.0,0.0,0.0,1.0,00-0035190,A.Cole
2023_06_NE_LV,REG,6,NE,51.0,0.0,0.0,1.0,00-0038610,B.Baringer
2023_06_NE_LV,REG,6,LV,46.0,0.0,1.0,1.0,00-0035190,A.Cole
2023_06_NO_HOU,REG,6,HOU,52.0,0.0,0.0,1.0,00-0033729,C.Johnston
2023_06_NO_HOU,REG,6,NO,42.0,0.0,0.0,1.0,00-0038906,L.Hedley
2023_06_NO_HOU,REG,6,NO,41.0,0.0,0.0,1.0,00-0038906,L.Hedley
2023_06_NO_HOU,REG,6,HOU,63.0,0.0,1.0,1.0,00-0033729,C.Johnston
2023_06_NO_HOU,REG,6,NO,43.0,0.0,0.0,1.0,00-0038906,L.Hedley
2023_06_NO_HOU,REG,6,HOU,46.0,0.0,0.0,1.0,00-0033729,C.Johnston
2023_06_NO_HOU,REG,6,HOU,39.0,0.0,1.0,1.0,00-0033729,C.Johnston
2023_06_NO_HOU,REG,6,HOU,37.0,0.0,1.0,1.0,00-0033729,C.Johnston
2023_06_NYG_BUF,REG,6,BUF,52.0,0.0,0.0,1.0,00-0030092,S.Martin
2023_06_NYG_BUF,REG,6,NYG,54.0,0.0,1.0,1.0,00-0035042,J.Gillan
2023_06_NYG_BUF,REG,6,BUF,27.0,0.0,1.0,1.0,00-0030092,S.Martin
2023_06_NYG_BUF,REG,6,NYG,64.0,0.0,0.0,1.0,00-0035042,J.Gillan
2023_06_NYG_BUF,REG,6,BUF,48.0,0.0,0.0,1.0,00-0030092,S.Martin
2023_06_NYG_BUF,REG,6,NYG,51.0,0.0,0.0,1.0,00-0035042,J.Gillan
2023_06_NYG_BUF,REG,6,NYG,33.0,0.0,1.0,1.0,00-0035042,J.Gillan
2023_06_PHI_NYJ,REG,6,NYJ,54.0,0.0,1.0,1.0,00-0027114,T.Morstead
2023_06_PHI_NYJ,REG,6,PHI,41.0,0.0,1.0,1.0,00-0036313,B.Mann
2023_06_PHI_NYJ,REG,6,NYJ,37.0,0.0,1.0,1.0,00-0027114,T.Morstead
2023_06_PHI_NYJ,REG,6,PHI,40.0,0.0,0.0,1.0,00-0036313,B.Mann
2023_06_PHI_NYJ,REG,6,NYJ,49.0,0.0,1.0,1.0,00-0027114,T.Morstead
2023_06_PHI_NYJ,REG,6,NYJ,54.0,0.0,0.0,1.0,00-0027114,T.Morstead
2023_06_SEA_CIN,REG,6,SEA,43.0,0.0,0.0,1.0,00-0034160,M.Dickson
2023_06_SEA_CIN,REG,6,SEA,31.0,0.0,1.0,1.0,00-0034160,M.Dickson
2023_06_SEA_CIN,REG,6,CIN,46.0,0.0,0.0,1.0,00-0038626,B.Robbins
2023_06_SEA_CIN,REG,6,CIN,55.0,0.0,0.0,1.0,00-0038626,B.Robbins
2023_06_SEA_CIN,REG,6,CIN,50.0,0.0,0.0,1.0,00-0038626,B.Robbins
2023_06_SEA_CIN,REG,6,CIN,40.0,0.0,1.0,1.0,00-0038626,B.Robbins
2023_06_SEA_CIN,REG,6,SEA,41.0,0.0,1.0,1.0,00-0034160,M.Dickson
2023_06_SEA_CIN,REG,6,CIN,38.0,0.0,0.0,1.0,00-0038626,B.Robbins
2023_06_SEA_CIN,REG,6,CIN,45.0,0.0,0.0,1.0,00-0038626,B.Robbins
2023_06_SF_CLE,REG,6,SF,58.0,0.0,1.0,1.0,00-0034941,M.Wishnowsky
2023_06_SF_CLE,REG,6,CLE,35.0,0.0,1.0,1.0,00-0034721,C.Bojorquez
2023_06_SF_CLE,REG,6,SF,41.0,0.0,1.0,1.0,00-0034941,M.Wishnowsky
2023_06_SF_CLE,REG,6,CLE,69.0,0.0,1.0,1.0,00-0034721,C.Bojorquez
2023_06_SF_CLE,REG,6,CLE,57.0,0.0,0.0,1.0,00-0034721,C.Bojorquez
2023_06_SF_CLE,REG,6,SF,59.0,0.0,0.0,1.0,00-0034941,M.Wishnowsky
2023_06_SF_CLE,REG,6,SF,52.0,0.0,0.0,1.0,00-0034941,M.Wishnowsky
2023_06_SF_CLE,REG,6,CLE,57.0,0.0,1.0,1.0,00-0034721,C.Bojorquez
2023_06_SF_CLE,REG,6,SF,44.0,0.0,0.0,1.0,00-0034941,M.Wishnowsky
2023_06_SF_CLE,REG,6,SF,60.0,0.0,0.0,1.0,00-0034941,M.Wishnowsky
2023_06_WAS_ATL,REG,6,WAS,44.0,0.0,0.0,1.0,00-0030140,T.Way
2023_06_WAS_ATL,REG,6,ATL,43.0,0.0,0.0,1.0,00-0032065,B.Pinion
2023_06_WAS_ATL,REG,6,WAS,41.0,0.0,0.0,1.0,00-0030140,T.Way
2023_06_WAS_ATL,REG,6,ATL,45.0,0.0,1.0,1.0,00-0032065,B.Pinion
2023_06_WAS_ATL,REG,6,ATL,52.0,0.0,1.0,1.0,00-0032065,B.Pinion
2023_06_WAS_ATL,REG,6,WAS,51.0,0.0,1.0,1.0,00-0030140,T.Way
2023_06_WAS_ATL,REG,6,WAS,43.0,0.0,1.0,1.0,00-0030140,T.Way
2023_06_WAS_ATL,REG,6,WAS,46.0,0.0,0.0,1.0,00-0030140,T.Way
2023_06_WAS_ATL,REG,6,WAS,35.0,0.0,1.0,1.0,00-0030140,T.Way
2023_07_ARI_SEA,REG,7,ARI,29.0,0.0,1.0,1.0,00-0035859,B.Gillikin
2023_07_ARI_SEA,REG,7,SEA,46.0,0.0,1.0,1.0,00-0034160,M.Dickson
2023_07_ARI_SEA,REG,7,ARI,48.0,0.0,0.0,1.0,00-0035859,B.Gillikin
2023_07_ARI_SEA,REG,7,ARI,57.0,0.0,0.0,1.0,00-0035859,B.Gillikin
2023_07_ARI_SEA,REG,7,SEA,52.0,0.0,0.0,1.0,00-0034160,M.Dickson
2023_07_ARI_SEA,REG,7,ARI,48.0,0.0,0.0,1.0,00-0035859,B.Gillikin
2023_07_ARI_SEA,REG,7,ARI,58.0,0.0,0.0,1.0,00-0035859,B.Gillikin
2023_07_ARI_SEA,REG,7,SEA,45.0,0.0,0.0,1.0,00-0034160,M.Dickson
2023_07_ATL_TB,REG,7,ATL,43.0,0.0,0.0,1.0,00-0032065,B.Pinion
2023_07_ATL_TB,REG,7,TB,45.0,0.0,0.0,1.0,00-0038042,J.Camarda
2023_07_ATL_TB,REG,7,ATL,48.0,0.0,0.0,1.0,00-0032065,B.Pinion
2023_07_ATL_TB,REG,7,TB,52.0,0.0,0.0,1.0,00-0038042,J.Camarda
2023_07_ATL_TB,REG,7,TB,47.0,0.0,1.0,1.0,00-0038042,J.Camarda
2023_07_ATL_TB,REG,7,ATL,43.0,0.0,0.0,1.0,00-0032065,B.Pinion
2023_07_BUF_NE,REG,7,NE,64.0,0.0,1.0,1.0,00-0038610,B.Baringer
2023_07_BUF_NE,REG,7,BUF,55.0,0.0,0.0,1.0,00-0030092,S.Martin
2023_07_BUF_NE,REG,7,NE,46.0,0.0,1.0,1.0,00-0038610,B.Baringer
2023_07_CLE_IND,REG,7,IND,46.0,0.0,1.0,1.0,00-0033269,R.Sanchez
2023_07_CLE_IND,REG,7,CLE,58.0,0.0,0.0,1.0,00-0034721,C.Bojorquez
2023_07_CLE_IND,REG,7,CLE,69.0,0.0,0.0,1.0,00-0034721,C.Bojorquez
2023_07_CLE_IND,REG,7,CLE,32.0,0.0,1.0,1.0,00-0034721,C.Bojorquez
2023_07_CLE_IND,REG,7,IND,57.0,0.0,0.0,1.0,00-0033269,R.Sanchez
2023_07_CLE_IND,REG,7,IND,54.0,0.0,0.0,1.0,00-0033269,R.Sanchez
2023_07_CLE_IND,REG,7,CLE,56.0,0.0,0.0,1.0,00-0034721,C.Bojorquez
2023_07_CLE_IND,REG,7,IND,50.0,0.0,0.0,1.0,00-0033269,R.Sanchez
2023_07_CLE_IND,REG,7,CLE,57.0,0.0,0.0,1.0,00-0034721,C.Bojorquez
2023_07_CLE_IND,REG,7,IND,53.0,0.0,0.0,1.0,00-0033269,R.Sanchez
2023_07_DET_BAL,REG,7,DET,45.0,0.0,1.0,1.0,00-0035156,J.Fox
2023_07_DET_BAL,REG,7,DET,61.0,0.0,1.0,1.0,00-0035156,J.Fox
2023_07_DET_BAL,REG,7,DET,48.0,0.0,0.0,1.0,00-0035156,J.Fox
2023_07_DET_BAL,REG,7,DET,30.0,0.0,0.0,1.0,00-0035156,J.Fox
2023_07_DET_BAL,REG,7,BAL,55.0,0.0,0.0,1.0,00-0038094,J.Stout
2023_07_DET_BAL,REG,7,BAL,57.0,0.0,0.0,1.0,00-0038094,J.Stout
2023_07_GB_DEN,REG,7,GB,59.0,0.0,1.0,1.0,00-0037547,D.Whelan
2023_07_GB_DEN,REG,7,DEN,38.0,0.0,0.0,1.0,00-0032943,R.Dixon
2023_07_GB_DEN,REG,7,GB,51.0,0.0,0.0,1.0,00-0037547,D.Whelan
2023_07_GB_DEN,REG,7,GB,45.0,0.0,1.0,1.0,00-0037547,D.Whelan
2023_07_GB_DEN,REG,7,DEN,49.0,0.0,0.0,1.0,00-0032943,R.Dixon
2023_07_GB_DEN,REG,7,DEN,45.0,0.0,0.0,1.0,00-0032943,R.Dixon
2023_07_JAX_NO,REG,7,NO,40.0,0.0,1.0,1.0,00-0038906,L.Hedley
2023_07_JAX_NO,REG,7,JAX,42.0,0.0,1.0,1.0,00-0034437,L.Cooke
2023_07_JAX_NO,REG,7,NO,28.0,0.0,1.0,1.0,00-0038906,L.Hedley
2023_07_JAX_NO,REG,7,JAX,36.0,0.0,0.0,1.0,00-0034437,L.Cooke
2023_07_JAX_NO,REG,7,JAX,53.0,0.0,1.0,1.0,00-0034437,L.Cooke
2023_07_JAX_NO,REG,7,JAX,54.0,0.0,1.0,1.0,00-0034437,L.Cooke
2023_07_JAX_NO,REG,7,NO,62.0,0.0,0.0,1.0,00-0038906,L.Hedley
2023_07_JAX_NO,REG,7,JAX,39.0,0.0,1.0,1.0,00-0034437,L.Cooke
2023_07_JAX_NO,REG,7,NO,39.0,0.0,0.0,1.0,00-0038906,L.Hedley
2023_07_LAC_KC,REG,7,LAC,46.0,0.0,1.0,1.0,00-0034162,J.Scott
2023_07_LAC_KC,REG,7,LAC,47.0,0.0,1.0,1.0,00-0034162,J.Scott
2023_07_LAC_KC,REG,7,KC,48.0,0.0,0.0,1.0,00-0035889,T.Townsend
2023_07_LAC_KC,REG,7,LAC,65.0,0.0,1.0,1.0,00-0034162,J.Scott
2023_07_LAC_KC,REG,7,KC,46.0,0.0,0.0,1.0,00-0035889,T.Townsend
2023_07_LAC_KC,REG,7,LAC,45.0,0.0,1.0,1.0,00-0034162,J.Scott
2023_07_LAC_KC,REG,7,KC,43.0,0.0,0.0,1.0,00-0035889,T.Townsend
2023_07_LAC_KC,REG,7,LAC,58.0,0.0,0.0,1.0,00-0034162,J.Scott
2023_07_LV_CHI,REG,7,CHI,47.0,0.0,0.0,1.0,00-0037097,T.Gill
2023_07_LV_CHI,REG,7,LV,39.0,0.0,1.0,1.0,00-0035190,A.Cole
2023_07_LV_CHI,REG,7,CHI,43.0,0.0,0.0,1.0,00-0037097,T.Gill
2023_07_LV_CHI,REG,7,LV,43.0,0.0,1.0,1.0,00-0035190,A.Cole
2023_07_LV_CHI,REG,7,CHI,30.0,0.0,0.0,1.0,00-0037097,T.Gill
2023_07_MIA_PHI,REG,7,MIA,31.0,0.0,0.0,1.0,00-0035280,J.Bailey
2023_07_MIA_PHI,REG,7,MIA,59.0,0.0,0.0,1.0,00-0035280,J.Bailey
2023_07_MIA_PHI,REG,7,MIA,45.0,0.0,1.0,1.0,00-0035280,J.Bailey
2023_07_MIA_PHI,REG,7,PHI,57.0,0.0,0.0,1.0,00-0036313,B.Mann
2023_07_PIT_LA,REG,7,PIT,35.0,0.0,0.0,1.0,00-0036847,P.Harvin
2023_07_PIT_LA,REG,7,LAR,42.0,0.0,0.0,1.0,00-0039059,E.Evans
2023_07_PIT_LA,REG,7,PIT,41.0,0.0,1.0,1.0,00-0036847,P.Harvin
2023_07_PIT_LA,REG,7,LAR,53.0,0.0,1.0,1.0,00-0039059,E.Evans
2023_07_PIT_LA,REG,7,PIT,41.0,0.0,0.0,1.0,00-0036847,P.Harvin
2023_07_PIT_LA,REG,7,PIT,55.0,0.0,1.0,1.0,00-0036847,P.Harvin
2023_07_PIT_LA,REG,7,PIT,46.0,0.0,0.0,1.0,00-0036847,P.Harvin
2023_07_PIT_LA,REG,7,LAR,68.0,0.0,0.0,1.0,00-0039059,E.Evans
2023_07_PIT_LA,REG,7,LAR,45.0,0.0,1.0,1.0,00-0039059,E.Evans
2023_07_SF_MIN,REG,7,SF,62.0,0.0,0.0,1.0,00-0034941,M.Wishnowsky
2023_07_SF_MIN,REG,7,MIN,42.0,0.0,0.0,1.0,00-0037500,R.Wright
2023_07_WAS_NYG,REG,7,NYG,54.0,0.0,0.0,1.0,00-0035042,J.Gillan
2023_07_WAS_NYG,REG,7,WAS,52.0,0.0,1.0,1.0,00-0030140,T.Way
2023_07_WAS_NYG,REG,7,WAS,53.0,0.0,1.0,1.0,00-0030140,T.Way
2023_07_WAS_NYG,REG,7,NYG,45.0,0.0,0.0,1.0,00-0035042,J.Gillan
2023_07_WAS_NYG,REG,7,WAS,35.0,0.0,1.0,1.0,00-0030140,T.Way
2023_07_WAS_NYG,REG,7,WAS,51.0,0.0,1.0,1.0,00-0030140,T.Way
2023_07_WAS_NYG,REG,7,NYG,57.0,0.0,0.0,1.0,00-0035042,J.Gillan
2023_07_WAS_NYG,REG,7,WAS,52.0,0.0,0.0,1.0,00-0030140,T.Way
2023_07_WAS_NYG,REG,7,NYG,51.0,0.0,0.0,1.0,00-0035042,J.Gillan
2023_07_WAS_NYG,REG,7,WAS,52.0,0.0,0.0,1.0,00-0030140,T.Way
2023_07_WAS_NYG,REG,7,NYG,45.0,0.0,1.0,1.0,00-0035042,J.Gillan
2023_07_WAS_NYG,REG,7,WAS,58.0,0.0,0.0,1.0,00-0030140,T.Way
2023_07_WAS_NYG,REG,7,WAS,48.0,0.0,0.0,1.0,00-0030140,T.Way
2023_07_WAS_NYG,REG,7,NYG,34.0,0.0,0.0,1.0,00-0035042,J.Gillan
2023_07_WAS_NYG,REG,7,WAS,58.0,0.0,0.0,1.0,00-0030140,T.Way
2023_07_WAS_NYG,REG,7,NYG,58.0,0.0,1.0,1.0,00-0035042,J.Gillan
2023_07_WAS_NYG,REG,7,WAS,54.0,0.0,0.0,1.0,00-0030140,T.Way
2023_07_WAS_NYG,REG,7,NYG,51.0,0.0,0.0,1.0,00-0035042,J.Gillan
2023_08_ATL_TEN,REG,8,TEN,41.0,0.0,1.0,1.0,00-0037607,R.Stonehouse
2023_08_ATL_TEN,REG,8,ATL,55.0,0.0,0.0,1.0,00-0032065,B.Pinion
2023_08_ATL_TEN,REG,8,ATL,42.0,0.0,1.0,1.0,00-0032065,B.Pinion
2023_08_ATL_TEN,REG,8,TEN,64.0,0.0,1.0,1.0,00-0037607,R.Stonehouse
2023_08_ATL_TEN,REG,8,ATL,60.0,0.0,0.0,1.0,00-0032065,B.Pinion
2023_08_ATL_TEN,REG,8,TEN,54.0,0.0,1.0,1.0,00-0037607,R.Stonehouse
2023_08_ATL_TEN,REG,8,ATL,52.0,0.0,0.0,1.0,00-0032065,B.Pinion
2023_08_ATL_TEN,REG,8,TEN,55.0,0.0,1.0,1.0,00-0037607,R.Stonehouse
2023_08_ATL_TEN,REG,8,ATL,46.0,0.0,0.0,1.0,00-0032065,B.Pinion
2023_08_ATL_TEN,REG,8,TEN,32.0,0.0,1.0,1.0,00-0037607,R.Stonehouse
2023_08_ATL_TEN,REG,8,TEN,51.0,0.0,0.0,1.0,00-0037607,R.Stonehouse
2023_08_ATL_TEN,REG,8,TEN,72.0,0.0,0.0,1.0,00-0037607,R.Stonehouse
2023_08_ATL_TEN,REG,8,ATL,50.0,0.0,0.0,1.0,00-0032065,B.Pinion
2023_08_ATL_TEN,REG,8,TEN,51.0,0.0,1.0,1.0,00-0037607,R.Stonehouse
2023_08_BAL_ARI,REG,8,BAL,54.0,0.0,1.0,1.0,00-0038094,J.Stout
2023_08_BAL_ARI,REG,8,ARI,50.0,0.0,0.0,1.0,00-0035859,B.Gillikin
2023_08_BAL_ARI,REG,8,BAL,40.0,0.0,1.0,1.0,00-0038094,J.Stout
2023_08_BAL_ARI,REG,8,BAL,59.0,0.0,0.0,1.0,00-0038094,J.Stout
2023_08_BAL_ARI,REG,8,ARI,66.0,0.0,0.0,1.0,00-0035859,B.Gillikin
2023_08_BAL_ARI,REG,8,BAL,45.0,0.0,1.0,1.0,00-0038094,J.Stout
2023_08_BAL_ARI,REG,8,ARI,33.0,0.0,0.0,1.0,00-0035859,B.Gillikin
2023_08_BAL_ARI,REG,8,BAL,44.0,0.0,1.0,1.0,00-0038094,J.Stout
2023_08_BAL_ARI,REG,8,ARI,58.0,0.0,0.0,1.0,00-0035859,B.Gillikin
2023_08_CHI_LAC,REG,8,CHI,41.0,0.0,1.0,1.0,00-0037097,T.Gill
2023_08_CHI_LAC,REG,8,CHI,38.0,0.0,0.0,1.0,00-0037097,T.Gill
2023_08_CHI_LAC,REG,8,CHI,47.0,0.0,0.0,1.0,00-0037097,T.Gill
2023_08_CHI_LAC,REG,8,LAC,63.0,0.0,0.0,1.0,00-0034162,J.Scott
2023_08_CHI_LAC,REG,8,LAC,25.0,0.0,1.0,1.0,00-0034162,J.Scott
2023_08_CIN_SF,REG,8,SF,60.0,0.0,1.0,1.0,00-0034941,M.Wishnowsky
2023_08_CIN_SF,REG,8,SF,62.0,0.0,0.0,1.0,00-0034941,M.Wishnowsky
2023_08_CIN_SF,REG,8,SF,29.0,0.0,1.0,1.0,00-0034941,M.Wishnowsky
2023_08_CIN_SF,REG,8,CIN,49.0,0.0,0.0,1.0,00-0038626,B.Robbins
2023_08_CIN_SF,REG,8,CIN,45.0,0.0,0.0,1.0,00-0038626,B.Robbins
2023_08_CIN_SF,REG,8,CIN,46.0,0.0,0.0,1.0,00-0038626,B.Robbins
2023_08_CLE_SEA,REG,8,CLE,54.0,0.0,0.0,1.0,00-0034721,C.Bojorquez
2023_08_CLE_SEA,REG,8,SEA,60.0,0.0,0.0,1.0,00-0034160,M.Dickson
2023_08_CLE_SEA,REG,8,SEA,61.0,0.0,0.0,1.0,00-0034160,M.Dickson
2023_08_CLE_SEA,REG,8,CLE,59.0,0.0,0.0,1.0,00-0034721,C.Bojorquez
2023_08_CLE_SEA,REG,8,SEA,50.0,0.0,1.0,1.0,00-0034160,M.Dickson
2023_08_CLE_SEA,REG,8,SEA,67.0,0.0,0.0,1.0,00-0034160,M.Dickson
2023_08_CLE_SEA,REG,8,CLE,29.0,0.0,1.0,1.0,00-0034721,C.Bojorquez
2023_08_CLE_SEA,REG,8,SEA,36.0,0.0,1.0,1.0,00-0034160,M.Dickson
2023_08_HOU_CAR,REG,8,HOU,52.0,0.0,1.0,1.0,00-0033729,C.Johnston
2023_08_HOU_CAR,REG,8,CAR,48.0,0.0,0.0,1.0,00-0028872,J.Hekker
2023_08_HOU_CAR,REG,8,HOU,33.0,0.0,1.0,1.0,00-0033729,C.Johnston
2023_08_HOU_CAR,REG,8,CAR,56.0,0.0,1.0,1.0,00-0028872,J.Hekker
2023_08_HOU_CAR,REG,8,HOU,53.0,0.0,0.0,1.0,00-0033729,C.Johnston
2023_08_HOU_CAR,REG,8,HOU,74.0,0.0,1.0,1.0,00-0033729,C.Johnston
2023_08_HOU_CAR,REG,8,CAR,36.0,0.0,0.0,1.0,00-0028872,J.Hekker
2023_08_HOU_CAR,REG,8,HOU,44.0,0.0,0.0,1.0,00-0033729,C.Johnston
2023_08_HOU_CAR,REG,8,CAR,63.0,0.0,0.0,1.0,00-0028872,J.Hekker
2023_08_HOU_CAR,REG,8,HOU,31.0,0.0,1.0,1.0,00-0033729,C.Johnston
2023_08_JAX_PIT,REG,8,PIT,33.0,0.0,0.0,1.0,00-0036847,P.Harvin
2023_08_JAX_PIT,REG,8,PIT,51.0,0.0,0.0,1.0,00-0036847,P.Harvin
2023_08_JAX_PIT,REG,8,PIT,47.0,0.0,0.0,1.0,00-0036847,P.Harvin
2023_08_JAX_PIT,REG,8,PIT,45.0,0.0,0.0,1.0,00-0036847,P.Harvin
2023_08_JAX_PIT,REG,8,PIT,52.0,0.0,0.0,1.0,00-0036847,P.Harvin
2023_08_JAX_PIT,REG,8,JAX,54.0,0.0,1.0,1.0,00-0034437,L.Cooke
2023_08_JAX_PIT,REG,8,PIT,29.0,0.0,0.0,1.0,00-0036847,P.Harvin
2023_08_JAX_PIT,REG,8,JAX,40.0,0.0,0.0,1.0,00-0034437,L.Cooke
2023_08_JAX_PIT,REG,8,JAX,37.0,0.0,1.0,1.0,00-0034437,L.Cooke
2023_08_KC_DEN,REG,8,KC,49.0,0.0,0.0,1.0,00-0035889,T.Townsend
2023_08_KC_DEN,REG,8,DEN,46.0,0.0,0.0,1.0,00-0032943,R.Dixon
2023_08_KC_DEN,REG,8,DEN,46.0,0.0,0.0,1.0,00-0032943,R.Dixon
2023_08_KC_DEN,REG,8,KC,33.0,0.0,1.0,1.0,00-0035889,T.Townsend
2023_08_KC_DEN,REG,8,DEN,31.0,0.0,1.0,1.0,00-0032943,R.Dixon
2023_08_KC_DEN,REG,8,DEN,43.0,0.0,0.0,1.0,00-0032943,R.Dixon
2023_08_LA_DAL,REG,8,LAR,0.0,1.0,0.0,1.0,00-0039059,E.Evans
2023_08_LA_DAL,REG,8,LAR,48.0,0.0,0.0,1.0,00-0039059,E.Evans
2023_08_LA_DAL,REG,8,LAR,40.0,0.0,0.0,1.0,00-0039059,E.Evans
2023_08_LA_DAL,REG,8,LAR,58.0,0.0,1.0,1.0,00-0039059,E.Evans
2023_08_LA_DAL,REG,8,DAL,41.0,0.0,0.0,1.0,00-0029692,B.Anger
2023_08_LA_DAL,REG,8,DAL,52.0,0.0,1.0,1.0,00-0029692,B.Anger
2023_08_LA_DAL,REG,8,LAR,37.0,0.0,0.0,1.0,00-0039059,E.Evans
2023_08_LV_DET,REG,8,LV,43.0,0.0,1.0,1.0,00-0035190,A.Cole
2023_08_LV_DET,REG,8,DET,48.0,0.0,0.0,1.0,00-0035156,J.Fox
2023_08_LV_DET,REG,8,LV,49.0,0.0,0.0,1.0,00-0035190,A.Cole
2023_08_LV_DET,REG,8,LV,50.0,0.0,0.0,1.0,00-0035190,A.Cole
2023_08_LV_DET,REG,8,LV,52.0,0.0,0.0,1.0,00-0035190,A.Cole
2023_08_LV_DET,REG,8,LV,48.0,0.0,1.0,1.0,00-0035190,A.Cole
2023_08_MIN_GB,REG,8,GB,59.0,0.0,0.0,1.0,00-0037547,D.Whelan
2023_08_MIN_GB,REG,8,GB,55.0,0.0,0.0,1.0,00-0037547,D.Whelan
2023_08_MIN_GB,REG,8,GB,55.0,0.0,0.0,1.0,00-0037547,D.Whelan
2023_08_MIN_GB,REG,8,GB,38.0,0.0,0.0,1.0,00-0037547,D.Whelan
2023_08_MIN_GB,REG,8,MIN,40.0,0.0,1.0,1.0,00-0037500,R.Wright
2023_08_MIN_GB,REG,8,MIN,47.0,0.0,0.0,1.0,00-0037500,R.Wright
2023_08_NE_MIA,REG,8,NE,49.0,0.0,0.0,1.0,00-0038610,B.Baringer
2023_08_NE_MIA,REG,8,MIA,39.0,0.0,0.0,1.0,00-0035280,J.Bailey
2023_08_NE_MIA,REG,8,NE,60.0,0.0,0.0,1.0,00-0038610,B.Baringer
2023_08_NE_MIA,REG,8,NE,44.0,0.0,0.0,1.0,00-0038610,B.Baringer
2023_08_NE_MIA,REG,8,NE,49.0,0.0,1.0,1.0,00-0038610,B.Baringer
2023_08_NE_MIA,REG,8,MIA,44.0,0.0,1.0,1.0,00-0035280,J.Bailey
2023_08_NE_MIA,REG,8,NE,63.0,0.0,1.0,1.0,00-0038610,B.Baringer
2023_08_NE_MIA,REG,8,MIA,63.0,0.0,1.0,1.0,00-0035280,J.Bailey
2023_08_NO_IND,REG,8,IND,52.0,0.0,0.0,1.0,00-0033269,R.Sanchez
2023_08_NO_IND,REG,8,NO,33.0,0.0,1.0,1.0,00-0038906,L.Hedley
2023_08_NO_IND,REG,8,IND,57.0,0.0,0.0,1.0,00-0033269,R.Sanchez
2023_08_NO_IND,REG,8,NO,42.0,0.0,1.0,1.0,00-0038906,L.Hedley
2023_08_NO_IND,REG,8,IND,53.0,0.0,0.0,1.0,00-0033269,R.Sanchez
2023_08_NO_IND,REG,8,NO,36.0,0.0,1.0,1.0,00-0038906,L.Hedley
2023_08_NO_IND,REG,8,IND,56.0,0.0,0.0,1.0,00-0033269,R.Sanchez
2023_08_NO_IND,REG,8,NO,47.0,0.0,1.0,1.0,00-0038906,L.Hedley
2023_08_NO_IND,REG,8,IND,40.0,0.0,0.0,1.0,00-0033269,R.Sanchez
2023_08_NYJ_NYG,REG,8,NYJ,46.0,0.0,0.0,1.0,00-0027114,T.Morstead
2023_08_NYJ_NYG,REG,8,NYG,40.0,0.0,0.0,1.0,00-0035042,J.Gillan
2023_08_NYJ_NYG,REG,8,NYJ,51.0,0.0,1.0,1.0,00-0027114,T.Morstead
2023_08_NYJ_NYG,REG,8,NYG,41.0,0.0,0.0,1.0,00-0035042,J.Gillan
2023_08_NYJ_NYG,REG,8,NYJ,49.0,0.0,1.0,1.0,00-0027114,T.Morstead
2023_08_NYJ_NYG,REG,8,NYG,51.0,0.0,0.0,1.0,00-0035042,J.Gillan
2023_08_NYJ_NYG,REG,8,NYJ,52.0,0.0,1.0,1.0,00-0027114,T.Morstead
2023_08_NYJ_NYG,REG,8,NYG,58.0,0.0,1.0,1.0,00-0035042,J.Gillan
2023_08_NYJ_NYG,REG,8,NYJ,52.0,0.0,0.0,1.0,00-0027114,T.Morstead
2023_08_NYJ_NYG,REG,8,NYG,56.0,0.0,1.0,1.0,00-0035042,J.Gillan
2023_08_NYJ_NYG,REG,8,NYJ,40.0,0.0,0.0,1.0,00-0027114,T.Morstead
2023_08_NYJ_NYG,REG,8,NYG,23.0,0.0,0.0,1.0,00-0035042,J.Gillan
2023_08_NYJ_NYG,REG,8,NYG,35.0,0.0,1.0,1.0,00-0035042,J.Gillan
2023_08_NYJ_NYG,REG,8,NYJ,55.0,0.0,0.0,1.0,00-0027114,T.Morstead
2023_08_NYJ_NYG,REG,8,NYG,42.0,0.0,1.0,1.0,00-0035042,J.Gillan
2023_08_NYJ_NYG,REG,8,NYJ,45.0,0.0,0.0,1.0,00-0027114,T.Morstead
2023_08_NYJ_NYG,REG,8,NYG,40.0,0.0,0.0,1.0,00-0035042,J.Gillan
2023_08_NYJ_NYG,REG,8,NYJ,53.0,0.0,0.0,1.0,00-0027114,T.Morstead
2023_08_NYJ_NYG,REG,8,NYG,42.0,0.0,1.0,1.0,00-0035042,J.Gillan
2023_08_NYJ_NYG,REG,8,NYJ,43.0,0.0,0.0,1.0,00-0027114,T.Morstead
2023_08_NYJ_NYG,REG,8,NYG,42.0,0.0,0.0,1.0,00-0035042,J.Gillan
2023_08_NYJ_NYG,REG,8,NYJ,43.0,0.0,1.0,1.0,00-0027114,T.Morstead
2023_08_NYJ_NYG,REG,8,NYG,32.0,0.0,0.0,1.0,00-0035042,J.Gillan
2023_08_NYJ_NYG,REG,8,NYG,47.0,0.0,0.0,1.0,00-0035042,J.Gillan
2023_08_PHI_WAS,REG,8,WAS,40.0,0.0,1.0,1.0,00-0030140,T.Way
2023_08_PHI_WAS,REG,8,PHI,58.0,0.0,0.0,1.0,00-0036313,B.Mann
2023_08_PHI_WAS,REG,8,WAS,56.0,0.0,0.0,1.0,00-0030140,T.Way
2023_08_PHI_WAS,REG,8,PHI,59.0,0.0,0.0,1.0,00-0036313,B.Mann
2023_08_TB_BUF,REG,8,TB,53.0,0.0,1.0,1.0,00-0038042,J.Camarda
2023_08_TB_BUF,REG,8,TB,44.0,0.0,0.0,1.0,00-0038042,J.Camarda
2023_08_TB_BUF,REG,8,TB,46.0,0.0,0.0,1.0,00-0038042,J.Camarda
2023_08_TB_BUF,REG,8,TB,38.0,0.0,1.0,1.0,00-0038042,J.Camarda
2023_08_TB_BUF,REG,8,BUF,48.0,0.0,1.0,1.0,00-0030092,S.Martin
2023_08_TB_BUF,REG,8,TB,61.0,0.0,0.0,1.0,00-0038042,J.Camarda
2023_08_TB_BUF,REG,8,BUF,43.0,0.0,1.0,1.0,00-0030092,S.Martin
2023_08_TB_BUF,REG,8,TB,63.0,0.0,0.0,1.0,00-0038042,J.Camarda
2023_08_TB_BUF,REG,8,BUF,41.0,0.0,1.0,1.0,00-0030092,S.Martin
2023_08_TB_BUF,REG,8,BUF,48.0,0.0,0.0,1.0,00-0030092,S.Martin
2023_09_ARI_CLE,REG,9,ARI,37.0,0.0,1.0,1.0,00-0035859,B.Gillikin
2023_09_ARI_CLE,REG,9,CLE,44.0,0.0,1.0,1.0,00-0034721,C.Bojorquez
2023_09_ARI_CLE,REG,9,ARI,44.0,0.0,0.0,1.0,00-0035859,B.Gillikin
2023_09_ARI_CLE,REG,9,ARI,56.0,0.0,0.0,1.0,00-0035859,B.Gillikin
2023_09_ARI_CLE,REG,9,ARI,55.0,0.0,0.0,1.0,00-0035859,B.Gillikin
2023_09_ARI_CLE,REG,9,CLE,60.0,0.0,0.0,1.0,00-0034721,C.Bojorquez
2023_09_ARI_CLE,REG,9,ARI,55.0,0.0,0.0,1.0,00-0035859,B.Gillikin
2023_09_ARI_CLE,REG,9,CLE,73.0,0.0,1.0,1.0,00-0034721,C.Bojorquez
2023_09_ARI_CLE,REG,9,ARI,55.0,0.0,0.0,1.0,00-0035859,B.Gillikin
2023_09_ARI_CLE,REG,9,CLE,57.0,0.0,0.0,1.0,00-0034721,C.Bojorquez
2023_09_ARI_CLE,REG,9,ARI,57.0,0.0,1.0,1.0,00-0035859,B.Gillikin
2023_09_ARI_CLE,REG,9,CLE,65.0,0.0,0.0,1.0,00-0034721,C.Bojorquez
2023_09_ARI_CLE,REG,9,ARI,58.0,0.0,0.0,1.0,00-0035859,B.Gillikin
2023_09_ARI_CLE,REG,9,CLE,67.0,0.0,0.0,1.0,00-0034721,C.Bojorquez
2023_09_ARI_CLE,REG,9,ARI,43.0,0.0,0.0,1.0,00-0035859,B.Gillikin
2023_09_ARI_CLE,REG,9,CLE,44.0,0.0,0.0,1.0,00-0034721,C.Bojorquez
2023_09_BUF_CIN,REG,9,BUF,38.0,0.0,0.0,1.0,00-0030092,S.Martin
2023_09_BUF_CIN,REG,9,CIN,36.0,0.0,1.0,1.0,00-0038626,B.Robbins
2023_09_BUF_CIN,REG,9,CIN,33.0,0.0,1.0,1.0,00-0038626,B.Robbins
2023_09_BUF_CIN,REG,9,BUF,45.0,0.0,0.0,1.0,00-0030092,S.Martin
2023_09_BUF_CIN,REG,9,CIN,49.0,0.0,1.0,1.0,00-0038626,B.Robbins
2023_09_BUF_CIN,REG,9,BUF,44.0,0.0,0.0,1.0,00-0030092,S.Martin
2023_09_CHI_NO,REG,9,NO,42.0,0.0,1.0,1.0,00-0038906,L.Hedley
2023_09_CHI_NO,REG,9,NO,48.0,0.0,0.0,1.0,00-0038906,L.Hedley
2023_09_CHI_NO,REG,9,NO,30.0,0.0,1.0,1.0,00-0038906,L.Hedley
2023_09_CHI_NO,REG,9,CHI,46.0,0.0,0.0,1.0,00-0037097,T.Gill
2023_09_CHI_NO,REG,9,NO,44.0,0.0,1.0,1.0,00-0038906,L.Hedley
2023_09_CHI_NO,REG,9,CHI,49.0,0.0,0.0,1.0,00-0037097,T.Gill
2023_09_DAL_PHI,REG,9,DAL,52.0,0.0,0.0,1.0,00-0029692,B.Anger
2023_09_DAL_PHI,REG,9,PHI,57.0,0.0,0.0,1.0,00-0036313,B.Mann
2023_09_DAL_PHI,REG,9,PHI,47.0,0.0,1.0,1.0,00-0036313,B.Mann
2023_09_DAL_PHI,REG,9,DAL,30.0,0.0,1.0,1.0,00-0029692,B.Anger
2023_09_DAL_PHI,REG,9,PHI,46.0,0.0,0.0,1.0,00-0036313,B.Mann
2023_09_DAL_PHI,REG,9,PHI,54.0,0.0,0.0,1.0,00-0036313,B.Mann
2023_09_DAL_PHI,REG,9,PHI,55.0,0.0,1.0,1.0,00-0036313,B.Mann
2023_09_IND_CAR,REG,9,CAR,50.0,0.0,1.0,1.0,00-0028872,J.Hekker
2023_09_IND_CAR,REG,9,IND,56.0,0.0,1.0,1.0,00-0033269,R.Sanchez
2023_09_IND_CAR,REG,9,CAR,37.0,0.0,0.0,1.0,00-0028872,J.Hekker
2023_09_IND_CAR,REG,9,CAR,43.0,0.0,1.0,1.0,00-0028872,J.Hekker
2023_09_IND_CAR,REG,9,CAR,44.0,0.0,0.0,1.0,00-0028872,J.Hekker
2023_09_IND_CAR,REG,9,IND,61.0,0.0,0.0,1.0,00-0033269,R.Sanchez
2023_09_IND_CAR,REG,9,IND,39.0,0.0,1.0,1.0,00-0033269,R.Sanchez
2023_09_IND_CAR,REG,9,IND,41.0,0.0,0.0,1.0,00-0033269,R.Sanchez
2023_09_IND_CAR,REG,9,IND,44.0,0.0,1.0,1.0,00-0033269,R.Sanchez
2023_09_LAC_NYJ,REG,9,LAC,49.0,0.0,0.0,1.0,00-0034162,J.Scott
2023_09_LAC_NYJ,REG,9,NYJ,59.0,0.0,0.0,1.0,00-0027114,T.Morstead
2023_09_LAC_NYJ,REG,9,LAC,36.0,0.0,0.0,1.0,00-0034162,J.Scott
2023_09_LAC_NYJ,REG,9,NYJ,53.0,0.0,0.0,1.0,00-0027114,T.Morstead
2023_09_LAC_NYJ,REG,9,LAC,52.0,0.0,0.0,1.0,00-0034162,J.Scott
2023_09_LAC_NYJ,REG,9,NYJ,49.0,0.0,0.0,1.0,00-0027114,T.Morstead
2023_09_LAC_NYJ,REG,9,LAC,48.0,0.0,0.0,1.0,00-0034162,J.Scott
2023_09_LAC_NYJ,REG,9,LAC,49.0,0.0,0.0,1.0,00-0034162,J.Scott
2023_09_LAC_NYJ,REG,9,NYJ,52.0,0.0,1.0,1.0,00-0027114,T.Morstead
2023_09_LAC_NYJ,REG,9,LAC,54.0,0.0,1.0,1.0,00-0034162,J.Scott
2023_09_LAC_NYJ,REG,9,NYJ,52.0,0.0,0.0,1.0,00-0027114,T.Morstead
2023_09_LAC_NYJ,REG,9,LAC,37.0,0.0,0.0,1.0,00-0034162,J.Scott
2023_09_LAC_NYJ,REG,9,NYJ,33.0,0.0,1.0,1.0,00-0027114,T.Morstead
2023_09_LAC_NYJ,REG,9,NYJ,54.0,0.0,0.0,1.0,00-0027114,T.Morstead
2023_09_LAC_NYJ,REG,9,LAC,39.0,0.0,0.0,1.0,00-0034162,J.Scott
2023_09_LA_GB,REG,9,LAR,37.0,0.0,1.0,1.0,00-0039059,E.Evans
2023_09_LA_GB,REG,9,GB,52.0,0.0,0.0,1.0,00-0037547,D.Whelan
2023_09_LA_GB,REG,9,LAR,41.0,0.0,0.0,1.0,00-0039059,E.Evans
2023_09_LA_GB,REG,9,GB,33.0,0.0,1.0,1.0,00-0037547,D.Whelan
2023_09_LA_GB,REG,9,LAR,61.0,0.0,0.0,1.0,00-0039059,E.Evans
2023_09_LA_GB,REG,9,GB,47.0,0.0,0.0,1.0,00-0037547,D.Whelan
2023_09_LA_GB,REG,9,LAR,20.0,0.0,1.0,1.0,00-0039059,E.Evans
2023_09_LA_GB,REG,9,GB,42.0,0.0,0.0,1.0,00-0037547,D.Whelan
2023_09_LA_GB,REG,9,LAR,65.0,0.0,0.0,1.0,00-0039059,E.Evans
2023_09_MIA_KC,REG,9,MIA,40.0,0.0,0.0,1.0,00-0035280,J.Bailey
2023_09_MIA_KC,REG,9,KC,38.0,0.0,1.0,1.0,00-0035889,T.Townsend
2023_09_MIA_KC,REG,9,MIA,35.0,0.0,1.0,1.0,00-0035280,J.Bailey
2023_09_MIA_KC,REG,9,KC,48.0,0.0,0.0,1.0,00-0035889,T.Townsend
2023_09_MIA_KC,REG,9,MIA,42.0,0.0,1.0,1.0,00-0035280,J.Bailey
2023_09_MIA_KC,REG,9,KC,48.0,0.0,0.0,1.0,00-0035889,T.Townsend
2023_09_MIA_KC,REG,9,MIA,47.0,0.0,1.0,1.0,00-0035280,J.Bailey
2023_09_MIA_KC,REG,9,MIA,48.0,0.0,0.0,1.0,00-0035280,J.Bailey
2023_09_MIA_KC,REG,9,MIA,52.0,0.0,0.0,1.0,00-0035280,J.Bailey
2023_09_MIA_KC,REG,9,KC,68.0,0.0,0.0,1.0,00-0035889,T.Townsend
2023_09_MIA_KC,REG,9,KC,44.0,0.0,1.0,1.0,00-0035889,T.Townsend
2023_09_MIA_KC,REG,9,MIA,52.0,0.0,1.0,1.0,00-0035280,J.Bailey
2023_09_MIA_KC,REG,9,KC,56.0,0.0,0.0,1.0,00-0035889,T.Townsend
2023_09_MIN_ATL,REG,9,ATL,45.0,0.0,1.0,1.0,00-0032065,B.Pinion
2023_09_MIN_ATL,REG,9,MIN,52.0,0.0,0.0,1.0,00-0037500,R.Wright
2023_09_MIN_ATL,REG,9,ATL,39.0,0.0,1.0,1.0,00-0032065,B.Pinion
2023_09_MIN_ATL,REG,9,ATL,46.0,0.0,0.0,1.0,00-0032065,B.Pinion
2023_09_MIN_ATL,REG,9,MIN,52.0,0.0,1.0,1.0,00-0037500,R.Wright
2023_09_MIN_ATL,REG,9,ATL,45.0,0.0,0.0,1.0,00-0032065,B.Pinion
2023_09_MIN_ATL,REG,9,MIN,29.0,0.0,0.0,1.0,00-0037500,R.Wright
2023_09_NYG_LV,REG,9,NYG,48.0,0.0,0.0,1.0,00-0035042,J.Gillan
2023_09_NYG_LV,REG,9,LV,65.0,0.0,0.0,1.0,00-0035190,A.Cole
2023_09_NYG_LV,REG,9,NYG,43.0,0.0,1.0,1.0,00-0035042,J.Gillan
2023_09_NYG_LV,REG,9,LV,69.0,0.0,0.0,1.0,00-0035190,A.Cole
2023_09_NYG_LV,REG,9,NYG,38.0,0.0,0.0,1.0,00-0035042,J.Gillan
2023_09_NYG_LV,REG,9,NYG,40.0,0.0,0.0,1.0,00-0035042,J.Gillan
2023_09_NYG_LV,REG,9,LV,57.0,0.0,1.0,1.0,00-0035190,A.Cole
2023_09_NYG_LV,REG,9,LV,63.0,0.0,0.0,1.0,00-0035190,A.Cole
2023_09_NYG_LV,REG,9,LV,64.0,0.0,0.0,1.0,00-0035190,A.Cole
2023_09_SEA_BAL,REG,9,SEA,49.0,0.0,0.0,1.0,00-0034160,M.Dickson
2023_09_SEA_BAL,REG,9,BAL,47.0,0.0,0.0,1.0,00-0038094,J.Stout
2023_09_SEA_BAL,REG,9,SEA,39.0,0.0,1.0,1.0,00-0034160,M.Dickson
2023_09_SEA_BAL,REG,9,BAL,66.0,0.0,0.0,1.0,00-0038094,J.Stout
2023_09_SEA_BAL,REG,9,SEA,42.0,0.0,1.0,1.0,00-0034160,M.Dickson
2023_09_SEA_BAL,REG,9,SEA,49.0,0.0,1.0,1.0,00-0034160,M.Dickson
2023_09_SEA_BAL,REG,9,SEA,60.0,0.0,0.0,1.0,00-0034160,M.Dickson
2023_09_SEA_BAL,REG,9,SEA,41.0,0.0,0.0,1.0,00-0034160,M.Dickson
2023_09_SEA_BAL,REG,9,SEA,40.0,0.0,0.0,1.0,00-0034160,M.Dickson
2023_09_TB_HOU,REG,9,HOU,58.0,0.0,0.0,1.0,00-0033729,C.Johnston
2023_09_TB_HOU,REG,9,TB,52.0,0.0,1.0,1.0,00-0038042,J.Camarda
2023_09_TB_HOU,REG,9,HOU,54.0,0.0,0.0,1.0,00-0033729,C.Johnston
2023_09_TB_HOU,REG,9,TB,53.0,0.0,1.0,1.0,00-0038042,J.Camarda
2023_09_TB_HOU,REG,9,TB,49.0,0.0,0.0,1.0,00-0038042,J.Camarda
2023_09_TB_HOU,REG,9,TB,48.0,0.0,0.0,1.0,00-0038042,J.Camarda
2023_09_TB_HOU,REG,9,HOU,62.0,0.0,0.0,1.0,00-0033729,C.Johnston
2023_09_TEN_PIT,REG,9,PIT,54.0,0.0,1.0,1.0,00-0036847,P.Harvin
2023_09_TEN_PIT,REG,9,TEN,59.0,0.0,1.0,1.0,00-0037607,R.Stonehouse
2023_09_TEN_PIT,REG,9,PIT,62.0,0.0,0.0,1.0,00-0036847,P.Harvin
2023_09_TEN_PIT,REG,9,TEN,61.0,0.0,1.0,1.0,00-0037607,R.Stonehouse
2023_09_TEN_PIT,REG,9,PIT,48.0,0.0,1.0,1.0,00-0036847,P.Harvin
2023_09_TEN_PIT,REG,9,TEN,51.0,0.0,1.0,1.0,00-0037607,R.Stonehouse
2023_09_TEN_PIT,REG,9,PIT,36.0,0.0,1.0,1.0,00-0036847,P.Harvin
2023_09_WAS_NE,REG,9,WAS,40.0,0.0,1.0,1.0,00-0030140,T.Way
2023_09_WAS_NE,REG,9,NE,56.0,0.0,0.0,1.0,00-0038610,B.Baringer
2023_09_WAS_NE,REG,9,NE,52.0,0.0,1.0,1.0,00-0038610,B.Baringer
2023_09_WAS_NE,REG,9,WAS,35.0,0.0,1.0,1.0,00-0030140,T.Way
2023_09_WAS_NE,REG,9,NE,49.0,0.0,0.0,1.0,00-0038610,B.Baringer
2023_09_WAS_NE,REG,9,NE,53.0,0.0,0.0,1.0,00-0038610,B.Baringer
2023_09_WAS_NE,REG,9,WAS,53.0,0.0,1.0,1.0,00-0030140,T.Way
2023_09_WAS_NE,REG,9,NE,60.0,0.0,0.0,1.0,00-0038610,B.Baringer
2023_09_WAS_NE,REG,9,WAS,47.0,0.0,1.0,1.0,00-0030140,T.Way
2023_09_WAS_NE,REG,9,NE,56.0,0.0,1.0,1.0,00-0038610,B.Baringer
2023_09_WAS_NE,REG,9,WAS,64.0,0.0,0.0,1.0,00-0030140,T.Way
2023_10_ATL_ARI,REG,10,ARI,49.0,0.0,0.0,1.0,00-0035859,B.Gillikin
2023_10_ATL_ARI,REG,10,ATL,52.0,0.0,1.0,1.0,00-0032065,B.Pinion
2023_10_ATL_ARI,REG,10,ATL,37.0,0.0,0.0,1.0,00-0032065,B.Pinion
2023_10_ATL_ARI,REG,10,ATL,54.0,0.0,0.0,1.0,00-0032065,B.Pinion
2023_10_ATL_ARI,REG,10,ARI,54.0,0.0,1.0,1.0,00-0035859,B.Gillikin
2023_10_ATL_ARI,REG,10,ATL,60.0,0.0,0.0,1.0,00-0032065,B.Pinion
2023_10_ATL_ARI,REG,10,ARI,53.0,0.0,0.0,1.0,00-0035859,B.Gillikin
2023_10_CAR_CHI,REG,10,CHI,57.0,0.0,0.0,1.0,00-0037097,T.Gill
2023_10_CAR_CHI,REG,10,CAR,47.0,0.0,1.0,1.0,00-0028872,J.Hekker
2023_10_CAR_CHI,REG,10,CHI,57.0,0.0,0.0,1.0,00-0037097,T.Gill
2023_10_CAR_CHI,REG,10,CHI,43.0,0.0,1.0,1.0,00-0037097,T.Gill
2023_10_CAR_CHI,REG,10,CAR,55.0,0.0,0.0,1.0,00-0028872,J.Hekker
2023_10_CAR_CHI,REG,10,CAR,43.0,0.0,1.0,1.0,00-0028872,J.Hekker
2023_10_CAR_CHI,REG,10,CAR,52.0,0.0,0.0,1.0,00-0028872,J.Hekker
2023_10_CAR_CHI,REG,10,CHI,62.0,0.0,1.0,1.0,00-0037097,T.Gill
2023_10_CAR_CHI,REG,10,CAR,41.0,0.0,0.0,1.0,00-0028872,J.Hekker
2023_10_CAR_CHI,REG,10,CAR,34.0,0.0,1.0,1.0,00-0028872,J.Hekker
2023_10_CAR_CHI,REG,10,CHI,26.0,0.0,0.0,1.0,00-0037097,T.Gill
2023_10_CAR_CHI,REG,10,CHI,35.0,0.0,1.0,1.0,00-0037097,T.Gill
2023_10_CLE_BAL,REG,10,CLE,46.0,0.0,0.0,1.0,00-0034721,C.Bojorquez
2023_10_CLE_BAL,REG,10,CLE,43.0,0.0,0.0,1.0,00-0034721,C.Bojorquez
2023_10_CLE_BAL,REG,10,BAL,58.0,0.0,0.0,1.0,00-0038094,J.Stout
2023_10_CLE_BAL,REG,10,BAL,44.0,0.0,1.0,1.0,00-0038094,J.Stout
2023_10_CLE_BAL,REG,10,BAL,59.0,0.0,0.0,1.0,00-0038094,J.Stout
2023_10_DEN_BUF,REG,10,DEN,58.0,0.0,0.0,1.0,00-0032943,R.Dixon
2023_10_DEN_BUF,REG,10,BUF,46.0,0.0,0.0,1.0,00-0030092,S.Martin
2023_10_DEN_BUF,REG,10,DEN,46.0,0.0,0.0,1.0,00-0032943,R.Dixon
2023_10_DEN_BUF,REG,10,BUF,44.0,0.0,0.0,1.0,00-0030092,S.Martin
2023_10_DEN_BUF,REG,10,DEN,63.0,0.0,0.0,1.0,00-0032943,R.Dixon
2023_10_DEN_BUF,REG,10,DEN,42.0,0.0,1.0,1.0,00-0032943,R.Dixon
2023_10_DEN_BUF,REG,10,DEN,33.0,0.0,1.0,1.0,00-0032943,R.Dixon
2023_10_DEN_BUF,REG,10,BUF,44.0,0.0,0.0,1.0,00-0030092,S.Martin
2023_10_DET_LAC,REG,10,LAC,58.0,0.0,0.0,1.0,00-0034162,J.Scott
2023_10_DET_LAC,REG,10,LAC,49.0,0.0,0.0,1.0,00-0034162,J.Scott
2023_10_DET_LAC,REG,10,DET,29.0,0.0,1.0,1.0,00-0035156,J.Fox
2023_10_GB_PIT,REG,10,GB,43.0,0.0,0.0,1.0,00-0037547,D.Whelan
2023_10_GB_PIT,REG,10,PIT,50.0,0.0,0.0,1.0,00-0036847,P.Harvin
2023_10_GB_PIT,REG,10,GB,39.0,0.0,1.0,1.0,00-0037547,D.Whelan
2023_10_GB_PIT,REG,10,PIT,39.0,0.0,1.0,1.0,00-0036847,P.Harvin
2023_10_GB_PIT,REG,10,PIT,56.0,0.0,0.0,1.0,00-0036847,P.Harvin
2023_10_GB_PIT,REG,10,GB,53.0,0.0,0.0,1.0,00-0037547,D.Whelan
2023_10_GB_PIT,REG,10,PIT,39.0,0.0,1.0,1.0,00-0036847,P.Harvin
2023_10_GB_PIT,REG,10,GB,44.0,0.0,0.0,1.0,00-0037547,D.Whelan
2023_10_GB_PIT,REG,10,PIT,40.0,0.0,1.0,1.0,00-0036847,P.Harvin
2023_10_HOU_CIN,REG,10,HOU,43.0,0.0,1.0,1.0,00-0033729,C.Johnston
2023_10_HOU_CIN,REG,10,CIN,55.0,0.0,1.0,1.0,00-0038626,B.Robbins
2023_10_HOU_CIN,REG,10,CIN,48.0,0.0,0.0,1.0,00-0038626,B.Robbins
2023_10_HOU_CIN,REG,10,CIN,54.0,0.0,0.0,1.0,00-0038626,B.Robbins
2023_10_HOU_CIN,REG,10,CIN,56.0,0.0,1.0,1.0,00-0038626,B.Robbins
2023_10_HOU_CIN,REG,10,CIN,46.0,0.0,0.0,1.0,00-0038626,B.Robbins
2023_10_HOU_CIN,REG,10,HOU,41.0,0.0,0.0,1.0,00-0033729,C.Johnston
2023_10_HOU_CIN,REG,10,HOU,38.0,0.0,1.0,1.0,00-0033729,C.Johnston
2023_10_HOU_CIN,REG,10,HOU,47.0,0.0,0.0,1.0,00-0033729,C.Johnston
2023_10_IND_NE,REG,10,NE,49.0,0.0,1.0,1.0,00-0038610,B.Baringer
2023_10_IND_NE,REG,10,IND,69.0,0.0,1.0,1.0,00-0033269,R.Sanchez
2023_10_IND_NE,REG,10,NE,57.0,0.0,0.0,1.0,00-0038610,B.Baringer
2023_10_IND_NE,REG,10,IND,42.0,0.0,0.0,1.0,00-0033269,R.Sanchez
2023_10_IND_NE,REG,10,NE,79.0,0.0,0.0,1.0,00-0038610,B.Baringer
2023_10_IND_NE,REG,10,IND,30.0,0.0,1.0,1.0,00-0033269,R.Sanchez
2023_10_IND_NE,REG,10,NE,65.0,0.0,0.0,1.0,00-0038610,B.Baringer
2023_10_IND_NE,REG,10,IND,43.0,0.0,1.0,1.0,00-0033269,R.Sanchez
2023_10_IND_NE,REG,10,IND,40.0,0.0,1.0,1.0,00-0033269,R.Sanchez
2023_10_NO_MIN,REG,10,NO,47.0,0.0,0.0,1.0,00-0038906,L.Hedley
2023_10_NO_MIN,REG,10,MIN,50.0,0.0,0.0,1.0,00-0037500,R.Wright
2023_10_NO_MIN,REG,10,NO,48.0,0.0,1.0,1.0,00-0038906,L.Hedley
2023_10_NO_MIN,REG,10,NO,48.0,0.0,0.0,1.0,00-0038906,L.Hedley
2023_10_NO_MIN,REG,10,NO,44.0,0.0,0.0,1.0,00-0038906,L.Hedley
2023_10_NO_MIN,REG,10,MIN,50.0,0.0,1.0,1.0,00-0037500,R.Wright
2023_10_NO_MIN,REG,10,NO,46.0,0.0,0.0,1.0,00-0038906,L.Hedley
2023_10_NO_MIN,REG,10,MIN,37.0,0.0,1.0,1.0,00-0037500,R.Wright
2023_10_NO_MIN,REG,10,NO,46.0,0.0,0.0,1.0,00-0038906,L.Hedley
2023_10_NO_MIN,REG,10,MIN,38.0,0.0,1.0,1.0,00-0037500,R.Wright
2023_10_NO_MIN,REG,10,MIN,45.0,0.0,0.0,1.0,00-0037500,R.Wright
2023_10_NO_MIN,REG,10,MIN,38.0,0.0,0.0,1.0,00-0037500,R.Wright
2023_10_NYG_DAL,REG,10,NYG,49.0,0.0,0.0,1.0,00-0035042,J.Gillan
2023_10_NYG_DAL,REG,10,DAL,45.0,0.0,1.0,1.0,00-0029692,B.Anger
2023_10_NYG_DAL,REG,10,NYG,42.0,0.0,0.0,1.0,00-0035042,J.Gillan
2023_10_NYG_DAL,REG,10,NYG,58.0,0.0,0.0,1.0,00-0035042,J.Gillan
2023_10_NYG_DAL,REG,10,NYG,39.0,0.0,0.0,1.0,00-0035042,J.Gillan
2023_10_NYG_DAL,REG,10,NYG,58.0,0.0,1.0,1.0,00-0035042,J.Gillan
2023_10_NYG_DAL,REG,10,NYG,48.0,0.0,0.0,1.0,00-0035042,J.Gillan
2023_10_NYG_DAL,REG,10,DAL,48.0,0.0,1.0,1.0,00-0029692,B.Anger
2023_10_NYG_DAL,REG,10,NYG,56.0,0.0,1.0,1.0,00-0035042,J.Gillan
2023_10_NYJ_LV,REG,10,LV,44.0,0.0,0.0,1.0,00-0035190,A.Cole
2023_10_NYJ_LV,REG,10,LV,55.0,0.0,1.0,1.0,00-0035190,A.Cole
2023_10_NYJ_LV,REG,10,NYJ,62.0,0.0,0.0,1.0,00-0027114,T.Morstead
2023_10_NYJ_LV,REG,10,LV,31.0,0.0,1.0,1.0,00-0035190,A.Cole
2023_10_NYJ_LV,REG,10,NYJ,52.0,0.0,0.0,1.0,00-0027114,T.Morstead
2023_10_NYJ_LV,REG,10,NYJ,56.0,0.0,0.0,1.0,00-0027114,T.Morstead
2023_10_NYJ_LV,REG,10,LV,63.0,0.0,1.0,1.0,00-0035190,A.Cole
2023_10_NYJ_LV,REG,10,NYJ,55.0,0.0,0.0,1.0,00-0027114,T.Morstead
2023_10_NYJ_LV,REG,10,NYJ,51.0,0.0,0.0,1.0,00-0027114,T.Morstead
2023_10_NYJ_LV,REG,10,LV,60.0,0.0,0.0,1.0,00-0035190,A.Cole
2023_10_SF_JAX,REG,10,JAX,41.0,0.0,0.0,1.0,00-0034437,L.Cooke
2023_10_SF_JAX,REG,10,JAX,51.0,0.0,0.0,1.0,00-0034437,L.Cooke
2023_10_SF_JAX,REG,10,JAX,56.0,0.0,0.0,1.0,00-0034437,L.Cooke
2023_10_SF_JAX,REG,10,SF,49.0,0.0,0.0,1.0,00-0034941,M.Wishnowsky
2023_10_SF_JAX,REG,10,SF,56.0,0.0,1.0,1.0,00-0034941,M.Wishnowsky
2023_10_SF_JAX,REG,10,SF,36.0,0.0,1.0,1.0,00-0034941,M.Wishnowsky
2023_10_SF_JAX,REG,10,JAX,58.0,0.0,0.0,1.0,00-0034437,L.Cooke
2023_10_SF_JAX,REG,10,JAX,62.0,0.0,0.0,1.0,00-0034437,L.Cooke
2023_10_TEN_TB,REG,10,TEN,62.0,0.0,1.0,1.0,00-0037607,R.Stonehouse
2023_10_TEN_TB,REG,10,TB,47.0,0.0,0.0,1.0,00-0038042,J.Camarda
2023_10_TEN_TB,REG,10,TB,37.0,0.0,0.0,1.0,00-0038042,J.Camarda
2023_10_TEN_TB,REG,10,TEN,55.0,0.0,1.0,1.0,00-0037607,R.Stonehouse
2023_10_TEN_TB,REG,10,TEN,55.0,0.0,0.0,1.0,00-0037607,R.Stonehouse
2023_10_TEN_TB,REG,10,TB,34.0,0.0,1.0,1.0,00-0038042,J.Camarda
2023_10_TEN_TB,REG,10,TEN,55.0,0.0,0.0,1.0,00-0037607,R.Stonehouse
2023_10_TEN_TB,REG,10,TB,18.0,0.0,0.0,1.0,00-0038042,J.Camarda
2023_10_TEN_TB,REG,10,TB,35.0,0.0,0.0,1.0,00-0038042,J.Camarda
2023_10_WAS_SEA,REG,10,WAS,43.0,0.0,1.0,1.0,00-0030140,T.Way
2023_10_WAS_SEA,REG,10,SEA,40.0,0.0,0.0,1.0,00-0034160,M.Dickson
2023_10_WAS_SEA,REG,10,WAS,49.0,0.0,0.0,1.0,00-0030140,T.Way
2023_10_WAS_SEA,REG,10,SEA,45.0,0.0,1.0,1.0,00-0034160,M.Dickson
2023_10_WAS_SEA,REG,10,WAS,43.0,0.0,0.0,1.0,00-0030140,T.Way
2023_10_WAS_SEA,REG,10,WAS,40.0,0.0,0.0,1.0,00-0030140,T.Way
2023_10_WAS_SEA,REG,10,SEA,47.0,0.0,0.0,1.0,00-0034160,M.Dickson
2023_10_WAS_SEA,REG,10,SEA,49.0,0.0,0.0,1.0,00-0034160,M.Dickson
2023_10_WAS_SEA,REG,10,WAS,52.0,0.0,1.0,1.0,00-0030140,T.Way
2023_11_ARI_HOU,REG,11,ARI,48.0,0.0,0.0,1.0,00-0035859,B.Gillikin
2023_11_ARI_HOU,REG,11,ARI,59.0,0.0,0.0,1.0,00-0035859,B.Gillikin
2023_11_ARI_HOU,REG,11,HOU,44.0,0.0,0.0,1.0,00-0033729,C.Johnston
2023_11_ARI_HOU,REG,11,HOU,50.0,0.0,1.0,1.0,00-0033729,C.Johnston
2023_11_CHI_DET,REG,11,CHI,44.0,0.0,0.0,1.0,00-0037097,T.Gill
2023_11_CHI_DET,REG,11,DET,37.0,0.0,1.0,1.0,00-0035156,J.Fox
2023_11_CHI_DET,REG,11,DET,60.0,0.0,1.0,1.0,00-0035156,J.Fox
2023_11_CHI_DET,REG,11,CHI,47.0,0.0,0.0,1.0,00-0037097,T.Gill
2023_11_CIN_BAL,REG,11,BAL,50.0,0.0,0.0,1.0,00-0038094,J.Stout
2023_11_CIN_BAL,REG,11,CIN,38.0,0.0,0.0,1.0,00-0038626,B.Robbins
2023_11_CIN_BAL,REG,11,BAL,56.0,0.0,0.0,1.0,00-0038094,J.Stout
2023_11_CIN_BAL,REG,11,BAL,28.0,0.0,1.0,1.0,00-0038094,J.Stout
2023_11_CIN_BAL,REG,11,CIN,53.0,0.0,0.0,1.0,00-0038626,B.Robbins
2023_11_CIN_BAL,REG,11,CIN,38.0,0.0,0.0,1.0,00-0038626,B.Robbins
2023_11_CIN_BAL,REG,11,CIN,38.0,0.0,0.0,1.0,00-0038626,B.Robbins
2023_11_CIN_BAL,REG,11,BAL,48.0,0.0,0.0,1.0,00-0038094,J.Stout
2023_11_CIN_BAL,REG,11,CIN,50.0,0.0,0.0,1.0,00-0038626,B.Robbins
2023_11_DAL_CAR,REG,11,DAL,55.0,0.0,1.0,1.0,00-0029692,B.Anger
2023_11_DAL_CAR,REG,11,CAR,29.0,0.0,1.0,1.0,00-0028872,J.Hekker
2023_11_DAL_CAR,REG,11,CAR,61.0,0.0,0.0,1.0,00-0028872,J.Hekker
2023_11_DAL_CAR,REG,11,CAR,50.0,0.0,0.0,1.0,00-0028872,J.Hekker
2023_11_DAL_CAR,REG,11,DAL,58.0,0.0,0.0,1.0,00-0029692,B.Anger
2023_11_DAL_CAR,REG,11,CAR,52.0,0.0,0.0,1.0,00-0028872,J.Hekker
2023_11_DAL_CAR,REG,11,DAL,63.0,0.0,0.0,1.0,00-0029692,B.Anger
2023_11_DAL_CAR,REG,11,CAR,50.0,0.0,0.0,1.0,00-0028872,J.Hekker
2023_11_LAC_GB,REG,11,GB,40.0,0.0,1.0,1.0,00-0037547,D.Whelan
2023_11_LAC_GB,REG,11,LAC,41.0,0.0,1.0,1.0,00-0034162,J.Scott
2023_11_LAC_GB,REG,11,GB,39.0,0.0,1.0,1.0,00-0037547,D.Whelan
2023_11_LAC_GB,REG,11,LAC,57.0,0.0,0.0,1.0,00-0034162,J.Scott
2023_11_LAC_GB,REG,11,GB,61.0,0.0,0.0,1.0,00-0037547,D.Whelan
2023_11_LAC_GB,REG,11,LAC,45.0,0.0,0.0,1.0,00-0034162,J.Scott
2023_11_LAC_GB,REG,11,GB,53.0,0.0,0.0,1.0,00-0037547,D.Whelan
2023_11_LV_MIA,REG,11,LV,50.0,0.0,0.0,1.0,00-0035190,A.Cole
2023_11_LV_MIA,REG,11,LV,53.0,0.0,0.0,1.0,00-0035190,A.Cole
2023_11_LV_MIA,REG,11,LV,61.0,0.0,1.0,1.0,00-0035190,A.Cole
2023_11_LV_MIA,REG,11,LV,47.0,0.0,0.0,1.0,00-0035190,A.Cole
2023_11_LV_MIA,REG,11,LV,51.0,0.0,1.0,1.0,00-0035190,A.Cole
2023_11_LV_MIA,REG,11,LV,53.0,0.0,0.0,1.0,00-0035190,A.Cole
2023_11_LV_MIA,REG,11,MIA,34.0,0.0,0.0,1.0,00-0035280,J.Bailey
2023_11_LV_MIA,REG,11,MIA,66.0,0.0,1.0,1.0,00-0035280,J.Bailey
2023_11_LV_MIA,REG,11,MIA,43.0,0.0,1.0,1.0,00-0035280,J.Bailey
2023_11_MIN_DEN,REG,11,MIN,47.0,0.0,0.0,1.0,00-0037500,R.Wright
2023_11_MIN_DEN,REG,11,DEN,49.0,0.0,0.0,1.0,00-0032943,R.Dixon
2023_11_MIN_DEN,REG,11,DEN,43.0,0.0,0.0,1.0,00-0032943,R.Dixon
2023_11_MIN_DEN,REG,11,MIN,48.0,0.0,0.0,1.0,00-0037500,R.Wright
2023_11_MIN_DEN,REG,11,DEN,57.0,0.0,0.0,1.0,00-0032943,R.Dixon
2023_11_MIN_DEN,REG,11,DEN,68.0,0.0,0.0,1.0,00-0032943,R.Dixon
2023_11_NYG_WAS,REG,11,NYG,56.0,0.0,0.0,1.0,00-0035042,J.Gillan
2023_11_NYG_WAS,REG,11,NYG,49.0,0.0,0.0,1.0,00-0035042,J.Gillan
2023_11_NYG_WAS,REG,11,NYG,54.0,0.0,0.0,1.0,00-0035042,J.Gillan
2023_11_NYG_WAS,REG,11,WAS,50.0,0.0,0.0,1.0,00-0030140,T.Way
2023_11_NYG_WAS,REG,11,WAS,40.0,0.0,0.0,1.0,00-0030140,T.Way
2023_11_NYG_WAS,REG,11,NYG,36.0,0.0,0.0,1.0,00-0035042,J.Gillan
2023_11_NYG_WAS,REG,11,NYG,37.0,0.0,1.0,1.0,00-0035042,J.Gillan
2023_11_NYG_WAS,REG,11,NYG,38.0,0.0,0.0,1.0,00-0035042,J.Gillan
2023_11_NYG_WAS,REG,11,NYG,48.0,0.0,1.0,1.0,00-0035042,J.Gillan
2023_11_NYJ_BUF,REG,11,NYJ,40.0,0.0,0.0,1.0,00-0027114,T.Morstead
2023_11_NYJ_BUF,REG,11,NYJ,51.0,0.0,0.0,1.0,00-0027114,T.Morstead
2023_11_NYJ_BUF,REG,11,NYJ,56.0,0.0,0.0,1.0,00-0027114,T.Morstead
2023_11_NYJ_BUF,REG,11,BUF,34.0,0.0,1.0,1.0,00-0030092,S.Martin
2023_11_NYJ_BUF,REG,11,NYJ,55.0,0.0,1.0,1.0,00-0027114,T.Morstead
2023_11_NYJ_BUF,REG,11,NYJ,40.0,0.0,0.0,1.0,00-0027114,T.Morstead
2023_11_NYJ_BUF,REG,11,BUF,39.0,0.0,0.0,1.0,00-0030092,S.Martin
2023_11_NYJ_BUF,REG,11,BUF,31.0,0.0,0.0,1.0,00-0030092,S.Martin
2023_11_NYJ_BUF,REG,11,NYJ,55.0,0.0,0.0,1.0,00-0027114,T.Morstead
2023_11_PHI_KC,REG,11,KC,37.0,0.0,0.0,1.0,00-0035889,T.Townsend
2023_11_PHI_KC,REG,11,PHI,40.0,0.0,0.0,1.0,00-0036313,B.Mann
2023_11_PHI_KC,REG,11,KC,41.0,0.0,0.0,1.0,00-0035889,T.Townsend
2023_11_PHI_KC,REG,11,PHI,43.0,0.0,0.0,1.0,00-0036313,B.Mann
2023_11_PHI_KC,REG,11,PHI,42.0,0.0,0.0,1.0,00-0036313,B.Mann
2023_11_PHI_KC,REG,11,PHI,63.0,0.0,0.0,1.0,00-0036313,B.Mann
2023_11_PHI_KC,REG,11,KC,32.0,0.0,0.0,1.0,00-0035889,T.Townsend
2023_11_PHI_KC,REG,11,PHI,44.0,0.0,0.0,1.0,00-0036313,B.Mann
2023_11_PHI_KC,REG,11,KC,55.0,0.0,0.0,1.0,00-0035889,T.Townsend
2023_11_PHI_KC,REG,11,PHI,55.0,0.0,0.0,1.0,00-0036313,B.Mann
2023_11_PHI_KC,REG,11,KC,39.0,0.0,0.0,1.0,00-0035889,T.Townsend
2023_11_PHI_KC,REG,11,KC,52.0,0.0,0.0,1.0,00-0035889,T.Townsend
2023_11_PHI_KC,REG,11,PHI,47.0,0.0,1.0,1.0,00-0036313,B.Mann
2023_11_PIT_CLE,REG,11,CLE,35.0,0.0,1.0,1.0,00-0034721,C.Bojorquez
2023_11_PIT_CLE,REG,11,PIT,43.0,0.0,0.0,1.0,00-0036847,P.Harvin
2023_11_PIT_CLE,REG,11,PIT,47.0,0.0,1.0,1.0,00-0036847,P.Harvin
2023_11_PIT_CLE,REG,11,CLE,65.0,0.0,1.0,1.0,00-0034721,C.Bojorquez
2023_11_PIT_CLE,REG,11,PIT,36.0,0.0,1.0,1.0,00-0036847,P.Harvin
2023_11_PIT_CLE,REG,11,CLE,64.0,0.0,0.0,1.0,00-0034721,C.Bojorquez
2023_11_PIT_CLE,REG,11,PIT,43.0,0.0,1.0,1.0,00-0036847,P.Harvin
2023_11_PIT_CLE,REG,11,CLE,37.0,0.0,1.0,1.0,00-0034721,C.Bojorquez
2023_11_PIT_CLE,REG,11,PIT,48.0,0.0,0.0,1.0,00-0036847,P.Harvin
2023_11_PIT_CLE,REG,11,CLE,59.0,0.0,0.0,1.0,00-0034721,C.Bojorquez
2023_11_PIT_CLE,REG,11,PIT,42.0,0.0,0.0,1.0,00-0036847,P.Harvin
2023_11_PIT_CLE,REG,11,PIT,20.0,0.0,0.0,1.0,00-0036847,P.Harvin
2023_11_PIT_CLE,REG,11,CLE,36.0,0.0,0.0,1.0,00-0034721,C.Bojorquez
2023_11_PIT_CLE,REG,11,CLE,25.0,0.0,0.0,1.0,00-0034721,C.Bojorquez
2023_11_PIT_CLE,REG,11,PIT,29.0,0.0,1.0,1.0,00-0036847,P.Harvin
2023_11_PIT_CLE,REG,11,CLE,59.0,0.0,0.0,1.0,00-0034721,C.Bojorquez
2023_11_PIT_CLE,REG,11,PIT,47.0,0.0,0.0,1.0,00-0036847,P.Harvin
2023_11_SEA_LA,REG,11,LAR,58.0,0.0,1.0,1.0,00-0039059,E.Evans
2023_11_SEA_LA,REG,11,LAR,56.0,0.0,0.0,1.0,00-0039059,E.Evans
2023_11_SEA_LA,REG,11,SEA,62.0,0.0,1.0,1.0,00-0034160,M.Dickson
2023_11_SEA_LA,REG,11,LAR,51.0,0.0,0.0,1.0,00-0039059,E.Evans
2023_11_SEA_LA,REG,11,LAR,33.0,0.0,0.0,1.0,00-0039059,E.Evans
2023_11_SEA_LA,REG,11,SEA,50.0,0.0,1.0,1.0,00-0034160,M.Dickson
2023_11_SEA_LA,REG,11,LAR,65.0,0.0,0.0,1.0,00-0039059,E.Evans
2023_11_SEA_LA,REG,11,SEA,46.0,0.0,0.0,1.0,00-0034160,M.Dickson
2023_11_SEA_LA,REG,11,SEA,44.0,0.0,0.0,1.0,00-0034160,M.Dickson
2023_11_TB_SF,REG,11,SF,44.0,0.0,0.0,1.0,00-0034941,M.Wishnowsky
2023_11_TB_SF,REG,11,TB,42.0,0.0,0.0,1.0,00-0038042,J.Camarda
2023_11_TB_SF,REG,11,TB,56.0,0.0,1.0,1.0,00-0038042,J.Camarda
2023_11_TB_SF,REG,11,TB,46.0,0.0,0.0,1.0,00-0038042,J.Camarda
2023_11_TB_SF,REG,11,SF,60.0,0.0,0.0,1.0,00-0034941,M.Wishnowsky
2023_11_TB_SF,REG,11,SF,49.0,0.0,0.0,1.0,00-0034941,M.Wishnowsky
2023_11_TEN_JAX,REG,11,TEN,61.0,0.0,1.0,1.0,00-0037607,R.Stonehouse
2023_11_TEN_JAX,REG,11,JAX,54.0,0.0,1.0,1.0,00-0034437,L.Cooke
2023_11_TEN_JAX,REG,11,TEN,39.0,0.0,1.0,1.0,00-0037607,R.Stonehouse
2023_11_TEN_JAX,REG,11,TEN,41.0,0.0,0.0,1.0,00-0037607,R.Stonehouse
2023_11_TEN_JAX,REG,11,TEN,73.0,0.0,0.0,1.0,00-0037607,R.Stonehouse
2023_11_TEN_JAX,REG,11,JAX,49.0,0.0,0.0,1.0,00-0034437,L.Cooke
2023_12_BAL_LAC,REG,12,BAL,37.0,0.0,1.0,1.0,00-0038094,J.Stout
2023_12_BAL_LAC,REG,12,LAC,57.0,0.0,0.0,1.0,00-0034162,J.Scott
2023_12_BAL_LAC,REG,12,LAC,46.0,0.0,0.0,1.0,00-0034162,J.Scott
2023_12_BAL_LAC,REG,12,LAC,53.0,0.0,1.0,1.0,00-0034162,J.Scott
2023_12_BAL_LAC,REG,12,BAL,29.0,0.0,1.0,1.0,00-0038094,J.Stout
2023_12_BAL_LAC,REG,12,BAL,55.0,0.0,0.0,1.0,00-0038094,J.Stout
2023_12_BUF_PHI,REG,12,BUF,49.0,0.0,1.0,1.0,00-0030092,S.Martin
2023_12_BUF_PHI,REG,12,PHI,59.0,0.0,0.0,1.0,00-0036313,B.Mann
2023_12_BUF_PHI,REG,12,BUF,28.0,0.0,1.0,1.0,00-0030092,S.Martin
2023_12_BUF_PHI,REG,12,PHI,51.0,0.0,1.0,1.0,00-0036313,B.Mann
2023_12_BUF_PHI,REG,12,BUF,40.0,0.0,1.0,1.0,00-0030092,S.Martin
2023_12_BUF_PHI,REG,12,PHI,53.0,0.0,0.0,1.0,00-0036313,B.Mann
2023_12_BUF_PHI,REG,12,PHI,58.0,0.0,0.0,1.0,00-0036313,B.Mann
2023_12_BUF_PHI,REG,12,BUF,54.0,0.0,0.0,1.0,00-0030092,S.Martin
2023_12_BUF_PHI,REG,12,PHI,48.0,0.0,0.0,1.0,00-0036313,B.Mann
2023_12_CAR_TEN,REG,12,TEN,60.0,0.0,0.0,1.0,00-0037607,R.Stonehouse
2023_12_CAR_TEN,REG,12,CAR,50.0,0.0,1.0,1.0,00-0028872,J.Hekker
2023_12_CAR_TEN,REG,12,TEN,71.0,0.0,1.0,1.0,00-0037607,R.Stonehouse
2023_12_CAR_TEN,REG,12,CAR,41.0,0.0,0.0,1.0,00-0028872,J.Hekker
2023_12_CAR_TEN,REG,12,TEN,54.0,0.0,1.0,1.0,00-0037607,R.Stonehouse
2023_12_CAR_TEN,REG,12,CAR,44.0,0.0,0.0,1.0,00-0028872,J.Hekker
2023_12_CAR_TEN,REG,12,TEN,56.0,0.0,1.0,1.0,00-0037607,R.Stonehouse
2023_12_CAR_TEN,REG,12,CAR,58.0,0.0,0.0,1.0,00-0028872,J.Hekker
2023_12_CAR_TEN,REG,12,TEN,44.0,0.0,1.0,1.0,00-0037607,R.Stonehouse
2023_12_CAR_TEN,REG,12,CAR,53.0,0.0,0.0,1.0,00-0028872,J.Hekker
2023_12_CAR_TEN,REG,12,TEN,38.0,0.0,1.0,1.0,00-0037607,R.Stonehouse
2023_12_CAR_TEN,REG,12,CAR,36.0,0.0,1.0,1.0,00-0028872,J.Hekker
2023_12_CAR_TEN,REG,12,TEN,53.0,0.0,0.0,1.0,00-0037607,R.Stonehouse
2023_12_CHI_MIN,REG,12,MIN,43.0,0.0,0.0,1.0,00-0037500,R.Wright
2023_12_CHI_MIN,REG,12,CHI,44.0,0.0,1.0,1.0,00-0037097,T.Gill
2023_12_CHI_MIN,REG,12,CHI,37.0,0.0,0.0,1.0,00-0037097,T.Gill
2023_12_CHI_MIN,REG,12,MIN,47.0,0.0,1.0,1.0,00-0037500,R.Wright
2023_12_CHI_MIN,REG,12,CHI,56.0,0.0,0.0,1.0,00-0037097,T.Gill
2023_12_CHI_MIN,REG,12,MIN,26.0,0.0,0.0,1.0,00-0037500,R.Wright
2023_12_CLE_DEN,REG,12,CLE,72.0,0.0,0.0,1.0,00-0034721,C.Bojorquez
2023_12_CLE_DEN,REG,12,CLE,63.0,0.0,0.0,1.0,00-0034721,C.Bojorquez
2023_12_CLE_DEN,REG,12,DEN,43.0,0.0,0.0,1.0,00-0032943,R.Dixon
2023_12_CLE_DEN,REG,12,DEN,48.0,0.0,0.0,1.0,00-0032943,R.Dixon
2023_12_CLE_DEN,REG,12,CLE,46.0,0.0,0.0,1.0,00-0034721,C.Bojorquez
2023_12_CLE_DEN,REG,12,DEN,43.0,0.0,0.0,1.0,00-0032943,R.Dixon
2023_12_CLE_DEN,REG,12,DEN,42.0,0.0,1.0,1.0,00-0032943,R.Dixon
2023_12_CLE_DEN,REG,12,DEN,50.0,0.0,0.0,1.0,00-0032943,R.Dixon
2023_12_GB_DET,REG,12,DET,38.0,0.0,1.0,1.0,00-0035156,J.Fox
2023_12_GB_DET,REG,12,GB,34.0,0.0,1.0,1.0,00-0037547,D.Whelan
2023_12_GB_DET,REG,12,DET,45.0,0.0,0.0,1.0,00-0035156,J.Fox
2023_12_GB_DET,REG,12,GB,46.0,0.0,1.0,1.0,00-0037547,D.Whelan
2023_12_GB_DET,REG,12,GB,39.0,0.0,1.0,1.0,00-0037547,D.Whelan
2023_12_GB_DET,REG,12,GB,33.0,0.0,1.0,1.0,00-0037547,D.Whelan
2023_12_JAX_HOU,REG,12,HOU,46.0,0.0,1.0,1.0,00-0033729,C.Johnston
2023_12_JAX_HOU,REG,12,HOU,53.0,0.0,0.0,1.0,00-0033729,C.Johnston
2023_12_JAX_HOU,REG,12,JAX,42.0,0.0,1.0,1.0,00-0034437,L.Cooke
2023_12_JAX_HOU,REG,12,HOU,45.0,0.0,0.0,1.0,00-0033729,C.Johnston
2023_12_JAX_HOU,REG,12,HOU,48.0,0.0,1.0,1.0,00-0033729,C.Johnston
2023_12_JAX_HOU,REG,12,JAX,35.0,0.0,1.0,1.0,00-0034437,L.Cooke
2023_12_KC_LV,REG,12,KC,56.0,0.0,1.0,1.0,00-0035889,T.Townsend
2023_12_KC_LV,REG,12,KC,57.0,0.0,0.0,1.0,00-0035889,T.Townsend
2023_12_KC_LV,REG,12,LV,51.0,0.0,0.0,1.0,00-0035190,A.Cole
2023_12_KC_LV,REG,12,LV,29.0,0.0,0.0,1.0,00-0035190,A.Cole
2023_12_KC_LV,REG,12,KC,41.0,0.0,0.0,1.0,00-0035889,T.Townsend
2023_12_KC_LV,REG,12,LV,37.0,0.0,1.0,1.0,00-0035190,A.Cole
2023_12_KC_LV,REG,12,KC,57.0,0.0,1.0,1.0,00-0035889,T.Townsend
2023_12_LA_ARI,REG,12,LAR,32.0,0.0,1.0,1.0,00-0039059,E.Evans
2023_12_LA_ARI,REG,12,ARI,37.0,0.0,0.0,1.0,00-0035859,B.Gillikin
2023_12_LA_ARI,REG,12,ARI,60.0,0.0,0.0,1.0,00-0035859,B.Gillikin
2023_12_LA_ARI,REG,12,ARI,42.0,0.0,0.0,1.0,00-0035859,B.Gillikin
2023_12_LA_ARI,REG,12,ARI,47.0,0.0,0.0,1.0,00-0035859,B.Gillikin
2023_12_LA_ARI,REG,12,ARI,42.0,0.0,0.0,1.0,00-0035859,B.Gillikin
2023_12_LA_ARI,REG,12,LAR,41.0,0.0,0.0,1.0,00-0039059,E.Evans
2023_12_MIA_NYJ,REG,12,NYJ,44.0,0.0,1.0,1.0,00-0027114,T.Morstead
2023_12_MIA_NYJ,REG,12,NYJ,52.0,0.0,0.0,1.0,00-0027114,T.Morstead
2023_12_MIA_NYJ,REG,12,NYJ,61.0,0.0,0.0,1.0,00-0027114,T.Morstead
2023_12_MIA_NYJ,REG,12,NYJ,54.0,0.0,1.0,1.0,00-0027114,T.Morstead
2023_12_MIA_NYJ,REG,12,MIA,40.0,0.0,0.0,1.0,00-0035280,J.Bailey
2023_12_MIA_NYJ,REG,12,NYJ,54.0,0.0,0.0,1.0,00-0027114,T.Morstead
2023_12_MIA_NYJ,REG,12,NYJ,52.0,0.0,1.0,1.0,00-0027114,T.Morstead
2023_12_NE_NYG,REG,12,NE,53.0,0.0,0.0,1.0,00-0038610,B.Baringer
2023_12_NE_NYG,REG,12,NYG,48.0,0.0,0.0,1.0,00-0035042,J.Gillan
2023_12_NE_NYG,REG,12,NE,31.0,0.0,1.0,1.0,00-0038610,B.Baringer
2023_12_NE_NYG,REG,12,NYG,74.0,0.0,0.0,1.0,00-0035042,J.Gillan
2023_12_NE_NYG,REG,12,NYG,31.0,0.0,1.0,1.0,00-0035042,J.Gillan
2023_12_NE_NYG,REG,12,NE,40.0,0.0,0.0,1.0,00-0038610,B.Baringer
2023_12_NE_NYG,REG,12,NYG,37.0,0.0,1.0,1.0,00-0035042,J.Gillan
2023_12_NE_NYG,REG,12,NE,54.0,0.0,0.0,1.0,00-0038610,B.Baringer
2023_12_NE_NYG,REG,12,NYG,50.0,0.0,1.0,1.0,00-0035042,J.Gillan
2023_12_NE_NYG,REG,12,NYG,32.0,0.0,1.0,1.0,00-0035042,J.Gillan
2023_12_NE_NYG,REG,12,NE,42.0,0.0,1.0,1.0,00-0038610,B.Baringer
2023_12_NE_NYG,REG,12,NYG,53.0,0.0,0.0,1.0,00-0035042,J.Gillan
2023_12_NE_NYG,REG,12,NE,50.0,0.0,0.0,1.0,00-0038610,B.Baringer
2023_12_NE_NYG,REG,12,NYG,38.0,0.0,0.0,1.0,00-0035042,J.Gillan
2023_12_NO_ATL,REG,12,NO,46.0,0.0,0.0,1.0,00-0038906,L.Hedley
2023_12_NO_ATL,REG,12,ATL,55.0,0.0,1.0,1.0,00-0032065,B.Pinion
2023_12_NO_ATL,REG,12,ATL,36.0,0.0,1.0,1.0,00-0032065,B.Pinion
2023_12_PIT_CIN,REG,12,PIT,43.0,0.0,0.0,1.0,00-0036847,P.Harvin
2023_12_PIT_CIN,REG,12,CIN,44.0,0.0,0.0,1.0,00-0038626,B.Robbins
2023_12_PIT_CIN,REG,12,CIN,38.0,0.0,1.0,1.0,00-0038626,B.Robbins
2023_12_PIT_CIN,REG,12,PIT,59.0,0.0,0.0,1.0,00-0036847,P.Harvin
2023_12_PIT_CIN,REG,12,CIN,44.0,0.0,0.0,1.0,00-0038626,B.Robbins
2023_12_PIT_CIN,REG,12,PIT,31.0,0.0,1.0,1.0,00-0036847,P.Harvin
2023_12_PIT_CIN,REG,12,CIN,43.0,0.0,0.0,1.0,00-0038626,B.Robbins
2023_12_PIT_CIN,REG,12,PIT,39.0,0.0,1.0,1.0,00-0036847,P.Harvin
2023_12_PIT_CIN,REG,12,CIN,41.0,0.0,0.0,1.0,00-0038626,B.Robbins
2023_12_PIT_CIN,REG,12,CIN,41.0,0.0,0.0,1.0,00-0038626,B.Robbins
2023_12_SF_SEA,REG,12,SF,33.0,0.0,1.0,1.0,00-0034941,M.Wishnowsky
2023_12_SF_SEA,REG,12,SEA,39.0,0.0,0.0,1.0,00-0034160,M.Dickson
2023_12_SF_SEA,REG,12,SF,43.0,0.0,1.0,1.0,00-0034941,M.Wishnowsky
2023_12_SF_SEA,REG,12,SEA,51.0,0.0,0.0,1.0,00-0034160,M.Dickson
2023_12_SF_SEA,REG,12,SEA,59.0,0.0,0.0,1.0,00-0034160,M.Dickson
2023_12_SF_SEA,REG,12,SF,43.0,0.0,0.0,1.0,00-0034941,M.Wishnowsky
2023_12_SF_SEA,REG,12,SEA,38.0,0.0,1.0,1.0,00-0034160,M.Dickson
2023_12_SF_SEA,REG,12,SF,51.0,0.0,0.0,1.0,00-0034941,M.Wishnowsky
2023_12_SF_SEA,REG,12,SF,29.0,0.0,1.0,1.0,00-0034941,M.Wishnowsky
2023_12_SF_SEA,REG,12,SEA,44.0,0.0,0.0,1.0,00-0034160,M.Dickson
2023_12_TB_IND,REG,12,TB,61.0,0.0,0.0,1.0,00-0038042,J.Camarda
2023_12_TB_IND,REG,12,TB,63.0,0.0,1.0,1.0,00-0038042,J.Camarda
2023_12_TB_IND,REG,12,IND,53.0,0.0,0.0,1.0,00-0033269,R.Sanchez
2023_12_TB_IND,REG,12,TB,43.0,0.0,0.0,1.0,00-0038042,J.Camarda
2023_12_TB_IND,REG,12,TB,41.0,0.0,0.0,1.0,00-0038042,J.Camarda
2023_12_TB_IND,REG,12,IND,41.0,0.0,0.0,1.0,00-0033269,R.Sanchez
2023_12_WAS_DAL,REG,12,WAS,29.0,0.0,1.0,1.0,00-0030140,T.Way
2023_12_WAS_DAL,REG,12,DAL,59.0,0.0,1.0,1.0,00-0029692,B.Anger
2023_12_WAS_DAL,REG,12,WAS,33.0,0.0,1.0,1.0,00-0030140,T.Way
2023_12_WAS_DAL,REG,12,DAL,50.0,0.0,1.0,1.0,00-0029692,B.Anger
2023_12_WAS_DAL,REG,12,DAL,49.0,0.0,0.0,1.0,00-0029692,B.Anger
2023_12_WAS_DAL,REG,12,WAS,57.0,0.0,1.0,1.0,00-0030140,T.Way
2023_13_ARI_PIT,REG,13,ARI,42.0,0.0,0.0,1.0,00-0035859,B.Gillikin
2023_13_ARI_PIT,REG,13,PIT,44.0,0.0,0.0,1.0,00-0036847,P.Harvin
2023_13_ARI_PIT,REG,13,PIT,49.0,0.0,1.0,1.0,00-0036847,P.Harvin
2023_13_ARI_PIT,REG,13,ARI,59.0,0.0,0.0,1.0,00-0035859,B.Gillikin
2023_13_ARI_PIT,REG,13,PIT,40.0,0.0,1.0,1.0,00-0036847,P.Harvin
2023_13_ARI_PIT,REG,13,ARI,56.0,0.0,0.0,1.0,00-0035859,B.Gillikin
2023_13_ARI_PIT,REG,13,ARI,62.0,0.0,1.0,1.0,00-0035859,B.Gillikin
2023_13_ARI_PIT,REG,13,ARI,33.0,0.0,1.0,1.0,00-0035859,B.Gillikin
2023_13_ARI_PIT,REG,13,PIT,46.0,0.0,0.0,1.0,00-0036847,P.Harvin
2023_13_ATL_NYJ,REG,13,ATL,46.0,0.0,1.0,1.0,00-0032065,B.Pinion
2023_13_ATL_NYJ,REG,13,NYJ,58.0,0.0,0.0,1.0,00-0027114,T.Morstead
2023_13_ATL_NYJ,REG,13,ATL,51.0,0.0,1.0,1.0,00-0032065,B.Pinion
2023_13_ATL_NYJ,REG,13,NYJ,47.0,0.0,1.0,1.0,00-0027114,T.Morstead
2023_13_ATL_NYJ,REG,13,NYJ,49.0,0.0,0.0,1.0,00-0027114,T.Morstead
2023_13_ATL_NYJ,REG,13,ATL,59.0,0.0,0.0,1.0,00-0032065,B.Pinion
2023_13_ATL_NYJ,REG,13,ATL,53.0,0.0,0.0,1.0,00-0032065,B.Pinion
2023_13_ATL_NYJ,REG,13,NYJ,55.0,0.0,0.0,1.0,00-0027114,T.Morstead
2023_13_ATL_NYJ,REG,13,NYJ,51.0,0.0,0.0,1.0,00-0027114,T.Morstead
2023_13_ATL_NYJ,REG,13,ATL,51.0,0.0,0.0,1.0,00-0032065,B.Pinion
2023_13_ATL_NYJ,REG,13,ATL,35.0,0.0,1.0,1.0,00-0032065,B.Pinion
2023_13_ATL_NYJ,REG,13,NYJ,42.0,0.0,1.0,1.0,00-0027114,T.Morstead
2023_13_ATL_NYJ,REG,13,ATL,42.0,0.0,0.0,1.0,00-0032065,B.Pinion
2023_13_ATL_NYJ,REG,13,NYJ,37.0,0.0,1.0,1.0,00-0027114,T.Morstead
2023_13_ATL_NYJ,REG,13,ATL,51.0,0.0,0.0,1.0,00-0032065,B.Pinion
2023_13_ATL_NYJ,REG,13,ATL,45.0,0.0,1.0,1.0,00-0032065,B.Pinion
2023_13_CAR_TB,REG,13,TB,36.0,0.0,1.0,1.0,00-0038042,J.Camarda
2023_13_CAR_TB,REG,13,CAR,57.0,0.0,0.0,1.0,00-0028872,J.Hekker
2023_13_CAR_TB,REG,13,TB,42.0,0.0,0.0,1.0,00-0038042,J.Camarda
2023_13_CAR_TB,REG,13,CAR,44.0,0.0,0.0,1.0,00-0028872,J.Hekker
2023_13_CAR_TB,REG,13,TB,56.0,0.0,0.0,1.0,00-0038042,J.Camarda
2023_13_CAR_TB,REG,13,CAR,39.0,0.0,1.0,1.0,00-0028872,J.Hekker
2023_13_CAR_TB,REG,13,CAR,46.0,0.0,0.0,1.0,00-0028872,J.Hekker
2023_13_CAR_TB,REG,13,TB,46.0,0.0,0.0,1.0,00-0038042,J.Camarda
2023_13_CAR_TB,REG,13,CAR,38.0,0.0,0.0,1.0,00-0028872,J.Hekker
2023_13_CAR_TB,REG,13,TB,61.0,0.0,0.0,1.0,00-0038042,J.Camarda
2023_13_CAR_TB,REG,13,CAR,50.0,0.0,0.0,1.0,00-0028872,J.Hekker
2023_13_CAR_TB,REG,13,TB,46.0,0.0,0.0,1.0,00-0038042,J.Camarda
2023_13_CAR_TB,REG,13,CAR,45.0,0.0,0.0,1.0,00-0028872,J.Hekker
2023_13_CAR_TB,REG,13,TB,48.0,0.0,0.0,1.0,00-0038042,J.Camarda
2023_13_CAR_TB,REG,13,CAR,48.0,0.0,0.0,1.0,00-0028872,J.Hekker
2023_13_CAR_TB,REG,13,TB,34.0,0.0,0.0,1.0,00-0038042,J.Camarda
2023_13_CIN_JAX,REG,13,JAX,39.0,0.0,1.0,1.0,00-0034437,L.Cooke
2023_13_CIN_JAX,REG,13,JAX,37.0,0.0,0.0,1.0,00-0034437,L.Cooke
2023_13_CIN_JAX,REG,13,JAX,43.0,0.0,1.0,1.0,00-0034437,L.Cooke
2023_13_CIN_JAX,REG,13,CIN,33.0,0.0,1.0,1.0,00-0038626,B.Robbins
2023_13_CIN_JAX,REG,13,JAX,42.0,0.0,0.0,1.0,00-0034437,L.Cooke
2023_13_CIN_JAX,REG,13,JAX,42.0,0.0,0.0,1.0,00-0034437,L.Cooke
2023_13_CLE_LA,REG,13,CLE,62.0,0.0,0.0,1.0,00-0034721,C.Bojorquez
2023_13_CLE_LA,REG,13,CLE,51.0,0.0,0.0,1.0,00-0034721,C.Bojorquez
2023_13_CLE_LA,REG,13,CLE,35.0,0.0,1.0,1.0,00-0034721,C.Bojorquez
2023_13_CLE_LA,REG,13,LAR,53.0,0.0,0.0,1.0,00-0039059,E.Evans
2023_13_CLE_LA,REG,13,CLE,39.0,0.0,1.0,1.0,00-0034721,C.Bojorquez
2023_13_CLE_LA,REG,13,LAR,59.0,0.0,1.0,1.0,00-0039059,E.Evans
2023_13_CLE_LA,REG,13,CLE,49.0,0.0,0.0,1.0,00-0034721,C.Bojorquez
2023_13_CLE_LA,REG,13,LAR,59.0,0.0,0.0,1.0,00-0039059,E.Evans
2023_13_CLE_LA,REG,13,LAR,58.0,0.0,0.0,1.0,00-0039059,E.Evans
2023_13_CLE_LA,REG,13,LAR,64.0,0.0,0.0,1.0,00-0039059,E.Evans
2023_13_DEN_HOU,REG,13,HOU,48.0,0.0,1.0,1.0,00-0033729,C.Johnston
2023_13_DEN_HOU,REG,13,DEN,22.0,0.0,0.0,1.0,00-0032943,R.Dixon
2023_13_DEN_HOU,REG,13,DEN,57.0,0.0,0.0,1.0,00-0032943,R.Dixon
2023_13_DEN_HOU,REG,13,DEN,44.0,0.0,1.0,1.0,00-0032943,R.Dixon
2023_13_DEN_HOU,REG,13,DEN,41.0,0.0,1.0,1.0,00-0032943,R.Dixon
2023_13_DEN_HOU,REG,13,HOU,52.0,0.0,0.0,1.0,00-0033729,C.Johnston
2023_13_DEN_HOU,REG,13,HOU,45.0,0.0,1.0,1.0,00-0033729,C.Johnston
2023_13_DEN_HOU,REG,13,DEN,48.0,0.0,0.0,1.0,00-0032943,R.Dixon
2023_13_DEN_HOU,REG,13,DEN,54.0,0.0,1.0,1.0,00-0032943,R.Dixon
2023_13_DEN_HOU,REG,13,HOU,43.0,0.0,0.0,1.0,00-0033729,C.Johnston
2023_13_DEN_HOU,REG,13,HOU,69.0,0.0,0.0,1.0,00-0033729,C.Johnston
2023_13_DEN_HOU,REG,13,HOU,57.0,0.0,0.0,1.0,00-0033729,C.Johnston
2023_13_DEN_HOU,REG,13,HOU,40.0,0.0,0.0,1.0,00-0033729,C.Johnston
2023_13_DET_NO,REG,13,NO,41.0,0.0,0.0,1.0,00-0038906,L.Hedley
2023_13_DET_NO,REG,13,NO,49.0,0.0,0.0,1.0,00-0038906,L.Hedley
2023_13_DET_NO,REG,13,DET,49.0,0.0,0.0,1.0,00-0035156,J.Fox
2023_13_DET_NO,REG,13,NO,48.0,0.0,0.0,1.0,00-0038906,L.Hedley
2023_13_DET_NO,REG,13,DET,38.0,0.0,0.0,1.0,00-0035156,J.Fox
2023_13_DET_NO,REG,13,DET,59.0,0.0,1.0,1.0,00-0035156,J.Fox
2023_13_DET_NO,REG,13,NO,42.0,0.0,0.0,1.0,00-0038906,L.Hedley
2023_13_DET_NO,REG,13,DET,48.0,0.0,0.0,1.0,00-0035156,J.Fox
2023_13_DET_NO,REG,13,DET,60.0,0.0,0.0,1.0,00-0035156,J.Fox
2023_13_IND_TEN,REG,13,TEN,51.0,0.0,0.0,1.0,00-0037607,R.Stonehouse
2023_13_IND_TEN,REG,13,IND,53.0,0.0,0.0,1.0,00-0033269,R.Sanchez
2023_13_IND_TEN,REG,13,IND,56.0,0.0,0.0,1.0,00-0033269,R.Sanchez
2023_13_IND_TEN,REG,13,TEN,63.0,0.0,1.0,1.0,00-0037607,R.Stonehouse
2023_13_IND_TEN,REG,13,TEN,53.0,0.0,0.0,1.0,00-0037607,R.Stonehouse
2023_13_IND_TEN,REG,13,TEN,51.0,0.0,0.0,1.0,00-0037607,R.Stonehouse
2023_13_IND_TEN,REG,13,IND,57.0,0.0,0.0,1.0,00-0033269,R.Sanchez
2023_13_IND_TEN,REG,13,TEN,0.0,1.0,0.0,1.0,00-0037607,R.Stonehouse
2023_13_IND_TEN,REG,13,IND,50.0,0.0,0.0,1.0,00-0033269,R.Sanchez
2023_13_IND_TEN,REG,13,TEN,40.0,0.0,0.0,1.0,00-0025565,N.Folk
2023_13_IND_TEN,REG,13,IND,40.0,0.0,0.0,1.0,00-0033269,R.Sanchez
2023_13_IND_TEN,REG,13,TEN,41.0,0.0,0.0,1.0,00-0025565,N.Folk
2023_13_KC_GB,REG,13,GB,36.0,0.0,1.0,1.0,00-0037547,D.Whelan
2023_13_KC_GB,REG,13,GB,40.0,0.0,1.0,1.0,00-0037547,D.Whelan
2023_13_KC_GB,REG,13,KC,57.0,0.0,0.0,1.0,00-0035889,T.Townsend
2023_13_LAC_NE,REG,13,NE,56.0,0.0,0.0,1.0,00-0038610,B.Baringer
2023_13_LAC_NE,REG,13,LAC,50.0,0.0,1.0,1.0,00-0034162,J.Scott
2023_13_LAC_NE,REG,13,LAC,53.0,0.0,1.0,1.0,00-0034162,J.Scott
2023_13_LAC_NE,REG,13,NE,70.0,0.0,1.0,1.0,00-0038610,B.Baringer
2023_13_LAC_NE,REG,13,LAC,29.0,0.0,1.0,1.0,00-0034162,J.Scott
2023_13_LAC_NE,REG,13,NE,44.0,0.0,0.0,1.0,00-0038610,B.Baringer
2023_13_LAC_NE,REG,13,NE,32.0,0.0,1.0,1.0,00-0038610,B.Baringer
2023_13_LAC_NE,REG,13,LAC,52.0,0.0,1.0,1.0,00-0034162,J.Scott
2023_13_LAC_NE,REG,13,NE,57.0,0.0,0.0,1.0,00-0038610,B.Baringer
2023_13_LAC_NE,REG,13,LAC,62.0,0.0,1.0,1.0,00-0034162,J.Scott
2023_13_LAC_NE,REG,13,NE,36.0,0.0,1.0,1.0,00-0038610,B.Baringer
2023_13_LAC_NE,REG,13,LAC,39.0,0.0,1.0,1.0,00-0034162,J.Scott
2023_13_LAC_NE,REG,13,NE,26.0,0.0,0.0,1.0,00-0038610,B.Baringer
2023_13_LAC_NE,REG,13,LAC,50.0,0.0,0.0,1.0,00-0034162,J.Scott
2023_13_LAC_NE,REG,13,LAC,32.0,0.0,1.0,1.0,00-0034162,J.Scott
2023_13_MIA_WAS,REG,13,WAS,31.0,0.0,1.0,1.0,00-0030140,T.Way
2023_13_MIA_WAS,REG,13,WAS,51.0,0.0,0.0,1.0,00-0030140,T.Way
2023_13_MIA_WAS,REG,13,WAS,49.0,0.0,1.0,1.0,00-0030140,T.Way
2023_13_MIA_WAS,REG,13,MIA,46.0,0.0,0.0,1.0,00-0035280,J.Bailey
2023_13_MIA_WAS,REG,13,WAS,32.0,0.0,0.0,1.0,00-0030140,T.Way
2023_13_MIA_WAS,REG,13,MIA,47.0,0.0,0.0,1.0,00-0035280,J.Bailey
2023_13_MIA_WAS,REG,13,MIA,34.0,0.0,1.0,1.0,00-0035280,J.Bailey
2023_13_MIA_WAS,REG,13,WAS,51.0,0.0,0.0,1.0,00-0030140,T.Way
2023_13_SF_PHI,REG,13,SF,49.0,0.0,0.0,1.0,00-0034941,M.Wishnowsky
2023_13_SF_PHI,REG,13,SF,46.0,0.0,0.0,1.0,00-0034941,M.Wishnowsky
2023_13_SF_PHI,REG,13,PHI,52.0,0.0,1.0,1.0,00-0036313,B.Mann
2023_13_SF_PHI,REG,13,PHI,51.0,0.0,1.0,1.0,00-0036313,B.Mann
2023_13_SF_PHI,REG,13,PHI,49.0,0.0,1.0,1.0,00-0036313,B.Mann
2023_14_BUF_KC,REG,14,BUF,35.0,0.0,1.0,1.0,00-0030092,S.Martin
2023_14_BUF_KC,REG,14,KC,39.0,0.0,0.0,1.0,00-0035889,T.Townsend
2023_14_BUF_KC,REG,14,KC,46.0,0.0,0.0,1.0,00-0035889,T.Townsend
2023_14_BUF_KC,REG,14,KC,32.0,0.0,1.0,1.0,00-0035889,T.Townsend
2023_14_BUF_KC,REG,14,BUF,61.0,0.0,0.0,1.0,00-0030092,S.Martin
2023_14_BUF_KC,REG,14,BUF,40.0,0.0,0.0,1.0,00-0030092,S.Martin
2023_14_BUF_KC,REG,14,BUF,50.0,0.0,0.0,1.0,00-0030092,S.Martin
2023_14_BUF_KC,REG,14,KC,43.0,0.0,0.0,1.0,00-0035889,T.Townsend
2023_14_CAR_NO,REG,14,CAR,49.0,0.0,0.0,1.0,00-0028872,J.Hekker
2023_14_CAR_NO,REG,14,NO,27.0,0.0,1.0,1.0,00-0038906,L.Hedley
2023_14_CAR_NO,REG,14,CAR,37.0,0.0,0.0,1.0,00-0028872,J.Hekker
2023_14_CAR_NO,REG,14,NO,42.0,0.0,1.0,1.0,00-0038906,L.Hedley
2023_14_CAR_NO,REG,14,NO,42.0,0.0,1.0,1.0,00-0038906,L.Hedley
2023_14_CAR_NO,REG,14,NO,46.0,0.0,0.0,1.0,00-0038906,L.Hedley
2023_14_CAR_NO,REG,14,NO,43.0,0.0,0.0,1.0,00-0038906,L.Hedley
2023_14_DEN_LAC,REG,14,LAC,53.0,0.0,1.0,1.0,00-0034162,J.Scott
2023_14_DEN_LAC,REG,14,DEN,34.0,0.0,1.0,1.0,00-0032943,R.Dixon
2023_14_DEN_LAC,REG,14,LAC,42.0,0.0,1.0,1.0,00-0034162,J.Scott
2023_14_DEN_LAC,REG,14,DEN,56.0,0.0,1.0,1.0,00-0032943,R.Dixon
2023_14_DEN_LAC,REG,14,LAC,83.0,0.0,0.0,1.0,00-0034162,J.Scott
2023_14_DEN_LAC,REG,14,DEN,41.0,0.0,1.0,1.0,00-0032943,R.Dixon
2023_14_DEN_LAC,REG,14,DEN,49.0,0.0,0.0,1.0,00-0032943,R.Dixon
2023_14_DEN_LAC,REG,14,LAC,56.0,0.0,0.0,1.0,00-0034162,J.Scott
2023_14_DEN_LAC,REG,14,DEN,48.0,0.0,0.0,1.0,00-0032943,R.Dixon
2023_14_DEN_LAC,REG,14,LAC,53.0,0.0,0.0,1.0,00-0034162,J.Scott
2023_14_DEN_LAC,REG,14,DEN,46.0,0.0,1.0,1.0,00-0032943,R.Dixon
2023_14_DEN_LAC,REG,14,DEN,39.0,0.0,1.0,1.0,00-0032943,R.Dixon
2023_14_DET_CHI,REG,14,DET,55.0,0.0,1.0,1.0,00-0035156,J.Fox
2023_14_DET_CHI,REG,14,CHI,38.0,0.0,0.0,1.0,00-0037097,T.Gill
2023_14_DET_CHI,REG,14,DET,58.0,0.0,0.0,1.0,00-0035156,J.Fox
2023_14_DET_CHI,REG,14,DET,51.0,0.0,0.0,1.0,00-0035156,J.Fox
2023_14_DET_CHI,REG,14,CHI,38.0,0.0,1.0,1.0,00-0037097,T.Gill
2023_14_DET_CHI,REG,14,DET,43.0,0.0,0.0,1.0,00-0035156,J.Fox
2023_14_DET_CHI,REG,14,CHI,53.0,0.0,0.0,1.0,00-0037097,T.Gill
2023_14_GB_NYG,REG,14,GB,36.0,0.0,0.0,1.0,00-0037547,D.Whelan
2023_14_GB_NYG,REG,14,NYG,40.0,0.0,1.0,1.0,00-0035042,J.Gillan
2023_14_GB_NYG,REG,14,GB,35.0,0.0,0.0,1.0,00-0037547,D.Whelan
2023_14_GB_NYG,REG,14,NYG,32.0,0.0,1.0,1.0,00-0035042,J.Gillan
2023_14_GB_NYG,REG,14,NYG,42.0,0.0,0.0,1.0,00-0035042,J.Gillan
2023_14_GB_NYG,REG,14,GB,48.0,0.0,1.0,1.0,00-0037547,D.Whelan
2023_14_GB_NYG,REG,14,NYG,50.0,0.0,1.0,1.0,00-0035042,J.Gillan
2023_14_HOU_NYJ,REG,14,HOU,45.0,0.0,1.0,1.0,00-0033729,C.Johnston
2023_14_HOU_NYJ,REG,14,NYJ,37.0,0.0,0.0,1.0,00-0027114,T.Morstead
2023_14_HOU_NYJ,REG,14,HOU,65.0,0.0,0.0,1.0,00-0033729,C.Johnston
2023_14_HOU_NYJ,REG,14,NYJ,61.0,0.0,0.0,1.0,00-0027114,T.Morstead
2023_14_HOU_NYJ,REG,14,HOU,51.0,0.0,0.0,1.0,00-0033729,C.Johnston
2023_14_HOU_NYJ,REG,14,NYJ,41.0,0.0,1.0,1.0,00-0027114,T.Morstead
2023_14_HOU_NYJ,REG,14,HOU,46.0,0.0,0.0,1.0,00-0033729,C.Johnston
2023_14_HOU_NYJ,REG,14,NYJ,54.0,0.0,1.0,1.0,00-0027114,T.Morstead
2023_14_HOU_NYJ,REG,14,HOU,51.0,0.0,0.0,1.0,00-0033729,C.Johnston
2023_14_HOU_NYJ,REG,14,NYJ,45.0,0.0,1.0,1.0,00-0027114,T.Morstead
2023_14_HOU_NYJ,REG,14,HOU,47.0,0.0,0.0,1.0,00-0033729,C.Johnston
2023_14_HOU_NYJ,REG,14,HOU,48.0,0.0,0.0,1.0,00-0033729,C.Johnston
2023_14_HOU_NYJ,REG,14,HOU,52.0,0.0,1.0,1.0,00-0033729,C.Johnston
2023_14_IND_CIN,REG,14,IND,55.0,0.0,1.0,1.0,00-0033269,R.Sanchez
2023_14_IND_CIN,REG,14,CIN,52.0,0.0,0.0,1.0,00-0038626,B.Robbins
2023_14_IND_CIN,REG,14,IND,47.0,0.0,1.0,1.0,00-0033269,R.Sanchez
2023_14_IND_CIN,REG,14,CIN,19.0,0.0,0.0,1.0,00-0038626,B.Robbins
2023_14_IND_CIN,REG,14,IND,39.0,0.0,0.0,1.0,00-0033269,R.Sanchez
2023_14_IND_CIN,REG,14,IND,53.0,0.0,0.0,1.0,00-0033269,R.Sanchez
2023_14_IND_CIN,REG,14,CIN,33.0,0.0,1.0,1.0,00-0038626,B.Robbins
2023_14_IND_CIN,REG,14,CIN,43.0,0.0,0.0,1.0,00-0038626,B.Robbins
2023_14_JAX_CLE,REG,14,JAX,57.0,0.0,0.0,1.0,00-0034437,L.Cooke
2023_14_JAX_CLE,REG,14,CLE,57.0,0.0,1.0,1.0,00-0034721,C.Bojorquez
2023_14_JAX_CLE,REG,14,JAX,34.0,0.0,1.0,1.0,00-0034437,L.Cooke
2023_14_JAX_CLE,REG,14,CLE,72.0,0.0,1.0,1.0,00-0034721,C.Bojorquez
2023_14_JAX_CLE,REG,14,JAX,50.0,0.0,0.0,1.0,00-0034437,L.Cooke
2023_14_JAX_CLE,REG,14,CLE,59.0,0.0,0.0,1.0,00-0034721,C.Bojorquez
2023_14_JAX_CLE,REG,14,JAX,38.0,0.0,0.0,1.0,00-0034437,L.Cooke
2023_14_JAX_CLE,REG,14,JAX,40.0,0.0,1.0,1.0,00-0034437,L.Cooke
2023_14_JAX_CLE,REG,14,CLE,59.0,0.0,0.0,1.0,00-0034721,C.Bojorquez
2023_14_JAX_CLE,REG,14,CLE,51.0,0.0,0.0,1.0,00-0034721,C.Bojorquez
2023_14_JAX_CLE,REG,14,JAX,52.0,0.0,0.0,1.0,00-0034437,L.Cooke
2023_14_JAX_CLE,REG,14,CLE,34.0,0.0,0.0,1.0,00-0034721,C.Bojorquez
2023_14_JAX_CLE,REG,14,JAX,50.0,0.0,0.0,1.0,00-0034437,L.Cooke
2023_14_JAX_CLE,REG,14,CLE,38.0,0.0,1.0,1.0,00-0034721,C.Bojorquez
2023_14_JAX_CLE,REG,14,CLE,42.0,0.0,0.0,1.0,00-0034721,C.Bojorquez
2023_14_LA_BAL,REG,14,BAL,45.0,0.0,0.0,1.0,00-0038094,J.Stout
2023_14_LA_BAL,REG,14,BAL,47.0,0.0,1.0,1.0,00-0038094,J.Stout
2023_14_LA_BAL,REG,14,LAR,59.0,0.0,0.0,1.0,00-0039059,E.Evans
2023_14_LA_BAL,REG,14,LAR,58.0,0.0,0.0,1.0,00-0039059,E.Evans
2023_14_LA_BAL,REG,14,LAR,47.0,0.0,1.0,1.0,00-0039059,E.Evans
2023_14_LA_BAL,REG,14,LAR,43.0,0.0,0.0,1.0,00-0039059,E.Evans
2023_14_LA_BAL,REG,14,LAR,54.0,0.0,0.0,1.0,00-0039059,E.Evans
2023_14_LA_BAL,REG,14,BAL,48.0,0.0,1.0,1.0,00-0038094,J.Stout
2023_14_LA_BAL,REG,14,BAL,51.0,0.0,0.0,1.0,00-0038094,J.Stout
2023_14_LA_BAL,REG,14,LAR,50.0,0.0,0.0,1.0,00-0039059,E.Evans
2023_14_MIN_LV,REG,14,LV,53.0,0.0,0.0,1.0,00-0035190,A.Cole
2023_14_MIN_LV,REG,14,MIN,59.0,0.0,0.0,1.0,00-0037500,R.Wright
2023_14_MIN_LV,REG,14,LV,42.0,0.0,1.0,1.0,00-0035190,A.Cole
2023_14_MIN_LV,REG,14,MIN,52.0,0.0,0.0,1.0,00-0037500,R.Wright
2023_14_MIN_LV,REG,14,LV,57.0,0.0,0.0,1.0,00-0035190,A.Cole
2023_14_MIN_LV,REG,14,LV,42.0,0.0,1.0,1.0,00-0035190,A.Cole
2023_14_MIN_LV,REG,14,MIN,43.0,0.0,1.0,1.0,00-0037500,R.Wright
2023_14_MIN_LV,REG,14,MIN,46.0,0.0,0.0,1.0,00-0037500,R.Wright
2023_14_MIN_LV,REG,14,MIN,46.0,0.0,1.0,1.0,00-0037500,R.Wright
2023_14_MIN_LV,REG,14,LV,45.0,0.0,0.0,1.0,00-0035190,A.Cole
2023_14_MIN_LV,REG,14,MIN,49.0,0.0,1.0,1.0,00-0037500,R.Wright
2023_14_MIN_LV,REG,14,LV,83.0,0.0,0.0,1.0,00-0035190,A.Cole
2023_14_MIN_LV,REG,14,MIN,59.0,0.0,0.0,1.0,00-0037500,R.Wright
2023_14_MIN_LV,REG,14,LV,60.0,0.0,0.0,1.0,00-0035190,A.Cole
2023_14_MIN_LV,REG,14,MIN,29.0,0.0,1.0,1.0,00-0037500,R.Wright
2023_14_MIN_LV,REG,14,LV,51.0,0.0,0.0,1.0,00-0035190,A.Cole
2023_14_MIN_LV,REG,14,MIN,14.0,0.0,0.0,1.0,00-0034450,G.Joseph
2023_14_NE_PIT,REG,14,NE,57.0,0.0,0.0,1.0,00-0038610,B.Baringer
2023_14_NE_PIT,REG,14,PIT,48.0,0.0,0.0,1.0,00-0036847,P.Harvin
2023_14_NE_PIT,REG,14,NE,35.0,0.0,1.0,1.0,00-0038610,B.Baringer
2023_14_NE_PIT,REG,14,PIT,45.0,0.0,0.0,1.0,00-0036847,P.Harvin
2023_14_NE_PIT,REG,14,NE,66.0,0.0,0.0,1.0,00-0038610,B.Baringer
2023_14_NE_PIT,REG,14,PIT,34.0,0.0,0.0,1.0,00-0036847,P.Harvin
2023_14_NE_PIT,REG,14,NE,52.0,0.0,1.0,1.0,00-0038610,B.Baringer
2023_14_NE_PIT,REG,14,PIT,51.0,0.0,0.0,1.0,00-0036847,P.Harvin
2023_14_NE_PIT,REG,14,NE,43.0,0.0,0.0,1.0,00-0038610,B.Baringer
2023_14_NE_PIT,REG,14,PIT,36.0,0.0,0.0,1.0,00-0036847,P.Harvin
2023_14_NE_PIT,REG,14,NE,11.0,0.0,0.0,1.0,00-0038610,B.Baringer
2023_14_NE_PIT,REG,14,NE,55.0,0.0,0.0,1.0,00-0038610,B.Baringer
2023_14_NE_PIT,REG,14,PIT,53.0,0.0,1.0,1.0,00-0036847,P.Harvin
2023_14_NE_PIT,REG,14,NE,50.0,0.0,0.0,1.0,00-0038610,B.Baringer
2023_14_NE_PIT,REG,14,NE,26.0,0.0,1.0,1.0,00-0038610,B.Baringer
2023_14_PHI_DAL,REG,14,DAL,48.0,0.0,0.0,1.0,00-0029692,B.Anger
2023_14_PHI_DAL,REG,14,PHI,39.0,0.0,0.0,1.0,00-0036313,B.Mann
2023_14_SEA_SF,REG,14,SF,52.0,0.0,0.0,1.0,00-0034941,M.Wishnowsky
2023_14_SEA_SF,REG,14,SEA,60.0,0.0,1.0,1.0,00-0034160,M.Dickson
2023_14_SEA_SF,REG,14,SF,55.0,0.0,0.0,1.0,00-0034941,M.Wishnowsky
2023_14_SEA_SF,REG,14,SEA,35.0,0.0,1.0,1.0,00-0034160,M.Dickson
2023_14_SEA_SF,REG,14,SEA,37.0,0.0,1.0,1.0,00-0034160,M.Dickson
2023_14_SEA_SF,REG,14,SF,37.0,0.0,1.0,1.0,00-0034941,M.Wishnowsky
2023_14_SEA_SF,REG,14,SEA,60.0,0.0,0.0,1.0,00-0034160,M.Dickson
2023_14_SEA_SF,REG,14,SF,46.0,0.0,1.0,1.0,00-0034941,M.Wishnowsky
2023_14_SEA_SF,REG,14,SEA,62.0,0.0,0.0,1.0,00-0034160,M.Dickson
2023_14_SEA_SF,REG,14,SEA,57.0,0.0,0.0,1.0,00-0034160,M.Dickson
2023_14_SEA_SF,REG,14,SF,56.0,0.0,0.0,1.0,00-0034941,M.Wishnowsky
2023_14_TB_ATL,REG,14,TB,59.0,0.0,1.0,1.0,00-0038042,J.Camarda
2023_14_TB_ATL,REG,14,TB,50.0,0.0,1.0,1.0,00-0038042,J.Camarda
2023_14_TB_ATL,REG,14,TB,40.0,0.0,0.0,1.0,00-0038042,J.Camarda
2023_14_TB_ATL,REG,14,ATL,41.0,0.0,1.0,1.0,00-0032065,B.Pinion
2023_14_TB_ATL,REG,14,TB,57.0,0.0,0.0,1.0,00-0038042,J.Camarda
2023_14_TB_ATL,REG,14,ATL,45.0,0.0,1.0,1.0,00-0032065,B.Pinion
2023_14_TB_ATL,REG,14,TB,56.0,0.0,0.0,1.0,00-0038042,J.Camarda
2023_14_TB_ATL,REG,14,ATL,49.0,0.0,0.0,1.0,00-0032065,B.Pinion
2023_14_TB_ATL,REG,14,ATL,45.0,0.0,0.0,1.0,00-0032065,B.Pinion
2023_14_TB_ATL,REG,14,TB,63.0,0.0,0.0,1.0,00-0038042,J.Camarda
2023_14_TEN_MIA,REG,14,TEN,47.0,0.0,0.0,1.0,00-0038490,T.Zentner
2023_14_TEN_MIA,REG,14,TEN,53.0,0.0,1.0,1.0,00-0038490,T.Zentner
2023_14_TEN_MIA,REG,14,MIA,33.0,0.0,1.0,1.0,00-0035280,J.Bailey
2023_14_TEN_MIA,REG,14,TEN,45.0,0.0,0.0,1.0,00-0038490,T.Zentner
2023_14_TEN_MIA,REG,14,MIA,56.0,0.0,0.0,1.0,00-0035280,J.Bailey
2023_14_TEN_MIA,REG,14,TEN,50.0,0.0,1.0,1.0,00-0038490,T.Zentner
2023_14_TEN_MIA,REG,14,MIA,50.0,0.0,0.0,1.0,00-0035280,J.Bailey
2023_14_TEN_MIA,REG,14,TEN,49.0,0.0,0.0,1.0,00-0038490,T.Zentner
2023_14_TEN_MIA,REG,14,MIA,51.0,0.0,1.0,1.0,00-0035280,J.Bailey
2023_14_TEN_MIA,REG,14,MIA,45.0,0.0,0.0,1.0,00-0035280,J.Bailey
2023_15_ATL_CAR,REG,15,ATL,35.0,0.0,0.0,1.0,00-0032065,B.Pinion
2023_15_ATL_CAR,REG,15,CAR,53.0,0.0,1.0,1.0,00-0028872,J.Hekker
2023_15_ATL_CAR,REG,15,ATL,47.0,0.0,0.0,1.0,00-0032065,B.Pinion
2023_15_ATL_CAR,REG,15,CAR,52.0,0.0,1.0,1.0,00-0028872,J.Hekker
2023_15_ATL_CAR,REG,15,ATL,52.0,0.0,0.0,1.0,00-0032065,B.Pinion
2023_15_ATL_CAR,REG,15,CAR,36.0,0.0,0.0,1.0,00-0028872,J.Hekker
2023_15_ATL_CAR,REG,15,ATL,34.0,0.0,1.0,1.0,00-0032065,B.Pinion
2023_15_ATL_CAR,REG,15,CAR,46.0,0.0,0.0,1.0,00-0028872,J.Hekker
2023_15_ATL_CAR,REG,15,ATL,30.0,0.0,1.0,1.0,00-0032065,B.Pinion
2023_15_ATL_CAR,REG,15,CAR,48.0,0.0,0.0,1.0,00-0028872,J.Hekker
2023_15_BAL_JAX,REG,15,JAX,45.0,0.0,1.0,1.0,00-0034437,L.Cooke
2023_15_BAL_JAX,REG,15,BAL,51.0,0.0,0.0,1.0,00-0038094,J.Stout
2023_15_BAL_JAX,REG,15,BAL,45.0,0.0,1.0,1.0,00-0038094,J.Stout
2023_15_BAL_JAX,REG,15,BAL,33.0,0.0,1.0,1.0,00-0038094,J.Stout
2023_15_BAL_JAX,REG,15,JAX,60.0,0.0,0.0,1.0,00-0034437,L.Cooke
2023_15_BAL_JAX,REG,15,JAX,43.0,0.0,0.0,1.0,00-0034437,L.Cooke
2023_15_CHI_CLE,REG,15,CLE,40.0,0.0,1.0,1.0,00-0034721,C.Bojorquez
2023_15_CHI_CLE,REG,15,CHI,34.0,0.0,0.0,1.0,00-0037097,T.Gill
2023_15_CHI_CLE,REG,15,CLE,30.0,0.0,1.0,1.0,00-0034721,C.Bojorquez
2023_15_CHI_CLE,REG,15,CHI,55.0,0.0,0.0,1.0,00-0037097,T.Gill
2023_15_CHI_CLE,REG,15,CLE,44.0,0.0,1.0,1.0,00-0034721,C.Bojorquez
2023_15_CHI_CLE,REG,15,CHI,38.0,0.0,1.0,1.0,00-0037097,T.Gill
2023_15_CHI_CLE,REG,15,CLE,39.0,0.0,0.0,1.0,00-0034721,C.Bojorquez
2023_15_CHI_CLE,REG,15,CHI,43.0,0.0,1.0,1.0,00-0037097,T.Gill
2023_15_CHI_CLE,REG,15,CHI,43.0,0.0,0.0,1.0,00-0037097,T.Gill
2023_15_CHI_CLE,REG,15,CLE,53.0,0.0,1.0,1.0,00-0034721,C.Bojorquez
2023_15_CHI_CLE,REG,15,CHI,45.0,0.0,0.0,1.0,00-0037097,T.Gill
2023_15_CHI_CLE,REG,15,CLE,46.0,0.0,0.0,1.0,00-0034721,C.Bojorquez
2023_15_CHI_CLE,REG,15,CLE,48.0,0.0,0.0,1.0,00-0034721,C.Bojorquez
2023_15_CHI_CLE,REG,15,CHI,37.0,0.0,0.0,1.0,00-0037097,T.Gill
2023_15_CHI_CLE,REG,15,CLE,38.0,0.0,1.0,1.0,00-0034721,C.Bojorquez
2023_15_CHI_CLE,REG,15,CHI,44.0,0.0,0.0,1.0,00-0037097,T.Gill
2023_15_CHI_CLE,REG,15,CLE,52.0,0.0,0.0,1.0,00-0034721,C.Bojorquez
2023_15_CHI_CLE,REG,15,CHI,53.0,0.0,0.0,1.0,00-0037097,T.Gill
2023_15_CHI_CLE,REG,15,CHI,56.0,0.0,0.0,1.0,00-0037097,T.Gill
2023_15_DAL_BUF,REG,15,DAL,43.0,0.0,1.0,1.0,00-0029692,B.Anger
2023_15_DAL_BUF,REG,15,BUF,46.0,0.0,0.0,1.0,00-0030092,S.Martin
2023_15_DAL_BUF,REG,15,DAL,52.0,0.0,1.0,1.0,00-0029692,B.Anger
2023_15_DAL_BUF,REG,15,DAL,56.0,0.0,1.0,1.0,00-0029692,B.Anger
2023_15_DAL_BUF,REG,15,DAL,62.0,0.0,0.0,1.0,00-0029692,B.Anger
2023_15_DAL_BUF,REG,15,DAL,62.0,0.0,0.0,1.0,00-0029692,B.Anger
2023_15_DAL_BUF,REG,15,BUF,49.0,0.0,0.0,1.0,00-0030092,S.Martin
2023_15_DEN_DET,REG,15,DET,21.0,0.0,0.0,1.0,00-0035156,J.Fox
2023_15_DEN_DET,REG,15,DET,39.0,0.0,0.0,1.0,00-0035156,J.Fox
2023_15_DEN_DET,REG,15,DEN,52.0,0.0,0.0,1.0,00-0032943,R.Dixon
2023_15_DEN_DET,REG,15,DET,33.0,0.0,1.0,1.0,00-0035156,J.Fox
2023_15_DEN_DET,REG,15,DEN,54.0,0.0,0.0,1.0,00-0032943,R.Dixon
2023_15_DEN_DET,REG,15,DEN,56.0,0.0,0.0,1.0,00-0032943,R.Dixon
2023_15_DEN_DET,REG,15,DEN,49.0,0.0,1.0,1.0,00-0032943,R.Dixon
2023_15_DEN_DET,REG,15,DEN,48.0,0.0,1.0,1.0,00-0032943,R.Dixon
2023_15_DEN_DET,REG,15,DET,48.0,0.0,0.0,1.0,00-0035156,J.Fox
2023_15_HOU_TEN,REG,15,HOU,55.0,0.0,1.0,1.0,00-0033729,C.Johnston
2023_15_HOU_TEN,REG,15,HOU,40.0,0.0,1.0,1.0,00-0033729,C.Johnston
2023_15_HOU_TEN,REG,15,TEN,53.0,0.0,0.0,1.0,00-0038490,T.Zentner
2023_15_HOU_TEN,REG,15,HOU,56.0,0.0,1.0,1.0,00-0033729,C.Johnston
2023_15_HOU_TEN,REG,15,TEN,42.0,0.0,0.0,1.0,00-0038490,T.Zentner
2023_15_HOU_TEN,REG,15,TEN,53.0,0.0,0.0,1.0,00-0038490,T.Zentner
2023_15_HOU_TEN,REG,15,TEN,47.0,0.0,1.0,1.0,00-0038490,T.Zentner
2023_15_HOU_TEN,REG,15,HOU,40.0,0.0,0.0,1.0,00-0033729,C.Johnston
2023_15_HOU_TEN,REG,15,TEN,36.0,0.0,0.0,1.0,00-0038490,T.Zentner
2023_15_HOU_TEN,REG,15,HOU,42.0,0.0,0.0,1.0,00-0033729,C.Johnston
2023_15_HOU_TEN,REG,15,TEN,58.0,0.0,0.0,1.0,00-0038490,T.Zentner
2023_15_HOU_TEN,REG,15,TEN,35.0,0.0,0.0,1.0,00-0038490,T.Zentner
2023_15_HOU_TEN,REG,15,HOU,47.0,0.0,0.0,1.0,00-0033729,C.Johnston
2023_15_HOU_TEN,REG,15,TEN,38.0,0.0,0.0,1.0,00-0038490,T.Zentner
2023_15_KC_NE,REG,15,NE,47.0,0.0,0.0,1.0,00-0038610,B.Baringer
2023_15_KC_NE,REG,15,NE,54.0,0.0,0.0,1.0,00-0038610,B.Baringer
2023_15_KC_NE,REG,15,KC,35.0,0.0,0.0,1.0,00-0035889,T.Townsend
2023_15_KC_NE,REG,15,NE,37.0,0.0,0.0,1.0,00-0038610,B.Baringer
2023_15_KC_NE,REG,15,NE,64.0,0.0,0.0,1.0,00-0038610,B.Baringer
2023_15_KC_NE,REG,15,KC,44.0,0.0,0.0,1.0,00-0035889,T.Townsend
2023_15_KC_NE,REG,15,NE,43.0,0.0,1.0,1.0,00-0038610,B.Baringer
2023_15_KC_NE,REG,15,KC,61.0,0.0,0.0,1.0,00-0035889,T.Townsend
2023_15_KC_NE,REG,15,NE,43.0,0.0,0.0,1.0,00-0038610,B.Baringer
2023_15_KC_NE,REG,15,KC,56.0,0.0,1.0,1.0,00-0035889,T.Townsend
2023_15_LAC_LV,REG,15,LAC,47.0,0.0,1.0,1.0,00-0034162,J.Scott
2023_15_LAC_LV,REG,15,LAC,46.0,0.0,1.0,1.0,00-0034162,J.Scott
2023_15_LAC_LV,REG,15,LV,53.0,0.0,0.0,1.0,00-0035190,A.Cole
2023_15_LAC_LV,REG,15,LAC,47.0,0.0,0.0,1.0,00-0034162,J.Scott
2023_15_LAC_LV,REG,15,LV,53.0,0.0,1.0,1.0,00-0035190,A.Cole
2023_15_LAC_LV,REG,15,LAC,46.0,0.0,0.0,1.0,00-0034162,J.Scott
2023_15_LAC_LV,REG,15,LV,68.0,0.0,1.0,1.0,00-0035190,A.Cole
2023_15_LAC_LV,REG,15,LAC,60.0,0.0,0.0,1.0,00-0034162,J.Scott
2023_15_LAC_LV,REG,15,LV,41.0,0.0,0.0,1.0,00-0035190,A.Cole
2023_15_LAC_LV,REG,15,LV,51.0,0.0,0.0,1.0,00-0035190,A.Cole
2023_15_LAC_LV,REG,15,LV,44.0,0.0,0.0,1.0,00-0035190,A.Cole
2023_15_MIN_CIN,REG,15,CIN,51.0,0.0,1.0,1.0,00-0038626,B.Robbins
2023_15_MIN_CIN,REG,15,MIN,58.0,0.0,0.0,1.0,00-0037500,R.Wright
2023_15_MIN_CIN,REG,15,CIN,49.0,0.0,1.0,1.0,00-0038626,B.Robbins
2023_15_MIN_CIN,REG,15,CIN,36.0,0.0,0.0,1.0,00-0038626,B.Robbins
2023_15_MIN_CIN,REG,15,MIN,41.0,0.0,0.0,1.0,00-0037500,R.Wright
2023_15_MIN_CIN,REG,15,MIN,53.0,0.0,0.0,1.0,00-0037500,R.Wright
2023_15_MIN_CIN,REG,15,CIN,56.0,0.0,0.0,1.0,00-0038626,B.Robbins
2023_15_NYG_NO,REG,15,NO,41.0,0.0,0.0,1.0,00-0038906,L.Hedley
2023_15_NYG_NO,REG,15,NYG,53.0,0.0,0.0,1.0,00-0035042,J.Gillan
2023_15_NYG_NO,REG,15,NYG,53.0,0.0,0.0,1.0,00-0035042,J.Gillan
2023_15_NYG_NO,REG,15,NO,47.0,0.0,1.0,1.0,00-0038906,L.Hedley
2023_15_NYG_NO,REG,15,NYG,31.0,0.0,1.0,1.0,00-0035042,J.Gillan
2023_15_NYG_NO,REG,15,NO,47.0,0.0,0.0,1.0,00-0038906,L.Hedley
2023_15_NYG_NO,REG,15,NYG,49.0,0.0,0.0,1.0,00-0035042,J.Gillan
2023_15_NYG_NO,REG,15,NYG,52.0,0.0,0.0,1.0,00-0035042,J.Gillan
2023_15_NYG_NO,REG,15,NO,32.0,0.0,1.0,1.0,00-0038906,L.Hedley
2023_15_NYJ_MIA,REG,15,MIA,38.0,0.0,1.0,1.0,00-0035280,J.Bailey
2023_15_NYJ_MIA,REG,15,NYJ,47.0,0.0,0.0,1.0,00-0027114,T.Morstead
2023_15_NYJ_MIA,REG,15,MIA,41.0,0.0,1.0,1.0,00-0035280,J.Bailey
2023_15_NYJ_MIA,REG,15,NYJ,54.0,0.0,0.0,1.0,00-0027114,T.Morstead
2023_15_NYJ_MIA,REG,15,NYJ,59.0,0.0,0.0,1.0,00-0027114,T.Morstead
2023_15_NYJ_MIA,REG,15,NYJ,54.0,0.0,0.0,1.0,00-0027114,T.Morstead
2023_15_NYJ_MIA,REG,15,NYJ,53.0,0.0,0.0,1.0,00-0027114,T.Morstead
2023_15_NYJ_MIA,REG,15,MIA,42.0,0.0,1.0,1.0,00-0035280,J.Bailey
2023_15_NYJ_MIA,REG,15,MIA,22.0,0.0,0.0,1.0,00-0035280,J.Bailey
2023_15_PHI_SEA,REG,15,SEA,54.0,0.0,1.0,1.0,00-0034160,M.Dickson
2023_15_PHI_SEA,REG,15,PHI,61.0,0.0,0.0,1.0,00-0036313,B.Mann
2023_15_PHI_SEA,REG,15,SEA,54.0,0.0,0.0,1.0,00-0034160,M.Dickson
2023_15_PHI_SEA,REG,15,PHI,45.0,0.0,1.0,1.0,00-0036313,B.Mann
2023_15_PHI_SEA,REG,15,SEA,56.0,0.0,0.0,1.0,00-0034160,M.Dickson
2023_15_PHI_SEA,REG,15,PHI,50.0,0.0,1.0,1.0,00-0036313,B.Mann
2023_15_PHI_SEA,REG,15,SEA,57.0,0.0,0.0,1.0,00-0034160,M.Dickson
2023_15_PHI_SEA,REG,15,PHI,50.0,0.0,0.0,1.0,00-0036313,B.Mann
2023_15_PHI_SEA,REG,15,SEA,59.0,0.0,0.0,1.0,00-0034160,M.Dickson
2023_15_PHI_SEA,REG,15,PHI,42.0,0.0,1.0,1.0,00-0036313,B.Mann
2023_15_PIT_IND,REG,15,PIT,42.0,0.0,0.0,1.0,00-0036847,P.Harvin
2023_15_PIT_IND,REG,15,IND,0.0,1.0,0.0,1.0,00-0033269,R.Sanchez
2023_15_PIT_IND,REG,15,PIT,55.0,0.0,0.0,1.0,00-0036847,P.Harvin
2023_15_PIT_IND,REG,15,IND,57.0,0.0,1.0,1.0,00-0033269,R.Sanchez
2023_15_PIT_IND,REG,15,PIT,41.0,0.0,0.0,1.0,00-0036847,P.Harvin
2023_15_PIT_IND,REG,15,PIT,22.0,0.0,1.0,1.0,00-0036847,P.Harvin
2023_15_SF_ARI,REG,15,SF,40.0,0.0,0.0,1.0,00-0034941,M.Wishnowsky
2023_15_SF_ARI,REG,15,ARI,62.0,0.0,1.0,1.0,00-0035859,B.Gillikin
2023_15_SF_ARI,REG,15,ARI,50.0,0.0,0.0,1.0,00-0035859,B.Gillikin
2023_15_SF_ARI,REG,15,SF,56.0,0.0,1.0,1.0,00-0034941,M.Wishnowsky
2023_15_TB_GB,REG,15,TB,65.0,0.0,1.0,1.0,00-0038042,J.Camarda
2023_15_TB_GB,REG,15,GB,43.0,0.0,1.0,1.0,00-0037547,D.Whelan
2023_15_TB_GB,REG,15,GB,51.0,0.0,0.0,1.0,00-0037547,D.Whelan
2023_15_WAS_LA,REG,15,WAS,50.0,0.0,1.0,1.0,00-0030140,T.Way
2023_15_WAS_LA,REG,15,WAS,39.0,0.0,0.0,1.0,00-0030140,T.Way
2023_15_WAS_LA,REG,15,WAS,40.0,0.0,0.0,1.0,00-0030140,T.Way
2023_15_WAS_LA,REG,15,WAS,36.0,0.0,1.0,1.0,00-0030140,T.Way
2023_15_WAS_LA,REG,15,LAR,54.0,0.0,0.0,1.0,00-0039059,E.Evans
2023_15_WAS_LA,REG,15,LAR,38.0,0.0,1.0,1.0,00-0039059,E.Evans
2023_15_WAS_LA,REG,15,WAS,38.0,0.0,0.0,1.0,00-0030140,T.Way
2023_15_WAS_LA,REG,15,LAR,42.0,0.0,0.0,1.0,00-0039059,E.Evans
2023_16_ARI_CHI,REG,16,CHI,44.0,0.0,1.0,1.0,00-0037097,T.Gill
2023_16_ARI_CHI,REG,16,ARI,52.0,0.0,0.0,1.0,00-0035859,B.Gillikin
2023_16_ARI_CHI,REG,16,ARI,40.0,0.0,1.0,1.0,00-0035859,B.Gillikin
2023_16_ARI_CHI,REG,16,ARI,36.0,0.0,0.0,1.0,00-0035859,B.Gillikin
2023_16_ARI_CHI,REG,16,CHI,40.0,0.0,0.0,1.0,00-0037097,T.Gill
2023_16_ARI_CHI,REG,16,ARI,54.0,0.0,0.0,1.0,00-0035859,B.Gillikin
2023_16_ARI_CHI,REG,16,CHI,76.0,0.0,0.0,1.0,00-0037097,T.Gill
2023_16_ARI_CHI,REG,16,CHI,43.0,0.0,0.0,1.0,00-0037097,T.Gill
2023_16_ARI_CHI,REG,16,ARI,77.0,0.0,0.0,1.0,00-0035859,B.Gillikin
2023_16_ARI_CHI,REG,16,ARI,54.0,0.0,0.0,1.0,00-0035859,B.Gillikin
2023_16_ARI_CHI,REG,16,CHI,57.0,0.0,1.0,1.0,00-0037097,T.Gill
2023_16_BAL_SF,REG,16,BAL,56.0,0.0,1.0,1.0,00-0038094,J.Stout
2023_16_BAL_SF,REG,16,SF,57.0,0.0,0.0,1.0,00-0034941,M.Wishnowsky
2023_16_BAL_SF,REG,16,SF,55.0,0.0,1.0,1.0,00-0034941,M.Wishnowsky
2023_16_BAL_SF,REG,16,BAL,30.0,0.0,1.0,1.0,00-0038094,J.Stout
2023_16_BAL_SF,REG,16,BAL,44.0,0.0,0.0,1.0,00-0038094,J.Stout
2023_16_BUF_LAC,REG,16,BUF,51.0,0.0,1.0,1.0,00-0030092,S.Martin
2023_16_BUF_LAC,REG,16,BUF,44.0,0.0,1.0,1.0,00-0030092,S.Martin
2023_16_BUF_LAC,REG,16,LAC,57.0,0.0,0.0,1.0,00-0034162,J.Scott
2023_16_BUF_LAC,REG,16,BUF,56.0,0.0,1.0,1.0,00-0030092,S.Martin
2023_16_BUF_LAC,REG,16,LAC,49.0,0.0,0.0,1.0,00-0034162,J.Scott
2023_16_BUF_LAC,REG,16,LAC,54.0,0.0,0.0,1.0,00-0034162,J.Scott
2023_16_BUF_LAC,REG,16,LAC,40.0,0.0,1.0,1.0,00-0034162,J.Scott
2023_16_BUF_LAC,REG,16,BUF,58.0,0.0,0.0,1.0,00-0030092,S.Martin
2023_16_CIN_PIT,REG,16,CIN,45.0,0.0,1.0,1.0,00-0038626,B.Robbins
2023_16_CIN_PIT,REG,16,CIN,36.0,0.0,0.0,1.0,00-0038626,B.Robbins
2023_16_CIN_PIT,REG,16,PIT,42.0,0.0,1.0,1.0,00-0036847,P.Harvin
2023_16_CIN_PIT,REG,16,PIT,35.0,0.0,0.0,1.0,00-0036847,P.Harvin
2023_16_CIN_PIT,REG,16,PIT,38.0,0.0,0.0,1.0,00-0036847,P.Harvin
2023_16_CIN_PIT,REG,16,PIT,39.0,0.0,0.0,1.0,00-0036847,P.Harvin
2023_16_CIN_PIT,REG,16,CIN,51.0,0.0,1.0,1.0,00-0038626,B.Robbins
2023_16_CIN_PIT,REG,16,PIT,40.0,0.0,0.0,1.0,00-0036847,P.Harvin
2023_16_CLE_HOU,REG,16,HOU,42.0,0.0,1.0,1.0,00-0033729,C.Johnston
2023_16_CLE_HOU,REG,16,CLE,55.0,0.0,0.0,1.0,00-0034721,C.Bojorquez
2023_16_CLE_HOU,REG,16,HOU,56.0,0.0,0.0,1.0,00-0033729,C.Johnston
2023_16_CLE_HOU,REG,16,CLE,47.0,0.0,0.0,1.0,00-0034721,C.Bojorquez
2023_16_CLE_HOU,REG,16,HOU,42.0,0.0,1.0,1.0,00-0033729,C.Johnston
2023_16_CLE_HOU,REG,16,CLE,46.0,0.0,0.0,1.0,00-0034721,C.Bojorquez
2023_16_CLE_HOU,REG,16,HOU,34.0,0.0,0.0,1.0,00-0033729,C.Johnston
2023_16_CLE_HOU,REG,16,HOU,52.0,0.0,1.0,1.0,00-0033729,C.Johnston
2023_16_CLE_HOU,REG,16,HOU,40.0,0.0,1.0,1.0,00-0033729,C.Johnston
2023_16_DAL_MIA,REG,16,DAL,61.0,0.0,0.0,1.0,00-0029692,B.Anger
2023_16_DAL_MIA,REG,16,DAL,60.0,0.0,0.0,1.0,00-0029692,B.Anger
2023_16_DAL_MIA,REG,16,MIA,58.0,0.0,1.0,1.0,00-0035280,J.Bailey
2023_16_DAL_MIA,REG,16,DAL,57.0,0.0,0.0,1.0,00-0029692,B.Anger
2023_16_DAL_MIA,REG,16,MIA,53.0,0.0,0.0,1.0,00-0035280,J.Bailey
2023_16_DET_MIN,REG,16,DET,44.0,0.0,0.0,1.0,00-0035156,J.Fox
2023_16_DET_MIN,REG,16,MIN,50.0,0.0,0.0,1.0,00-0037500,R.Wright
2023_16_DET_MIN,REG,16,MIN,50.0,0.0,1.0,1.0,00-0037500,R.Wright
2023_16_DET_MIN,REG,16,DET,42.0,0.0,1.0,1.0,00-0035156,J.Fox
2023_16_DET_MIN,REG,16,DET,57.0,0.0,1.0,1.0,00-0035156,J.Fox
2023_16_GB_CAR,REG,16,CAR,56.0,0.0,0.0,1.0,00-0028872,J.Hekker
2023_16_GB_CAR,REG,16,CAR,47.0,0.0,0.0,1.0,00-0028872,J.Hekker
2023_16_GB_CAR,REG,16,GB,54.0,0.0,0.0,1.0,00-0037547,D.Whelan
2023_16_GB_CAR,REG,16,CAR,48.0,0.0,1.0,1.0,00-0028872,J.Hekker
2023_16_GB_CAR,REG,16,GB,48.0,0.0,0.0,1.0,00-0037547,D.Whelan
2023_16_GB_CAR,REG,16,GB,40.0,0.0,0.0,1.0,00-0037547,D.Whelan
2023_16_IND_ATL,REG,16,IND,38.0,0.0,1.0,1.0,00-0033269,R.Sanchez
2023_16_IND_ATL,REG,16,ATL,51.0,0.0,1.0,1.0,00-0032065,B.Pinion
2023_16_IND_ATL,REG,16,IND,48.0,0.0,0.0,1.0,00-0033269,R.Sanchez
2023_16_IND_ATL,REG,16,ATL,44.0,0.0,0.0,1.0,00-0032065,B.Pinion
2023_16_IND_ATL,REG,16,IND,52.0,0.0,1.0,1.0,00-0033269,R.Sanchez
2023_16_IND_ATL,REG,16,IND,55.0,0.0,0.0,1.0,00-0033269,R.Sanchez
2023_16_IND_ATL,REG,16,ATL,39.0,0.0,1.0,1.0,00-0032065,B.Pinion
2023_16_JAX_TB,REG,16,JAX,65.0,0.0,0.0,1.0,00-0034437,L.Cooke
2023_16_JAX_TB,REG,16,TB,51.0,0.0,1.0,1.0,00-0038042,J.Camarda
2023_16_JAX_TB,REG,16,TB,50.0,0.0,0.0,1.0,00-0038042,J.Camarda
2023_16_LV_KC,REG,16,KC,57.0,0.0,0.0,1.0,00-0035889,T.Townsend
2023_16_LV_KC,REG,16,LV,50.0,0.0,0.0,1.0,00-0035190,A.Cole
2023_16_LV_KC,REG,16,KC,46.0,0.0,1.0,1.0,00-0035889,T.Townsend
2023_16_LV_KC,REG,16,KC,42.0,0.0,0.0,1.0,00-0035889,T.Townsend
2023_16_LV_KC,REG,16,LV,49.0,0.0,0.0,1.0,00-0035190,A.Cole
2023_16_LV_KC,REG,16,LV,44.0,0.0,1.0,1.0,00-0035190,A.Cole
2023_16_LV_KC,REG,16,LV,34.0,0.0,1.0,1.0,00-0035190,A.Cole
2023_16_LV_KC,REG,16,LV,50.0,0.0,1.0,1.0,00-0035190,A.Cole
2023_16_LV_KC,REG,16,KC,22.0,0.0,0.0,1.0,00-0035889,T.Townsend
2023_16_LV_KC,REG,16,LV,44.0,0.0,0.0,1.0,00-0035190,A.Cole
2023_16_NE_DEN,REG,16,NE,47.0,0.0,0.0,1.0,00-0038610,B.Baringer
2023_16_NE_DEN,REG,16,DEN,32.0,0.0,1.0,1.0,00-0032943,R.Dixon
2023_16_NE_DEN,REG,16,NE,53.0,0.0,0.0,1.0,00-0038610,B.Baringer
2023_16_NE_DEN,REG,16,NE,40.0,0.0,1.0,1.0,00-0038610,B.Baringer
2023_16_NE_DEN,REG,16,DEN,46.0,0.0,0.0,1.0,00-0032943,R.Dixon
2023_16_NE_DEN,REG,16,DEN,39.0,0.0,0.0,1.0,00-0032943,R.Dixon
2023_16_NE_DEN,REG,16,DEN,46.0,0.0,0.0,1.0,00-0032943,R.Dixon
2023_16_NE_DEN,REG,16,NE,51.0,0.0,1.0,1.0,00-0038610,B.Baringer
2023_16_NE_DEN,REG,16,DEN,47.0,0.0,0.0,1.0,00-0032943,R.Dixon
2023_16_NE_DEN,REG,16,DEN,46.0,0.0,0.0,1.0,00-0032943,R.Dixon
2023_16_NE_DEN,REG,16,NE,41.0,0.0,1.0,1.0,00-0038610,B.Baringer
2023_16_NE_DEN,REG,16,NE,45.0,0.0,0.0,1.0,00-0038610,B.Baringer
2023_16_NE_DEN,REG,16,NE,42.0,0.0,0.0,1.0,00-0038610,B.Baringer
2023_16_NE_DEN,REG,16,DEN,45.0,0.0,1.0,1.0,00-0032943,R.Dixon
2023_16_NO_LA,REG,16,NO,32.0,0.0,1.0,1.0,00-0038906,L.Hedley
2023_16_NO_LA,REG,16,NO,39.0,0.0,0.0,1.0,00-0038906,L.Hedley
2023_16_NO_LA,REG,16,LAR,38.0,0.0,0.0,1.0,00-0039059,E.Evans
2023_16_NO_LA,REG,16,LAR,8.0,0.0,0.0,1.0,00-0039059,E.Evans
2023_16_NYG_PHI,REG,16,NYG,41.0,0.0,0.0,1.0,00-0035042,J.Gillan
2023_16_NYG_PHI,REG,16,NYG,31.0,0.0,0.0,1.0,00-0035042,J.Gillan
2023_16_NYG_PHI,REG,16,NYG,42.0,0.0,0.0,1.0,00-0035042,J.Gillan
2023_16_NYG_PHI,REG,16,PHI,54.0,0.0,0.0,1.0,00-0036313,B.Mann
2023_16_NYG_PHI,REG,16,PHI,54.0,0.0,0.0,1.0,00-0036313,B.Mann
2023_16_NYG_PHI,REG,16,NYG,44.0,0.0,1.0,1.0,00-0035042,J.Gillan
2023_16_SEA_TEN,REG,16,TEN,47.0,0.0,0.0,1.0,00-0038490,T.Zentner
2023_16_SEA_TEN,REG,16,SEA,29.0,0.0,1.0,1.0,00-0034160,M.Dickson
2023_16_SEA_TEN,REG,16,TEN,36.0,0.0,1.0,1.0,00-0038490,T.Zentner
2023_16_SEA_TEN,REG,16,SEA,63.0,0.0,0.0,1.0,00-0034160,M.Dickson
2023_16_SEA_TEN,REG,16,SEA,42.0,0.0,1.0,1.0,00-0034160,M.Dickson
2023_16_SEA_TEN,REG,16,TEN,34.0,0.0,1.0,1.0,00-0038490,T.Zentner
2023_16_WAS_NYJ,REG,16,WAS,0.0,1.0,0.0,1.0,00-0030140,T.Way
2023_16_WAS_NYJ,REG,16,WAS,36.0,0.0,0.0,1.0,00-0030140,T.Way
2023_16_WAS_NYJ,REG,16,WAS,34.0,0.0,1.0,1.0,00-0030140,T.Way
2023_16_WAS_NYJ,REG,16,WAS,40.0,0.0,1.0,1.0,00-0030140,T.Way
2023_16_WAS_NYJ,REG,16,NYJ,51.0,0.0,0.0,1.0,00-0027114,T.Morstead
2023_16_WAS_NYJ,REG,16,WAS,44.0,0.0,1.0,1.0,00-0030140,T.Way
2023_16_WAS_NYJ,REG,16,WAS,45.0,0.0,0.0,1.0,00-0030140,T.Way
2023_16_WAS_NYJ,REG,16,NYJ,46.0,0.0,1.0,1.0,00-0027114,T.Morstead
2023_16_WAS_NYJ,REG,16,WAS,46.0,0.0,0.0,1.0,00-0030140,T.Way
2023_16_WAS_NYJ,REG,16,NYJ,54.0,0.0,0.0,1.0,00-0027114,T.Morstead
2023_16_WAS_NYJ,REG,16,NYJ,51.0,0.0,0.0,1.0,00-0027114,T.Morstead
2023_16_WAS_NYJ,REG,16,NYJ,47.0,0.0,1.0,1.0,00-0027114,T.Morstead
2023_16_WAS_NYJ,REG,16,NYJ,43.0,0.0,0.0,1.0,00-0027114,T.Morstead
2023_16_WAS_NYJ,REG,16,WAS,49.0,0.0,0.0,1.0,00-0030140,T.Way
2023_17_ARI_PHI,REG,17,PHI,56.0,0.0,0.0,1.0,00-0036313,B.Mann
2023_17_ARI_PHI,REG,17,PHI,61.0,0.0,0.0,1.0,00-0036313,B.Mann
2023_17_ATL_CHI,REG,17,CHI,41.0,0.0,0.0,1.0,00-0037097,T.Gill
2023_17_ATL_CHI,REG,17,ATL,45.0,0.0,0.0,1.0,00-0032065,B.Pinion
2023_17_ATL_CHI,REG,17,ATL,44.0,0.0,0.0,1.0,00-0032065,B.Pinion
2023_17_ATL_CHI,REG,17,CHI,53.0,0.0,0.0,1.0,00-0037097,T.Gill
2023_17_ATL_CHI,REG,17,CHI,50.0,0.0,0.0,1.0,00-0037097,T.Gill
2023_17_ATL_CHI,REG,17,ATL,39.0,0.0,0.0,1.0,00-0032065,B.Pinion
2023_17_ATL_CHI,REG,17,CHI,51.0,0.0,0.0,1.0,00-0037097,T.Gill
2023_17_CAR_JAX,REG,17,JAX,37.0,0.0,0.0,1.0,00-0034437,L.Cooke
2023_17_CAR_JAX,REG,17,CAR,48.0,0.0,0.0,1.0,00-0028872,J.Hekker
2023_17_CAR_JAX,REG,17,CAR,48.0,0.0,0.0,1.0,00-0028872,J.Hekker
2023_17_CAR_JAX,REG,17,CAR,48.0,0.0,0.0,1.0,00-0028872,J.Hekker
2023_17_CAR_JAX,REG,17,JAX,50.0,0.0,0.0,1.0,00-0034437,L.Cooke
2023_17_CAR_JAX,REG,17,CAR,52.0,0.0,0.0,1.0,00-0028872,J.Hekker
2023_17_CAR_JAX,REG,17,CAR,49.0,0.0,0.0,1.0,00-0028872,J.Hekker
2023_17_CAR_JAX,REG,17,CAR,52.0,0.0,1.0,1.0,00-0028872,J.Hekker
2023_17_CAR_JAX,REG,17,JAX,53.0,0.0,1.0,1.0,00-0034437,L.Cooke
2023_17_CIN_KC,REG,17,CIN,44.0,0.0,0.0,1.0,00-0038626,B.Robbins
2023_17_CIN_KC,REG,17,KC,57.0,0.0,1.0,1.0,00-0035889,T.Townsend
2023_17_CIN_KC,REG,17,CIN,51.0,0.0,1.0,1.0,00-0038626,B.Robbins
2023_17_CIN_KC,REG,17,CIN,42.0,0.0,0.0,1.0,00-0038626,B.Robbins
2023_17_CIN_KC,REG,17,CIN,53.0,0.0,0.0,1.0,00-0038626,B.Robbins
2023_17_DET_DAL,REG,17,DET,36.0,0.0,1.0,1.0,00-0035156,J.Fox
2023_17_DET_DAL,REG,17,DET,70.0,0.0,0.0,1.0,00-0035156,J.Fox
2023_17_DET_DAL,REG,17,DAL,50.0,0.0,0.0,1.0,00-0029692,B.Anger
2023_17_DET_DAL,REG,17,DAL,49.0,0.0,0.0,1.0,00-0029692,B.Anger
2023_17_DET_DAL,REG,17,DET,46.0,0.0,1.0,1.0,00-0035156,J.Fox
2023_17_DET_DAL,REG,17,DAL,43.0,0.0,0.0,1.0,00-0029692,B.Anger
2023_17_DET_DAL,REG,17,DET,43.0,0.0,0.0,1.0,00-0035156,J.Fox
2023_17_DET_DAL,REG,17,DAL,39.0,0.0,1.0,1.0,00-0029692,B.Anger
2023_17_GB_MIN,REG,17,GB,54.0,0.0,0.0,1.0,00-0037547,D.Whelan
2023_17_GB_MIN,REG,17,MIN,68.0,0.0,0.0,1.0,00-0037500,R.Wright
2023_17_GB_MIN,REG,17,MIN,30.0,0.0,0.0,1.0,00-0037500,R.Wright
2023_17_GB_MIN,REG,17,MIN,52.0,0.0,1.0,1.0,00-0037500,R.Wright
2023_17_GB_MIN,REG,17,GB,45.0,0.0,0.0,1.0,00-0037547,D.Whelan
2023_17_GB_MIN,REG,17,MIN,55.0,0.0,0.0,1.0,00-0037500,R.Wright
2023_17_LAC_DEN,REG,17,LAC,47.0,0.0,0.0,1.0,00-0034162,J.Scott
2023_17_LAC_DEN,REG,17,DEN,63.0,0.0,1.0,1.0,00-0032943,R.Dixon
2023_17_LAC_DEN,REG,17,LAC,61.0,0.0,0.0,1.0,00-0034162,J.Scott
2023_17_LAC_DEN,REG,17,LAC,39.0,0.0,1.0,1.0,00-0034162,J.Scott
2023_17_LAC_DEN,REG,17,DEN,44.0,0.0,0.0,1.0,00-0032943,R.Dixon
2023_17_LAC_DEN,REG,17,LAC,37.0,0.0,1.0,1.0,00-0034162,J.Scott
2023_17_LAC_DEN,REG,17,DEN,45.0,0.0,1.0,1.0,00-0032943,R.Dixon
2023_17_LAC_DEN,REG,17,DEN,42.0,0.0,1.0,1.0,00-0032943,R.Dixon
2023_17_LAC_DEN,REG,17,DEN,49.0,0.0,0.0,1.0,00-0032943,R.Dixon
2023_17_LA_NYG,REG,17,NYG,47.0,0.0,0.0,1.0,00-0035042,J.Gillan
2023_17_LA_NYG,REG,17,LAR,58.0,0.0,0.0,1.0,00-0039059,E.Evans
2023_17_LA_NYG,REG,17,NYG,52.0,0.0,0.0,1.0,00-0035042,J.Gillan
2023_17_LA_NYG,REG,17,NYG,39.0,0.0,1.0,1.0,00-0035042,J.Gillan
2023_17_LA_NYG,REG,17,NYG,39.0,0.0,0.0,1.0,00-0035042,J.Gillan
2023_17_LA_NYG,REG,17,LAR,72.0,0.0,1.0,1.0,00-0039059,E.Evans
2023_17_LA_NYG,REG,17,LAR,59.0,0.0,1.0,1.0,00-0039059,E.Evans
2023_17_LA_NYG,REG,17,NYG,45.0,0.0,0.0,1.0,00-0035042,J.Gillan
2023_17_LA_NYG,REG,17,LAR,58.0,0.0,0.0,1.0,00-0039059,E.Evans
2023_17_LA_NYG,REG,17,LAR,40.0,0.0,0.0,1.0,00-0039059,E.Evans
2023_17_LV_IND,REG,17,IND,51.0,0.0,0.0,1.0,00-0033269,R.Sanchez
2023_17_LV_IND,REG,17,LV,56.0,0.0,1.0,1.0,00-0035190,A.Cole
2023_17_LV_IND,REG,17,IND,48.0,0.0,0.0,1.0,00-0033269,R.Sanchez
2023_17_LV_IND,REG,17,LV,36.0,0.0,1.0,1.0,00-0035190,A.Cole
2023_17_LV_IND,REG,17,IND,50.0,0.0,0.0,1.0,00-0033269,R.Sanchez
2023_17_LV_IND,REG,17,LV,38.0,0.0,1.0,1.0,00-0035190,A.Cole
2023_17_LV_IND,REG,17,LV,36.0,0.0,1.0,1.0,00-0035190,A.Cole
2023_17_LV_IND,REG,17,LV,21.0,0.0,0.0,1.0,00-0035190,A.Cole
2023_17_MIA_BAL,REG,17,BAL,33.0,0.0,0.0,1.0,00-0038094,J.Stout
2023_17_MIA_BAL,REG,17,MIA,48.0,0.0,1.0,1.0,00-0035280,J.Bailey
2023_17_MIA_BAL,REG,17,MIA,62.0,0.0,0.0,1.0,00-0035280,J.Bailey
2023_17_MIA_BAL,REG,17,MIA,48.0,0.0,0.0,1.0,00-0035280,J.Bailey
2023_17_MIA_BAL,REG,17,BAL,38.0,0.0,0.0,1.0,00-0038094,J.Stout
2023_17_NE_BUF,REG,17,BUF,53.0,0.0,1.0,1.0,00-0030092,S.Martin
2023_17_NE_BUF,REG,17,NE,57.0,0.0,0.0,1.0,00-0038610,B.Baringer
2023_17_NE_BUF,REG,17,BUF,48.0,0.0,1.0,1.0,00-0030092,S.Martin
2023_17_NE_BUF,REG,17,NE,47.0,0.0,0.0,1.0,00-0038610,B.Baringer
2023_17_NE_BUF,REG,17,BUF,41.0,0.0,1.0,1.0,00-0030092,S.Martin
2023_17_NE_BUF,REG,17,BUF,47.0,0.0,1.0,1.0,00-0030092,S.Martin
2023_17_NE_BUF,REG,17,NE,27.0,0.0,1.0,1.0,00-0038610,B.Baringer
2023_17_NE_BUF,REG,17,BUF,47.0,0.0,1.0,1.0,00-0030092,S.Martin
2023_17_NE_BUF,REG,17,BUF,53.0,0.0,1.0,1.0,00-0030092,S.Martin
2023_17_NE_BUF,REG,17,NE,45.0,0.0,0.0,1.0,00-0038610,B.Baringer
2023_17_NO_TB,REG,17,TB,51.0,0.0,0.0,1.0,00-0038042,J.Camarda
2023_17_NO_TB,REG,17,NO,48.0,0.0,1.0,1.0,00-0038906,L.Hedley
2023_17_NO_TB,REG,17,NO,39.0,0.0,1.0,1.0,00-0038906,L.Hedley
2023_17_NO_TB,REG,17,TB,44.0,0.0,0.0,1.0,00-0038042,J.Camarda
2023_17_NO_TB,REG,17,TB,28.0,0.0,0.0,1.0,00-0038042,J.Camarda
2023_17_NO_TB,REG,17,TB,37.0,0.0,0.0,1.0,00-0038042,J.Camarda
2023_17_NO_TB,REG,17,NO,48.0,0.0,0.0,1.0,00-0038906,L.Hedley
2023_17_NO_TB,REG,17,TB,47.0,0.0,1.0,1.0,00-0038042,J.Camarda
2023_17_NO_TB,REG,17,NO,39.0,0.0,0.0,1.0,00-0038906,L.Hedley
2023_17_NO_TB,REG,17,NO,43.0,0.0,1.0,1.0,00-0038906,L.Hedley
2023_17_NO_TB,REG,17,NO,51.0,0.0,0.0,1.0,00-0038906,L.Hedley
2023_17_NYJ_CLE,REG,17,NYJ,57.0,0.0,0.0,1.0,00-0027114,T.Morstead
2023_17_NYJ_CLE,REG,17,NYJ,39.0,0.0,0.0,1.0,00-0027114,T.Morstead
2023_17_NYJ_CLE,REG,17,NYJ,49.0,0.0,1.0,1.0,00-0027114,T.Morstead
2023_17_NYJ_CLE,REG,17,CLE,44.0,0.0,0.0,1.0,00-0033400,M.Haack
2023_17_NYJ_CLE,REG,17,NYJ,34.0,0.0,1.0,1.0,00-0027114,T.Morstead
2023_17_NYJ_CLE,REG,17,CLE,55.0,0.0,0.0,1.0,00-0033400,M.Haack
2023_17_NYJ_CLE,REG,17,NYJ,34.0,0.0,1.0,1.0,00-0027114,T.Morstead
2023_17_NYJ_CLE,REG,17,CLE,56.0,0.0,0.0,1.0,00-0033400,M.Haack
2023_17_PIT_SEA,REG,17,SEA,50.0,0.0,0.0,1.0,00-0034160,M.Dickson
2023_17_PIT_SEA,REG,17,SEA,66.0,0.0,0.0,1.0,00-0034160,M.Dickson
2023_17_PIT_SEA,REG,17,SEA,43.0,0.0,0.0,1.0,00-0034160,M.Dickson
2023_17_PIT_SEA,REG,17,PIT,46.0,0.0,1.0,1.0,00-0036847,P.Harvin
2023_17_SF_WAS,REG,17,WAS,53.0,0.0,0.0,1.0,00-0030140,T.Way
2023_17_SF_WAS,REG,17,SF,36.0,0.0,1.0,1.0,00-0034941,M.Wishnowsky
2023_17_SF_WAS,REG,17,WAS,55.0,0.0,1.0,1.0,00-0030140,T.Way
2023_17_SF_WAS,REG,17,WAS,48.0,0.0,0.0,1.0,00-0030140,T.Way
2023_17_SF_WAS,REG,17,SF,40.0,0.0,1.0,1.0,00-0034941,M.Wishnowsky
2023_17_TEN_HOU,REG,17,TEN,39.0,0.0,0.0,1.0,00-0038490,T.Zentner
2023_17_TEN_HOU,REG,17,TEN,42.0,0.0,1.0,1.0,00-0038490,T.Zentner
2023_17_TEN_HOU,REG,17,TEN,46.0,0.0,0.0,1.0,00-0038490,T.Zentner
2023_17_TEN_HOU,REG,17,TEN,57.0,0.0,0.0,1.0,00-0038490,T.Zentner
2023_17_TEN_HOU,REG,17,HOU,54.0,0.0,0.0,1.0,00-0033729,C.Johnston
2023_17_TEN_HOU,REG,17,HOU,49.0,0.0,1.0,1.0,00-0033729,C.Johnston
2023_17_TEN_HOU,REG,17,TEN,64.0,0.0,1.0,1.0,00-0038490,T.Zentner
2023_17_TEN_HOU,REG,17,HOU,52.0,0.0,0.0,1.0,00-0033729,C.Johnston
2023_18_ATL_NO,REG,18,NO,44.0,0.0,0.0,1.0,00-0038906,L.Hedley
2023_18_ATL_NO,REG,18,ATL,49.0,0.0,0.0,1.0,00-0032065,B.Pinion
2023_18_ATL_NO,REG,18,NO,40.0,0.0,1.0,1.0,00-0038906,L.Hedley
2023_18_ATL_NO,REG,18,ATL,27.0,0.0,0.0,1.0,00-0032065,B.Pinion
2023_18_ATL_NO,REG,18,ATL,66.0,0.0,0.0,1.0,00-0032065,B.Pinion
2023_18_ATL_NO,REG,18,ATL,61.0,0.0,1.0,1.0,00-0032065,B.Pinion
2023_18_ATL_NO,REG,18,NO,50.0,0.0,0.0,1.0,00-0038906,L.Hedley
2023_18_ATL_NO,REG,18,ATL,51.0,0.0,0.0,1.0,00-0032065,B.Pinion
2023_18_ATL_NO,REG,18,NO,49.0,0.0,0.0,1.0,00-0038906,L.Hedley
2023_18_BUF_MIA,REG,18,MIA,35.0,0.0,1.0,1.0,00-0035280,J.Bailey
2023_18_BUF_MIA,REG,18,BUF,41.0,0.0,1.0,1.0,00-0030092,S.Martin
2023_18_BUF_MIA,REG,18,MIA,52.0,0.0,0.0,1.0,00-0035280,J.Bailey
2023_18_BUF_MIA,REG,18,MIA,58.0,0.0,0.0,1.0,00-0035280,J.Bailey
2023_18_BUF_MIA,REG,18,MIA,48.0,0.0,0.0,1.0,00-0035280,J.Bailey
2023_18_BUF_MIA,REG,18,MIA,46.0,0.0,0.0,1.0,00-0035280,J.Bailey
2023_18_CHI_GB,REG,18,CHI,42.0,0.0,1.0,1.0,00-0037097,T.Gill
2023_18_CHI_GB,REG,18,CHI,51.0,0.0,0.0,1.0,00-0037097,T.Gill
2023_18_CHI_GB,REG,18,CHI,44.0,0.0,1.0,1.0,00-0037097,T.Gill
2023_18_CLE_CIN,REG,18,CLE,58.0,0.0,0.0,1.0,00-0034721,C.Bojorquez
2023_18_CLE_CIN,REG,18,CLE,41.0,0.0,0.0,1.0,00-0034721,C.Bojorquez
2023_18_CLE_CIN,REG,18,CLE,53.0,0.0,0.0,1.0,00-0034721,C.Bojorquez
2023_18_CLE_CIN,REG,18,CLE,51.0,0.0,1.0,1.0,00-0034721,C.Bojorquez
2023_18_CLE_CIN,REG,18,CIN,33.0,0.0,0.0,1.0,00-0038626,B.Robbins
2023_18_CLE_CIN,REG,18,CIN,50.0,0.0,0.0,1.0,00-0038626,B.Robbins
2023_18_CLE_CIN,REG,18,CLE,47.0,0.0,1.0,1.0,00-0034721,C.Bojorquez
2023_18_CLE_CIN,REG,18,CLE,50.0,0.0,1.0,1.0,00-0034721,C.Bojorquez
2023_18_CLE_CIN,REG,18,CIN,40.0,0.0,0.0,1.0,00-0038626,B.Robbins
2023_18_CLE_CIN,REG,18,CLE,35.0,0.0,1.0,1.0,00-0034721,C.Bojorquez
2023_18_CLE_CIN,REG,18,CIN,48.0,0.0,0.0,1.0,00-0038626,B.Robbins
2023_18_CLE_CIN,REG,18,CIN,47.0,0.0,0.0,1.0,00-0038626,B.Robbins
2023_18_CLE_CIN,REG,18,CIN,56.0,0.0,1.0,1.0,00-0038626,B.Robbins
2023_18_DAL_WAS,REG,18,WAS,0.0,1.0,0.0,1.0,00-0030140,T.Way
2023_18_DAL_WAS,REG,18,WAS,50.0,0.0,0.0,1.0,00-0030140,T.Way
2023_18_DEN_LV,REG,18,DEN,48.0,0.0,0.0,1.0,00-0032943,R.Dixon
2023_18_DEN_LV,REG,18,LV,66.0,0.0,1.0,1.0,00-0035190,A.Cole
2023_18_DEN_LV,REG,18,DEN,59.0,0.0,0.0,1.0,00-0032943,R.Dixon
2023_18_DEN_LV,REG,18,DEN,52.0,0.0,0.0,1.0,00-0032943,R.Dixon
2023_18_DEN_LV,REG,18,LV,49.0,0.0,0.0,1.0,00-0035190,A.Cole
2023_18_DEN_LV,REG,18,DEN,64.0,0.0,1.0,1.0,00-0032943,R.Dixon
2023_18_DEN_LV,REG,18,LV,59.0,0.0,0.0,1.0,00-0035190,A.Cole
2023_18_DEN_LV,REG,18,DEN,55.0,0.0,0.0,1.0,00-0032943,R.Dixon
2023_18_DEN_LV,REG,18,LV,60.0,0.0,0.0,1.0,00-0035190,A.Cole
2023_18_HOU_IND,REG,18,IND,51.0,0.0,0.0,1.0,00-0033269,R.Sanchez
2023_18_HOU_IND,REG,18,HOU,44.0,0.0,1.0,1.0,00-0033729,C.Johnston
2023_18_HOU_IND,REG,18,IND,52.0,0.0,0.0,1.0,00-0033269,R.Sanchez
2023_18_HOU_IND,REG,18,HOU,45.0,0.0,1.0,1.0,00-0033729,C.Johnston
2023_18_HOU_IND,REG,18,IND,63.0,0.0,0.0,1.0,00-0033269,R.Sanchez
2023_18_HOU_IND,REG,18,HOU,44.0,0.0,1.0,1.0,00-0033729,C.Johnston
2023_18_HOU_IND,REG,18,IND,50.0,0.0,0.0,1.0,00-0033269,R.Sanchez
2023_18_HOU_IND,REG,18,HOU,53.0,0.0,0.0,1.0,00-0033729,C.Johnston
2023_18_HOU_IND,REG,18,HOU,50.0,0.0,1.0,1.0,00-0033729,C.Johnston
2023_18_HOU_IND,REG,18,HOU,62.0,0.0,0.0,1.0,00-0033729,C.Johnston
2023_18_JAX_TEN,REG,18,JAX,43.0,0.0,0.0,1.0,00-0034437,L.Cooke
2023_18_JAX_TEN,REG,18,TEN,49.0,0.0,1.0,1.0,00-0038490,T.Zentner
2023_18_JAX_TEN,REG,18,TEN,45.0,0.0,0.0,1.0,00-0038490,T.Zentner
2023_18_JAX_TEN,REG,18,TEN,50.0,0.0,0.0,1.0,00-0038490,T.Zentner
2023_18_KC_LAC,REG,18,KC,44.0,0.0,0.0,1.0,00-0035889,T.Townsend
2023_18_KC_LAC,REG,18,LAC,43.0,0.0,0.0,1.0,00-0034162,J.Scott
2023_18_KC_LAC,REG,18,KC,61.0,0.0,0.0,1.0,00-0035889,T.Townsend
2023_18_KC_LAC,REG,18,LAC,46.0,0.0,0.0,1.0,00-0034162,J.Scott
2023_18_KC_LAC,REG,18,KC,55.0,0.0,0.0,1.0,00-0035889,T.Townsend
2023_18_KC_LAC,REG,18,LAC,49.0,0.0,0.0,1.0,00-0034162,J.Scott
2023_18_KC_LAC,REG,18,LAC,40.0,0.0,1.0,1.0,00-0034162,J.Scott
2023_18_KC_LAC,REG,18,KC,34.0,0.0,1.0,1.0,00-0035889,T.Townsend
2023_18_KC_LAC,REG,18,KC,37.0,0.0,1.0,1.0,00-0035889,T.Townsend
2023_18_KC_LAC,REG,18,LAC,40.0,0.0,1.0,1.0,00-0034162,J.Scott
2023_18_KC_LAC,REG,18,KC,43.0,0.0,1.0,1.0,00-0035889,T.Townsend
2023_18_LA_SF,REG,18,LAR,51.0,0.0,1.0,1.0,00-0039059,E.Evans
2023_18_LA_SF,REG,18,SF,47.0,0.0,1.0,1.0,00-0034941,M.Wishnowsky
2023_18_LA_SF,REG,18,SF,36.0,0.0,0.0,1.0,00-0034941,M.Wishnowsky
2023_18_LA_SF,REG,18,SF,61.0,0.0,0.0,1.0,00-0034941,M.Wishnowsky
2023_18_LA_SF,REG,18,LAR,45.0,0.0,0.0,1.0,00-0039059,E.Evans
2023_18_MIN_DET,REG,18,DET,61.0,0.0,1.0,1.0,00-0035156,J.Fox
2023_18_MIN_DET,REG,18,MIN,56.0,0.0,0.0,1.0,00-0037500,R.Wright
2023_18_MIN_DET,REG,18,MIN,57.0,0.0,0.0,1.0,00-0037500,R.Wright
2023_18_MIN_DET,REG,18,DET,55.0,0.0,1.0,1.0,00-0035156,J.Fox
2023_18_MIN_DET,REG,18,MIN,58.0,0.0,1.0,1.0,00-0037500,R.Wright
2023_18_MIN_DET,REG,18,DET,45.0,0.0,0.0,1.0,00-0035156,J.Fox
2023_18_MIN_DET,REG,18,MIN,53.0,0.0,0.0,1.0,00-0037500,R.Wright
2023_18_MIN_DET,REG,18,DET,49.0,0.0,0.0,1.0,00-0035156,J.Fox
2023_18_MIN_DET,REG,18,DET,58.0,0.0,0.0,1.0,00-0035156,J.Fox
2023_18_NYJ_NE,REG,18,NE,63.0,0.0,0.0,1.0,00-0038610,B.Baringer
2023_18_NYJ_NE,REG,18,NYJ,49.0,0.0,0.0,1.0,00-0027114,T.Morstead
2023_18_NYJ_NE,REG,18,NE,37.0,0.0,0.0,1.0,00-0038610,B.Baringer
2023_18_NYJ_NE,REG,18,NYJ,59.0,0.0,1.0,1.0,00-0027114,T.Morstead
2023_18_NYJ_NE,REG,18,NE,37.0,0.0,0.0,1.0,00-0038610,B.Baringer
2023_18_NYJ_NE,REG,18,NE,60.0,0.0,1.0,1.0,00-0038610,B.Baringer
2023_18_NYJ_NE,REG,18,NYJ,51.0,0.0,0.0,1.0,00-0027114,T.Morstead
2023_18_NYJ_NE,REG,18,NE,37.0,0.0,0.0,1.0,00-0038610,B.Baringer
2023_18_NYJ_NE,REG,18,NYJ,44.0,0.0,0.0,1.0,00-0027114,T.Morstead
2023_18_NYJ_NE,REG,18,NE,54.0,0.0,0.0,1.0,00-0038610,B.Baringer
2023_18_NYJ_NE,REG,18,NYJ,56.0,0.0,1.0,1.0,00-0027114,T.Morstead
2023_18_NYJ_NE,REG,18,NE,56.0,0.0,1.0,1.0,00-0038610,B.Baringer
2023_18_NYJ_NE,REG,18,NYJ,27.0,0.0,0.0,1.0,00-0027114,T.Morstead
2023_18_NYJ_NE,REG,18,NE,37.0,0.0,0.0,1.0,00-0038610,B.Baringer
2023_18_NYJ_NE,REG,18,NYJ,36.0,0.0,1.0,1.0,00-0027114,T.Morstead
2023_18_NYJ_NE,REG,18,NE,41.0,0.0,0.0,1.0,00-0038610,B.Baringer
2023_18_PHI_NYG,REG,18,NYG,43.0,0.0,1.0,1.0,00-0035042,J.Gillan
2023_18_PHI_NYG,REG,18,PHI,54.0,0.0,0.0,1.0,00-0036313,B.Mann
2023_18_PHI_NYG,REG,18,NYG,55.0,0.0,1.0,1.0,00-0035042,J.Gillan
2023_18_PHI_NYG,REG,18,PHI,55.0,0.0,0.0,1.0,00-0036313,B.Mann
2023_18_PHI_NYG,REG,18,PHI,51.0,0.0,0.0,1.0,00-0036313,B.Mann
2023_18_PHI_NYG,REG,18,NYG,44.0,0.0,0.0,1.0,00-0035042,J.Gillan
2023_18_PHI_NYG,REG,18,PHI,41.0,0.0,1.0,1.0,00-0036313,B.Mann
2023_18_PHI_NYG,REG,18,NYG,43.0,0.0,1.0,1.0,00-0035042,J.Gillan
2023_18_PHI_NYG,REG,18,NYG,43.0,0.0,1.0,1.0,00-0035042,J.Gillan
2023_18_PIT_BAL,REG,18,PIT,34.0,0.0,1.0,1.0,00-0036847,P.Harvin
2023_18_PIT_BAL,REG,18,BAL,64.0,0.0,0.0,1.0,00-0038094,J.Stout
2023_18_PIT_BAL,REG,18,BAL,51.0,0.0,0.0,1.0,00-0038094,J.Stout
2023_18_PIT_BAL,REG,18,PIT,26.0,0.0,0.0,1.0,00-0036847,P.Harvin
2023_18_PIT_BAL,REG,18,BAL,59.0,0.0,0.0,1.0,00-0038094,J.Stout
2023_18_PIT_BAL,REG,18,PIT,52.0,0.0,0.0,1.0,00-0036847,P.Harvin
2023_18_PIT_BAL,REG,18,BAL,66.0,0.0,0.0,1.0,00-0038094,J.Stout
2023_18_PIT_BAL,REG,18,PIT,39.0,0.0,0.0,1.0,00-0036847,P.Harvin
2023_18_PIT_BAL,REG,18,BAL,57.0,0.0,0.0,1.0,00-0038094,J.Stout
2023_18_PIT_BAL,REG,18,PIT,46.0,0.0,1.0,1.0,00-0036847,P.Harvin
2023_18_PIT_BAL,REG,18,BAL,40.0,0.0,1.0,1.0,00-0038094,J.Stout
2023_18_PIT_BAL,REG,18,BAL,40.0,0.0,0.0,1.0,00-0038094,J.Stout
2023_18_PIT_BAL,REG,18,PIT,53.0,0.0,0.0,1.0,00-0036847,P.Harvin
2023_18_SEA_ARI,REG,18,ARI,45.0,0.0,1.0,1.0,00-0035859,B.Gillikin
2023_18_SEA_ARI,REG,18,ARI,61.0,0.0,0.0,1.0,00-0035859,B.Gillikin
2023_18_SEA_ARI,REG,18,SEA,59.0,0.0,1.0,1.0,00-0034160,M.Dickson
2023_18_SEA_ARI,REG,18,SEA,42.0,0.0,1.0,1.0,00-0034160,M.Dickson
2023_18_SEA_ARI,REG,18,SEA,43.0,0.0,0.0,1.0,00-0034160,M.Dickson
2023_18_SEA_ARI,REG,18,ARI,46.0,0.0,1.0,1.0,00-0035859,B.Gillikin
2023_18_SEA_ARI,REG,18,SEA,62.0,0.0,0.0,1.0,00-0034160,M.Dickson
2023_18_SEA_ARI,REG,18,SEA,52.0,0.0,0.0,1.0,00-0034160,M.Dickson
2023_18_TB_CAR,REG,18,TB,36.0,0.0,0.0,1.0,00-0038042,J.Camarda
2023_18_TB_CAR,REG,18,CAR,43.0,0.0,0.0,1.0,00-0028872,J.Hekker
2023_18_TB_CAR,REG,18,TB,61.0,0.0,0.0,1.0,00-0038042,J.Camarda
2023_18_TB_CAR,REG,18,CAR,39.0,0.0,0.0,1.0,00-0028872,J.Hekker
2023_18_TB_CAR,REG,18,TB,40.0,0.0,0.0,1.0,00-0038042,J.Camarda
2023_18_TB_CAR,REG,18,TB,60.0,0.0,0.0,1.0,00-0038042,J.Camarda
2023_18_TB_CAR,REG,18,CAR,42.0,0.0,0.0,1.0,00-0028872,J.Hekker
2023_18_TB_CAR,REG,18,CAR,44.0,0.0,0.0,1.0,00-0028872,J.Hekker
2023_18_TB_CAR,REG,18,TB,74.0,0.0,0.0,1.0,00-0038042,J.Camarda
2023_18_TB_CAR,REG,18,CAR,35.0,0.0,0.0,1.0,00-0028872,J.Hekker
2023_18_TB_CAR,REG,18,CAR,43.0,0.0,1.0,1.0,00-0028872,J.Hekker
2023_18_TB_CAR,REG,18,TB,59.0,0.0,0.0,1.0,00-0038042,J.Camarda
