game_id,season_type,week,posteam,kick_distance,punt_blocked,punt_inside_twenty,punt_attempt,punter_player_id,punter_player_name
2025_01_ARI_NO,REG,1,ARI,60.0,0.0,0.0,1.0,00-0035859,B.Gillikin
2025_01_ARI_NO,REG,1,NO,47.0,0.0,0.0,1.0,00-0040654,K.Kroeger
2025_01_ARI_NO,REG,1,NO,50.0,0.0,1.0,1.0,00-0040654,K.Kroeger
2025_01_ARI_NO,REG,1,ARI,34.0,0.0,0.0,1.0,00-0035859,B.Gillikin
2025_01_ARI_NO,REG,1,NO,54.0,0.0,1.0,1.0,00-0040654,K.Kroeger
2025_01_ARI_NO,REG,1,ARI,42.0,0.0,1.0,1.0,00-0035859,B.Gillikin
2025_01_ARI_NO,REG,1,NO,51.0,0.0,0.0,1.0,00-0040654,K.Kroeger
2025_01_ARI_NO,REG,1,ARI,52.0,0.0,0.0,1.0,00-0035859,B.Gillikin
2025_01_BAL_BUF,REG,1,BUF,43.0,0.0,1.0,1.0,00-0038626,B.Robbins
2025_01_BAL_BUF,REG,1,BUF,48.0,0.0,0.0,1.0,00-0038626,B.Robbins
2025_01_BAL_BUF,REG,1,BAL,51.0,0.0,1.0,1.0,00-0038094,J.Stout
2025_01_BAL_BUF,REG,1,BUF,39.0,0.0,0.0,1.0,00-0038626,B.Robbins
2025_01_BAL_BUF,REG,1,BUF,28.0,0.0,0.0,1.0,00-0038626,B.Robbins
2025_01_BAL_BUF,REG,1,BAL,59.0,0.0,0.0,1.0,00-0038094,J.Stout
2025_01_BAL_BUF,REG,1,BAL,42.0,0.0,0.0,1.0,00-0038094,J.Stout
2025_01_CAR_JAX,REG,1,JAX,57.0,0.0,1.0,1.0,00-0034437,L.Cooke
2025_01_CAR_JAX,REG,1,CAR,30.0,0.0,1.0,1.0,00-0030092,S.Martin
2025_01_CAR_JAX,REG,1,JAX,54.0,0.0,0.0,1.0,00-0034437,L.Cooke
2025_01_CAR_JAX,REG,1,CAR,56.0,0.0,1.0,1.0,00-0030092,S.Martin
2025_01_CIN_CLE,REG,1,CIN,42.0,0.0,0.0,1.0,00-0039323,R.Rehkow
2025_01_CIN_CLE,REG,1,CLE,55.0,0.0,0.0,1.0,00-0034721,C.Bojorquez
2025_01_CIN_CLE,REG,1,CIN,62.0,0.0,0.0,1.0,00-0039323,R.Rehkow
2025_01_CIN_CLE,REG,1,CIN,60.0,0.0,0.0,1.0,00-0039323,R.Rehkow
2025_01_CIN_CLE,REG,1,CLE,42.0,0.0,0.0,1.0,00-0034721,C.Bojorquez
2025_01_CIN_CLE,REG,1,CIN,54.0,0.0,0.0,1.0,00-0039323,R.Rehkow
2025_01_CIN_CLE,REG,1,CIN,49.0,0.0,0.0,1.0,00-0039323,R.Rehkow
2025_01_CIN_CLE,REG,1,CIN,49.0,0.0,1.0,1.0,00-0039323,R.Rehkow
2025_01_DAL_PHI,REG,1,PHI,51.0,0.0,0.0,1.0,00-0036313,B.Mann
2025_01_DAL_PHI,REG,1,DAL,38.0,0.0,1.0,1.0,00-0029692,B.Anger
2025_01_DAL_PHI,REG,1,PHI,44.0,0.0,1.0,1.0,00-0036313,B.Mann
2025_01_DAL_PHI,REG,1,DAL,49.0,0.0,0.0,1.0,00-0029692,B.Anger
2025_01_DAL_PHI,REG,1,PHI,51.0,0.0,1.0,1.0,00-0036313,B.Mann
2025_01_DET_GB,REG,1,DET,43.0,0.0,0.0,1.0,00-0035156,J.Fox
2025_01_DET_GB,REG,1,GB,65.0,0.0,1.0,1.0,00-0037547,D.Whelan
2025_01_DET_GB,REG,1,GB,61.0,0.0,0.0,1.0,00-0037547,D.Whelan
2025_01_DET_GB,REG,1,DET,44.0,0.0,0.0,1.0,00-0035156,J.Fox
2025_01_DET_GB,REG,1,GB,38.0,0.0,1.0,1.0,00-0037547,D.Whelan
2025_01_DET_GB,REG,1,DET,55.0,0.0,0.0,1.0,00-0035156,J.Fox
2025_01_HOU_LA,REG,1,HOU,61.0,0.0,0.0,1.0,00-0035889,T.Townsend
2025_01_HOU_LA,REG,1,LAR,41.0,0.0,1.0,1.0,00-0039059,E.Evans
2025_01_HOU_LA,REG,1,LAR,50.0,0.0,0.0,1.0,00-0039059,E.Evans
2025_01_HOU_LA,REG,1,HOU,54.0,0.0,0.0,1.0,00-0035889,T.Townsend
2025_01_HOU_LA,REG,1,LAR,49.0,0.0,0.0,1.0,00-0039059,E.Evans
2025_01_HOU_LA,REG,1,LAR,46.0,0.0,0.0,1.0,00-0039059,E.Evans
2025_01_HOU_LA,REG,1,HOU,37.0,0.0,1.0,1.0,00-0035889,T.Townsend
2025_01_HOU_LA,REG,1,LAR,34.0,0.0,1.0,1.0,00-0039059,E.Evans
2025_01_HOU_LA,REG,1,HOU,56.0,0.0,0.0,1.0,00-0035889,T.Townsend
2025_01_KC_LAC,REG,1,KC,40.0,0.0,0.0,1.0,00-0037284,M.Araiza
2025_01_KC_LAC,REG,1,KC,40.0,0.0,1.0,1.0,00-0037284,M.Araiza
2025_01_KC_LAC,REG,1,LAC,56.0,0.0,0.0,1.0,00-0034162,J.Scott
2025_01_KC_LAC,REG,1,KC,36.0,0.0,0.0,1.0,00-0037284,M.Araiza
2025_01_KC_LAC,REG,1,LAC,50.0,0.0,0.0,1.0,00-0034162,J.Scott
2025_01_LV_NE,REG,1,NE,46.0,0.0,1.0,1.0,00-0038610,B.Baringer
2025_01_LV_NE,REG,1,LV,55.0,0.0,0.0,1.0,00-0035190,A.Cole
2025_01_LV_NE,REG,1,LV,39.0,0.0,0.0,1.0,00-0035190,A.Cole
2025_01_LV_NE,REG,1,LV,56.0,0.0,0.0,1.0,00-0035190,A.Cole
2025_01_LV_NE,REG,1,NE,39.0,0.0,0.0,1.0,00-0038610,B.Baringer
2025_01_LV_NE,REG,1,NE,41.0,0.0,0.0,1.0,00-0038610,B.Baringer
2025_01_LV_NE,REG,1,LV,60.0,0.0,0.0,1.0,00-0035190,A.Cole
2025_01_LV_NE,REG,1,NE,59.0,0.0,0.0,1.0,00-0038610,B.Baringer
2025_01_LV_NE,REG,1,NE,38.0,0.0,1.0,1.0,00-0038610,B.Baringer
2025_01_LV_NE,REG,1,NE,21.0,0.0,0.0,1.0,00-0038610,B.Baringer
2025_01_LV_NE,REG,1,LV,39.0,0.0,0.0,1.0,00-0035190,A.Cole
2025_01_MIA_IND,REG,1,MIA,42.0,0.0,1.0,1.0,00-0035280,J.Bailey
2025_01_MIN_CHI,REG,1,MIN,51.0,0.0,0.0,1.0,00-0037500,R.Wright
2025_01_MIN_CHI,REG,1,MIN,54.0,0.0,0.0,1.0,00-0037500,R.Wright
2025_01_MIN_CHI,REG,1,CHI,39.0,0.0,1.0,1.0,00-0039745,T.Taylor
2025_01_MIN_CHI,REG,1,MIN,31.0,0.0,0.0,1.0,00-0037500,R.Wright
2025_01_MIN_CHI,REG,1,CHI,48.0,0.0,0.0,1.0,00-0039745,T.Taylor
2025_01_MIN_CHI,REG,1,MIN,51.0,0.0,0.0,1.0,00-0037500,R.Wright
2025_01_MIN_CHI,REG,1,CHI,47.0,0.0,0.0,1.0,00-0039745,T.Taylor
2025_01_MIN_CHI,REG,1,MIN,52.0,0.0,0.0,1.0,00-0037500,R.Wright
2025_01_MIN_CHI,REG,1,CHI,51.0,0.0,0.0,1.0,00-0039745,T.Taylor
2025_01_MIN_CHI,REG,1,MIN,45.0,0.0,0.0,1.0,00-0037500,R.Wright
2025_01_MIN_CHI,REG,1,CHI,56.0,0.0,0.0,1.0,00-0039745,T.Taylor
2025_01_MIN_CHI,REG,1,CHI,25.0,0.0,0.0,1.0,00-0039745,T.Taylor
2025_01_MIN_CHI,REG,1,MIN,49.0,0.0,0.0,1.0,00-0037500,R.Wright
2025_01_NYG_WAS,REG,1,WAS,52.0,0.0,0.0,1.0,00-0030140,T.Way
2025_01_NYG_WAS,REG,1,NYG,53.0,0.0,0.0,1.0,00-0035042,J.Gillan
2025_01_NYG_WAS,REG,1,WAS,64.0,0.0,1.0,1.0,00-0030140,T.Way
2025_01_NYG_WAS,REG,1,NYG,34.0,0.0,0.0,1.0,00-0035042,J.Gillan
2025_01_NYG_WAS,REG,1,NYG,38.0,0.0,0.0,1.0,00-0035042,J.Gillan
2025_01_NYG_WAS,REG,1,NYG,65.0,0.0,0.0,1.0,00-0035042,J.Gillan
2025_01_NYG_WAS,REG,1,WAS,31.0,0.0,0.0,1.0,00-0030140,T.Way
2025_01_NYG_WAS,REG,1,NYG,46.0,0.0,0.0,1.0,00-0035042,J.Gillan
2025_01_NYG_WAS,REG,1,WAS,56.0,0.0,0.0,1.0,00-0030140,T.Way
2025_01_NYG_WAS,REG,1,WAS,42.0,0.0,1.0,1.0,00-0030140,T.Way
2025_01_NYG_WAS,REG,1,NYG,51.0,0.0,0.0,1.0,00-0035042,J.Gillan
2025_01_PIT_NYJ,REG,1,PIT,44.0,0.0,0.0,1.0,00-0035821,C.Waitman
2025_01_PIT_NYJ,REG,1,PIT,50.0,0.0,1.0,1.0,00-0035821,C.Waitman
2025_01_PIT_NYJ,REG,1,NYJ,39.0,0.0,0.0,1.0,00-0039634,A.McNamara
2025_01_PIT_NYJ,REG,1,PIT,50.0,0.0,0.0,1.0,00-0035821,C.Waitman
2025_01_PIT_NYJ,REG,1,PIT,46.0,0.0,0.0,1.0,00-0035821,C.Waitman
2025_01_PIT_NYJ,REG,1,NYJ,55.0,0.0,1.0,1.0,00-0039634,A.McNamara
2025_01_SF_SEA,REG,1,SEA,37.0,0.0,1.0,1.0,00-0034160,M.Dickson
2025_01_SF_SEA,REG,1,SF,42.0,0.0,0.0,1.0,00-0027114,T.Morstead
2025_01_SF_SEA,REG,1,SEA,58.0,0.0,1.0,1.0,00-0034160,M.Dickson
2025_01_SF_SEA,REG,1,SF,54.0,0.0,1.0,1.0,00-0027114,T.Morstead
2025_01_SF_SEA,REG,1,SEA,54.0,0.0,0.0,1.0,00-0034160,M.Dickson
2025_01_SF_SEA,REG,1,SEA,57.0,0.0,0.0,1.0,00-0034160,M.Dickson
2025_01_SF_SEA,REG,1,SEA,53.0,0.0,0.0,1.0,00-0034160,M.Dickson
2025_01_TB_ATL,REG,1,TB,40.0,0.0,1.0,1.0,00-0032943,R.Dixon
2025_01_TB_ATL,REG,1,ATL,33.0,0.0,1.0,1.0,00-0032065,B.Pinion
2025_01_TB_ATL,REG,1,TB,61.0,0.0,0.0,1.0,00-0032943,R.Dixon
2025_01_TB_ATL,REG,1,ATL,48.0,0.0,1.0,1.0,00-0032065,B.Pinion
2025_01_TB_ATL,REG,1,TB,62.0,0.0,0.0,1.0,00-0032943,R.Dixon
2025_01_TB_ATL,REG,1,ATL,59.0,0.0,0.0,1.0,00-0032065,B.Pinion
2025_01_TB_ATL,REG,1,TB,42.0,0.0,1.0,1.0,00-0032943,R.Dixon
2025_01_TEN_DEN,REG,1,TEN,50.0,0.0,1.0,1.0,00-0028872,J.Hekker
2025_01_TEN_DEN,REG,1,DEN,53.0,0.0,1.0,1.0,00-0040223,J.Crawshaw
2025_01_TEN_DEN,REG,1,TEN,65.0,0.0,0.0,1.0,00-0028872,J.Hekker
2025_01_TEN_DEN,REG,1,DEN,45.0,0.0,1.0,1.0,00-0040223,J.Crawshaw
2025_01_TEN_DEN,REG,1,TEN,54.0,0.0,0.0,1.0,00-0028872,J.Hekker
2025_01_TEN_DEN,REG,1,TEN,43.0,0.0,0.0,1.0,00-0028872,J.Hekker
2025_01_TEN_DEN,REG,1,DEN,46.0,0.0,1.0,1.0,00-0040223,J.Crawshaw
2025_01_TEN_DEN,REG,1,TEN,46.0,0.0,0.0,1.0,00-0028872,J.Hekker
2025_01_TEN_DEN,REG,1,TEN,49.0,0.0,0.0,1.0,00-0028872,J.Hekker
2025_01_TEN_DEN,REG,1,TEN,48.0,0.0,0.0,1.0,00-0028872,J.Hekker
2025_01_TEN_DEN,REG,1,TEN,40.0,0.0,1.0,1.0,00-0028872,J.Hekker
2025_02_ATL_MIN,REG,2,MIN,59.0,0.0,0.0,1.0,00-0037500,R.Wright
2025_02_ATL_MIN,REG,2,ATL,46.0,0.0,1.0,1.0,00-0032065,B.Pinion
2025_02_ATL_MIN,REG,2,MIN,49.0,0.0,0.0,1.0,00-0037500,R.Wright
2025_02_ATL_MIN,REG,2,MIN,41.0,0.0,1.0,1.0,00-0037500,R.Wright
2025_02_ATL_MIN,REG,2,ATL,45.0,0.0,0.0,1.0,00-0032065,B.Pinion
2025_02_ATL_MIN,REG,2,MIN,55.0,0.0,1.0,1.0,00-0037500,R.Wright
2025_02_ATL_MIN,REG,2,ATL,46.0,0.0,0.0,1.0,00-0032065,B.Pinion
2025_02_BUF_NYJ,REG,2,NYJ,55.0,0.0,1.0,1.0,00-0039634,A.McNamara
2025_02_BUF_NYJ,REG,2,NYJ,55.0,0.0,0.0,1.0,00-0039634,A.McNamara
2025_02_BUF_NYJ,REG,2,NYJ,54.0,0.0,0.0,1.0,00-0039634,A.McNamara
2025_02_BUF_NYJ,REG,2,BUF,35.0,0.0,1.0,1.0,00-0033729,C.Johnston
2025_02_BUF_NYJ,REG,2,NYJ,43.0,0.0,1.0,1.0,00-0039634,A.McNamara
2025_02_BUF_NYJ,REG,2,NYJ,51.0,0.0,0.0,1.0,00-0039634,A.McNamara
2025_02_BUF_NYJ,REG,2,NYJ,44.0,0.0,0.0,1.0,00-0039634,A.McNamara
2025_02_BUF_NYJ,REG,2,BUF,47.0,0.0,1.0,1.0,00-0033729,C.Johnston
2025_02_BUF_NYJ,REG,2,NYJ,38.0,0.0,1.0,1.0,00-0039634,A.McNamara
2025_02_BUF_NYJ,REG,2,BUF,48.0,0.0,0.0,1.0,00-0033729,C.Johnston
2025_02_CAR_ARI,REG,2,ARI,61.0,0.0,0.0,1.0,00-0035859,B.Gillikin
2025_02_CAR_ARI,REG,2,CAR,35.0,0.0,1.0,1.0,00-0030092,S.Martin
2025_02_CAR_ARI,REG,2,CAR,60.0,0.0,0.0,1.0,00-0030092,S.Martin
2025_02_CAR_ARI,REG,2,ARI,62.0,0.0,0.0,1.0,00-0035859,B.Gillikin
2025_02_CHI_DET,REG,2,DET,40.0,0.0,1.0,1.0,00-0035156,J.Fox
2025_02_CHI_DET,REG,2,CHI,48.0,0.0,0.0,1.0,00-0039745,T.Taylor
2025_02_CHI_DET,REG,2,DET,45.0,0.0,0.0,1.0,00-0035156,J.Fox
2025_02_CHI_DET,REG,2,CHI,54.0,0.0,0.0,1.0,00-0039745,T.Taylor
2025_02_CHI_DET,REG,2,CHI,62.0,0.0,1.0,1.0,00-0039745,T.Taylor
2025_02_CHI_DET,REG,2,CHI,48.0,0.0,0.0,1.0,00-0039745,T.Taylor
2025_02_CHI_DET,REG,2,DET,62.0,0.0,1.0,1.0,00-0035156,J.Fox
2025_02_CLE_BAL,REG,2,CLE,47.0,0.0,1.0,1.0,00-0034721,C.Bojorquez
2025_02_CLE_BAL,REG,2,BAL,58.0,0.0,1.0,1.0,00-0038094,J.Stout
2025_02_CLE_BAL,REG,2,CLE,53.0,0.0,0.0,1.0,00-0034721,C.Bojorquez
2025_02_CLE_BAL,REG,2,CLE,42.0,0.0,0.0,1.0,00-0034721,C.Bojorquez
2025_02_CLE_BAL,REG,2,BAL,48.0,0.0,0.0,1.0,00-0038094,J.Stout
2025_02_CLE_BAL,REG,2,CLE,0.0,1.0,0.0,1.0,00-0034721,C.Bojorquez
2025_02_CLE_BAL,REG,2,CLE,31.0,0.0,1.0,1.0,00-0034721,C.Bojorquez
2025_02_CLE_BAL,REG,2,BAL,57.0,0.0,0.0,1.0,00-0038094,J.Stout
2025_02_CLE_BAL,REG,2,CLE,50.0,0.0,1.0,1.0,00-0034721,C.Bojorquez
2025_02_CLE_BAL,REG,2,BAL,39.0,0.0,0.0,1.0,00-0038094,J.Stout
2025_02_CLE_BAL,REG,2,BAL,57.0,0.0,1.0,1.0,00-0038094,J.Stout
2025_02_DEN_IND,REG,2,DEN,47.0,0.0,1.0,1.0,00-0040223,J.Crawshaw
2025_02_DEN_IND,REG,2,DEN,50.0,0.0,1.0,1.0,00-0040223,J.Crawshaw
2025_02_DEN_IND,REG,2,DEN,37.0,0.0,1.0,1.0,00-0040223,J.Crawshaw
2025_02_JAX_CIN,REG,2,CIN,63.0,0.0,0.0,1.0,00-0039323,R.Rehkow
2025_02_JAX_CIN,REG,2,CIN,50.0,0.0,1.0,1.0,00-0039323,R.Rehkow
2025_02_JAX_CIN,REG,2,JAX,60.0,0.0,0.0,1.0,00-0034437,L.Cooke
2025_02_JAX_CIN,REG,2,CIN,53.0,0.0,1.0,1.0,00-0039323,R.Rehkow
2025_02_JAX_CIN,REG,2,JAX,35.0,0.0,1.0,1.0,00-0034437,L.Cooke
2025_02_LAC_LV,REG,2,LAC,49.0,0.0,1.0,1.0,00-0034162,J.Scott
2025_02_LAC_LV,REG,2,LV,60.0,0.0,0.0,1.0,00-0035190,A.Cole
2025_02_LAC_LV,REG,2,LAC,53.0,0.0,1.0,1.0,00-0034162,J.Scott
2025_02_LAC_LV,REG,2,LV,54.0,0.0,1.0,1.0,00-0035190,A.Cole
2025_02_LAC_LV,REG,2,LAC,56.0,0.0,0.0,1.0,00-0034162,J.Scott
2025_02_LA_TEN,REG,2,TEN,57.0,0.0,0.0,1.0,00-0028872,J.Hekker
2025_02_LA_TEN,REG,2,TEN,48.0,0.0,1.0,1.0,00-0028872,J.Hekker
2025_02_LA_TEN,REG,2,LAR,51.0,0.0,1.0,1.0,00-0039059,E.Evans
2025_02_LA_TEN,REG,2,TEN,43.0,0.0,1.0,1.0,00-0028872,J.Hekker
2025_02_LA_TEN,REG,2,LAR,47.0,0.0,0.0,1.0,00-0039059,E.Evans
2025_02_LA_TEN,REG,2,TEN,55.0,0.0,0.0,1.0,00-0028872,J.Hekker
2025_02_LA_TEN,REG,2,LAR,47.0,0.0,0.0,1.0,00-0039059,E.Evans
2025_02_LA_TEN,REG,2,TEN,47.0,0.0,0.0,1.0,00-0028872,J.Hekker
2025_02_NE_MIA,REG,2,MIA,48.0,0.0,0.0,1.0,00-0035280,J.Bailey
2025_02_NE_MIA,REG,2,NE,71.0,0.0,0.0,1.0,00-0038610,B.Baringer
2025_02_NE_MIA,REG,2,MIA,40.0,0.0,1.0,1.0,00-0035280,J.Bailey
2025_02_NE_MIA,REG,2,NE,65.0,0.0,0.0,1.0,00-0038610,B.Baringer
2025_02_NYG_DAL,REG,2,DAL,41.0,0.0,0.0,1.0,00-0029692,B.Anger
2025_02_NYG_DAL,REG,2,DAL,48.0,0.0,1.0,1.0,00-0029692,B.Anger
2025_02_NYG_DAL,REG,2,NYG,50.0,0.0,0.0,1.0,00-0035042,J.Gillan
2025_02_NYG_DAL,REG,2,NYG,44.0,0.0,0.0,1.0,00-0035042,J.Gillan
2025_02_NYG_DAL,REG,2,DAL,53.0,0.0,1.0,1.0,00-0029692,B.Anger
2025_02_NYG_DAL,REG,2,NYG,41.0,0.0,0.0,1.0,00-0035042,J.Gillan
2025_02_NYG_DAL,REG,2,DAL,49.0,0.0,0.0,1.0,00-0029692,B.Anger
2025_02_PHI_KC,REG,2,PHI,41.0,0.0,1.0,1.0,00-0036313,B.Mann
2025_02_PHI_KC,REG,2,KC,62.0,0.0,0.0,1.0,00-0037284,M.Araiza
2025_02_PHI_KC,REG,2,PHI,60.0,0.0,0.0,1.0,00-0036313,B.Mann
2025_02_PHI_KC,REG,2,PHI,70.0,0.0,0.0,1.0,00-0036313,B.Mann
2025_02_PHI_KC,REG,2,KC,47.0,0.0,1.0,1.0,00-0037284,M.Araiza
2025_02_PHI_KC,REG,2,PHI,63.0,0.0,0.0,1.0,00-0036313,B.Mann
2025_02_PHI_KC,REG,2,KC,69.0,0.0,1.0,1.0,00-0037284,M.Araiza
2025_02_PHI_KC,REG,2,PHI,40.0,0.0,0.0,1.0,00-0036313,B.Mann
2025_02_SEA_PIT,REG,2,PIT,54.0,0.0,0.0,1.0,00-0035821,C.Waitman
2025_02_SEA_PIT,REG,2,SEA,36.0,0.0,1.0,1.0,00-0034160,M.Dickson
2025_02_SEA_PIT,REG,2,PIT,60.0,0.0,0.0,1.0,00-0035821,C.Waitman
2025_02_SEA_PIT,REG,2,SEA,52.0,0.0,0.0,1.0,00-0034160,M.Dickson
2025_02_SEA_PIT,REG,2,PIT,64.0,0.0,0.0,1.0,00-0035821,C.Waitman
2025_02_SEA_PIT,REG,2,SEA,41.0,0.0,0.0,1.0,00-0034160,M.Dickson
2025_02_SEA_PIT,REG,2,PIT,43.0,0.0,1.0,1.0,00-0035821,C.Waitman
2025_02_SEA_PIT,REG,2,SEA,46.0,0.0,1.0,1.0,00-0034160,M.Dickson
2025_02_SF_NO,REG,2,SF,49.0,0.0,0.0,1.0,00-0027114,T.Morstead
2025_02_SF_NO,REG,2,NO,41.0,0.0,0.0,1.0,00-0040654,K.Kroeger
2025_02_SF_NO,REG,2,NO,39.0,0.0,0.0,1.0,00-0040654,K.Kroeger
2025_02_SF_NO,REG,2,NO,52.0,0.0,1.0,1.0,00-0040654,K.Kroeger
2025_02_SF_NO,REG,2,SF,48.0,0.0,0.0,1.0,00-0027114,T.Morstead
2025_02_SF_NO,REG,2,SF,37.0,0.0,1.0,1.0,00-0027114,T.Morstead
2025_02_SF_NO,REG,2,NO,39.0,0.0,0.0,1.0,00-0040654,K.Kroeger
2025_02_SF_NO,REG,2,SF,39.0,0.0,1.0,1.0,00-0027114,T.Morstead
2025_02_TB_HOU,REG,2,HOU,45.0,0.0,1.0,1.0,00-0035889,T.Townsend
2025_02_TB_HOU,REG,2,TB,60.0,0.0,0.0,1.0,00-0032943,R.Dixon
2025_02_TB_HOU,REG,2,HOU,48.0,0.0,0.0,1.0,00-0035889,T.Townsend
2025_02_TB_HOU,REG,2,TB,42.0,0.0,0.0,1.0,00-0032943,R.Dixon
2025_02_TB_HOU,REG,2,TB,57.0,0.0,0.0,1.0,00-0032943,R.Dixon
2025_02_TB_HOU,REG,2,HOU,53.0,0.0,1.0,1.0,00-0035889,T.Townsend
2025_02_TB_HOU,REG,2,TB,44.0,0.0,0.0,1.0,00-0032943,R.Dixon
2025_02_TB_HOU,REG,2,HOU,57.0,0.0,0.0,1.0,00-0035889,T.Townsend
2025_02_TB_HOU,REG,2,TB,0.0,1.0,0.0,1.0,00-0032943,R.Dixon
2025_02_TB_HOU,REG,2,TB,50.0,0.0,0.0,1.0,00-0032943,R.Dixon
2025_02_WAS_GB,REG,2,WAS,55.0,0.0,1.0,1.0,00-0030140,T.Way
2025_02_WAS_GB,REG,2,WAS,49.0,0.0,0.0,1.0,00-0030140,T.Way
2025_02_WAS_GB,REG,2,GB,54.0,0.0,0.0,1.0,00-0037547,D.Whelan
2025_02_WAS_GB,REG,2,WAS,35.0,0.0,1.0,1.0,00-0030140,T.Way
2025_02_WAS_GB,REG,2,GB,55.0,0.0,0.0,1.0,00-0037547,D.Whelan
2025_02_WAS_GB,REG,2,WAS,48.0,0.0,1.0,1.0,00-0030140,T.Way
2025_02_WAS_GB,REG,2,GB,51.0,0.0,0.0,1.0,00-0037547,D.Whelan
2025_02_WAS_GB,REG,2,GB,53.0,0.0,0.0,1.0,00-0037547,D.Whelan
2025_03_ARI_SF,REG,3,SF,39.0,0.0,1.0,1.0,00-0027114,T.Morstead
2025_03_ARI_SF,REG,3,ARI,50.0,0.0,0.0,1.0,00-0035859,B.Gillikin
2025_03_ARI_SF,REG,3,SF,41.0,0.0,0.0,1.0,00-0027114,T.Morstead
2025_03_ARI_SF,REG,3,ARI,53.0,0.0,1.0,1.0,00-0035859,B.Gillikin
2025_03_ARI_SF,REG,3,SF,48.0,0.0,1.0,1.0,00-0027114,T.Morstead
2025_03_ARI_SF,REG,3,ARI,55.0,0.0,0.0,1.0,00-0035859,B.Gillikin
2025_03_ARI_SF,REG,3,ARI,50.0,0.0,1.0,1.0,00-0035859,B.Gillikin
2025_03_ARI_SF,REG,3,ARI,50.0,0.0,0.0,1.0,00-0035859,B.Gillikin
2025_03_ATL_CAR,REG,3,ATL,41.0,0.0,0.0,1.0,00-0032065,B.Pinion
2025_03_ATL_CAR,REG,3,CAR,37.0,0.0,1.0,1.0,00-0030092,S.Martin
2025_03_ATL_CAR,REG,3,ATL,30.0,0.0,1.0,1.0,00-0032065,B.Pinion
2025_03_ATL_CAR,REG,3,ATL,25.0,0.0,0.0,1.0,00-0032065,B.Pinion
2025_03_ATL_CAR,REG,3,CAR,54.0,0.0,0.0,1.0,00-0030092,S.Martin
2025_03_ATL_CAR,REG,3,CAR,44.0,0.0,1.0,1.0,00-0030092,S.Martin
2025_03_CIN_MIN,REG,3,CIN,51.0,0.0,0.0,1.0,00-0039323,R.Rehkow
2025_03_CIN_MIN,REG,3,MIN,44.0,0.0,0.0,1.0,00-0037500,R.Wright
2025_03_CIN_MIN,REG,3,CIN,55.0,0.0,0.0,1.0,00-0039323,R.Rehkow
2025_03_CIN_MIN,REG,3,MIN,46.0,0.0,1.0,1.0,00-0037500,R.Wright
2025_03_CIN_MIN,REG,3,CIN,32.0,0.0,0.0,1.0,00-0039323,R.Rehkow
2025_03_CIN_MIN,REG,3,MIN,46.0,0.0,0.0,1.0,00-0037500,R.Wright
2025_03_CIN_MIN,REG,3,CIN,68.0,0.0,1.0,1.0,00-0039323,R.Rehkow
2025_03_CIN_MIN,REG,3,MIN,42.0,0.0,0.0,1.0,00-0037500,R.Wright
2025_03_CIN_MIN,REG,3,CIN,70.0,0.0,0.0,1.0,00-0039323,R.Rehkow
2025_03_CIN_MIN,REG,3,MIN,42.0,0.0,1.0,1.0,00-0037500,R.Wright
2025_03_CIN_MIN,REG,3,CIN,52.0,0.0,0.0,1.0,00-0039323,R.Rehkow
2025_03_DAL_CHI,REG,3,CHI,49.0,0.0,0.0,1.0,00-0039745,T.Taylor
2025_03_DAL_CHI,REG,3,CHI,50.0,0.0,0.0,1.0,00-0039745,T.Taylor
2025_03_DAL_CHI,REG,3,DAL,60.0,0.0,0.0,1.0,00-0029692,B.Anger
2025_03_DAL_CHI,REG,3,DAL,42.0,0.0,0.0,1.0,00-0029692,B.Anger
2025_03_DAL_CHI,REG,3,CHI,36.0,0.0,1.0,1.0,00-0039745,T.Taylor
2025_03_DAL_CHI,REG,3,CHI,41.0,0.0,0.0,1.0,00-0039745,T.Taylor
2025_03_DEN_LAC,REG,3,DEN,39.0,0.0,0.0,1.0,00-0040223,J.Crawshaw
2025_03_DEN_LAC,REG,3,LAC,54.0,0.0,0.0,1.0,00-0034162,J.Scott
2025_03_DEN_LAC,REG,3,DEN,51.0,0.0,1.0,1.0,00-0040223,J.Crawshaw
2025_03_DEN_LAC,REG,3,LAC,60.0,0.0,0.0,1.0,00-0034162,J.Scott
2025_03_DEN_LAC,REG,3,DEN,36.0,0.0,1.0,1.0,00-0040223,J.Crawshaw
2025_03_DEN_LAC,REG,3,DEN,50.0,0.0,0.0,1.0,00-0040223,J.Crawshaw
2025_03_DEN_LAC,REG,3,LAC,54.0,0.0,0.0,1.0,00-0034162,J.Scott
2025_03_DEN_LAC,REG,3,DEN,51.0,0.0,1.0,1.0,00-0040223,J.Crawshaw
2025_03_DEN_LAC,REG,3,LAC,40.0,0.0,0.0,1.0,00-0034162,J.Scott
2025_03_DEN_LAC,REG,3,LAC,41.0,0.0,0.0,1.0,00-0034162,J.Scott
2025_03_DEN_LAC,REG,3,DEN,47.0,0.0,0.0,1.0,00-0040223,J.Crawshaw
2025_03_DEN_LAC,REG,3,DEN,56.0,0.0,0.0,1.0,00-0040223,J.Crawshaw
2025_03_DET_BAL,REG,3,DET,53.0,0.0,0.0,1.0,00-0035156,J.Fox
2025_03_DET_BAL,REG,3,BAL,63.0,0.0,1.0,1.0,00-0038094,J.Stout
2025_03_DET_BAL,REG,3,DET,44.0,0.0,0.0,1.0,00-0035156,J.Fox
2025_03_DET_BAL,REG,3,BAL,56.0,0.0,1.0,1.0,00-0038094,J.Stout
2025_03_DET_BAL,REG,3,DET,49.0,0.0,0.0,1.0,00-0035156,J.Fox
2025_03_DET_BAL,REG,3,BAL,38.0,0.0,0.0,1.0,00-0038094,J.Stout
2025_03_GB_CLE,REG,3,CLE,44.0,0.0,0.0,1.0,00-0034721,C.Bojorquez
2025_03_GB_CLE,REG,3,GB,56.0,0.0,0.0,1.0,00-0037547,D.Whelan
2025_03_GB_CLE,REG,3,CLE,40.0,0.0,0.0,1.0,00-0034721,C.Bojorquez
2025_03_GB_CLE,REG,3,CLE,45.0,0.0,1.0,1.0,00-0034721,C.Bojorquez
2025_03_GB_CLE,REG,3,GB,41.0,0.0,0.0,1.0,00-0037547,D.Whelan
2025_03_GB_CLE,REG,3,GB,46.0,0.0,0.0,1.0,00-0037547,D.Whelan
2025_03_GB_CLE,REG,3,CLE,50.0,0.0,0.0,1.0,00-0034721,C.Bojorquez
2025_03_GB_CLE,REG,3,CLE,54.0,0.0,0.0,1.0,00-0034721,C.Bojorquez
2025_03_GB_CLE,REG,3,GB,59.0,0.0,0.0,1.0,00-0037547,D.Whelan
2025_03_GB_CLE,REG,3,CLE,58.0,0.0,1.0,1.0,00-0034721,C.Bojorquez
2025_03_GB_CLE,REG,3,GB,63.0,0.0,0.0,1.0,00-0037547,D.Whelan
2025_03_HOU_JAX,REG,3,HOU,55.0,0.0,1.0,1.0,00-0035889,T.Townsend
2025_03_HOU_JAX,REG,3,JAX,42.0,0.0,0.0,1.0,00-0034437,L.Cooke
2025_03_HOU_JAX,REG,3,HOU,47.0,0.0,0.0,1.0,00-0035889,T.Townsend
2025_03_HOU_JAX,REG,3,JAX,54.0,0.0,0.0,1.0,00-0034437,L.Cooke
2025_03_HOU_JAX,REG,3,JAX,40.0,0.0,0.0,1.0,00-0034437,L.Cooke
2025_03_HOU_JAX,REG,3,HOU,25.0,0.0,0.0,1.0,00-0035889,T.Townsend
2025_03_HOU_JAX,REG,3,JAX,59.0,0.0,0.0,1.0,00-0034437,L.Cooke
2025_03_HOU_JAX,REG,3,HOU,33.0,0.0,1.0,1.0,00-0035889,T.Townsend
2025_03_HOU_JAX,REG,3,JAX,38.0,0.0,1.0,1.0,00-0034437,L.Cooke
2025_03_HOU_JAX,REG,3,HOU,35.0,0.0,0.0,1.0,00-0035889,T.Townsend
2025_03_HOU_JAX,REG,3,JAX,60.0,0.0,1.0,1.0,00-0034437,L.Cooke
2025_03_HOU_JAX,REG,3,HOU,66.0,0.0,0.0,1.0,00-0035889,T.Townsend
2025_03_IND_TEN,REG,3,TEN,52.0,0.0,0.0,1.0,00-0028872,J.Hekker
2025_03_IND_TEN,REG,3,IND,46.0,0.0,1.0,1.0,00-0033269,R.Sanchez
2025_03_KC_NYG,REG,3,NYG,28.0,0.0,1.0,1.0,00-0035042,J.Gillan
2025_03_KC_NYG,REG,3,KC,43.0,0.0,0.0,1.0,00-0037284,M.Araiza
2025_03_KC_NYG,REG,3,NYG,33.0,0.0,1.0,1.0,00-0035042,J.Gillan
2025_03_KC_NYG,REG,3,KC,43.0,0.0,0.0,1.0,00-0037284,M.Araiza
2025_03_KC_NYG,REG,3,KC,53.0,0.0,0.0,1.0,00-0037284,M.Araiza
2025_03_LA_PHI,REG,3,PHI,59.0,0.0,0.0,1.0,00-0036313,B.Mann
2025_03_LA_PHI,REG,3,PHI,64.0,0.0,0.0,1.0,00-0036313,B.Mann
2025_03_LA_PHI,REG,3,PHI,57.0,0.0,0.0,1.0,00-0036313,B.Mann
2025_03_LA_PHI,REG,3,PHI,42.0,0.0,0.0,1.0,00-0036313,B.Mann
2025_03_LA_PHI,REG,3,LAR,36.0,0.0,1.0,1.0,00-0039059,E.Evans
2025_03_LV_WAS,REG,3,LV,55.0,0.0,0.0,1.0,00-0035190,A.Cole
2025_03_LV_WAS,REG,3,LV,41.0,0.0,0.0,1.0,00-0035190,A.Cole
2025_03_LV_WAS,REG,3,LV,39.0,0.0,0.0,1.0,00-0035190,A.Cole
2025_03_LV_WAS,REG,3,LV,51.0,0.0,0.0,1.0,00-0035190,A.Cole
2025_03_LV_WAS,REG,3,WAS,56.0,0.0,0.0,1.0,00-0030140,T.Way
2025_03_LV_WAS,REG,3,LV,56.0,0.0,0.0,1.0,00-0035190,A.Cole
2025_03_LV_WAS,REG,3,LV,52.0,0.0,0.0,1.0,00-0035190,A.Cole
2025_03_LV_WAS,REG,3,WAS,32.0,0.0,1.0,1.0,00-0030140,T.Way
2025_03_LV_WAS,REG,3,WAS,50.0,0.0,1.0,1.0,00-0030140,T.Way
2025_03_MIA_BUF,REG,3,MIA,56.0,0.0,0.0,1.0,00-0035280,J.Bailey
2025_03_MIA_BUF,REG,3,MIA,46.0,0.0,0.0,1.0,00-0035280,J.Bailey
2025_03_MIA_BUF,REG,3,MIA,55.0,0.0,0.0,1.0,00-0035280,J.Bailey
2025_03_MIA_BUF,REG,3,BUF,48.0,0.0,0.0,1.0,00-0033729,C.Johnston
2025_03_MIA_BUF,REG,3,MIA,43.0,0.0,1.0,1.0,00-0035280,J.Bailey
2025_03_MIA_BUF,REG,3,BUF,47.0,0.0,0.0,1.0,00-0033729,C.Johnston
2025_03_NO_SEA,REG,3,NO,61.0,0.0,0.0,1.0,00-0040654,K.Kroeger
2025_03_NO_SEA,REG,3,NO,0.0,1.0,0.0,1.0,00-0040654,K.Kroeger
2025_03_NO_SEA,REG,3,NO,55.0,0.0,0.0,1.0,00-0040654,K.Kroeger
2025_03_NO_SEA,REG,3,NO,51.0,0.0,0.0,1.0,00-0040654,K.Kroeger
2025_03_NO_SEA,REG,3,SEA,47.0,0.0,0.0,1.0,00-0034160,M.Dickson
2025_03_NO_SEA,REG,3,SEA,45.0,0.0,1.0,1.0,00-0034160,M.Dickson
2025_03_NO_SEA,REG,3,NO,39.0,0.0,0.0,1.0,00-0040654,K.Kroeger
2025_03_NO_SEA,REG,3,NO,37.0,0.0,0.0,1.0,00-0040654,K.Kroeger
2025_03_NYJ_TB,REG,3,TB,28.0,0.0,1.0,1.0,00-0032943,R.Dixon
2025_03_NYJ_TB,REG,3,NYJ,46.0,0.0,0.0,1.0,00-0039634,A.McNamara
2025_03_NYJ_TB,REG,3,TB,39.0,0.0,0.0,1.0,00-0032943,R.Dixon
2025_03_NYJ_TB,REG,3,NYJ,51.0,0.0,0.0,1.0,00-0039634,A.McNamara
2025_03_NYJ_TB,REG,3,TB,35.0,0.0,0.0,1.0,00-0032943,R.Dixon
2025_03_NYJ_TB,REG,3,TB,60.0,0.0,0.0,1.0,00-0032943,R.Dixon
2025_03_PIT_NE,REG,3,NE,59.0,0.0,0.0,1.0,00-0038610,B.Baringer
2025_03_PIT_NE,REG,3,PIT,55.0,0.0,1.0,1.0,00-0035821,C.Waitman
2025_03_PIT_NE,REG,3,PIT,47.0,0.0,0.0,1.0,00-0035821,C.Waitman
2025_03_PIT_NE,REG,3,PIT,42.0,0.0,1.0,1.0,00-0035821,C.Waitman
2025_03_PIT_NE,REG,3,PIT,25.0,0.0,1.0,1.0,00-0035821,C.Waitman
2025_04_BAL_KC,REG,4,BAL,50.0,0.0,0.0,1.0,00-0038094,J.Stout
2025_04_BAL_KC,REG,4,KC,37.0,0.0,1.0,1.0,00-0037284,M.Araiza
2025_04_CAR_NE,REG,4,NE,48.0,0.0,0.0,1.0,00-0038610,B.Baringer
2025_04_CAR_NE,REG,4,CAR,30.0,0.0,0.0,1.0,00-0030092,S.Martin
2025_04_CAR_NE,REG,4,CAR,41.0,0.0,0.0,1.0,00-0030092,S.Martin
2025_04_CAR_NE,REG,4,CAR,53.0,0.0,0.0,1.0,00-0030092,S.Martin
2025_04_CAR_NE,REG,4,CAR,52.0,0.0,1.0,1.0,00-0030092,S.Martin
2025_04_CAR_NE,REG,4,NE,59.0,0.0,0.0,1.0,00-0038610,B.Baringer
2025_04_CAR_NE,REG,4,NE,56.0,0.0,1.0,1.0,00-0038610,B.Baringer
2025_04_CAR_NE,REG,4,CAR,55.0,0.0,0.0,1.0,00-0030092,S.Martin
2025_04_CAR_NE,REG,4,NE,42.0,0.0,1.0,1.0,00-0038610,B.Baringer
2025_04_CHI_LV,REG,4,CHI,46.0,0.0,0.0,1.0,00-0039745,T.Taylor
2025_04_CHI_LV,REG,4,CHI,40.0,0.0,0.0,1.0,00-0039745,T.Taylor
2025_04_CHI_LV,REG,4,CHI,62.0,0.0,1.0,1.0,00-0039745,T.Taylor
2025_04_CHI_LV,REG,4,LV,60.0,0.0,0.0,1.0,00-0035190,A.Cole
2025_04_CIN_DEN,REG,4,DEN,62.0,0.0,0.0,1.0,00-0040223,J.Crawshaw
2025_04_CIN_DEN,REG,4,CIN,24.0,0.0,0.0,1.0,00-0039323,R.Rehkow
2025_04_CIN_DEN,REG,4,CIN,56.0,0.0,0.0,1.0,00-0039323,R.Rehkow
2025_04_CIN_DEN,REG,4,CIN,69.0,0.0,0.0,1.0,00-0039323,R.Rehkow
2025_04_CIN_DEN,REG,4,CIN,63.0,0.0,0.0,1.0,00-0039323,R.Rehkow
2025_04_CIN_DEN,REG,4,DEN,42.0,0.0,0.0,1.0,00-0040223,J.Crawshaw
2025_04_CIN_DEN,REG,4,CIN,47.0,0.0,1.0,1.0,00-0039323,R.Rehkow
2025_04_CIN_DEN,REG,4,DEN,55.0,0.0,0.0,1.0,00-0040223,J.Crawshaw
2025_04_CIN_DEN,REG,4,CIN,44.0,0.0,1.0,1.0,00-0039323,R.Rehkow
2025_04_CIN_DEN,REG,4,DEN,40.0,0.0,1.0,1.0,00-0040223,J.Crawshaw
2025_04_CIN_DEN,REG,4,CIN,61.0,0.0,0.0,1.0,00-0039323,R.Rehkow
2025_04_CIN_DEN,REG,4,CIN,39.0,0.0,1.0,1.0,00-0039323,R.Rehkow
2025_04_CLE_DET,REG,4,DET,37.0,0.0,1.0,1.0,00-0035156,J.Fox
2025_04_CLE_DET,REG,4,CLE,47.0,0.0,1.0,1.0,00-0034721,C.Bojorquez
2025_04_CLE_DET,REG,4,DET,53.0,0.0,1.0,1.0,00-0035156,J.Fox
2025_04_CLE_DET,REG,4,CLE,44.0,0.0,0.0,1.0,00-0034721,C.Bojorquez
2025_04_CLE_DET,REG,4,DET,43.0,0.0,1.0,1.0,00-0035156,J.Fox
2025_04_CLE_DET,REG,4,CLE,47.0,0.0,1.0,1.0,00-0034721,C.Bojorquez
2025_04_CLE_DET,REG,4,CLE,46.0,0.0,1.0,1.0,00-0034721,C.Bojorquez
2025_04_CLE_DET,REG,4,DET,41.0,0.0,1.0,1.0,00-0035156,J.Fox
2025_04_CLE_DET,REG,4,CLE,39.0,0.0,0.0,1.0,00-0034721,C.Bojorquez
2025_04_CLE_DET,REG,4,CLE,45.0,0.0,1.0,1.0,00-0034721,C.Bojorquez
2025_04_CLE_DET,REG,4,DET,47.0,0.0,1.0,1.0,00-0035156,J.Fox
2025_04_CLE_DET,REG,4,CLE,46.0,0.0,0.0,1.0,00-0034721,C.Bojorquez
2025_04_GB_DAL,REG,4,DAL,51.0,0.0,1.0,1.0,00-0029692,B.Anger
2025_04_GB_DAL,REG,4,GB,43.0,0.0,1.0,1.0,00-0037547,D.Whelan
2025_04_GB_DAL,REG,4,DAL,51.0,0.0,0.0,1.0,00-0029692,B.Anger
2025_04_GB_DAL,REG,4,DAL,46.0,0.0,0.0,1.0,00-0029692,B.Anger
2025_04_GB_DAL,REG,4,GB,40.0,0.0,1.0,1.0,00-0037547,D.Whelan
2025_04_GB_DAL,REG,4,DAL,42.0,0.0,0.0,1.0,00-0029692,B.Anger
2025_04_IND_LA,REG,4,IND,56.0,0.0,1.0,1.0,00-0033269,R.Sanchez
2025_04_IND_LA,REG,4,LAR,32.0,0.0,1.0,1.0,00-0039059,E.Evans
2025_04_IND_LA,REG,4,LAR,56.0,0.0,1.0,1.0,00-0039059,E.Evans
2025_04_IND_LA,REG,4,IND,53.0,0.0,0.0,1.0,00-0033269,R.Sanchez
2025_04_IND_LA,REG,4,LAR,68.0,0.0,0.0,1.0,00-0039059,E.Evans
2025_04_IND_LA,REG,4,IND,52.0,0.0,0.0,1.0,00-0033269,R.Sanchez
2025_04_IND_LA,REG,4,LAR,55.0,0.0,1.0,1.0,00-0039059,E.Evans
2025_04_IND_LA,REG,4,IND,48.0,0.0,1.0,1.0,00-0033269,R.Sanchez
2025_04_JAX_SF,REG,4,JAX,40.0,0.0,0.0,1.0,00-0034437,L.Cooke
2025_04_JAX_SF,REG,4,SF,40.0,0.0,0.0,1.0,00-0027114,T.Morstead
2025_04_JAX_SF,REG,4,JAX,46.0,0.0,0.0,1.0,00-0034437,L.Cooke
2025_04_JAX_SF,REG,4,JAX,50.0,0.0,0.0,1.0,00-0034437,L.Cooke
2025_04_JAX_SF,REG,4,JAX,43.0,0.0,0.0,1.0,00-0034437,L.Cooke
2025_04_JAX_SF,REG,4,SF,51.0,0.0,0.0,1.0,00-0027114,T.Morstead
2025_04_JAX_SF,REG,4,JAX,58.0,0.0,1.0,1.0,00-0034437,L.Cooke
2025_04_LAC_NYG,REG,4,LAC,51.0,0.0,1.0,1.0,00-0034162,J.Scott
2025_04_LAC_NYG,REG,4,LAC,44.0,0.0,1.0,1.0,00-0034162,J.Scott
2025_04_LAC_NYG,REG,4,NYG,58.0,0.0,0.0,1.0,00-0035042,J.Gillan
2025_04_LAC_NYG,REG,4,NYG,46.0,0.0,1.0,1.0,00-0035042,J.Gillan
2025_04_LAC_NYG,REG,4,LAC,60.0,0.0,1.0,1.0,00-0034162,J.Scott
2025_04_LAC_NYG,REG,4,NYG,69.0,0.0,0.0,1.0,00-0035042,J.Gillan
2025_04_LAC_NYG,REG,4,NYG,31.0,0.0,1.0,1.0,00-0035042,J.Gillan
2025_04_LAC_NYG,REG,4,LAC,31.0,0.0,0.0,1.0,00-0034162,J.Scott
2025_04_LAC_NYG,REG,4,LAC,58.0,0.0,0.0,1.0,00-0034162,J.Scott
2025_04_LAC_NYG,REG,4,NYG,40.0,0.0,1.0,1.0,00-0035042,J.Gillan
2025_04_MIN_PIT,REG,4,PIT,54.0,0.0,0.0,1.0,00-0035821,C.Waitman
2025_04_MIN_PIT,REG,4,MIN,39.0,0.0,0.0,1.0,00-0037500,R.Wright
2025_04_MIN_PIT,REG,4,MIN,48.0,0.0,0.0,1.0,00-0037500,R.Wright
2025_04_MIN_PIT,REG,4,PIT,47.0,0.0,0.0,1.0,00-0035821,C.Waitman
2025_04_MIN_PIT,REG,4,MIN,49.0,0.0,0.0,1.0,00-0037500,R.Wright
2025_04_MIN_PIT,REG,4,PIT,45.0,0.0,0.0,1.0,00-0035821,C.Waitman
2025_04_NO_BUF,REG,4,NO,49.0,0.0,1.0,1.0,00-0040654,K.Kroeger
2025_04_NO_BUF,REG,4,NO,44.0,0.0,1.0,1.0,00-0040654,K.Kroeger
2025_04_NO_BUF,REG,4,BUF,40.0,0.0,0.0,1.0,00-0033729,C.Johnston
2025_04_NO_BUF,REG,4,BUF,43.0,0.0,0.0,1.0,00-0033729,C.Johnston
2025_04_NO_BUF,REG,4,NO,49.0,0.0,0.0,1.0,00-0040654,K.Kroeger
2025_04_NYJ_MIA,REG,4,MIA,27.0,0.0,1.0,1.0,00-0035280,J.Bailey
2025_04_NYJ_MIA,REG,4,NYJ,41.0,0.0,1.0,1.0,00-0039634,A.McNamara
2025_04_NYJ_MIA,REG,4,MIA,64.0,0.0,0.0,1.0,00-0035280,J.Bailey
2025_04_NYJ_MIA,REG,4,MIA,57.0,0.0,1.0,1.0,00-0035280,J.Bailey
2025_04_NYJ_MIA,REG,4,NYJ,43.0,0.0,0.0,1.0,00-0039634,A.McNamara
2025_04_NYJ_MIA,REG,4,MIA,44.0,0.0,1.0,1.0,00-0035280,J.Bailey
2025_04_PHI_TB,REG,4,TB,0.0,1.0,0.0,1.0,00-0032943,R.Dixon
2025_04_PHI_TB,REG,4,TB,40.0,0.0,0.0,1.0,00-0032943,R.Dixon
2025_04_PHI_TB,REG,4,PHI,52.0,0.0,1.0,1.0,00-0036313,B.Mann
2025_04_PHI_TB,REG,4,TB,18.0,0.0,0.0,1.0,00-0032943,R.Dixon
2025_04_PHI_TB,REG,4,TB,52.0,0.0,0.0,1.0,00-0032943,R.Dixon
2025_04_PHI_TB,REG,4,PHI,63.0,0.0,0.0,1.0,00-0036313,B.Mann
2025_04_PHI_TB,REG,4,PHI,36.0,0.0,0.0,1.0,00-0036313,B.Mann
2025_04_PHI_TB,REG,4,PHI,63.0,0.0,1.0,1.0,00-0036313,B.Mann
2025_04_PHI_TB,REG,4,PHI,46.0,0.0,0.0,1.0,00-0036313,B.Mann
2025_04_PHI_TB,REG,4,PHI,51.0,0.0,0.0,1.0,00-0036313,B.Mann
2025_04_PHI_TB,REG,4,PHI,52.0,0.0,0.0,1.0,00-0036313,B.Mann
2025_04_SEA_ARI,REG,4,ARI,42.0,0.0,1.0,1.0,00-0035859,B.Gillikin
2025_04_SEA_ARI,REG,4,ARI,57.0,0.0,0.0,1.0,00-0035859,B.Gillikin
2025_04_SEA_ARI,REG,4,SEA,54.0,0.0,0.0,1.0,00-0034160,M.Dickson
2025_04_SEA_ARI,REG,4,SEA,44.0,0.0,0.0,1.0,00-0034160,M.Dickson
2025_04_SEA_ARI,REG,4,ARI,63.0,0.0,1.0,1.0,00-0035859,B.Gillikin
2025_04_SEA_ARI,REG,4,ARI,40.0,0.0,1.0,1.0,00-0035859,B.Gillikin
2025_04_SEA_ARI,REG,4,SEA,49.0,0.0,0.0,1.0,00-0034160,M.Dickson
2025_04_TEN_HOU,REG,4,TEN,48.0,0.0,1.0,1.0,00-0028872,J.Hekker
2025_04_TEN_HOU,REG,4,TEN,39.0,0.0,0.0,1.0,00-0028872,J.Hekker
2025_04_TEN_HOU,REG,4,HOU,43.0,0.0,1.0,1.0,00-0035889,T.Townsend
2025_04_TEN_HOU,REG,4,TEN,49.0,0.0,0.0,1.0,00-0028872,J.Hekker
2025_04_TEN_HOU,REG,4,HOU,25.0,0.0,0.0,1.0,00-0035889,T.Townsend
2025_04_TEN_HOU,REG,4,TEN,27.0,0.0,1.0,1.0,00-0028872,J.Hekker
2025_04_TEN_HOU,REG,4,TEN,50.0,0.0,0.0,1.0,00-0028872,J.Hekker
2025_04_TEN_HOU,REG,4,HOU,64.0,0.0,1.0,1.0,00-0035889,T.Townsend
2025_04_WAS_ATL,REG,4,WAS,47.0,0.0,0.0,1.0,00-0030140,T.Way
2025_04_WAS_ATL,REG,4,ATL,44.0,0.0,1.0,1.0,00-0032065,B.Pinion
2025_04_WAS_ATL,REG,4,WAS,42.0,0.0,0.0,1.0,00-0030140,T.Way
2025_04_WAS_ATL,REG,4,ATL,48.0,0.0,0.0,1.0,00-0032065,B.Pinion
2025_05_DAL_NYJ,REG,5,NYJ,33.0,0.0,1.0,1.0,00-0039634,A.McNamara
2025_05_DAL_NYJ,REG,5,NYJ,58.0,0.0,0.0,1.0,00-0039634,A.McNamara
2025_05_DAL_NYJ,REG,5,DAL,54.0,0.0,0.0,1.0,00-0029692,B.Anger
2025_05_DAL_NYJ,REG,5,NYJ,43.0,0.0,0.0,1.0,00-0039634,A.McNamara
2025_05_DAL_NYJ,REG,5,DAL,42.0,0.0,0.0,1.0,00-0029692,B.Anger
2025_05_DAL_NYJ,REG,5,NYJ,42.0,0.0,0.0,1.0,00-0039634,A.McNamara
2025_05_DAL_NYJ,REG,5,DAL,41.0,0.0,0.0,1.0,00-0029692,B.Anger
2025_05_DAL_NYJ,REG,5,DAL,45.0,0.0,0.0,1.0,00-0029692,B.Anger
2025_05_DAL_NYJ,REG,5,DAL,46.0,0.0,0.0,1.0,00-0029692,B.Anger
2025_05_DEN_PHI,REG,5,DEN,63.0,0.0,0.0,1.0,00-0040223,J.Crawshaw
2025_05_DEN_PHI,REG,5,PHI,69.0,0.0,0.0,1.0,00-0036313,B.Mann
2025_05_DEN_PHI,REG,5,DEN,37.0,0.0,1.0,1.0,00-0040223,J.Crawshaw
2025_05_DEN_PHI,REG,5,DEN,50.0,0.0,1.0,1.0,00-0040223,J.Crawshaw
2025_05_DEN_PHI,REG,5,PHI,53.0,0.0,0.0,1.0,00-0036313,B.Mann
2025_05_DEN_PHI,REG,5,DEN,48.0,0.0,1.0,1.0,00-0040223,J.Crawshaw
2025_05_DEN_PHI,REG,5,PHI,45.0,0.0,0.0,1.0,00-0036313,B.Mann
2025_05_DEN_PHI,REG,5,DEN,54.0,0.0,1.0,1.0,00-0040223,J.Crawshaw
2025_05_DEN_PHI,REG,5,DEN,33.0,0.0,1.0,1.0,00-0040223,J.Crawshaw
2025_05_DEN_PHI,REG,5,PHI,68.0,0.0,0.0,1.0,00-0036313,B.Mann
2025_05_DEN_PHI,REG,5,DEN,43.0,0.0,0.0,1.0,00-0040223,J.Crawshaw
2025_05_DEN_PHI,REG,5,PHI,52.0,0.0,0.0,1.0,00-0036313,B.Mann
2025_05_DEN_PHI,REG,5,PHI,49.0,0.0,0.0,1.0,00-0036313,B.Mann
2025_05_DEN_PHI,REG,5,PHI,23.0,0.0,0.0,1.0,00-0036313,B.Mann
2025_05_DET_CIN,REG,5,CIN,43.0,0.0,0.0,1.0,00-0039323,R.Rehkow
2025_05_DET_CIN,REG,5,CIN,57.0,0.0,0.0,1.0,00-0039323,R.Rehkow
2025_05_DET_CIN,REG,5,DET,64.0,0.0,1.0,1.0,00-0035156,J.Fox
2025_05_DET_CIN,REG,5,CIN,55.0,0.0,0.0,1.0,00-0039323,R.Rehkow
2025_05_DET_CIN,REG,5,DET,47.0,0.0,1.0,1.0,00-0035156,J.Fox
2025_05_DET_CIN,REG,5,DET,33.0,0.0,1.0,1.0,00-0035156,J.Fox
2025_05_DET_CIN,REG,5,CIN,65.0,0.0,0.0,1.0,00-0039323,R.Rehkow
2025_05_DET_CIN,REG,5,DET,43.0,0.0,0.0,1.0,00-0035156,J.Fox
2025_05_DET_CIN,REG,5,DET,37.0,0.0,1.0,1.0,00-0035156,J.Fox
2025_05_HOU_BAL,REG,5,BAL,35.0,0.0,0.0,1.0,00-0038094,J.Stout
2025_05_HOU_BAL,REG,5,BAL,40.0,0.0,0.0,1.0,00-0038094,J.Stout
2025_05_HOU_BAL,REG,5,BAL,60.0,0.0,0.0,1.0,00-0038094,J.Stout
2025_05_HOU_BAL,REG,5,BAL,47.0,0.0,1.0,1.0,00-0038094,J.Stout
2025_05_HOU_BAL,REG,5,HOU,59.0,0.0,0.0,1.0,00-0035889,T.Townsend
2025_05_KC_JAX,REG,5,JAX,53.0,0.0,1.0,1.0,00-0034437,L.Cooke
2025_05_KC_JAX,REG,5,KC,32.0,0.0,1.0,1.0,00-0037284,M.Araiza
2025_05_KC_JAX,REG,5,JAX,52.0,0.0,0.0,1.0,00-0034437,L.Cooke
2025_05_KC_JAX,REG,5,KC,55.0,0.0,1.0,1.0,00-0037284,M.Araiza
2025_05_KC_JAX,REG,5,KC,45.0,0.0,1.0,1.0,00-0037284,M.Araiza
2025_05_KC_JAX,REG,5,KC,32.0,0.0,1.0,1.0,00-0037284,M.Araiza
2025_05_LV_IND,REG,5,IND,56.0,0.0,1.0,1.0,00-0033269,R.Sanchez
2025_05_LV_IND,REG,5,LV,0.0,1.0,0.0,1.0,00-0035190,A.Cole
2025_05_LV_IND,REG,5,LV,30.0,0.0,0.0,1.0,00-0034161,D.Carlson
2025_05_LV_IND,REG,5,IND,45.0,0.0,1.0,1.0,00-0033269,R.Sanchez
2025_05_MIA_CAR,REG,5,MIA,56.0,0.0,0.0,1.0,00-0035280,J.Bailey
2025_05_MIA_CAR,REG,5,MIA,54.0,0.0,1.0,1.0,00-0035280,J.Bailey
2025_05_MIA_CAR,REG,5,CAR,55.0,0.0,0.0,1.0,00-0030092,S.Martin
2025_05_MIA_CAR,REG,5,MIA,61.0,0.0,1.0,1.0,00-0035280,J.Bailey
2025_05_MIA_CAR,REG,5,CAR,45.0,0.0,0.0,1.0,00-0030092,S.Martin
2025_05_MIA_CAR,REG,5,MIA,43.0,0.0,0.0,1.0,00-0035280,J.Bailey
2025_05_MIA_CAR,REG,5,CAR,61.0,0.0,0.0,1.0,00-0030092,S.Martin
2025_05_MIA_CAR,REG,5,MIA,40.0,0.0,1.0,1.0,00-0035280,J.Bailey
2025_05_MIA_CAR,REG,5,MIA,58.0,0.0,0.0,1.0,00-0035280,J.Bailey
2025_05_MIN_CLE,REG,5,CLE,45.0,0.0,1.0,1.0,00-0034721,C.Bojorquez
2025_05_MIN_CLE,REG,5,CLE,33.0,0.0,0.0,1.0,00-0034721,C.Bojorquez
2025_05_MIN_CLE,REG,5,MIN,39.0,0.0,1.0,1.0,00-0037500,R.Wright
2025_05_MIN_CLE,REG,5,CLE,57.0,0.0,0.0,1.0,00-0034721,C.Bojorquez
2025_05_MIN_CLE,REG,5,MIN,54.0,0.0,0.0,1.0,00-0037500,R.Wright
2025_05_MIN_CLE,REG,5,CLE,55.0,0.0,1.0,1.0,00-0034721,C.Bojorquez
2025_05_MIN_CLE,REG,5,MIN,63.0,0.0,0.0,1.0,00-0037500,R.Wright
2025_05_MIN_CLE,REG,5,MIN,77.0,0.0,1.0,1.0,00-0037500,R.Wright
2025_05_MIN_CLE,REG,5,CLE,44.0,0.0,0.0,1.0,00-0034721,C.Bojorquez
2025_05_MIN_CLE,REG,5,CLE,41.0,0.0,0.0,1.0,00-0034721,C.Bojorquez
2025_05_MIN_CLE,REG,5,CLE,42.0,0.0,0.0,1.0,00-0034721,C.Bojorquez
2025_05_MIN_CLE,REG,5,MIN,53.0,0.0,0.0,1.0,00-0037500,R.Wright
2025_05_MIN_CLE,REG,5,CLE,43.0,0.0,0.0,1.0,00-0034721,C.Bojorquez
2025_05_NE_BUF,REG,5,NE,40.0,0.0,1.0,1.0,00-0038610,B.Baringer
2025_05_NE_BUF,REG,5,BUF,27.0,0.0,1.0,1.0,00-0034941,M.Wishnowsky
2025_05_NE_BUF,REG,5,NE,36.0,0.0,1.0,1.0,00-0038610,B.Baringer
2025_05_NE_BUF,REG,5,NE,42.0,0.0,1.0,1.0,00-0038610,B.Baringer
2025_05_NE_BUF,REG,5,BUF,43.0,0.0,0.0,1.0,00-0034941,M.Wishnowsky
2025_05_NE_BUF,REG,5,NE,73.0,0.0,0.0,1.0,00-0038610,B.Baringer
2025_05_NYG_NO,REG,5,NO,51.0,0.0,0.0,1.0,00-0040654,K.Kroeger
2025_05_NYG_NO,REG,5,NYG,35.0,0.0,1.0,1.0,00-0035042,J.Gillan
2025_05_NYG_NO,REG,5,NYG,40.0,0.0,1.0,1.0,00-0035042,J.Gillan
2025_05_NYG_NO,REG,5,NO,32.0,0.0,0.0,1.0,00-0040654,K.Kroeger
2025_05_SF_LA,REG,5,LAR,51.0,0.0,1.0,1.0,00-0039059,E.Evans
2025_05_SF_LA,REG,5,SF,33.0,0.0,1.0,1.0,00-0027114,T.Morstead
2025_05_SF_LA,REG,5,SF,50.0,0.0,1.0,1.0,00-0027114,T.Morstead
2025_05_SF_LA,REG,5,SF,35.0,0.0,0.0,1.0,00-0027114,T.Morstead
2025_05_SF_LA,REG,5,LAR,59.0,0.0,1.0,1.0,00-0039059,E.Evans
2025_05_SF_LA,REG,5,SF,50.0,0.0,0.0,1.0,00-0027114,T.Morstead
2025_05_TB_SEA,REG,5,SEA,38.0,0.0,1.0,1.0,00-0034160,M.Dickson
2025_05_TB_SEA,REG,5,TB,51.0,0.0,0.0,1.0,00-0032943,R.Dixon
2025_05_TB_SEA,REG,5,TB,40.0,0.0,1.0,1.0,00-0032943,R.Dixon
2025_05_TEN_ARI,REG,5,TEN,43.0,0.0,0.0,1.0,00-0028872,J.Hekker
2025_05_TEN_ARI,REG,5,ARI,39.0,0.0,0.0,1.0,00-0035859,B.Gillikin
2025_05_TEN_ARI,REG,5,ARI,62.0,0.0,0.0,1.0,00-0035859,B.Gillikin
2025_05_TEN_ARI,REG,5,TEN,50.0,0.0,1.0,1.0,00-0028872,J.Hekker
2025_05_TEN_ARI,REG,5,ARI,60.0,0.0,0.0,1.0,00-0035859,B.Gillikin
2025_05_TEN_ARI,REG,5,ARI,46.0,0.0,0.0,1.0,00-0035859,B.Gillikin
2025_05_TEN_ARI,REG,5,TEN,64.0,0.0,0.0,1.0,00-0028872,J.Hekker
2025_05_TEN_ARI,REG,5,TEN,59.0,0.0,1.0,1.0,00-0028872,J.Hekker
2025_05_TEN_ARI,REG,5,ARI,63.0,0.0,0.0,1.0,00-0035859,B.Gillikin
2025_05_TEN_ARI,REG,5,TEN,55.0,0.0,1.0,1.0,00-0028872,J.Hekker
2025_05_TEN_ARI,REG,5,ARI,50.0,0.0,1.0,1.0,00-0035859,B.Gillikin
2025_05_TEN_ARI,REG,5,ARI,47.0,0.0,1.0,1.0,00-0035859,B.Gillikin
2025_05_WAS_LAC,REG,5,WAS,53.0,0.0,0.0,1.0,00-0030140,T.Way
2025_05_WAS_LAC,REG,5,WAS,48.0,0.0,1.0,1.0,00-0030140,T.Way
2025_05_WAS_LAC,REG,5,LAC,54.0,0.0,1.0,1.0,00-0034162,J.Scott
2025_05_WAS_LAC,REG,5,LAC,42.0,0.0,0.0,1.0,00-0034162,J.Scott
2025_06_ARI_IND,REG,6,ARI,43.0,0.0,1.0,1.0,00-0031079,P.O'Donnell
2025_06_ARI_IND,REG,6,IND,53.0,0.0,0.0,1.0,00-0033269,R.Sanchez
2025_06_ARI_IND,REG,6,IND,55.0,0.0,1.0,1.0,00-0033269,R.Sanchez
2025_06_ARI_IND,REG,6,ARI,49.0,0.0,0.0,1.0,00-0031079,P.O'Donnell
2025_06_ARI_IND,REG,6,IND,57.0,0.0,0.0,1.0,00-0033269,R.Sanchez
2025_06_BUF_ATL,REG,6,ATL,50.0,0.0,0.0,1.0,00-0032065,B.Pinion
2025_06_BUF_ATL,REG,6,BUF,40.0,0.0,0.0,1.0,00-0034941,M.Wishnowsky
2025_06_BUF_ATL,REG,6,BUF,43.0,0.0,1.0,1.0,00-0034941,M.Wishnowsky
2025_06_BUF_ATL,REG,6,BUF,50.0,0.0,1.0,1.0,00-0034941,M.Wishnowsky
2025_06_BUF_ATL,REG,6,BUF,49.0,0.0,1.0,1.0,00-0034941,M.Wishnowsky
2025_06_BUF_ATL,REG,6,ATL,40.0,0.0,0.0,1.0,00-0032065,B.Pinion
2025_06_BUF_ATL,REG,6,ATL,39.0,0.0,0.0,1.0,00-0032065,B.Pinion
2025_06_BUF_ATL,REG,6,BUF,41.0,0.0,1.0,1.0,00-0034941,M.Wishnowsky
2025_06_BUF_ATL,REG,6,ATL,51.0,0.0,0.0,1.0,00-0032065,B.Pinion
2025_06_BUF_ATL,REG,6,BUF,50.0,0.0,0.0,1.0,00-0034941,M.Wishnowsky
2025_06_CHI_WAS,REG,6,CHI,53.0,0.0,1.0,1.0,00-0039745,T.Taylor
2025_06_CHI_WAS,REG,6,WAS,30.0,0.0,1.0,1.0,00-0030140,T.Way
2025_06_CHI_WAS,REG,6,CHI,53.0,0.0,0.0,1.0,00-0039745,T.Taylor
2025_06_CIN_GB,REG,6,CIN,55.0,0.0,1.0,1.0,00-0039323,R.Rehkow
2025_06_CIN_GB,REG,6,CIN,44.0,0.0,1.0,1.0,00-0039323,R.Rehkow
2025_06_CIN_GB,REG,6,GB,56.0,0.0,0.0,1.0,00-0037547,D.Whelan
2025_06_CIN_GB,REG,6,CIN,58.0,0.0,0.0,1.0,00-0039323,R.Rehkow
2025_06_CIN_GB,REG,6,CIN,54.0,0.0,1.0,1.0,00-0039323,R.Rehkow
2025_06_CIN_GB,REG,6,GB,35.0,0.0,1.0,1.0,00-0037547,D.Whelan
2025_06_CLE_PIT,REG,6,CLE,52.0,0.0,0.0,1.0,00-0034721,C.Bojorquez
2025_06_CLE_PIT,REG,6,PIT,34.0,0.0,0.0,1.0,00-0035821,C.Waitman
2025_06_CLE_PIT,REG,6,CLE,21.0,0.0,0.0,1.0,00-0034721,C.Bojorquez
2025_06_CLE_PIT,REG,6,CLE,58.0,0.0,0.0,1.0,00-0034721,C.Bojorquez
2025_06_CLE_PIT,REG,6,CLE,67.0,0.0,0.0,1.0,00-0034721,C.Bojorquez
2025_06_CLE_PIT,REG,6,PIT,50.0,0.0,0.0,1.0,00-0035821,C.Waitman
2025_06_DAL_CAR,REG,6,DAL,44.0,0.0,0.0,1.0,00-0029692,B.Anger
2025_06_DAL_CAR,REG,6,DAL,51.0,0.0,1.0,1.0,00-0029692,B.Anger
2025_06_DAL_CAR,REG,6,CAR,51.0,0.0,0.0,1.0,00-0030092,S.Martin
2025_06_DAL_CAR,REG,6,CAR,47.0,0.0,0.0,1.0,00-0030092,S.Martin
2025_06_DAL_CAR,REG,6,DAL,48.0,0.0,1.0,1.0,00-0029692,B.Anger
2025_06_DEN_NYJ,REG,6,NYJ,53.0,0.0,0.0,1.0,00-0039634,A.McNamara
2025_06_DEN_NYJ,REG,6,DEN,49.0,0.0,0.0,1.0,00-0040223,J.Crawshaw
2025_06_DEN_NYJ,REG,6,NYJ,53.0,0.0,0.0,1.0,00-0039634,A.McNamara
2025_06_DEN_NYJ,REG,6,DEN,29.0,0.0,1.0,1.0,00-0040223,J.Crawshaw
2025_06_DEN_NYJ,REG,6,DEN,41.0,0.0,0.0,1.0,00-0040223,J.Crawshaw
2025_06_DEN_NYJ,REG,6,NYJ,43.0,0.0,1.0,1.0,00-0039634,A.McNamara
2025_06_DEN_NYJ,REG,6,NYJ,49.0,0.0,1.0,1.0,00-0039634,A.McNamara
2025_06_DEN_NYJ,REG,6,DEN,62.0,0.0,0.0,1.0,00-0040223,J.Crawshaw
2025_06_DEN_NYJ,REG,6,NYJ,55.0,0.0,0.0,1.0,00-0039634,A.McNamara
2025_06_DEN_NYJ,REG,6,DEN,51.0,0.0,0.0,1.0,00-0040223,J.Crawshaw
2025_06_DEN_NYJ,REG,6,NYJ,44.0,0.0,0.0,1.0,00-0039634,A.McNamara
2025_06_DEN_NYJ,REG,6,NYJ,58.0,0.0,1.0,1.0,00-0039634,A.McNamara
2025_06_DEN_NYJ,REG,6,DEN,59.0,0.0,0.0,1.0,00-0040223,J.Crawshaw
2025_06_DET_KC,REG,6,DET,49.0,0.0,1.0,1.0,00-0035156,J.Fox
2025_06_DET_KC,REG,6,DET,41.0,0.0,1.0,1.0,00-0035156,J.Fox
2025_06_DET_KC,REG,6,KC,46.0,0.0,1.0,1.0,00-0037284,M.Araiza
2025_06_DET_KC,REG,6,DET,48.0,0.0,0.0,1.0,00-0035156,J.Fox
2025_06_LAC_MIA,REG,6,MIA,54.0,0.0,0.0,1.0,00-0035280,J.Bailey
2025_06_LAC_MIA,REG,6,LAC,39.0,0.0,1.0,1.0,00-0034162,J.Scott
2025_06_LAC_MIA,REG,6,MIA,57.0,0.0,0.0,1.0,00-0035280,J.Bailey
2025_06_LAC_MIA,REG,6,LAC,55.0,0.0,1.0,1.0,00-0034162,J.Scott
2025_06_LA_BAL,REG,6,BAL,53.0,0.0,0.0,1.0,00-0038094,J.Stout
2025_06_LA_BAL,REG,6,LAR,55.0,0.0,0.0,1.0,00-0039059,E.Evans
2025_06_LA_BAL,REG,6,LAR,58.0,0.0,0.0,1.0,00-0039059,E.Evans
2025_06_NE_NO,REG,6,NO,23.0,0.0,0.0,1.0,00-0040654,K.Kroeger
2025_06_NE_NO,REG,6,NE,45.0,0.0,0.0,1.0,00-0038610,B.Baringer
2025_06_NE_NO,REG,6,NE,66.0,0.0,0.0,1.0,00-0038610,B.Baringer
2025_06_NE_NO,REG,6,NE,33.0,0.0,1.0,1.0,00-0038610,B.Baringer
2025_06_NE_NO,REG,6,NO,47.0,0.0,0.0,1.0,00-0040654,K.Kroeger
2025_06_PHI_NYG,REG,6,PHI,58.0,0.0,0.0,1.0,00-0036313,B.Mann
2025_06_PHI_NYG,REG,6,NYG,52.0,0.0,0.0,1.0,00-0035042,J.Gillan
2025_06_PHI_NYG,REG,6,NYG,50.0,0.0,1.0,1.0,00-0035042,J.Gillan
2025_06_PHI_NYG,REG,6,PHI,45.0,0.0,0.0,1.0,00-0036313,B.Mann
2025_06_PHI_NYG,REG,6,PHI,52.0,0.0,1.0,1.0,00-0036313,B.Mann
2025_06_PHI_NYG,REG,6,NYG,30.0,0.0,1.0,1.0,00-0035042,J.Gillan
2025_06_PHI_NYG,REG,6,PHI,59.0,0.0,0.0,1.0,00-0036313,B.Mann
2025_06_PHI_NYG,REG,6,NYG,39.0,0.0,0.0,1.0,00-0035042,J.Gillan
2025_06_SEA_JAX,REG,6,JAX,61.0,0.0,0.0,1.0,00-0034437,L.Cooke
2025_06_SEA_JAX,REG,6,SEA,54.0,0.0,1.0,1.0,00-0034160,M.Dickson
2025_06_SEA_JAX,REG,6,JAX,60.0,0.0,0.0,1.0,00-0034437,L.Cooke
2025_06_SEA_JAX,REG,6,SEA,52.0,0.0,0.0,1.0,00-0034160,M.Dickson
2025_06_SEA_JAX,REG,6,JAX,57.0,0.0,0.0,1.0,00-0034437,L.Cooke
2025_06_SEA_JAX,REG,6,JAX,26.0,0.0,0.0,1.0,00-0034437,L.Cooke
2025_06_SEA_JAX,REG,6,SEA,55.0,0.0,0.0,1.0,00-0034160,M.Dickson
2025_06_SEA_JAX,REG,6,JAX,44.0,0.0,1.0,1.0,00-0034437,L.Cooke
2025_06_SEA_JAX,REG,6,SEA,48.0,0.0,0.0,1.0,00-0034160,M.Dickson
2025_06_SEA_JAX,REG,6,SEA,54.0,0.0,1.0,1.0,00-0034160,M.Dickson
2025_06_SEA_JAX,REG,6,JAX,48.0,0.0,0.0,1.0,00-0034437,L.Cooke
2025_06_SEA_JAX,REG,6,SEA,46.0,0.0,1.0,1.0,00-0034160,M.Dickson
2025_06_SEA_JAX,REG,6,JAX,52.0,0.0,1.0,1.0,00-0034437,L.Cooke
2025_06_SEA_JAX,REG,6,SEA,51.0,0.0,0.0,1.0,00-0034160,M.Dickson
2025_06_SEA_JAX,REG,6,JAX,45.0,0.0,0.0,1.0,00-0034437,L.Cooke
2025_06_SF_TB,REG,6,TB,47.0,0.0,1.0,1.0,00-0032943,R.Dixon
2025_06_SF_TB,REG,6,TB,59.0,0.0,1.0,1.0,00-0032943,R.Dixon
2025_06_SF_TB,REG,6,SF,48.0,0.0,0.0,1.0,00-0027114,T.Morstead
2025_06_SF_TB,REG,6,TB,60.0,0.0,1.0,1.0,00-0032943,R.Dixon
2025_06_SF_TB,REG,6,SF,41.0,0.0,1.0,1.0,00-0027114,T.Morstead
2025_06_TEN_LV,REG,6,TEN,36.0,0.0,0.0,1.0,00-0028872,J.Hekker
2025_06_TEN_LV,REG,6,TEN,47.0,0.0,0.0,1.0,00-0028872,J.Hekker
2025_06_TEN_LV,REG,6,LV,47.0,0.0,1.0,1.0,00-0035190,A.Cole
2025_06_TEN_LV,REG,6,TEN,49.0,0.0,0.0,1.0,00-0028872,J.Hekker
2025_06_TEN_LV,REG,6,LV,47.0,0.0,1.0,1.0,00-0035190,A.Cole
2025_06_TEN_LV,REG,6,TEN,35.0,0.0,0.0,1.0,00-0028872,J.Hekker
2025_06_TEN_LV,REG,6,LV,42.0,0.0,1.0,1.0,00-0035190,A.Cole
2025_06_TEN_LV,REG,6,TEN,53.0,0.0,0.0,1.0,00-0028872,J.Hekker
2025_06_TEN_LV,REG,6,LV,31.0,0.0,1.0,1.0,00-0035190,A.Cole
2025_07_ATL_SF,REG,7,ATL,61.0,0.0,1.0,1.0,00-0032065,B.Pinion
2025_07_ATL_SF,REG,7,SF,42.0,0.0,0.0,1.0,00-0027114,T.Morstead
2025_07_ATL_SF,REG,7,ATL,48.0,0.0,0.0,1.0,00-0032065,B.Pinion
2025_07_ATL_SF,REG,7,SF,48.0,0.0,0.0,1.0,00-0027114,T.Morstead
2025_07_ATL_SF,REG,7,ATL,43.0,0.0,1.0,1.0,00-0032065,B.Pinion
2025_07_ATL_SF,REG,7,SF,53.0,0.0,1.0,1.0,00-0027114,T.Morstead
2025_07_CAR_NYJ,REG,7,NYJ,50.0,0.0,1.0,1.0,00-0039634,A.McNamara
2025_07_CAR_NYJ,REG,7,CAR,40.0,0.0,1.0,1.0,00-0030092,S.Martin
2025_07_CAR_NYJ,REG,7,NYJ,47.0,0.0,0.0,1.0,00-0039634,A.McNamara
2025_07_CAR_NYJ,REG,7,CAR,50.0,0.0,1.0,1.0,00-0030092,S.Martin
2025_07_CAR_NYJ,REG,7,NYJ,56.0,0.0,0.0,1.0,00-0039634,A.McNamara
2025_07_CAR_NYJ,REG,7,NYJ,38.0,0.0,1.0,1.0,00-0039634,A.McNamara
2025_07_CAR_NYJ,REG,7,CAR,68.0,0.0,0.0,1.0,00-0030092,S.Martin
2025_07_CAR_NYJ,REG,7,CAR,28.0,0.0,1.0,1.0,00-0030092,S.Martin
2025_07_CAR_NYJ,REG,7,CAR,52.0,0.0,0.0,1.0,00-0030092,S.Martin
2025_07_CAR_NYJ,REG,7,CAR,38.0,0.0,1.0,1.0,00-0030092,S.Martin
2025_07_CAR_NYJ,REG,7,NYJ,52.0,0.0,0.0,1.0,00-0039634,A.McNamara
2025_07_GB_ARI,REG,7,ARI,42.0,0.0,0.0,1.0,00-0031079,P.O'Donnell
2025_07_GB_ARI,REG,7,GB,59.0,0.0,0.0,1.0,00-0037547,D.Whelan
2025_07_GB_ARI,REG,7,GB,63.0,0.0,0.0,1.0,00-0037547,D.Whelan
2025_07_GB_ARI,REG,7,GB,52.0,0.0,0.0,1.0,00-0037547,D.Whelan
2025_07_HOU_SEA,REG,7,SEA,58.0,0.0,1.0,1.0,00-0034160,M.Dickson
2025_07_HOU_SEA,REG,7,HOU,55.0,0.0,0.0,1.0,00-0035889,T.Townsend
2025_07_HOU_SEA,REG,7,HOU,55.0,0.0,0.0,1.0,00-0035889,T.Townsend
2025_07_HOU_SEA,REG,7,HOU,46.0,0.0,0.0,1.0,00-0035889,T.Townsend
2025_07_HOU_SEA,REG,7,SEA,53.0,0.0,0.0,1.0,00-0034160,M.Dickson
2025_07_HOU_SEA,REG,7,HOU,45.0,0.0,0.0,1.0,00-0035889,T.Townsend
2025_07_HOU_SEA,REG,7,HOU,38.0,0.0,1.0,1.0,00-0035889,T.Townsend
2025_07_HOU_SEA,REG,7,HOU,48.0,0.0,0.0,1.0,00-0035889,T.Townsend
2025_07_HOU_SEA,REG,7,SEA,38.0,0.0,0.0,1.0,00-0034160,M.Dickson
2025_07_HOU_SEA,REG,7,HOU,57.0,0.0,0.0,1.0,00-0035889,T.Townsend
2025_07_HOU_SEA,REG,7,SEA,56.0,0.0,0.0,1.0,00-0034160,M.Dickson
2025_07_IND_LAC,REG,7,LAC,53.0,0.0,0.0,1.0,00-0034162,J.Scott
2025_07_IND_LAC,REG,7,IND,43.0,0.0,0.0,1.0,00-0033269,R.Sanchez
2025_07_IND_LAC,REG,7,IND,44.0,0.0,1.0,1.0,00-0033269,R.Sanchez
2025_07_LA_JAX,REG,7,JAX,27.0,0.0,0.0,1.0,00-0034437,L.Cooke
2025_07_LA_JAX,REG,7,JAX,62.0,0.0,0.0,1.0,00-0034437,L.Cooke
2025_07_LA_JAX,REG,7,JAX,36.0,0.0,1.0,1.0,00-0034437,L.Cooke
2025_07_LA_JAX,REG,7,LAR,53.0,0.0,0.0,1.0,00-0039059,E.Evans
2025_07_LA_JAX,REG,7,LAR,41.0,0.0,1.0,1.0,00-0039059,E.Evans
2025_07_LA_JAX,REG,7,LAR,43.0,0.0,1.0,1.0,00-0039059,E.Evans
2025_07_LA_JAX,REG,7,LAR,48.0,0.0,0.0,1.0,00-0039059,E.Evans
2025_07_LA_JAX,REG,7,JAX,36.0,0.0,1.0,1.0,00-0034437,L.Cooke
2025_07_LA_JAX,REG,7,LAR,57.0,0.0,0.0,1.0,00-0039059,E.Evans
2025_07_LA_JAX,REG,7,JAX,46.0,0.0,0.0,1.0,00-0034437,L.Cooke
2025_07_LV_KC,REG,7,LV,38.0,0.0,1.0,1.0,00-0035190,A.Cole
2025_07_LV_KC,REG,7,LV,49.0,0.0,1.0,1.0,00-0035190,A.Cole
2025_07_LV_KC,REG,7,LV,48.0,0.0,1.0,1.0,00-0035190,A.Cole
2025_07_LV_KC,REG,7,LV,41.0,0.0,0.0,1.0,00-0035190,A.Cole
2025_07_LV_KC,REG,7,KC,30.0,0.0,1.0,1.0,00-0037284,M.Araiza
2025_07_LV_KC,REG,7,LV,63.0,0.0,0.0,1.0,00-0035190,A.Cole
2025_07_LV_KC,REG,7,KC,36.0,0.0,1.0,1.0,00-0037284,M.Araiza
2025_07_LV_KC,REG,7,LV,44.0,0.0,0.0,1.0,00-0035190,A.Cole
2025_07_LV_KC,REG,7,KC,40.0,0.0,0.0,1.0,00-0037284,M.Araiza
2025_07_MIA_CLE,REG,7,CLE,60.0,0.0,0.0,1.0,00-0034721,C.Bojorquez
2025_07_MIA_CLE,REG,7,MIA,50.0,0.0,0.0,1.0,00-0035280,J.Bailey
2025_07_MIA_CLE,REG,7,MIA,44.0,0.0,1.0,1.0,00-0035280,J.Bailey
2025_07_MIA_CLE,REG,7,CLE,50.0,0.0,0.0,1.0,00-0034721,C.Bojorquez
2025_07_MIA_CLE,REG,7,MIA,48.0,0.0,0.0,1.0,00-0035280,J.Bailey
2025_07_MIA_CLE,REG,7,CLE,30.0,0.0,1.0,1.0,00-0034721,C.Bojorquez
2025_07_MIA_CLE,REG,7,CLE,40.0,0.0,1.0,1.0,00-0034721,C.Bojorquez
2025_07_MIA_CLE,REG,7,CLE,43.0,0.0,0.0,1.0,00-0034721,C.Bojorquez
2025_07_MIA_CLE,REG,7,MIA,47.0,0.0,0.0,1.0,00-0035280,J.Bailey
2025_07_MIA_CLE,REG,7,CLE,35.0,0.0,1.0,1.0,00-0034721,C.Bojorquez
2025_07_NE_TEN,REG,7,NE,43.0,0.0,0.0,1.0,00-0038610,B.Baringer
2025_07_NE_TEN,REG,7,TEN,38.0,0.0,1.0,1.0,00-0028872,J.Hekker
2025_07_NE_TEN,REG,7,TEN,31.0,0.0,0.0,1.0,00-0028872,J.Hekker
2025_07_NE_TEN,REG,7,NE,51.0,0.0,0.0,1.0,00-0038610,B.Baringer
2025_07_NE_TEN,REG,7,TEN,53.0,0.0,1.0,1.0,00-0028872,J.Hekker
2025_07_NE_TEN,REG,7,NE,22.0,0.0,1.0,1.0,00-0038610,B.Baringer
2025_07_NE_TEN,REG,7,NE,34.0,0.0,0.0,1.0,00-0038610,B.Baringer
2025_07_NO_CHI,REG,7,CHI,40.0,0.0,1.0,1.0,00-0039745,T.Taylor
2025_07_NO_CHI,REG,7,NO,47.0,0.0,0.0,1.0,00-0040654,K.Kroeger
2025_07_NO_CHI,REG,7,NO,31.0,0.0,0.0,1.0,00-0040654,K.Kroeger
2025_07_NO_CHI,REG,7,CHI,42.0,0.0,1.0,1.0,00-0039745,T.Taylor
2025_07_NO_CHI,REG,7,CHI,47.0,0.0,0.0,1.0,00-0039745,T.Taylor
2025_07_NO_CHI,REG,7,NO,49.0,0.0,0.0,1.0,00-0040654,K.Kroeger
2025_07_NYG_DEN,REG,7,NYG,41.0,0.0,0.0,1.0,00-0035042,J.Gillan
2025_07_NYG_DEN,REG,7,DEN,48.0,0.0,0.0,1.0,00-0040223,J.Crawshaw
2025_07_NYG_DEN,REG,7,NYG,45.0,0.0,1.0,1.0,00-0035042,J.Gillan
2025_07_NYG_DEN,REG,7,DEN,41.0,0.0,0.0,1.0,00-0040223,J.Crawshaw
2025_07_NYG_DEN,REG,7,DEN,59.0,0.0,0.0,1.0,00-0040223,J.Crawshaw
2025_07_NYG_DEN,REG,7,NYG,57.0,0.0,0.0,1.0,00-0035042,J.Gillan
2025_07_NYG_DEN,REG,7,DEN,51.0,0.0,1.0,1.0,00-0040223,J.Crawshaw
2025_07_NYG_DEN,REG,7,NYG,40.0,0.0,0.0,1.0,00-0035042,J.Gillan
2025_07_NYG_DEN,REG,7,DEN,43.0,0.0,1.0,1.0,00-0040223,J.Crawshaw
2025_07_NYG_DEN,REG,7,NYG,30.0,0.0,1.0,1.0,00-0035042,J.Gillan
2025_07_NYG_DEN,REG,7,DEN,61.0,0.0,0.0,1.0,00-0040223,J.Crawshaw
2025_07_NYG_DEN,REG,7,NYG,50.0,0.0,0.0,1.0,00-0035042,J.Gillan
2025_07_PHI_MIN,REG,7,PHI,46.0,0.0,1.0,1.0,00-0036313,B.Mann
2025_07_PHI_MIN,REG,7,PHI,53.0,0.0,0.0,1.0,00-0036313,B.Mann
2025_07_PHI_MIN,REG,7,PHI,47.0,0.0,0.0,1.0,00-0036313,B.Mann
2025_07_PHI_MIN,REG,7,MIN,34.0,0.0,1.0,1.0,00-0037500,R.Wright
2025_07_PIT_CIN,REG,7,CIN,37.0,0.0,0.0,1.0,00-0039323,R.Rehkow
2025_07_PIT_CIN,REG,7,PIT,39.0,0.0,1.0,1.0,00-0035821,C.Waitman
2025_07_PIT_CIN,REG,7,CIN,38.0,0.0,1.0,1.0,00-0039323,R.Rehkow
2025_07_PIT_CIN,REG,7,PIT,45.0,0.0,1.0,1.0,00-0035821,C.Waitman
2025_07_PIT_CIN,REG,7,CIN,60.0,0.0,0.0,1.0,00-0039323,R.Rehkow
2025_07_TB_DET,REG,7,TB,43.0,0.0,0.0,1.0,00-0032943,R.Dixon
2025_07_TB_DET,REG,7,TB,45.0,0.0,1.0,1.0,00-0032943,R.Dixon
2025_07_TB_DET,REG,7,TB,39.0,0.0,1.0,1.0,00-0032943,R.Dixon
2025_07_TB_DET,REG,7,DET,52.0,0.0,0.0,1.0,00-0035156,J.Fox
2025_07_TB_DET,REG,7,TB,37.0,0.0,1.0,1.0,00-0032943,R.Dixon
2025_07_TB_DET,REG,7,TB,52.0,0.0,1.0,1.0,00-0032943,R.Dixon
2025_07_TB_DET,REG,7,DET,66.0,0.0,0.0,1.0,00-0035156,J.Fox
2025_07_TB_DET,REG,7,TB,47.0,0.0,0.0,1.0,00-0032943,R.Dixon
2025_07_TB_DET,REG,7,DET,34.0,0.0,1.0,1.0,00-0035156,J.Fox
2025_07_TB_DET,REG,7,DET,63.0,0.0,0.0,1.0,00-0035156,J.Fox
2025_07_TB_DET,REG,7,DET,41.0,0.0,0.0,1.0,00-0035156,J.Fox
2025_07_WAS_DAL,REG,7,WAS,58.0,0.0,1.0,1.0,00-0030140,T.Way
2025_07_WAS_DAL,REG,7,WAS,56.0,0.0,0.0,1.0,00-0030140,T.Way
2025_07_WAS_DAL,REG,7,WAS,53.0,0.0,0.0,1.0,00-0030140,T.Way
2025_07_WAS_DAL,REG,7,DAL,49.0,0.0,1.0,1.0,00-0029692,B.Anger
2025_07_WAS_DAL,REG,7,WAS,60.0,0.0,0.0,1.0,00-0030140,T.Way
2025_07_WAS_DAL,REG,7,DAL,38.0,0.0,0.0,1.0,00-0029692,B.Anger
2025_07_WAS_DAL,REG,7,DAL,41.0,0.0,1.0,1.0,00-0029692,B.Anger
2025_07_WAS_DAL,REG,7,WAS,59.0,0.0,0.0,1.0,00-0030140,T.Way
2025_08_BUF_CAR,REG,8,CAR,54.0,0.0,0.0,1.0,00-0030092,S.Martin
2025_08_BUF_CAR,REG,8,CAR,50.0,0.0,0.0,1.0,00-0030092,S.Martin
2025_08_BUF_CAR,REG,8,BUF,47.0,0.0,1.0,1.0,00-0034941,M.Wishnowsky
2025_08_BUF_CAR,REG,8,CAR,60.0,0.0,1.0,1.0,00-0030092,S.Martin
2025_08_BUF_CAR,REG,8,BUF,45.0,0.0,1.0,1.0,00-0034941,M.Wishnowsky
2025_08_BUF_CAR,REG,8,CAR,47.0,0.0,0.0,1.0,00-0030092,S.Martin
2025_08_BUF_CAR,REG,8,BUF,54.0,0.0,0.0,1.0,00-0034941,M.Wishnowsky
2025_08_CHI_BAL,REG,8,BAL,55.0,0.0,1.0,1.0,00-0038094,J.Stout
2025_08_CHI_BAL,REG,8,CHI,43.0,0.0,0.0,1.0,00-0039745,T.Taylor
2025_08_CHI_BAL,REG,8,CHI,65.0,0.0,0.0,1.0,00-0039745,T.Taylor
2025_08_CHI_BAL,REG,8,BAL,40.0,0.0,1.0,1.0,00-0038094,J.Stout
2025_08_CLE_NE,REG,8,NE,48.0,0.0,1.0,1.0,00-0038610,B.Baringer
2025_08_CLE_NE,REG,8,CLE,39.0,0.0,1.0,1.0,00-0034721,C.Bojorquez
2025_08_CLE_NE,REG,8,CLE,44.0,0.0,0.0,1.0,00-0034721,C.Bojorquez
2025_08_CLE_NE,REG,8,NE,61.0,0.0,0.0,1.0,00-0038610,B.Baringer
2025_08_CLE_NE,REG,8,CLE,43.0,0.0,1.0,1.0,00-0034721,C.Bojorquez
2025_08_CLE_NE,REG,8,CLE,35.0,0.0,0.0,1.0,00-0034721,C.Bojorquez
2025_08_CLE_NE,REG,8,NE,15.0,0.0,0.0,1.0,00-0038610,B.Baringer
2025_08_DAL_DEN,REG,8,DAL,56.0,0.0,0.0,1.0,00-0029692,B.Anger
2025_08_DAL_DEN,REG,8,DAL,42.0,0.0,1.0,1.0,00-0029692,B.Anger
2025_08_DAL_DEN,REG,8,DEN,47.0,0.0,0.0,1.0,00-0040223,J.Crawshaw
2025_08_DAL_DEN,REG,8,DAL,56.0,0.0,0.0,1.0,00-0029692,B.Anger
2025_08_DAL_DEN,REG,8,DAL,40.0,0.0,1.0,1.0,00-0029692,B.Anger
2025_08_DAL_DEN,REG,8,DEN,33.0,0.0,0.0,1.0,00-0040223,J.Crawshaw
2025_08_DAL_DEN,REG,8,DAL,58.0,0.0,1.0,1.0,00-0029692,B.Anger
2025_08_GB_PIT,REG,8,GB,56.0,0.0,0.0,1.0,00-0037547,D.Whelan
2025_08_GB_PIT,REG,8,PIT,46.0,0.0,1.0,1.0,00-0035821,C.Waitman
2025_08_GB_PIT,REG,8,GB,53.0,0.0,0.0,1.0,00-0037547,D.Whelan
2025_08_GB_PIT,REG,8,GB,43.0,0.0,1.0,1.0,00-0037547,D.Whelan
2025_08_GB_PIT,REG,8,PIT,51.0,0.0,0.0,1.0,00-0035821,C.Waitman
2025_08_GB_PIT,REG,8,PIT,51.0,0.0,0.0,1.0,00-0035821,C.Waitman
2025_08_GB_PIT,REG,8,PIT,46.0,0.0,0.0,1.0,00-0035821,C.Waitman
2025_08_MIA_ATL,REG,8,MIA,52.0,0.0,0.0,1.0,00-0035280,J.Bailey
2025_08_MIA_ATL,REG,8,ATL,42.0,0.0,0.0,1.0,00-0032065,B.Pinion
2025_08_MIA_ATL,REG,8,MIA,49.0,0.0,1.0,1.0,00-0035280,J.Bailey
2025_08_MIA_ATL,REG,8,ATL,41.0,0.0,0.0,1.0,00-0032065,B.Pinion
2025_08_MIA_ATL,REG,8,ATL,52.0,0.0,1.0,1.0,00-0032065,B.Pinion
2025_08_MIA_ATL,REG,8,ATL,50.0,0.0,1.0,1.0,00-0032065,B.Pinion
2025_08_MIA_ATL,REG,8,MIA,47.0,0.0,0.0,1.0,00-0035280,J.Bailey
2025_08_MIN_LAC,REG,8,MIN,42.0,0.0,1.0,1.0,00-0037500,R.Wright
2025_08_MIN_LAC,REG,8,MIN,50.0,0.0,0.0,1.0,00-0037500,R.Wright
2025_08_MIN_LAC,REG,8,MIN,41.0,0.0,1.0,1.0,00-0037500,R.Wright
2025_08_MIN_LAC,REG,8,MIN,51.0,0.0,1.0,1.0,00-0037500,R.Wright
2025_08_NYG_PHI,REG,8,NYG,45.0,0.0,0.0,1.0,00-0035042,J.Gillan
2025_08_NYG_PHI,REG,8,NYG,40.0,0.0,1.0,1.0,00-0035042,J.Gillan
2025_08_NYG_PHI,REG,8,PHI,57.0,0.0,0.0,1.0,00-0036313,B.Mann
2025_08_NYG_PHI,REG,8,NYG,58.0,0.0,0.0,1.0,00-0035042,J.Gillan
2025_08_NYG_PHI,REG,8,NYG,51.0,0.0,0.0,1.0,00-0035042,J.Gillan
2025_08_NYJ_CIN,REG,8,NYJ,38.0,0.0,0.0,1.0,00-0039634,A.McNamara
2025_08_NYJ_CIN,REG,8,CIN,65.0,0.0,0.0,1.0,00-0039323,R.Rehkow
2025_08_NYJ_CIN,REG,8,NYJ,43.0,0.0,0.0,1.0,00-0039634,A.McNamara
2025_08_NYJ_CIN,REG,8,CIN,52.0,0.0,0.0,1.0,00-0039323,R.Rehkow
2025_08_NYJ_CIN,REG,8,CIN,57.0,0.0,0.0,1.0,00-0039323,R.Rehkow
2025_08_SF_HOU,REG,8,SF,46.0,0.0,1.0,1.0,00-0027114,T.Morstead
2025_08_SF_HOU,REG,8,SF,50.0,0.0,1.0,1.0,00-0027114,T.Morstead
2025_08_SF_HOU,REG,8,SF,54.0,0.0,0.0,1.0,00-0027114,T.Morstead
2025_08_SF_HOU,REG,8,SF,47.0,0.0,1.0,1.0,00-0027114,T.Morstead
2025_08_SF_HOU,REG,8,SF,41.0,0.0,0.0,1.0,00-0027114,T.Morstead
2025_08_SF_HOU,REG,8,HOU,53.0,0.0,1.0,1.0,00-0035889,T.Townsend
2025_08_SF_HOU,REG,8,HOU,43.0,0.0,0.0,1.0,00-0035889,T.Townsend
2025_08_TB_NO,REG,8,TB,42.0,0.0,0.0,1.0,00-0032943,R.Dixon
2025_08_TB_NO,REG,8,NO,33.0,0.0,1.0,1.0,00-0040654,K.Kroeger
2025_08_TB_NO,REG,8,NO,33.0,0.0,1.0,1.0,00-0040654,K.Kroeger
2025_08_TB_NO,REG,8,TB,58.0,0.0,0.0,1.0,00-0032943,R.Dixon
2025_08_TB_NO,REG,8,NO,55.0,0.0,0.0,1.0,00-0040654,K.Kroeger
2025_08_TB_NO,REG,8,TB,51.0,0.0,1.0,1.0,00-0032943,R.Dixon
2025_08_TEN_IND,REG,8,TEN,48.0,0.0,0.0,1.0,00-0028872,J.Hekker
2025_08_TEN_IND,REG,8,TEN,49.0,0.0,0.0,1.0,00-0028872,J.Hekker
2025_08_TEN_IND,REG,8,IND,49.0,0.0,0.0,1.0,00-0033269,R.Sanchez
2025_08_TEN_IND,REG,8,TEN,33.0,0.0,1.0,1.0,00-0028872,J.Hekker
2025_08_TEN_IND,REG,8,IND,48.0,0.0,0.0,1.0,00-0033269,R.Sanchez
2025_08_TEN_IND,REG,8,TEN,42.0,0.0,0.0,1.0,00-0028872,J.Hekker
2025_08_TEN_IND,REG,8,TEN,43.0,0.0,0.0,1.0,00-0028872,J.Hekker
2025_08_TEN_IND,REG,8,IND,44.0,0.0,0.0,1.0,00-0033269,R.Sanchez
2025_08_TEN_IND,REG,8,IND,48.0,0.0,1.0,1.0,00-0033269,R.Sanchez
2025_08_WAS_KC,REG,8,WAS,59.0,0.0,0.0,1.0,00-0030140,T.Way
2025_08_WAS_KC,REG,8,WAS,42.0,0.0,1.0,1.0,00-0030140,T.Way
2025_08_WAS_KC,REG,8,WAS,41.0,0.0,0.0,1.0,00-0030140,T.Way
2025_08_WAS_KC,REG,8,KC,56.0,0.0,0.0,1.0,00-0037284,M.Araiza
2025_09_ARI_DAL,REG,9,DAL,41.0,0.0,0.0,1.0,00-0029692,B.Anger
2025_09_ARI_DAL,REG,9,ARI,0.0,1.0,0.0,1.0,00-0031079,P.O'Donnell
2025_09_ARI_DAL,REG,9,ARI,47.0,0.0,0.0,1.0,00-0031079,P.O'Donnell
2025_09_ARI_DAL,REG,9,ARI,40.0,0.0,0.0,1.0,00-0031079,P.O'Donnell
2025_09_ATL_NE,REG,9,ATL,45.0,0.0,0.0,1.0,00-0032065,B.Pinion
2025_09_ATL_NE,REG,9,ATL,46.0,0.0,1.0,1.0,00-0032065,B.Pinion
2025_09_ATL_NE,REG,9,NE,57.0,0.0,0.0,1.0,00-0038610,B.Baringer
2025_09_ATL_NE,REG,9,ATL,39.0,0.0,0.0,1.0,00-0032065,B.Pinion
2025_09_ATL_NE,REG,9,ATL,45.0,0.0,0.0,1.0,00-0032065,B.Pinion
2025_09_ATL_NE,REG,9,NE,32.0,0.0,1.0,1.0,00-0038610,B.Baringer
2025_09_ATL_NE,REG,9,NE,61.0,0.0,1.0,1.0,00-0038610,B.Baringer
2025_09_ATL_NE,REG,9,ATL,42.0,0.0,1.0,1.0,00-0032065,B.Pinion
2025_09_BAL_MIA,REG,9,BAL,56.0,0.0,1.0,1.0,00-0038094,J.Stout
2025_09_BAL_MIA,REG,9,MIA,47.0,0.0,0.0,1.0,00-0035280,J.Bailey
2025_09_BAL_MIA,REG,9,BAL,60.0,0.0,0.0,1.0,00-0038094,J.Stout
2025_09_BAL_MIA,REG,9,BAL,64.0,0.0,0.0,1.0,00-0038094,J.Stout
2025_09_BAL_MIA,REG,9,BAL,63.0,0.0,1.0,1.0,00-0038094,J.Stout
2025_09_BAL_MIA,REG,9,MIA,44.0,0.0,0.0,1.0,00-0035280,J.Bailey
2025_09_BAL_MIA,REG,9,MIA,37.0,0.0,1.0,1.0,00-0035280,J.Bailey
2025_09_BAL_MIA,REG,9,BAL,39.0,0.0,1.0,1.0,00-0038094,J.Stout
2025_09_BAL_MIA,REG,9,BAL,54.0,0.0,1.0,1.0,00-0038094,J.Stout
2025_09_CAR_GB,REG,9,CAR,51.0,0.0,0.0,1.0,00-0030092,S.Martin
2025_09_CAR_GB,REG,9,CAR,38.0,0.0,1.0,1.0,00-0030092,S.Martin
2025_09_CAR_GB,REG,9,CAR,45.0,0.0,0.0,1.0,00-0030092,S.Martin
2025_09_CHI_CIN,REG,9,CIN,53.0,0.0,1.0,1.0,00-0039323,R.Rehkow
2025_09_CHI_CIN,REG,9,CHI,69.0,0.0,1.0,1.0,00-0039745,T.Taylor
2025_09_CHI_CIN,REG,9,CHI,48.0,0.0,0.0,1.0,00-0039745,T.Taylor
2025_09_DEN_HOU,REG,9,DEN,44.0,0.0,0.0,1.0,00-0040223,J.Crawshaw
2025_09_DEN_HOU,REG,9,HOU,67.0,0.0,1.0,1.0,00-0035889,T.Townsend
2025_09_DEN_HOU,REG,9,DEN,40.0,0.0,0.0,1.0,00-0040223,J.Crawshaw
2025_09_DEN_HOU,REG,9,HOU,42.0,0.0,0.0,1.0,00-0035889,T.Townsend
2025_09_DEN_HOU,REG,9,DEN,55.0,0.0,0.0,1.0,00-0040223,J.Crawshaw
2025_09_DEN_HOU,REG,9,DEN,51.0,0.0,0.0,1.0,00-0040223,J.Crawshaw
2025_09_DEN_HOU,REG,9,HOU,36.0,0.0,1.0,1.0,00-0035889,T.Townsend
2025_09_DEN_HOU,REG,9,DEN,67.0,0.0,1.0,1.0,00-0040223,J.Crawshaw
2025_09_DEN_HOU,REG,9,HOU,42.0,0.0,0.0,1.0,00-0035889,T.Townsend
2025_09_DEN_HOU,REG,9,HOU,49.0,0.0,0.0,1.0,00-0035889,T.Townsend
2025_09_DEN_HOU,REG,9,DEN,58.0,0.0,0.0,1.0,00-0040223,J.Crawshaw
2025_09_DEN_HOU,REG,9,HOU,56.0,0.0,0.0,1.0,00-0035889,T.Townsend
2025_09_DEN_HOU,REG,9,DEN,76.0,0.0,0.0,1.0,00-0040223,J.Crawshaw
2025_09_DEN_HOU,REG,9,HOU,73.0,0.0,0.0,1.0,00-0035889,T.Townsend
2025_09_DEN_HOU,REG,9,DEN,37.0,0.0,1.0,1.0,00-0040223,J.Crawshaw
2025_09_DEN_HOU,REG,9,HOU,55.0,0.0,0.0,1.0,00-0035889,T.Townsend
2025_09_IND_PIT,REG,9,PIT,45.0,0.0,0.0,1.0,00-0035821,C.Waitman
2025_09_IND_PIT,REG,9,PIT,67.0,0.0,1.0,1.0,00-0035821,C.Waitman
2025_09_IND_PIT,REG,9,IND,53.0,0.0,1.0,1.0,00-0033269,R.Sanchez
2025_09_IND_PIT,REG,9,IND,57.0,0.0,0.0,1.0,00-0033269,R.Sanchez
2025_09_IND_PIT,REG,9,PIT,37.0,0.0,0.0,1.0,00-0035821,C.Waitman
2025_09_IND_PIT,REG,9,PIT,44.0,0.0,0.0,1.0,00-0035821,C.Waitman
2025_09_IND_PIT,REG,9,PIT,59.0,0.0,1.0,1.0,00-0035821,C.Waitman
2025_09_JAX_LV,REG,9,JAX,32.0,0.0,0.0,1.0,00-0034437,L.Cooke
2025_09_JAX_LV,REG,9,LV,56.0,0.0,1.0,1.0,00-0035190,A.Cole
2025_09_JAX_LV,REG,9,JAX,41.0,0.0,1.0,1.0,00-0034437,L.Cooke
2025_09_KC_BUF,REG,9,KC,37.0,0.0,0.0,1.0,00-0037284,M.Araiza
2025_09_KC_BUF,REG,9,BUF,49.0,0.0,0.0,1.0,00-0034941,M.Wishnowsky
2025_09_KC_BUF,REG,9,KC,49.0,0.0,1.0,1.0,00-0037284,M.Araiza
2025_09_KC_BUF,REG,9,BUF,37.0,0.0,1.0,1.0,00-0034941,M.Wishnowsky
2025_09_KC_BUF,REG,9,KC,60.0,0.0,0.0,1.0,00-0037284,M.Araiza
2025_09_KC_BUF,REG,9,BUF,40.0,0.0,1.0,1.0,00-0034941,M.Wishnowsky
2025_09_LAC_TEN,REG,9,TEN,33.0,0.0,1.0,1.0,00-0028872,J.Hekker
2025_09_LAC_TEN,REG,9,TEN,37.0,0.0,1.0,1.0,00-0028872,J.Hekker
2025_09_LAC_TEN,REG,9,LAC,60.0,0.0,0.0,1.0,00-0034162,J.Scott
2025_09_LAC_TEN,REG,9,TEN,41.0,0.0,0.0,1.0,00-0028872,J.Hekker
2025_09_LAC_TEN,REG,9,LAC,46.0,0.0,0.0,1.0,00-0034162,J.Scott
2025_09_LAC_TEN,REG,9,TEN,35.0,0.0,0.0,1.0,00-0028872,J.Hekker
2025_09_LAC_TEN,REG,9,LAC,56.0,0.0,0.0,1.0,00-0034162,J.Scott
2025_09_LAC_TEN,REG,9,TEN,41.0,0.0,0.0,1.0,00-0028872,J.Hekker
2025_09_LAC_TEN,REG,9,LAC,47.0,0.0,0.0,1.0,00-0034162,J.Scott
2025_09_MIN_DET,REG,9,DET,43.0,0.0,0.0,1.0,00-0035156,J.Fox
2025_09_MIN_DET,REG,9,DET,43.0,0.0,1.0,1.0,00-0035156,J.Fox
2025_09_MIN_DET,REG,9,MIN,44.0,0.0,0.0,1.0,00-0037500,R.Wright
2025_09_MIN_DET,REG,9,DET,40.0,0.0,0.0,1.0,00-0035156,J.Fox
2025_09_MIN_DET,REG,9,DET,58.0,0.0,1.0,1.0,00-0035156,J.Fox
2025_09_MIN_DET,REG,9,MIN,42.0,0.0,1.0,1.0,00-0037500,R.Wright
2025_09_MIN_DET,REG,9,DET,54.0,0.0,0.0,1.0,00-0035156,J.Fox
2025_09_MIN_DET,REG,9,MIN,39.0,0.0,1.0,1.0,00-0037500,R.Wright
2025_09_MIN_DET,REG,9,MIN,51.0,0.0,0.0,1.0,00-0037500,R.Wright
2025_09_NO_LA,REG,9,NO,49.0,0.0,1.0,1.0,00-0040654,K.Kroeger
2025_09_NO_LA,REG,9,NO,40.0,0.0,0.0,1.0,00-0040654,K.Kroeger
2025_09_NO_LA,REG,9,LAR,50.0,0.0,1.0,1.0,00-0039059,E.Evans
2025_09_NO_LA,REG,9,NO,49.0,0.0,0.0,1.0,00-0040654,K.Kroeger
2025_09_NO_LA,REG,9,NO,46.0,0.0,1.0,1.0,00-0040654,K.Kroeger
2025_09_NO_LA,REG,9,LAR,50.0,0.0,0.0,1.0,00-0039059,E.Evans
2025_09_SEA_WAS,REG,9,WAS,52.0,0.0,1.0,1.0,00-0030140,T.Way
2025_09_SEA_WAS,REG,9,WAS,63.0,0.0,1.0,1.0,00-0030140,T.Way
2025_09_SEA_WAS,REG,9,SEA,54.0,0.0,0.0,1.0,00-0034160,M.Dickson
2025_09_SEA_WAS,REG,9,WAS,40.0,0.0,1.0,1.0,00-0030140,T.Way
2025_09_SEA_WAS,REG,9,WAS,36.0,0.0,1.0,1.0,00-0030140,T.Way
2025_09_SEA_WAS,REG,9,SEA,43.0,0.0,0.0,1.0,00-0034160,M.Dickson
2025_09_SEA_WAS,REG,9,SEA,58.0,0.0,1.0,1.0,00-0034160,M.Dickson
2025_09_SF_NYG,REG,9,NYG,60.0,0.0,0.0,1.0,00-0035042,J.Gillan
2025_09_SF_NYG,REG,9,NYG,32.0,0.0,1.0,1.0,00-0035042,J.Gillan
2025_09_SF_NYG,REG,9,SF,37.0,0.0,1.0,1.0,00-0027114,T.Morstead
2025_09_SF_NYG,REG,9,NYG,45.0,0.0,0.0,1.0,00-0035042,J.Gillan
2025_09_SF_NYG,REG,9,NYG,52.0,0.0,0.0,1.0,00-0035042,J.Gillan
2025_09_SF_NYG,REG,9,SF,50.0,0.0,0.0,1.0,00-0027114,T.Morstead
2025_09_SF_NYG,REG,9,NYG,44.0,0.0,0.0,1.0,00-0035042,J.Gillan
2025_10_ARI_SEA,REG,10,ARI,39.0,0.0,1.0,1.0,00-0031079,P.O'Donnell
2025_10_ARI_SEA,REG,10,ARI,40.0,0.0,0.0,1.0,00-0031079,P.O'Donnell
2025_10_ARI_SEA,REG,10,ARI,39.0,0.0,1.0,1.0,00-0031079,P.O'Donnell
2025_10_ARI_SEA,REG,10,ARI,45.0,0.0,0.0,1.0,00-0031079,P.O'Donnell
2025_10_ATL_IND,REG,10,ATL,43.0,0.0,1.0,1.0,00-0032065,B.Pinion
2025_10_ATL_IND,REG,10,ATL,46.0,0.0,1.0,1.0,00-0032065,B.Pinion
2025_10_ATL_IND,REG,10,IND,44.0,0.0,0.0,1.0,00-0033269,R.Sanchez
2025_10_ATL_IND,REG,10,ATL,41.0,0.0,1.0,1.0,00-0032065,B.Pinion
2025_10_ATL_IND,REG,10,ATL,43.0,0.0,0.0,1.0,00-0032065,B.Pinion
2025_10_ATL_IND,REG,10,ATL,50.0,0.0,1.0,1.0,00-0032065,B.Pinion
2025_10_ATL_IND,REG,10,ATL,40.0,0.0,0.0,1.0,00-0032065,B.Pinion
2025_10_BAL_MIN,REG,10,BAL,52.0,0.0,1.0,1.0,00-0038094,J.Stout
2025_10_BAL_MIN,REG,10,MIN,48.0,0.0,1.0,1.0,00-0037500,R.Wright
2025_10_BAL_MIN,REG,10,BAL,39.0,0.0,0.0,1.0,00-0038094,J.Stout
2025_10_BAL_MIN,REG,10,BAL,49.0,0.0,1.0,1.0,00-0038094,J.Stout
2025_10_BAL_MIN,REG,10,MIN,54.0,0.0,0.0,1.0,00-0037500,R.Wright
2025_10_BAL_MIN,REG,10,BAL,58.0,0.0,0.0,1.0,00-0038094,J.Stout
2025_10_BAL_MIN,REG,10,BAL,50.0,0.0,1.0,1.0,00-0038094,J.Stout
2025_10_BUF_MIA,REG,10,BUF,58.0,0.0,1.0,1.0,00-0034941,M.Wishnowsky
2025_10_BUF_MIA,REG,10,BUF,46.0,0.0,0.0,1.0,00-0034941,M.Wishnowsky
2025_10_BUF_MIA,REG,10,MIA,61.0,0.0,1.0,1.0,00-0035280,J.Bailey
2025_10_BUF_MIA,REG,10,BUF,52.0,0.0,0.0,1.0,00-0034941,M.Wishnowsky
2025_10_BUF_MIA,REG,10,MIA,53.0,0.0,0.0,1.0,00-0035280,J.Bailey
2025_10_BUF_MIA,REG,10,MIA,39.0,0.0,1.0,1.0,00-0035280,J.Bailey
2025_10_BUF_MIA,REG,10,BUF,61.0,0.0,1.0,1.0,00-0034941,M.Wishnowsky
2025_10_CLE_NYJ,REG,10,CLE,49.0,0.0,0.0,1.0,00-0034721,C.Bojorquez
2025_10_CLE_NYJ,REG,10,NYJ,52.0,0.0,1.0,1.0,00-0039634,A.McNamara
2025_10_CLE_NYJ,REG,10,CLE,45.0,0.0,0.0,1.0,00-0034721,C.Bojorquez
2025_10_CLE_NYJ,REG,10,CLE,47.0,0.0,0.0,1.0,00-0034721,C.Bojorquez
2025_10_CLE_NYJ,REG,10,NYJ,46.0,0.0,0.0,1.0,00-0039634,A.McNamara
2025_10_CLE_NYJ,REG,10,CLE,60.0,0.0,0.0,1.0,00-0034721,C.Bojorquez
2025_10_CLE_NYJ,REG,10,CLE,56.0,0.0,0.0,1.0,00-0034721,C.Bojorquez
2025_10_CLE_NYJ,REG,10,NYJ,55.0,0.0,0.0,1.0,00-0039634,A.McNamara
2025_10_CLE_NYJ,REG,10,NYJ,48.0,0.0,1.0,1.0,00-0039634,A.McNamara
2025_10_CLE_NYJ,REG,10,CLE,36.0,0.0,0.0,1.0,00-0034721,C.Bojorquez
2025_10_CLE_NYJ,REG,10,NYJ,48.0,0.0,1.0,1.0,00-0039634,A.McNamara
2025_10_CLE_NYJ,REG,10,CLE,58.0,0.0,0.0,1.0,00-0034721,C.Bojorquez
2025_10_DET_WAS,REG,10,WAS,50.0,0.0,0.0,1.0,00-0030140,T.Way
2025_10_DET_WAS,REG,10,WAS,47.0,0.0,1.0,1.0,00-0030140,T.Way
2025_10_DET_WAS,REG,10,WAS,56.0,0.0,1.0,1.0,00-0030140,T.Way
2025_10_DET_WAS,REG,10,WAS,47.0,0.0,0.0,1.0,00-0030140,T.Way
2025_10_JAX_HOU,REG,10,HOU,40.0,0.0,0.0,1.0,00-0035889,T.Townsend
2025_10_JAX_HOU,REG,10,JAX,53.0,0.0,1.0,1.0,00-0034437,L.Cooke
2025_10_JAX_HOU,REG,10,HOU,68.0,0.0,0.0,1.0,00-0035889,T.Townsend
2025_10_JAX_HOU,REG,10,JAX,42.0,0.0,0.0,1.0,00-0034437,L.Cooke
2025_10_JAX_HOU,REG,10,JAX,42.0,0.0,1.0,1.0,00-0034437,L.Cooke
2025_10_LA_SF,REG,10,SF,48.0,0.0,1.0,1.0,00-0027114,T.Morstead
2025_10_LA_SF,REG,10,LAR,48.0,0.0,0.0,1.0,00-0039059,E.Evans
2025_10_LA_SF,REG,10,LAR,25.0,0.0,1.0,1.0,00-0039059,E.Evans
2025_10_LA_SF,REG,10,SF,39.0,0.0,1.0,1.0,00-0027114,T.Morstead
2025_10_LV_DEN,REG,10,LV,40.0,0.0,1.0,1.0,00-0035190,A.Cole
2025_10_LV_DEN,REG,10,DEN,30.0,0.0,0.0,1.0,00-0040223,J.Crawshaw
2025_10_LV_DEN,REG,10,DEN,51.0,0.0,0.0,1.0,00-0040223,J.Crawshaw
2025_10_LV_DEN,REG,10,LV,43.0,0.0,0.0,1.0,00-0035190,A.Cole
2025_10_LV_DEN,REG,10,DEN,36.0,0.0,0.0,1.0,00-0040223,J.Crawshaw
2025_10_LV_DEN,REG,10,LV,40.0,0.0,1.0,1.0,00-0035190,A.Cole
2025_10_LV_DEN,REG,10,DEN,38.0,0.0,0.0,1.0,00-0040223,J.Crawshaw
2025_10_LV_DEN,REG,10,LV,39.0,0.0,0.0,1.0,00-0035190,A.Cole
2025_10_LV_DEN,REG,10,DEN,54.0,0.0,0.0,1.0,00-0040223,J.Crawshaw
2025_10_LV_DEN,REG,10,LV,47.0,0.0,1.0,1.0,00-0035190,A.Cole
2025_10_LV_DEN,REG,10,DEN,39.0,0.0,0.0,1.0,00-0040223,J.Crawshaw
2025_10_LV_DEN,REG,10,LV,0.0,1.0,0.0,1.0,00-0035190,A.Cole
2025_10_LV_DEN,REG,10,LV,42.0,0.0,0.0,1.0,00-0035190,A.Cole
2025_10_LV_DEN,REG,10,DEN,45.0,0.0,0.0,1.0,00-0040223,J.Crawshaw
2025_10_LV_DEN,REG,10,LV,48.0,0.0,0.0,1.0,00-0035190,A.Cole
2025_10_NE_TB,REG,10,NE,55.0,0.0,0.0,1.0,00-0038610,B.Baringer
2025_10_NE_TB,REG,10,TB,48.0,0.0,1.0,1.0,00-0032943,R.Dixon
2025_10_NE_TB,REG,10,NE,38.0,0.0,0.0,1.0,00-0038610,B.Baringer
2025_10_NE_TB,REG,10,TB,44.0,0.0,0.0,1.0,00-0032943,R.Dixon
2025_10_NE_TB,REG,10,TB,48.0,0.0,1.0,1.0,00-0032943,R.Dixon
2025_10_NE_TB,REG,10,NE,44.0,0.0,0.0,1.0,00-0038610,B.Baringer
2025_10_NE_TB,REG,10,TB,36.0,0.0,0.0,1.0,00-0032943,R.Dixon
2025_10_NE_TB,REG,10,NE,59.0,0.0,1.0,1.0,00-0038610,B.Baringer
2025_10_NE_TB,REG,10,TB,50.0,0.0,0.0,1.0,00-0032943,R.Dixon
2025_10_NE_TB,REG,10,NE,52.0,0.0,0.0,1.0,00-0038610,B.Baringer
2025_10_NE_TB,REG,10,TB,32.0,0.0,0.0,1.0,00-0032943,R.Dixon
2025_10_NO_CAR,REG,10,CAR,51.0,0.0,1.0,1.0,00-0030092,S.Martin
2025_10_NO_CAR,REG,10,NO,54.0,0.0,0.0,1.0,00-0040654,K.Kroeger
2025_10_NO_CAR,REG,10,CAR,47.0,0.0,0.0,1.0,00-0030092,S.Martin
2025_10_NO_CAR,REG,10,CAR,47.0,0.0,1.0,1.0,00-0030092,S.Martin
2025_10_NO_CAR,REG,10,NO,52.0,0.0,1.0,1.0,00-0040654,K.Kroeger
2025_10_NO_CAR,REG,10,CAR,59.0,0.0,0.0,1.0,00-0030092,S.Martin
2025_10_NO_CAR,REG,10,NO,26.0,0.0,1.0,1.0,00-0040654,K.Kroeger
2025_10_NO_CAR,REG,10,NO,45.0,0.0,1.0,1.0,00-0040654,K.Kroeger
2025_10_NYG_CHI,REG,10,NYG,54.0,0.0,0.0,1.0,00-0035042,J.Gillan
2025_10_NYG_CHI,REG,10,CHI,51.0,0.0,0.0,1.0,00-0039745,T.Taylor
2025_10_NYG_CHI,REG,10,CHI,25.0,0.0,1.0,1.0,00-0039745,T.Taylor
2025_10_NYG_CHI,REG,10,CHI,59.0,0.0,0.0,1.0,00-0039745,T.Taylor
2025_10_NYG_CHI,REG,10,NYG,30.0,0.0,1.0,1.0,00-0035042,J.Gillan
2025_10_NYG_CHI,REG,10,NYG,26.0,0.0,0.0,1.0,00-0035042,J.Gillan
2025_10_PHI_GB,REG,10,GB,40.0,0.0,1.0,1.0,00-0037547,D.Whelan
2025_10_PHI_GB,REG,10,GB,56.0,0.0,0.0,1.0,00-0037547,D.Whelan
2025_10_PHI_GB,REG,10,PHI,66.0,0.0,0.0,1.0,00-0036313,B.Mann
2025_10_PHI_GB,REG,10,GB,59.0,0.0,0.0,1.0,00-0037547,D.Whelan
2025_10_PHI_GB,REG,10,PHI,31.0,0.0,0.0,1.0,00-0036313,B.Mann
2025_10_PHI_GB,REG,10,GB,44.0,0.0,0.0,1.0,00-0037547,D.Whelan
2025_10_PHI_GB,REG,10,PHI,45.0,0.0,0.0,1.0,00-0036313,B.Mann
2025_10_PHI_GB,REG,10,PHI,58.0,0.0,0.0,1.0,00-0036313,B.Mann
2025_10_PHI_GB,REG,10,GB,40.0,0.0,0.0,1.0,00-0037547,D.Whelan
2025_10_PHI_GB,REG,10,PHI,38.0,0.0,1.0,1.0,00-0036313,B.Mann
2025_10_PIT_LAC,REG,10,PIT,43.0,0.0,1.0,1.0,00-0035821,C.Waitman
2025_10_PIT_LAC,REG,10,LAC,34.0,0.0,0.0,1.0,00-0034162,J.Scott
2025_10_PIT_LAC,REG,10,LAC,45.0,0.0,1.0,1.0,00-0034162,J.Scott
2025_10_PIT_LAC,REG,10,LAC,55.0,0.0,0.0,1.0,00-0034162,J.Scott
2025_10_PIT_LAC,REG,10,PIT,51.0,0.0,1.0,1.0,00-0035821,C.Waitman
2025_10_PIT_LAC,REG,10,LAC,48.0,0.0,0.0,1.0,00-0034162,J.Scott
2025_10_PIT_LAC,REG,10,LAC,50.0,0.0,1.0,1.0,00-0034162,J.Scott
2025_10_PIT_LAC,REG,10,PIT,45.0,0.0,0.0,1.0,00-0035821,C.Waitman
2025_10_PIT_LAC,REG,10,PIT,44.0,0.0,0.0,1.0,00-0035821,C.Waitman
2025_10_PIT_LAC,REG,10,LAC,31.0,0.0,1.0,1.0,00-0034162,J.Scott
2025_11_BAL_CLE,REG,11,CLE,63.0,0.0,0.0,1.0,00-0034721,C.Bojorquez
2025_11_BAL_CLE,REG,11,BAL,50.0,0.0,0.0,1.0,00-0038094,J.Stout
2025_11_BAL_CLE,REG,11,CLE,54.0,0.0,1.0,1.0,00-0034721,C.Bojorquez
2025_11_BAL_CLE,REG,11,BAL,52.0,0.0,1.0,1.0,00-0038094,J.Stout
2025_11_BAL_CLE,REG,11,BAL,48.0,0.0,0.0,1.0,00-0038094,J.Stout
2025_11_BAL_CLE,REG,11,CLE,53.0,0.0,0.0,1.0,00-0034721,C.Bojorquez
2025_11_BAL_CLE,REG,11,BAL,26.0,0.0,1.0,1.0,00-0038094,J.Stout
2025_11_BAL_CLE,REG,11,CLE,50.0,0.0,0.0,1.0,00-0034721,C.Bojorquez
2025_11_BAL_CLE,REG,11,CLE,40.0,0.0,0.0,1.0,00-0034721,C.Bojorquez
2025_11_BAL_CLE,REG,11,CLE,39.0,0.0,0.0,1.0,00-0034721,C.Bojorquez
2025_11_CAR_ATL,REG,11,ATL,55.0,0.0,0.0,1.0,00-0032065,B.Pinion
2025_11_CAR_ATL,REG,11,CAR,49.0,0.0,1.0,1.0,00-0030092,S.Martin
2025_11_CAR_ATL,REG,11,CAR,50.0,0.0,0.0,1.0,00-0030092,S.Martin
2025_11_CAR_ATL,REG,11,ATL,52.0,0.0,0.0,1.0,00-0032065,B.Pinion
2025_11_CAR_ATL,REG,11,ATL,43.0,0.0,1.0,1.0,00-0032065,B.Pinion
2025_11_CAR_ATL,REG,11,CAR,41.0,0.0,1.0,1.0,00-0030092,S.Martin
2025_11_CAR_ATL,REG,11,ATL,54.0,0.0,1.0,1.0,00-0032065,B.Pinion
2025_11_CAR_ATL,REG,11,ATL,51.0,0.0,0.0,1.0,00-0032065,B.Pinion
2025_11_CHI_MIN,REG,11,MIN,42.0,0.0,1.0,1.0,00-0037500,R.Wright
2025_11_CHI_MIN,REG,11,CHI,53.0,0.0,0.0,1.0,00-0039745,T.Taylor
2025_11_CHI_MIN,REG,11,MIN,61.0,0.0,0.0,1.0,00-0037500,R.Wright
2025_11_CHI_MIN,REG,11,CHI,57.0,0.0,0.0,1.0,00-0039745,T.Taylor
2025_11_CHI_MIN,REG,11,CHI,45.0,0.0,1.0,1.0,00-0039745,T.Taylor
2025_11_CHI_MIN,REG,11,MIN,41.0,0.0,0.0,1.0,00-0037500,R.Wright
2025_11_CHI_MIN,REG,11,CHI,50.0,0.0,0.0,1.0,00-0039745,T.Taylor
2025_11_CHI_MIN,REG,11,MIN,52.0,0.0,0.0,1.0,00-0037500,R.Wright
2025_11_CHI_MIN,REG,11,MIN,56.0,0.0,0.0,1.0,00-0037500,R.Wright
2025_11_CHI_MIN,REG,11,CHI,48.0,0.0,0.0,1.0,00-0039745,T.Taylor
2025_11_CHI_MIN,REG,11,MIN,45.0,0.0,1.0,1.0,00-0037500,R.Wright
2025_11_CHI_MIN,REG,11,CHI,33.0,0.0,1.0,1.0,00-0039745,T.Taylor
2025_11_CIN_PIT,REG,11,PIT,44.0,0.0,1.0,1.0,00-0035821,C.Waitman
2025_11_CIN_PIT,REG,11,CIN,55.0,0.0,0.0,1.0,00-0039323,R.Rehkow
2025_11_CIN_PIT,REG,11,PIT,47.0,0.0,0.0,1.0,00-0035821,C.Waitman
2025_11_CIN_PIT,REG,11,CIN,61.0,0.0,0.0,1.0,00-0039323,R.Rehkow
2025_11_CIN_PIT,REG,11,PIT,42.0,0.0,1.0,1.0,00-0035821,C.Waitman
2025_11_CIN_PIT,REG,11,CIN,55.0,0.0,1.0,1.0,00-0039323,R.Rehkow
2025_11_DAL_LV,REG,11,DAL,44.0,0.0,0.0,1.0,00-0029692,B.Anger
2025_11_DAL_LV,REG,11,LV,43.0,0.0,1.0,1.0,00-0035190,A.Cole
2025_11_DAL_LV,REG,11,LV,53.0,0.0,0.0,1.0,00-0035190,A.Cole
2025_11_DAL_LV,REG,11,LV,64.0,0.0,0.0,1.0,00-0035190,A.Cole
2025_11_DAL_LV,REG,11,DAL,49.0,0.0,1.0,1.0,00-0029692,B.Anger
2025_11_DET_PHI,REG,11,PHI,42.0,0.0,1.0,1.0,00-0036313,B.Mann
2025_11_DET_PHI,REG,11,DET,55.0,0.0,0.0,1.0,00-0035156,J.Fox
2025_11_DET_PHI,REG,11,PHI,46.0,0.0,1.0,1.0,00-0036313,B.Mann
2025_11_DET_PHI,REG,11,DET,30.0,0.0,1.0,1.0,00-0035156,J.Fox
2025_11_DET_PHI,REG,11,PHI,44.0,0.0,0.0,1.0,00-0036313,B.Mann
2025_11_DET_PHI,REG,11,PHI,28.0,0.0,0.0,1.0,00-0036313,B.Mann
2025_11_DET_PHI,REG,11,PHI,40.0,0.0,0.0,1.0,00-0036313,B.Mann
2025_11_DET_PHI,REG,11,PHI,41.0,0.0,1.0,1.0,00-0036313,B.Mann
2025_11_DET_PHI,REG,11,DET,46.0,0.0,1.0,1.0,00-0035156,J.Fox
2025_11_DET_PHI,REG,11,PHI,48.0,0.0,1.0,1.0,00-0036313,B.Mann
2025_11_DET_PHI,REG,11,DET,38.0,0.0,0.0,1.0,00-0035156,J.Fox
2025_11_GB_NYG,REG,11,GB,34.0,0.0,1.0,1.0,00-0037547,D.Whelan
2025_11_GB_NYG,REG,11,NYG,46.0,0.0,0.0,1.0,00-0035042,J.Gillan
2025_11_GB_NYG,REG,11,NYG,44.0,0.0,0.0,1.0,00-0035042,J.Gillan
2025_11_GB_NYG,REG,11,GB,40.0,0.0,0.0,1.0,00-0037547,D.Whelan
2025_11_GB_NYG,REG,11,GB,60.0,0.0,1.0,1.0,00-0037547,D.Whelan
2025_11_GB_NYG,REG,11,GB,61.0,0.0,0.0,1.0,00-0037547,D.Whelan
2025_11_HOU_TEN,REG,11,HOU,36.0,0.0,1.0,1.0,00-0035889,T.Townsend
2025_11_HOU_TEN,REG,11,TEN,52.0,0.0,0.0,1.0,00-0028872,J.Hekker
2025_11_HOU_TEN,REG,11,HOU,38.0,0.0,0.0,1.0,00-0035889,T.Townsend
2025_11_HOU_TEN,REG,11,TEN,43.0,0.0,0.0,1.0,00-0028872,J.Hekker
2025_11_HOU_TEN,REG,11,HOU,38.0,0.0,1.0,1.0,00-0035889,T.Townsend
2025_11_HOU_TEN,REG,11,TEN,45.0,0.0,0.0,1.0,00-0028872,J.Hekker
2025_11_HOU_TEN,REG,11,TEN,49.0,0.0,1.0,1.0,00-0028872,J.Hekker
2025_11_HOU_TEN,REG,11,TEN,54.0,0.0,0.0,1.0,00-0028872,J.Hekker
2025_11_HOU_TEN,REG,11,HOU,45.0,0.0,1.0,1.0,00-0035889,T.Townsend
2025_11_HOU_TEN,REG,11,TEN,62.0,0.0,0.0,1.0,00-0028872,J.Hekker
2025_11_HOU_TEN,REG,11,HOU,51.0,0.0,1.0,1.0,00-0035889,T.Townsend
2025_11_KC_DEN,REG,11,KC,52.0,0.0,0.0,1.0,00-0037284,M.Araiza
2025_11_KC_DEN,REG,11,DEN,58.0,0.0,1.0,1.0,00-0040223,J.Crawshaw
2025_11_KC_DEN,REG,11,DEN,44.0,0.0,1.0,1.0,00-0040223,J.Crawshaw
2025_11_KC_DEN,REG,11,KC,61.0,0.0,0.0,1.0,00-0037284,M.Araiza
2025_11_KC_DEN,REG,11,DEN,52.0,0.0,0.0,1.0,00-0040223,J.Crawshaw
2025_11_KC_DEN,REG,11,DEN,57.0,0.0,1.0,1.0,00-0040223,J.Crawshaw
2025_11_KC_DEN,REG,11,KC,59.0,0.0,0.0,1.0,00-0037284,M.Araiza
2025_11_KC_DEN,REG,11,KC,66.0,0.0,0.0,1.0,00-0037284,M.Araiza
2025_11_LAC_JAX,REG,11,LAC,57.0,0.0,1.0,1.0,00-0034162,J.Scott
2025_11_LAC_JAX,REG,11,LAC,51.0,0.0,0.0,1.0,00-0034162,J.Scott
2025_11_LAC_JAX,REG,11,LAC,41.0,0.0,1.0,1.0,00-0034162,J.Scott
2025_11_LAC_JAX,REG,11,LAC,46.0,0.0,0.0,1.0,00-0034162,J.Scott
2025_11_NYJ_NE,REG,11,NYJ,45.0,0.0,1.0,1.0,00-0039634,A.McNamara
2025_11_NYJ_NE,REG,11,NYJ,41.0,0.0,1.0,1.0,00-0039634,A.McNamara
2025_11_NYJ_NE,REG,11,NE,56.0,0.0,1.0,1.0,00-0038610,B.Baringer
2025_11_NYJ_NE,REG,11,NYJ,44.0,0.0,0.0,1.0,00-0039634,A.McNamara
2025_11_NYJ_NE,REG,11,NE,50.0,0.0,0.0,1.0,00-0038610,B.Baringer
2025_11_NYJ_NE,REG,11,NYJ,33.0,0.0,0.0,1.0,00-0039634,A.McNamara
2025_11_NYJ_NE,REG,11,NYJ,64.0,0.0,0.0,1.0,00-0039634,A.McNamara
2025_11_NYJ_NE,REG,11,NE,47.0,0.0,1.0,1.0,00-0038610,B.Baringer
2025_11_SEA_LA,REG,11,LAR,44.0,0.0,1.0,1.0,00-0039059,E.Evans
2025_11_SEA_LA,REG,11,LAR,44.0,0.0,0.0,1.0,00-0039059,E.Evans
2025_11_SEA_LA,REG,11,SEA,48.0,0.0,1.0,1.0,00-0034160,M.Dickson
2025_11_SEA_LA,REG,11,LAR,31.0,0.0,0.0,1.0,00-0039059,E.Evans
2025_11_SEA_LA,REG,11,LAR,32.0,0.0,1.0,1.0,00-0039059,E.Evans
2025_11_SEA_LA,REG,11,SEA,55.0,0.0,0.0,1.0,00-0034160,M.Dickson
2025_11_SEA_LA,REG,11,LAR,52.0,0.0,1.0,1.0,00-0039059,E.Evans
2025_11_SEA_LA,REG,11,LAR,50.0,0.0,1.0,1.0,00-0039059,E.Evans
2025_11_SF_ARI,REG,11,ARI,31.0,0.0,0.0,1.0,00-0031079,P.O'Donnell
2025_11_SF_ARI,REG,11,SF,49.0,0.0,0.0,1.0,00-0027114,T.Morstead
2025_11_SF_ARI,REG,11,SF,35.0,0.0,1.0,1.0,00-0027114,T.Morstead
2025_11_SF_ARI,REG,11,ARI,45.0,0.0,0.0,1.0,00-0031079,P.O'Donnell
2025_11_SF_ARI,REG,11,ARI,46.0,0.0,0.0,1.0,00-0031079,P.O'Donnell
2025_11_SF_ARI,REG,11,SF,55.0,0.0,0.0,1.0,00-0027114,T.Morstead
2025_11_TB_BUF,REG,11,TB,34.0,0.0,1.0,1.0,00-0032943,R.Dixon
2025_11_TB_BUF,REG,11,TB,35.0,0.0,1.0,1.0,00-0032943,R.Dixon
2025_11_TB_BUF,REG,11,BUF,51.0,0.0,1.0,1.0,00-0034941,M.Wishnowsky
2025_11_TB_BUF,REG,11,TB,46.0,0.0,0.0,1.0,00-0032943,R.Dixon
2025_11_TB_BUF,REG,11,TB,46.0,0.0,1.0,1.0,00-0032943,R.Dixon
2025_11_TB_BUF,REG,11,BUF,32.0,0.0,0.0,1.0,00-0034941,M.Wishnowsky
2025_11_WAS_MIA,REG,11,MIA,55.0,0.0,1.0,1.0,00-0035280,J.Bailey
2025_11_WAS_MIA,REG,11,WAS,41.0,0.0,0.0,1.0,00-0030140,T.Way
2025_11_WAS_MIA,REG,11,MIA,51.0,0.0,0.0,1.0,00-0035280,J.Bailey
2025_12_ATL_NO,REG,12,ATL,41.0,0.0,0.0,1.0,00-0032065,B.Pinion
2025_12_ATL_NO,REG,12,ATL,48.0,0.0,1.0,1.0,00-0032065,B.Pinion
2025_12_ATL_NO,REG,12,NO,39.0,0.0,0.0,1.0,00-0040654,K.Kroeger
2025_12_ATL_NO,REG,12,NO,35.0,0.0,1.0,1.0,00-0040654,K.Kroeger
2025_12_ATL_NO,REG,12,ATL,47.0,0.0,0.0,1.0,00-0032065,B.Pinion
2025_12_ATL_NO,REG,12,NO,32.0,0.0,0.0,1.0,00-0040654,K.Kroeger
2025_12_ATL_NO,REG,12,ATL,43.0,0.0,1.0,1.0,00-0032065,B.Pinion
2025_12_ATL_NO,REG,12,ATL,31.0,0.0,1.0,1.0,00-0032065,B.Pinion
2025_12_BUF_HOU,REG,12,HOU,43.0,0.0,0.0,1.0,00-0035889,T.Townsend
2025_12_BUF_HOU,REG,12,BUF,48.0,0.0,0.0,1.0,00-0034941,M.Wishnowsky
2025_12_BUF_HOU,REG,12,HOU,57.0,0.0,1.0,1.0,00-0035889,T.Townsend
2025_12_BUF_HOU,REG,12,BUF,44.0,0.0,0.0,1.0,00-0034941,M.Wishnowsky
2025_12_BUF_HOU,REG,12,HOU,56.0,0.0,1.0,1.0,00-0035889,T.Townsend
2025_12_BUF_HOU,REG,12,BUF,44.0,0.0,0.0,1.0,00-0034941,M.Wishnowsky
2025_12_BUF_HOU,REG,12,HOU,42.0,0.0,1.0,1.0,00-0035889,T.Townsend
2025_12_BUF_HOU,REG,12,HOU,47.0,0.0,0.0,1.0,00-0035889,T.Townsend
2025_12_BUF_HOU,REG,12,HOU,41.0,0.0,1.0,1.0,00-0035889,T.Townsend
2025_12_CAR_SF,REG,12,CAR,50.0,0.0,1.0,1.0,00-0030092,S.Martin
2025_12_CAR_SF,REG,12,CAR,55.0,0.0,1.0,1.0,00-0030092,S.Martin
2025_12_CAR_SF,REG,12,CAR,44.0,0.0,0.0,1.0,00-0030092,S.Martin
2025_12_CAR_SF,REG,12,CAR,52.0,0.0,0.0,1.0,00-0030092,S.Martin
2025_12_CAR_SF,REG,12,SF,40.0,0.0,0.0,1.0,00-0027114,T.Morstead
2025_12_CLE_LV,REG,12,CLE,46.0,0.0,1.0,1.0,00-0034721,C.Bojorquez
2025_12_CLE_LV,REG,12,LV,54.0,0.0,0.0,1.0,00-0035190,A.Cole
2025_12_CLE_LV,REG,12,LV,34.0,0.0,0.0,1.0,00-0035190,A.Cole
2025_12_CLE_LV,REG,12,CLE,40.0,0.0,0.0,1.0,00-0034721,C.Bojorquez
2025_12_CLE_LV,REG,12,LV,41.0,0.0,0.0,1.0,00-0035190,A.Cole
2025_12_CLE_LV,REG,12,CLE,39.0,0.0,0.0,1.0,00-0034721,C.Bojorquez
2025_12_CLE_LV,REG,12,LV,50.0,0.0,0.0,1.0,00-0035190,A.Cole
2025_12_CLE_LV,REG,12,LV,56.0,0.0,0.0,1.0,00-0035190,A.Cole
2025_12_CLE_LV,REG,12,CLE,43.0,0.0,0.0,1.0,00-0034721,C.Bojorquez
2025_12_CLE_LV,REG,12,LV,50.0,0.0,1.0,1.0,00-0035190,A.Cole
2025_12_CLE_LV,REG,12,CLE,46.0,0.0,0.0,1.0,00-0034721,C.Bojorquez
2025_12_CLE_LV,REG,12,LV,53.0,0.0,0.0,1.0,00-0035190,A.Cole
2025_12_CLE_LV,REG,12,CLE,44.0,0.0,0.0,1.0,00-0034721,C.Bojorquez
2025_12_CLE_LV,REG,12,LV,36.0,0.0,0.0,1.0,00-0035190,A.Cole
2025_12_CLE_LV,REG,12,CLE,41.0,0.0,0.0,1.0,00-0034721,C.Bojorquez
2025_12_CLE_LV,REG,12,CLE,19.0,0.0,1.0,1.0,00-0034721,C.Bojorquez
2025_12_IND_KC,REG,12,IND,48.0,0.0,1.0,1.0,00-0033269,R.Sanchez
2025_12_IND_KC,REG,12,IND,50.0,0.0,1.0,1.0,00-0033269,R.Sanchez
2025_12_IND_KC,REG,12,KC,48.0,0.0,0.0,1.0,00-0037284,M.Araiza
2025_12_IND_KC,REG,12,KC,50.0,0.0,0.0,1.0,00-0037284,M.Araiza
2025_12_IND_KC,REG,12,IND,59.0,0.0,0.0,1.0,00-0033269,R.Sanchez
2025_12_IND_KC,REG,12,IND,48.0,0.0,1.0,1.0,00-0033269,R.Sanchez
2025_12_IND_KC,REG,12,KC,49.0,0.0,0.0,1.0,00-0037284,M.Araiza
2025_12_IND_KC,REG,12,IND,39.0,0.0,1.0,1.0,00-0033269,R.Sanchez
2025_12_IND_KC,REG,12,IND,50.0,0.0,1.0,1.0,00-0033269,R.Sanchez
2025_12_JAX_ARI,REG,12,ARI,51.0,0.0,1.0,1.0,00-0033400,M.Haack
2025_12_JAX_ARI,REG,12,ARI,38.0,0.0,1.0,1.0,00-0033400,M.Haack
2025_12_JAX_ARI,REG,12,JAX,48.0,0.0,1.0,1.0,00-0034437,L.Cooke
2025_12_JAX_ARI,REG,12,ARI,54.0,0.0,0.0,1.0,00-0033400,M.Haack
2025_12_JAX_ARI,REG,12,ARI,53.0,0.0,0.0,1.0,00-0033400,M.Haack
2025_12_JAX_ARI,REG,12,ARI,38.0,0.0,1.0,1.0,00-0033400,M.Haack
2025_12_JAX_ARI,REG,12,JAX,48.0,0.0,0.0,1.0,00-0034437,L.Cooke
2025_12_JAX_ARI,REG,12,ARI,65.0,0.0,1.0,1.0,00-0033400,M.Haack
2025_12_MIN_GB,REG,12,MIN,53.0,0.0,1.0,1.0,00-0037500,R.Wright
2025_12_MIN_GB,REG,12,GB,63.0,0.0,0.0,1.0,00-0037547,D.Whelan
2025_12_MIN_GB,REG,12,GB,45.0,0.0,1.0,1.0,00-0037547,D.Whelan
2025_12_MIN_GB,REG,12,MIN,56.0,0.0,1.0,1.0,00-0037500,R.Wright
2025_12_MIN_GB,REG,12,GB,50.0,0.0,1.0,1.0,00-0037547,D.Whelan
2025_12_MIN_GB,REG,12,MIN,59.0,0.0,0.0,1.0,00-0037500,R.Wright
2025_12_MIN_GB,REG,12,MIN,54.0,0.0,0.0,1.0,00-0037500,R.Wright
2025_12_MIN_GB,REG,12,GB,32.0,0.0,1.0,1.0,00-0037547,D.Whelan
2025_12_NE_CIN,REG,12,NE,53.0,0.0,1.0,1.0,00-0038610,B.Baringer
2025_12_NE_CIN,REG,12,NE,45.0,0.0,0.0,1.0,00-0038610,B.Baringer
2025_12_NE_CIN,REG,12,CIN,35.0,0.0,1.0,1.0,00-0039323,R.Rehkow
2025_12_NE_CIN,REG,12,CIN,40.0,0.0,1.0,1.0,00-0039323,R.Rehkow
2025_12_NE_CIN,REG,12,CIN,53.0,0.0,1.0,1.0,00-0039323,R.Rehkow
2025_12_NE_CIN,REG,12,CIN,39.0,0.0,0.0,1.0,00-0039323,R.Rehkow
2025_12_NE_CIN,REG,12,CIN,60.0,0.0,0.0,1.0,00-0039323,R.Rehkow
2025_12_NYG_DET,REG,12,DET,40.0,0.0,1.0,1.0,00-0035156,J.Fox
2025_12_NYG_DET,REG,12,NYG,44.0,0.0,0.0,1.0,00-0035042,J.Gillan
2025_12_NYG_DET,REG,12,DET,42.0,0.0,1.0,1.0,00-0035156,J.Fox
2025_12_NYG_DET,REG,12,DET,46.0,0.0,0.0,1.0,00-0035156,J.Fox
2025_12_NYG_DET,REG,12,NYG,40.0,0.0,0.0,1.0,00-0035042,J.Gillan
2025_12_NYG_DET,REG,12,DET,36.0,0.0,1.0,1.0,00-0035156,J.Fox
2025_12_NYG_DET,REG,12,NYG,36.0,0.0,1.0,1.0,00-0035042,J.Gillan
2025_12_NYG_DET,REG,12,DET,36.0,0.0,1.0,1.0,00-0035156,J.Fox
2025_12_NYJ_BAL,REG,12,NYJ,35.0,0.0,1.0,1.0,00-0039634,A.McNamara
2025_12_NYJ_BAL,REG,12,BAL,56.0,0.0,0.0,1.0,00-0038094,J.Stout
2025_12_NYJ_BAL,REG,12,NYJ,41.0,0.0,1.0,1.0,00-0039634,A.McNamara
2025_12_NYJ_BAL,REG,12,BAL,49.0,0.0,0.0,1.0,00-0038094,J.Stout
2025_12_NYJ_BAL,REG,12,NYJ,29.0,0.0,1.0,1.0,00-0039634,A.McNamara
2025_12_NYJ_BAL,REG,12,BAL,74.0,0.0,0.0,1.0,00-0038094,J.Stout
2025_12_NYJ_BAL,REG,12,NYJ,47.0,0.0,0.0,1.0,00-0039634,A.McNamara
2025_12_NYJ_BAL,REG,12,BAL,67.0,0.0,1.0,1.0,00-0038094,J.Stout
2025_12_PHI_DAL,REG,12,DAL,48.0,0.0,0.0,1.0,00-0029692,B.Anger
2025_12_PHI_DAL,REG,12,PHI,54.0,0.0,0.0,1.0,00-0036313,B.Mann
2025_12_PHI_DAL,REG,12,PHI,58.0,0.0,1.0,1.0,00-0036313,B.Mann
2025_12_PHI_DAL,REG,12,DAL,62.0,0.0,0.0,1.0,00-0029692,B.Anger
2025_12_PHI_DAL,REG,12,PHI,48.0,0.0,1.0,1.0,00-0036313,B.Mann
2025_12_PHI_DAL,REG,12,PHI,41.0,0.0,1.0,1.0,00-0036313,B.Mann
2025_12_PHI_DAL,REG,12,DAL,58.0,0.0,1.0,1.0,00-0029692,B.Anger
2025_12_PHI_DAL,REG,12,PHI,49.0,0.0,0.0,1.0,00-0036313,B.Mann
2025_12_PIT_CHI,REG,12,CHI,58.0,0.0,0.0,1.0,00-0039745,T.Taylor
2025_12_PIT_CHI,REG,12,PIT,34.0,0.0,0.0,1.0,00-0035821,C.Waitman
2025_12_PIT_CHI,REG,12,PIT,39.0,0.0,0.0,1.0,00-0035821,C.Waitman
2025_12_PIT_CHI,REG,12,CHI,42.0,0.0,0.0,1.0,00-0039745,T.Taylor
2025_12_PIT_CHI,REG,12,CHI,49.0,0.0,1.0,1.0,00-0039745,T.Taylor
2025_12_PIT_CHI,REG,12,PIT,33.0,0.0,0.0,1.0,00-0035821,C.Waitman
2025_12_PIT_CHI,REG,12,CHI,53.0,0.0,0.0,1.0,00-0039745,T.Taylor
2025_12_SEA_TEN,REG,12,TEN,49.0,0.0,0.0,1.0,00-0028872,J.Hekker
2025_12_SEA_TEN,REG,12,TEN,39.0,0.0,0.0,1.0,00-0028872,J.Hekker
2025_12_SEA_TEN,REG,12,TEN,47.0,0.0,0.0,1.0,00-0028872,J.Hekker
2025_12_SEA_TEN,REG,12,SEA,60.0,0.0,0.0,1.0,00-0034160,M.Dickson
2025_12_SEA_TEN,REG,12,SEA,46.0,0.0,0.0,1.0,00-0034160,M.Dickson
2025_12_TB_LA,REG,12,TB,23.0,0.0,0.0,1.0,00-0032943,R.Dixon
2025_12_TB_LA,REG,12,TB,46.0,0.0,0.0,1.0,00-0032943,R.Dixon
2025_12_TB_LA,REG,12,LAR,40.0,0.0,1.0,1.0,00-0039059,E.Evans
2025_12_TB_LA,REG,12,TB,55.0,0.0,0.0,1.0,00-0032943,R.Dixon
2025_12_TB_LA,REG,12,LAR,14.0,0.0,0.0,1.0,00-0039059,E.Evans
2025_12_TB_LA,REG,12,TB,45.0,0.0,0.0,1.0,00-0032943,R.Dixon
2025_12_TB_LA,REG,12,LAR,51.0,0.0,0.0,1.0,00-0039059,E.Evans
2025_13_ARI_TB,REG,13,TB,40.0,0.0,1.0,1.0,00-0032943,R.Dixon
2025_13_ARI_TB,REG,13,TB,56.0,0.0,0.0,1.0,00-0032943,R.Dixon
2025_13_ARI_TB,REG,13,ARI,48.0,0.0,0.0,1.0,00-0033400,M.Haack
2025_13_ARI_TB,REG,13,ARI,44.0,0.0,0.0,1.0,00-0033400,M.Haack
2025_13_ARI_TB,REG,13,TB,42.0,0.0,0.0,1.0,00-0032943,R.Dixon
2025_13_ARI_TB,REG,13,TB,43.0,0.0,1.0,1.0,00-0032943,R.Dixon
2025_13_ARI_TB,REG,13,TB,59.0,0.0,1.0,1.0,00-0032943,R.Dixon
2025_13_ATL_NYJ,REG,13,ATL,36.0,0.0,1.0,1.0,00-0032065,B.Pinion
2025_13_ATL_NYJ,REG,13,NYJ,38.0,0.0,1.0,1.0,00-0039634,A.McNamara
2025_13_ATL_NYJ,REG,13,ATL,40.0,0.0,1.0,1.0,00-0032065,B.Pinion
2025_13_ATL_NYJ,REG,13,NYJ,42.0,0.0,1.0,1.0,00-0039634,A.McNamara
2025_13_ATL_NYJ,REG,13,ATL,32.0,0.0,1.0,1.0,00-0032065,B.Pinion
2025_13_ATL_NYJ,REG,13,NYJ,53.0,0.0,0.0,1.0,00-0039634,A.McNamara
2025_13_ATL_NYJ,REG,13,ATL,30.0,0.0,1.0,1.0,00-0032065,B.Pinion
2025_13_ATL_NYJ,REG,13,NYJ,53.0,0.0,0.0,1.0,00-0039634,A.McNamara
2025_13_ATL_NYJ,REG,13,NYJ,55.0,0.0,1.0,1.0,00-0039634,A.McNamara
2025_13_ATL_NYJ,REG,13,ATL,55.0,0.0,1.0,1.0,00-0032065,B.Pinion
2025_13_ATL_NYJ,REG,13,NYJ,55.0,0.0,0.0,1.0,00-0039634,A.McNamara
2025_13_ATL_NYJ,REG,13,ATL,40.0,0.0,0.0,1.0,00-0032065,B.Pinion
2025_13_BUF_PIT,REG,13,PIT,35.0,0.0,1.0,1.0,00-0035821,C.Waitman
2025_13_BUF_PIT,REG,13,BUF,47.0,0.0,0.0,1.0,00-0034941,M.Wishnowsky
2025_13_BUF_PIT,REG,13,PIT,51.0,0.0,0.0,1.0,00-0035821,C.Waitman
2025_13_BUF_PIT,REG,13,BUF,52.0,0.0,0.0,1.0,00-0034941,M.Wishnowsky
2025_13_BUF_PIT,REG,13,PIT,26.0,0.0,0.0,1.0,00-0035821,C.Waitman
2025_13_BUF_PIT,REG,13,PIT,49.0,0.0,1.0,1.0,00-0035821,C.Waitman
2025_13_CHI_PHI,REG,13,PHI,38.0,0.0,0.0,1.0,00-0036313,B.Mann
2025_13_CHI_PHI,REG,13,PHI,63.0,0.0,0.0,1.0,00-0036313,B.Mann
2025_13_CHI_PHI,REG,13,CHI,51.0,0.0,0.0,1.0,00-0039745,T.Taylor
2025_13_CHI_PHI,REG,13,PHI,44.0,0.0,1.0,1.0,00-0036313,B.Mann
2025_13_CHI_PHI,REG,13,PHI,60.0,0.0,0.0,1.0,00-0036313,B.Mann
2025_13_CHI_PHI,REG,13,CHI,40.0,0.0,0.0,1.0,00-0039745,T.Taylor
2025_13_CHI_PHI,REG,13,CHI,36.0,0.0,1.0,1.0,00-0039745,T.Taylor
2025_13_CHI_PHI,REG,13,PHI,40.0,0.0,0.0,1.0,00-0036313,B.Mann
2025_13_CIN_BAL,REG,13,CIN,51.0,0.0,1.0,1.0,00-0039323,R.Rehkow
2025_13_CIN_BAL,REG,13,BAL,61.0,0.0,0.0,1.0,00-0038094,J.Stout
2025_13_CIN_BAL,REG,13,BAL,45.0,0.0,0.0,1.0,00-0038094,J.Stout
2025_13_CIN_BAL,REG,13,CIN,54.0,0.0,0.0,1.0,00-0039323,R.Rehkow
2025_13_CIN_BAL,REG,13,BAL,43.0,0.0,0.0,1.0,00-0038094,J.Stout
2025_13_DEN_WAS,REG,13,WAS,28.0,0.0,1.0,1.0,00-0030140,T.Way
2025_13_DEN_WAS,REG,13,DEN,41.0,0.0,0.0,1.0,00-0040223,J.Crawshaw
2025_13_DEN_WAS,REG,13,WAS,40.0,0.0,1.0,1.0,00-0030140,T.Way
2025_13_DEN_WAS,REG,13,DEN,43.0,0.0,0.0,1.0,00-0040223,J.Crawshaw
2025_13_DEN_WAS,REG,13,WAS,45.0,0.0,0.0,1.0,00-0030140,T.Way
2025_13_DEN_WAS,REG,13,DEN,47.0,0.0,0.0,1.0,00-0040223,J.Crawshaw
2025_13_DEN_WAS,REG,13,WAS,56.0,0.0,0.0,1.0,00-0030140,T.Way
2025_13_DEN_WAS,REG,13,DEN,50.0,0.0,1.0,1.0,00-0040223,J.Crawshaw
2025_13_GB_DET,REG,13,DET,46.0,0.0,1.0,1.0,00-0035156,J.Fox
2025_13_GB_DET,REG,13,GB,62.0,0.0,0.0,1.0,00-0037547,D.Whelan
2025_13_GB_DET,REG,13,DET,39.0,0.0,0.0,1.0,00-0035156,J.Fox
2025_13_GB_DET,REG,13,GB,72.0,0.0,0.0,1.0,00-0037547,D.Whelan
2025_13_HOU_IND,REG,13,IND,45.0,0.0,0.0,1.0,00-0033269,R.Sanchez
2025_13_HOU_IND,REG,13,IND,55.0,0.0,0.0,1.0,00-0033269,R.Sanchez
2025_13_HOU_IND,REG,13,HOU,44.0,0.0,0.0,1.0,00-0035889,T.Townsend
2025_13_HOU_IND,REG,13,IND,42.0,0.0,1.0,1.0,00-0033269,R.Sanchez
2025_13_HOU_IND,REG,13,HOU,52.0,0.0,0.0,1.0,00-0035889,T.Townsend
2025_13_HOU_IND,REG,13,IND,47.0,0.0,0.0,1.0,00-0033269,R.Sanchez
2025_13_JAX_TEN,REG,13,JAX,38.0,0.0,0.0,1.0,00-0034437,L.Cooke
2025_13_JAX_TEN,REG,13,TEN,55.0,0.0,0.0,1.0,00-0028872,J.Hekker
2025_13_JAX_TEN,REG,13,JAX,43.0,0.0,0.0,1.0,00-0034437,L.Cooke
2025_13_JAX_TEN,REG,13,TEN,45.0,0.0,0.0,1.0,00-0028872,J.Hekker
2025_13_JAX_TEN,REG,13,JAX,33.0,0.0,0.0,1.0,00-0034437,L.Cooke
2025_13_JAX_TEN,REG,13,TEN,57.0,0.0,0.0,1.0,00-0028872,J.Hekker
2025_13_JAX_TEN,REG,13,JAX,42.0,0.0,0.0,1.0,00-0034437,L.Cooke
2025_13_JAX_TEN,REG,13,TEN,43.0,0.0,0.0,1.0,00-0028872,J.Hekker
2025_13_JAX_TEN,REG,13,TEN,32.0,0.0,0.0,1.0,00-0028872,J.Hekker
2025_13_JAX_TEN,REG,13,JAX,63.0,0.0,0.0,1.0,00-0034437,L.Cooke
2025_13_JAX_TEN,REG,13,JAX,49.0,0.0,0.0,1.0,00-0034437,L.Cooke
2025_13_JAX_TEN,REG,13,JAX,45.0,0.0,1.0,1.0,00-0034437,L.Cooke
2025_13_KC_DAL,REG,13,KC,32.0,0.0,1.0,1.0,00-0037284,M.Araiza
2025_13_KC_DAL,REG,13,KC,38.0,0.0,1.0,1.0,00-0037284,M.Araiza
2025_13_KC_DAL,REG,13,KC,46.0,0.0,1.0,1.0,00-0037284,M.Araiza
2025_13_KC_DAL,REG,13,DAL,62.0,0.0,0.0,1.0,00-0029692,B.Anger
2025_13_KC_DAL,REG,13,KC,40.0,0.0,1.0,1.0,00-0037284,M.Araiza
2025_13_KC_DAL,REG,13,KC,59.0,0.0,0.0,1.0,00-0037284,M.Araiza
2025_13_LA_CAR,REG,13,CAR,45.0,0.0,0.0,1.0,00-0030092,S.Martin
2025_13_LA_CAR,REG,13,CAR,39.0,0.0,1.0,1.0,00-0030092,S.Martin
2025_13_LA_CAR,REG,13,LAR,56.0,0.0,0.0,1.0,00-0039059,E.Evans
2025_13_LA_CAR,REG,13,CAR,28.0,0.0,1.0,1.0,00-0030092,S.Martin
2025_13_LV_LAC,REG,13,LV,39.0,0.0,0.0,1.0,00-0035190,A.Cole
2025_13_LV_LAC,REG,13,LV,46.0,0.0,1.0,1.0,00-0035190,A.Cole
2025_13_LV_LAC,REG,13,LAC,57.0,0.0,0.0,1.0,00-0034162,J.Scott
2025_13_LV_LAC,REG,13,LV,50.0,0.0,1.0,1.0,00-0035190,A.Cole
2025_13_LV_LAC,REG,13,LAC,58.0,0.0,0.0,1.0,00-0034162,J.Scott
2025_13_LV_LAC,REG,13,LV,51.0,0.0,0.0,1.0,00-0035190,A.Cole
2025_13_MIN_SEA,REG,13,MIN,56.0,0.0,1.0,1.0,00-0037500,R.Wright
2025_13_MIN_SEA,REG,13,SEA,56.0,0.0,1.0,1.0,00-0034160,M.Dickson
2025_13_MIN_SEA,REG,13,MIN,60.0,0.0,1.0,1.0,00-0037500,R.Wright
2025_13_MIN_SEA,REG,13,SEA,48.0,0.0,0.0,1.0,00-0034160,M.Dickson
2025_13_MIN_SEA,REG,13,MIN,55.0,0.0,0.0,1.0,00-0037500,R.Wright
2025_13_MIN_SEA,REG,13,MIN,31.0,0.0,0.0,1.0,00-0037500,R.Wright
2025_13_MIN_SEA,REG,13,MIN,50.0,0.0,0.0,1.0,00-0037500,R.Wright
2025_13_MIN_SEA,REG,13,SEA,53.0,0.0,0.0,1.0,00-0034160,M.Dickson
2025_13_MIN_SEA,REG,13,SEA,46.0,0.0,1.0,1.0,00-0034160,M.Dickson
2025_13_NO_MIA,REG,13,NO,47.0,0.0,1.0,1.0,00-0040654,K.Kroeger
2025_13_NO_MIA,REG,13,MIA,53.0,0.0,0.0,1.0,00-0035280,J.Bailey
2025_13_NO_MIA,REG,13,NO,60.0,0.0,0.0,1.0,00-0040654,K.Kroeger
2025_13_NO_MIA,REG,13,MIA,49.0,0.0,0.0,1.0,00-0035280,J.Bailey
2025_13_NO_MIA,REG,13,NO,38.0,0.0,1.0,1.0,00-0040654,K.Kroeger
2025_13_NO_MIA,REG,13,NO,46.0,0.0,0.0,1.0,00-0040654,K.Kroeger
2025_13_NO_MIA,REG,13,MIA,54.0,0.0,1.0,1.0,00-0035280,J.Bailey
2025_13_NO_MIA,REG,13,NO,54.0,0.0,1.0,1.0,00-0040654,K.Kroeger
2025_13_NO_MIA,REG,13,MIA,45.0,0.0,1.0,1.0,00-0035280,J.Bailey
2025_13_NO_MIA,REG,13,NO,48.0,0.0,0.0,1.0,00-0040654,K.Kroeger
2025_13_NYG_NE,REG,13,NYG,54.0,0.0,0.0,1.0,00-0035042,J.Gillan
2025_13_NYG_NE,REG,13,NYG,54.0,0.0,0.0,1.0,00-0035042,J.Gillan
2025_13_NYG_NE,REG,13,NE,22.0,0.0,0.0,1.0,00-0038610,B.Baringer
2025_13_NYG_NE,REG,13,NYG,42.0,0.0,0.0,1.0,00-0035042,J.Gillan
2025_13_NYG_NE,REG,13,NE,32.0,0.0,1.0,1.0,00-0038610,B.Baringer
2025_13_NYG_NE,REG,13,NYG,49.0,0.0,0.0,1.0,00-0035042,J.Gillan
2025_13_SF_CLE,REG,13,SF,38.0,0.0,1.0,1.0,00-0027114,T.Morstead
2025_13_SF_CLE,REG,13,CLE,48.0,0.0,0.0,1.0,00-0034721,C.Bojorquez
2025_13_SF_CLE,REG,13,SF,42.0,0.0,0.0,1.0,00-0027114,T.Morstead
2025_13_SF_CLE,REG,13,CLE,49.0,0.0,0.0,1.0,00-0034721,C.Bojorquez
2025_13_SF_CLE,REG,13,SF,30.0,0.0,1.0,1.0,00-0027114,T.Morstead
2025_13_SF_CLE,REG,13,CLE,38.0,0.0,0.0,1.0,00-0034721,C.Bojorquez
2025_13_SF_CLE,REG,13,SF,36.0,0.0,0.0,1.0,00-0027114,T.Morstead
2025_13_SF_CLE,REG,13,CLE,43.0,0.0,0.0,1.0,00-0034721,C.Bojorquez
2025_13_SF_CLE,REG,13,SF,32.0,0.0,1.0,1.0,00-0027114,T.Morstead
2025_14_CHI_GB,REG,14,CHI,63.0,0.0,0.0,1.0,00-0039745,T.Taylor
2025_14_CHI_GB,REG,14,CHI,30.0,0.0,1.0,1.0,00-0039745,T.Taylor
2025_14_CHI_GB,REG,14,GB,55.0,0.0,0.0,1.0,00-0037547,D.Whelan
2025_14_CHI_GB,REG,14,CHI,60.0,0.0,0.0,1.0,00-0039745,T.Taylor
2025_14_CHI_GB,REG,14,CHI,55.0,0.0,1.0,1.0,00-0039745,T.Taylor
2025_14_CHI_GB,REG,14,GB,40.0,0.0,0.0,1.0,00-0037547,D.Whelan
2025_14_CHI_GB,REG,14,GB,50.0,0.0,1.0,1.0,00-0037547,D.Whelan
2025_14_CIN_BUF,REG,14,CIN,22.0,0.0,0.0,1.0,00-0039323,R.Rehkow
2025_14_CIN_BUF,REG,14,CIN,57.0,0.0,0.0,1.0,00-0039323,R.Rehkow
2025_14_DAL_DET,REG,14,DET,42.0,0.0,1.0,1.0,00-0035156,J.Fox
2025_14_DAL_DET,REG,14,DAL,62.0,0.0,0.0,1.0,00-0029692,B.Anger
2025_14_DAL_DET,REG,14,DET,42.0,0.0,0.0,1.0,00-0035156,J.Fox
2025_14_DEN_LV,REG,14,DEN,35.0,0.0,1.0,1.0,00-0040223,J.Crawshaw
2025_14_DEN_LV,REG,14,LV,42.0,0.0,0.0,1.0,00-0035190,A.Cole
2025_14_DEN_LV,REG,14,LV,43.0,0.0,1.0,1.0,00-0035190,A.Cole
2025_14_DEN_LV,REG,14,LV,58.0,0.0,1.0,1.0,00-0035190,A.Cole
2025_14_HOU_KC,REG,14,KC,48.0,0.0,1.0,1.0,00-0037284,M.Araiza
2025_14_HOU_KC,REG,14,HOU,38.0,0.0,0.0,1.0,00-0035889,T.Townsend
2025_14_HOU_KC,REG,14,KC,57.0,0.0,0.0,1.0,00-0037284,M.Araiza
2025_14_HOU_KC,REG,14,KC,39.0,0.0,1.0,1.0,00-0037284,M.Araiza
2025_14_HOU_KC,REG,14,HOU,39.0,0.0,1.0,1.0,00-0035889,T.Townsend
2025_14_HOU_KC,REG,14,HOU,43.0,0.0,0.0,1.0,00-0035889,T.Townsend
2025_14_HOU_KC,REG,14,HOU,56.0,0.0,1.0,1.0,00-0035889,T.Townsend
2025_14_HOU_KC,REG,14,KC,44.0,0.0,1.0,1.0,00-0037284,M.Araiza
2025_14_HOU_KC,REG,14,HOU,36.0,0.0,0.0,1.0,00-0035889,T.Townsend
2025_14_HOU_KC,REG,14,HOU,39.0,0.0,0.0,1.0,00-0035889,T.Townsend
2025_14_HOU_KC,REG,14,HOU,43.0,0.0,0.0,1.0,00-0035889,T.Townsend
2025_14_HOU_KC,REG,14,HOU,35.0,0.0,1.0,1.0,00-0035889,T.Townsend
2025_14_IND_JAX,REG,14,JAX,40.0,0.0,0.0,1.0,00-0034437,L.Cooke
2025_14_IND_JAX,REG,14,IND,54.0,0.0,0.0,1.0,00-0033269,R.Sanchez
2025_14_IND_JAX,REG,14,JAX,50.0,0.0,1.0,1.0,00-0034437,L.Cooke
2025_14_IND_JAX,REG,14,JAX,47.0,0.0,0.0,1.0,00-0034437,L.Cooke
2025_14_IND_JAX,REG,14,IND,47.0,0.0,0.0,1.0,00-0033269,R.Sanchez
2025_14_LA_ARI,REG,14,ARI,57.0,0.0,0.0,1.0,00-0033400,M.Haack
2025_14_LA_ARI,REG,14,ARI,57.0,0.0,1.0,1.0,00-0033400,M.Haack
2025_14_LA_ARI,REG,14,ARI,57.0,0.0,1.0,1.0,00-0033400,M.Haack
2025_14_LA_ARI,REG,14,LAR,45.0,0.0,0.0,1.0,00-0039059,E.Evans
2025_14_LA_ARI,REG,14,ARI,52.0,0.0,0.0,1.0,00-0033400,M.Haack
2025_14_LA_ARI,REG,14,LAR,39.0,0.0,0.0,1.0,00-0039059,E.Evans
2025_14_LA_ARI,REG,14,ARI,48.0,0.0,0.0,1.0,00-0033400,M.Haack
2025_14_LA_ARI,REG,14,LAR,56.0,0.0,0.0,1.0,00-0039059,E.Evans
2025_14_MIA_NYJ,REG,14,NYJ,56.0,0.0,0.0,1.0,00-0039634,A.McNamara
2025_14_MIA_NYJ,REG,14,NYJ,44.0,0.0,1.0,1.0,00-0039634,A.McNamara
2025_14_MIA_NYJ,REG,14,MIA,58.0,0.0,0.0,1.0,00-0035280,J.Bailey
2025_14_MIA_NYJ,REG,14,MIA,40.0,0.0,1.0,1.0,00-0035280,J.Bailey
2025_14_MIA_NYJ,REG,14,NYJ,55.0,0.0,0.0,1.0,00-0039634,A.McNamara
2025_14_MIA_NYJ,REG,14,MIA,43.0,0.0,0.0,1.0,00-0035280,J.Bailey
2025_14_MIA_NYJ,REG,14,NYJ,72.0,0.0,0.0,1.0,00-0039634,A.McNamara
2025_14_MIA_NYJ,REG,14,MIA,49.0,0.0,0.0,1.0,00-0035280,J.Bailey
2025_14_MIA_NYJ,REG,14,NYJ,45.0,0.0,1.0,1.0,00-0039634,A.McNamara
2025_14_MIA_NYJ,REG,14,MIA,50.0,0.0,0.0,1.0,00-0035280,J.Bailey
2025_14_MIA_NYJ,REG,14,NYJ,54.0,0.0,0.0,1.0,00-0039634,A.McNamara
2025_14_MIA_NYJ,REG,14,MIA,19.0,0.0,0.0,1.0,00-0035280,J.Bailey
2025_14_NO_TB,REG,14,NO,48.0,0.0,0.0,1.0,00-0040654,K.Kroeger
2025_14_NO_TB,REG,14,TB,31.0,0.0,1.0,1.0,00-0032943,R.Dixon
2025_14_NO_TB,REG,14,NO,54.0,0.0,0.0,1.0,00-0040654,K.Kroeger
2025_14_NO_TB,REG,14,NO,50.0,0.0,0.0,1.0,00-0040654,K.Kroeger
2025_14_PHI_LAC,REG,14,PHI,60.0,0.0,0.0,1.0,00-0036313,B.Mann
2025_14_PHI_LAC,REG,14,LAC,53.0,0.0,1.0,1.0,00-0034162,J.Scott
2025_14_PHI_LAC,REG,14,PHI,53.0,0.0,0.0,1.0,00-0036313,B.Mann
2025_14_PHI_LAC,REG,14,LAC,56.0,0.0,0.0,1.0,00-0034162,J.Scott
2025_14_PHI_LAC,REG,14,LAC,44.0,0.0,0.0,1.0,00-0034162,J.Scott
2025_14_PHI_LAC,REG,14,LAC,46.0,0.0,0.0,1.0,00-0034162,J.Scott
2025_14_PHI_LAC,REG,14,PHI,42.0,0.0,0.0,1.0,00-0036313,B.Mann
2025_14_PHI_LAC,REG,14,LAC,57.0,0.0,0.0,1.0,00-0034162,J.Scott
2025_14_PIT_BAL,REG,14,BAL,48.0,0.0,0.0,1.0,00-0038094,J.Stout
2025_14_PIT_BAL,REG,14,PIT,48.0,0.0,1.0,1.0,00-0035821,C.Waitman
2025_14_PIT_BAL,REG,14,BAL,54.0,0.0,0.0,1.0,00-0038094,J.Stout
2025_14_PIT_BAL,REG,14,PIT,50.0,0.0,0.0,1.0,00-0035821,C.Waitman
2025_14_PIT_BAL,REG,14,PIT,46.0,0.0,0.0,1.0,00-0035821,C.Waitman
2025_14_PIT_BAL,REG,14,PIT,53.0,0.0,0.0,1.0,00-0035821,C.Waitman
2025_14_SEA_ATL,REG,14,ATL,39.0,0.0,1.0,1.0,00-0032065,B.Pinion
2025_14_SEA_ATL,REG,14,SEA,52.0,0.0,0.0,1.0,00-0034160,M.Dickson
2025_14_SEA_ATL,REG,14,ATL,45.0,0.0,1.0,1.0,00-0032065,B.Pinion
2025_14_SEA_ATL,REG,14,SEA,52.0,0.0,1.0,1.0,00-0034160,M.Dickson
2025_14_SEA_ATL,REG,14,SEA,44.0,0.0,1.0,1.0,00-0034160,M.Dickson
2025_14_TEN_CLE,REG,14,CLE,39.0,0.0,0.0,1.0,00-0034721,C.Bojorquez
2025_14_TEN_CLE,REG,14,TEN,41.0,0.0,1.0,1.0,00-0028872,J.Hekker
2025_14_TEN_CLE,REG,14,CLE,34.0,0.0,1.0,1.0,00-0034721,C.Bojorquez
2025_14_TEN_CLE,REG,14,TEN,50.0,0.0,0.0,1.0,00-0028872,J.Hekker
2025_14_TEN_CLE,REG,14,TEN,40.0,0.0,1.0,1.0,00-0028872,J.Hekker
2025_14_TEN_CLE,REG,14,CLE,27.0,0.0,0.0,1.0,00-0034721,C.Bojorquez
2025_14_TEN_CLE,REG,14,TEN,44.0,0.0,0.0,1.0,00-0028872,J.Hekker
2025_14_TEN_CLE,REG,14,CLE,41.0,0.0,0.0,1.0,00-0034721,C.Bojorquez
2025_14_TEN_CLE,REG,14,TEN,51.0,0.0,0.0,1.0,00-0028872,J.Hekker
2025_14_TEN_CLE,REG,14,CLE,39.0,0.0,0.0,1.0,00-0034721,C.Bojorquez
2025_14_TEN_CLE,REG,14,TEN,53.0,0.0,0.0,1.0,00-0028872,J.Hekker
2025_14_TEN_CLE,REG,14,CLE,42.0,0.0,0.0,1.0,00-0034721,C.Bojorquez
2025_14_TEN_CLE,REG,14,TEN,54.0,0.0,0.0,1.0,00-0028872,J.Hekker
2025_14_TEN_CLE,REG,14,CLE,0.0,1.0,0.0,1.0,00-0034721,C.Bojorquez
2025_14_TEN_CLE,REG,14,TEN,50.0,0.0,0.0,1.0,00-0028872,J.Hekker
2025_14_WAS_MIN,REG,14,WAS,46.0,0.0,0.0,1.0,00-0030140,T.Way
2025_14_WAS_MIN,REG,14,MIN,43.0,0.0,0.0,1.0,00-0037500,R.Wright
2025_14_WAS_MIN,REG,14,WAS,49.0,0.0,1.0,1.0,00-0030140,T.Way
2025_14_WAS_MIN,REG,14,WAS,45.0,0.0,0.0,1.0,00-0030140,T.Way
2025_15_ARI_HOU,REG,15,ARI,34.0,0.0,0.0,1.0,00-0033400,M.Haack
2025_15_ARI_HOU,REG,15,ARI,56.0,0.0,0.0,1.0,00-0033400,M.Haack
2025_15_ARI_HOU,REG,15,HOU,43.0,0.0,1.0,1.0,00-0035889,T.Townsend
2025_15_ARI_HOU,REG,15,ARI,45.0,0.0,0.0,1.0,00-0033400,M.Haack
2025_15_ATL_TB,REG,15,TB,38.0,0.0,1.0,1.0,00-0032943,R.Dixon
2025_15_ATL_TB,REG,15,ATL,38.0,0.0,1.0,1.0,00-0032065,B.Pinion
2025_15_ATL_TB,REG,15,TB,45.0,0.0,0.0,1.0,00-0032943,R.Dixon
2025_15_ATL_TB,REG,15,ATL,53.0,0.0,0.0,1.0,00-0032065,B.Pinion
2025_15_ATL_TB,REG,15,ATL,47.0,0.0,0.0,1.0,00-0032065,B.Pinion
2025_15_ATL_TB,REG,15,ATL,32.0,0.0,1.0,1.0,00-0032065,B.Pinion
2025_15_ATL_TB,REG,15,TB,37.0,0.0,1.0,1.0,00-0032943,R.Dixon
2025_15_ATL_TB,REG,15,TB,45.0,0.0,0.0,1.0,00-0032943,R.Dixon
2025_15_BAL_CIN,REG,15,BAL,53.0,0.0,0.0,1.0,00-0038094,J.Stout
2025_15_BAL_CIN,REG,15,CIN,25.0,0.0,1.0,1.0,00-0039323,R.Rehkow
2025_15_BAL_CIN,REG,15,BAL,44.0,0.0,0.0,1.0,00-0038094,J.Stout
2025_15_BAL_CIN,REG,15,CIN,44.0,0.0,0.0,1.0,00-0039323,R.Rehkow
2025_15_BAL_CIN,REG,15,CIN,62.0,0.0,0.0,1.0,00-0039323,R.Rehkow
2025_15_BAL_CIN,REG,15,CIN,51.0,0.0,1.0,1.0,00-0039323,R.Rehkow
2025_15_BAL_CIN,REG,15,BAL,38.0,0.0,1.0,1.0,00-0038094,J.Stout
2025_15_BUF_NE,REG,15,BUF,32.0,0.0,1.0,1.0,00-0034941,M.Wishnowsky
2025_15_BUF_NE,REG,15,NE,50.0,0.0,1.0,1.0,00-0038610,B.Baringer
2025_15_BUF_NE,REG,15,BUF,45.0,0.0,0.0,1.0,00-0034941,M.Wishnowsky
2025_15_BUF_NE,REG,15,BUF,35.0,0.0,1.0,1.0,00-0034941,M.Wishnowsky
2025_15_BUF_NE,REG,15,NE,62.0,0.0,0.0,1.0,00-0038610,B.Baringer
2025_15_BUF_NE,REG,15,NE,51.0,0.0,0.0,1.0,00-0038610,B.Baringer
2025_15_BUF_NE,REG,15,BUF,50.0,0.0,1.0,1.0,00-0034941,M.Wishnowsky
2025_15_CAR_NO,REG,15,NO,58.0,0.0,0.0,1.0,00-0040654,K.Kroeger
2025_15_CAR_NO,REG,15,NO,37.0,0.0,1.0,1.0,00-0040654,K.Kroeger
2025_15_CAR_NO,REG,15,CAR,56.0,0.0,1.0,1.0,00-0030092,S.Martin
2025_15_CAR_NO,REG,15,CAR,46.0,0.0,0.0,1.0,00-0030092,S.Martin
2025_15_CAR_NO,REG,15,CAR,40.0,0.0,1.0,1.0,00-0030092,S.Martin
2025_15_CLE_CHI,REG,15,CHI,45.0,0.0,1.0,1.0,00-0039745,T.Taylor
2025_15_CLE_CHI,REG,15,CLE,53.0,0.0,0.0,1.0,00-0034721,C.Bojorquez
2025_15_CLE_CHI,REG,15,CLE,61.0,0.0,0.0,1.0,00-0034721,C.Bojorquez
2025_15_CLE_CHI,REG,15,CLE,53.0,0.0,0.0,1.0,00-0034721,C.Bojorquez
2025_15_CLE_CHI,REG,15,CLE,30.0,0.0,1.0,1.0,00-0034721,C.Bojorquez
2025_15_CLE_CHI,REG,15,CHI,43.0,0.0,0.0,1.0,00-0039745,T.Taylor
2025_15_CLE_CHI,REG,15,CLE,41.0,0.0,0.0,1.0,00-0034721,C.Bojorquez
2025_15_CLE_CHI,REG,15,CLE,49.0,0.0,0.0,1.0,00-0034721,C.Bojorquez
2025_15_CLE_CHI,REG,15,CHI,41.0,0.0,1.0,1.0,00-0039745,T.Taylor
2025_15_CLE_CHI,REG,15,CLE,52.0,0.0,0.0,1.0,00-0034721,C.Bojorquez
2025_15_CLE_CHI,REG,15,CHI,42.0,0.0,1.0,1.0,00-0039745,T.Taylor
2025_15_DET_LA,REG,15,LAR,50.0,0.0,0.0,1.0,00-0039059,E.Evans
2025_15_DET_LA,REG,15,DET,48.0,0.0,1.0,1.0,00-0035156,J.Fox
2025_15_DET_LA,REG,15,DET,40.0,0.0,0.0,1.0,00-0035156,J.Fox
2025_15_DET_LA,REG,15,DET,62.0,0.0,0.0,1.0,00-0035156,J.Fox
2025_15_DET_LA,REG,15,LAR,47.0,0.0,0.0,1.0,00-0039059,E.Evans
2025_15_DET_LA,REG,15,LAR,52.0,0.0,0.0,1.0,00-0039059,E.Evans
2025_15_GB_DEN,REG,15,DEN,43.0,0.0,1.0,1.0,00-0040223,J.Crawshaw
2025_15_GB_DEN,REG,15,DEN,51.0,0.0,1.0,1.0,00-0040223,J.Crawshaw
2025_15_GB_DEN,REG,15,GB,57.0,0.0,0.0,1.0,00-0037547,D.Whelan
2025_15_IND_SEA,REG,15,IND,35.0,0.0,1.0,1.0,00-0033269,R.Sanchez
2025_15_IND_SEA,REG,15,SEA,48.0,0.0,0.0,1.0,00-0034160,M.Dickson
2025_15_IND_SEA,REG,15,IND,51.0,0.0,1.0,1.0,00-0033269,R.Sanchez
2025_15_IND_SEA,REG,15,SEA,43.0,0.0,0.0,1.0,00-0034160,M.Dickson
2025_15_IND_SEA,REG,15,SEA,50.0,0.0,0.0,1.0,00-0034160,M.Dickson
2025_15_IND_SEA,REG,15,IND,47.0,0.0,1.0,1.0,00-0033269,R.Sanchez
2025_15_IND_SEA,REG,15,SEA,52.0,0.0,0.0,1.0,00-0034160,M.Dickson
2025_15_IND_SEA,REG,15,IND,59.0,0.0,0.0,1.0,00-0033269,R.Sanchez
2025_15_IND_SEA,REG,15,IND,36.0,0.0,1.0,1.0,00-0033269,R.Sanchez
2025_15_LAC_KC,REG,15,KC,57.0,0.0,1.0,1.0,00-0037284,M.Araiza
2025_15_LAC_KC,REG,15,LAC,39.0,0.0,0.0,1.0,00-0034162,J.Scott
2025_15_LAC_KC,REG,15,KC,42.0,0.0,0.0,1.0,00-0037284,M.Araiza
2025_15_LAC_KC,REG,15,LAC,35.0,0.0,1.0,1.0,00-0034162,J.Scott
2025_15_LAC_KC,REG,15,KC,50.0,0.0,0.0,1.0,00-0037284,M.Araiza
2025_15_LAC_KC,REG,15,LAC,48.0,0.0,1.0,1.0,00-0034162,J.Scott
2025_15_LAC_KC,REG,15,KC,41.0,0.0,0.0,1.0,00-0037284,M.Araiza
2025_15_LAC_KC,REG,15,LAC,28.0,0.0,1.0,1.0,00-0034162,J.Scott
2025_15_LV_PHI,REG,15,LV,41.0,0.0,0.0,1.0,00-0035190,A.Cole
2025_15_LV_PHI,REG,15,PHI,43.0,0.0,0.0,1.0,00-0036313,B.Mann
2025_15_LV_PHI,REG,15,LV,52.0,0.0,0.0,1.0,00-0035190,A.Cole
2025_15_LV_PHI,REG,15,LV,44.0,0.0,0.0,1.0,00-0035190,A.Cole
2025_15_LV_PHI,REG,15,LV,38.0,0.0,0.0,1.0,00-0035190,A.Cole
2025_15_LV_PHI,REG,15,LV,48.0,0.0,0.0,1.0,00-0035190,A.Cole
2025_15_MIA_PIT,REG,15,MIA,50.0,0.0,0.0,1.0,00-0035280,J.Bailey
2025_15_MIA_PIT,REG,15,PIT,49.0,0.0,0.0,1.0,00-0035821,C.Waitman
2025_15_MIA_PIT,REG,15,PIT,42.0,0.0,0.0,1.0,00-0035821,C.Waitman
2025_15_MIA_PIT,REG,15,MIA,36.0,0.0,0.0,1.0,00-0035280,J.Bailey
2025_15_MIA_PIT,REG,15,PIT,40.0,0.0,0.0,1.0,00-0035821,C.Waitman
2025_15_MIA_PIT,REG,15,MIA,53.0,0.0,0.0,1.0,00-0035280,J.Bailey
2025_15_MIA_PIT,REG,15,MIA,55.0,0.0,0.0,1.0,00-0035280,J.Bailey
2025_15_MIA_PIT,REG,15,PIT,48.0,0.0,1.0,1.0,00-0035821,C.Waitman
2025_15_MIA_PIT,REG,15,PIT,52.0,0.0,1.0,1.0,00-0035821,C.Waitman
2025_15_MIN_DAL,REG,15,MIN,65.0,0.0,1.0,1.0,00-0037500,R.Wright
2025_15_MIN_DAL,REG,15,DAL,42.0,0.0,0.0,1.0,00-0029692,B.Anger
2025_15_MIN_DAL,REG,15,MIN,47.0,0.0,1.0,1.0,00-0037500,R.Wright
2025_15_NYJ_JAX,REG,15,NYJ,32.0,0.0,1.0,1.0,00-0039634,A.McNamara
2025_15_NYJ_JAX,REG,15,JAX,47.0,0.0,0.0,1.0,00-0034437,L.Cooke
2025_15_NYJ_JAX,REG,15,NYJ,25.0,0.0,0.0,1.0,00-0039634,A.McNamara
2025_15_NYJ_JAX,REG,15,JAX,57.0,0.0,0.0,1.0,00-0034437,L.Cooke
2025_15_TEN_SF,REG,15,TEN,36.0,0.0,0.0,1.0,00-0028872,J.Hekker
2025_15_TEN_SF,REG,15,TEN,56.0,0.0,1.0,1.0,00-0028872,J.Hekker
2025_15_TEN_SF,REG,15,TEN,44.0,0.0,0.0,1.0,00-0028872,J.Hekker
2025_15_WAS_NYG,REG,15,WAS,29.0,0.0,1.0,1.0,00-0030140,T.Way
2025_15_WAS_NYG,REG,15,NYG,49.0,0.0,0.0,1.0,00-0033729,C.Johnston
2025_15_WAS_NYG,REG,15,NYG,38.0,0.0,0.0,1.0,00-0033729,C.Johnston
2025_15_WAS_NYG,REG,15,WAS,55.0,0.0,0.0,1.0,00-0030140,T.Way
2025_15_WAS_NYG,REG,15,NYG,48.0,0.0,0.0,1.0,00-0033729,C.Johnston
2025_15_WAS_NYG,REG,15,WAS,55.0,0.0,1.0,1.0,00-0030140,T.Way
2025_15_WAS_NYG,REG,15,NYG,47.0,0.0,0.0,1.0,00-0033729,C.Johnston
2025_15_WAS_NYG,REG,15,WAS,44.0,0.0,1.0,1.0,00-0030140,T.Way
2025_16_ATL_ARI,REG,16,ARI,51.0,0.0,0.0,1.0,00-0033400,M.Haack
2025_16_BUF_CLE,REG,16,CLE,52.0,0.0,1.0,1.0,00-0034721,C.Bojorquez
2025_16_BUF_CLE,REG,16,BUF,46.0,0.0,0.0,1.0,00-0034941,M.Wishnowsky
2025_16_BUF_CLE,REG,16,BUF,62.0,0.0,0.0,1.0,00-0034941,M.Wishnowsky
2025_16_BUF_CLE,REG,16,BUF,41.0,0.0,0.0,1.0,00-0034941,M.Wishnowsky
2025_16_BUF_CLE,REG,16,CLE,51.0,0.0,0.0,1.0,00-0034721,C.Bojorquez
2025_16_CIN_MIA,REG,16,CIN,54.0,0.0,1.0,1.0,00-0039323,R.Rehkow
2025_16_CIN_MIA,REG,16,MIA,44.0,0.0,1.0,1.0,00-0035280,J.Bailey
2025_16_CIN_MIA,REG,16,CIN,50.0,0.0,1.0,1.0,00-0039323,R.Rehkow
2025_16_CIN_MIA,REG,16,MIA,62.0,0.0,0.0,1.0,00-0035280,J.Bailey
2025_16_CIN_MIA,REG,16,MIA,51.0,0.0,1.0,1.0,00-0035280,J.Bailey
2025_16_CIN_MIA,REG,16,MIA,44.0,0.0,0.0,1.0,00-0035280,J.Bailey
2025_16_CIN_MIA,REG,16,CIN,45.0,0.0,1.0,1.0,00-0039323,R.Rehkow
2025_16_CIN_MIA,REG,16,CIN,59.0,0.0,1.0,1.0,00-0039323,R.Rehkow
2025_16_GB_CHI,REG,16,CHI,40.0,0.0,1.0,1.0,00-0039745,T.Taylor
2025_16_GB_CHI,REG,16,CHI,42.0,0.0,1.0,1.0,00-0039745,T.Taylor
2025_16_GB_CHI,REG,16,CHI,43.0,0.0,0.0,1.0,00-0039745,T.Taylor
2025_16_JAX_DEN,REG,16,JAX,58.0,0.0,1.0,1.0,00-0034437,L.Cooke
2025_16_JAX_DEN,REG,16,DEN,46.0,0.0,0.0,1.0,00-0040223,J.Crawshaw
2025_16_JAX_DEN,REG,16,JAX,46.0,0.0,1.0,1.0,00-0034437,L.Cooke
2025_16_JAX_DEN,REG,16,JAX,63.0,0.0,0.0,1.0,00-0034437,L.Cooke
2025_16_JAX_DEN,REG,16,DEN,33.0,0.0,1.0,1.0,00-0040223,J.Crawshaw
2025_16_JAX_DEN,REG,16,DEN,53.0,0.0,0.0,1.0,00-0040223,J.Crawshaw
2025_16_JAX_DEN,REG,16,JAX,55.0,0.0,1.0,1.0,00-0034437,L.Cooke
2025_16_JAX_DEN,REG,16,JAX,54.0,0.0,0.0,1.0,00-0034437,L.Cooke
2025_16_JAX_DEN,REG,16,JAX,36.0,0.0,1.0,1.0,00-0034437,L.Cooke
2025_16_KC_TEN,REG,16,KC,42.0,0.0,0.0,1.0,00-0037284,M.Araiza
2025_16_KC_TEN,REG,16,KC,42.0,0.0,1.0,1.0,00-0037284,M.Araiza
2025_16_KC_TEN,REG,16,TEN,47.0,0.0,1.0,1.0,00-0028872,J.Hekker
2025_16_KC_TEN,REG,16,KC,32.0,0.0,0.0,1.0,00-0037284,M.Araiza
2025_16_KC_TEN,REG,16,TEN,53.0,0.0,1.0,1.0,00-0028872,J.Hekker
2025_16_KC_TEN,REG,16,TEN,43.0,0.0,0.0,1.0,00-0028872,J.Hekker
2025_16_KC_TEN,REG,16,KC,54.0,0.0,0.0,1.0,00-0037284,M.Araiza
2025_16_KC_TEN,REG,16,KC,49.0,0.0,0.0,1.0,00-0037284,M.Araiza
2025_16_LAC_DAL,REG,16,DAL,42.0,0.0,1.0,1.0,00-0029692,B.Anger
2025_16_LAC_DAL,REG,16,LAC,55.0,0.0,1.0,1.0,00-0034162,J.Scott
2025_16_LA_SEA,REG,16,SEA,44.0,0.0,1.0,1.0,00-0034160,M.Dickson
2025_16_LA_SEA,REG,16,SEA,56.0,0.0,0.0,1.0,00-0034160,M.Dickson
2025_16_LA_SEA,REG,16,SEA,32.0,0.0,1.0,1.0,00-0034160,M.Dickson
2025_16_LA_SEA,REG,16,LAR,43.0,0.0,0.0,1.0,00-0039059,E.Evans
2025_16_LA_SEA,REG,16,LAR,32.0,0.0,0.0,1.0,00-0039059,E.Evans
2025_16_LA_SEA,REG,16,LAR,44.0,0.0,0.0,1.0,00-0039059,E.Evans
2025_16_LA_SEA,REG,16,SEA,51.0,0.0,0.0,1.0,00-0034160,M.Dickson
2025_16_LA_SEA,REG,16,SEA,57.0,0.0,1.0,1.0,00-0034160,M.Dickson
2025_16_LA_SEA,REG,16,LAR,36.0,0.0,1.0,1.0,00-0039059,E.Evans
2025_16_LV_HOU,REG,16,LV,52.0,0.0,0.0,1.0,00-0035190,A.Cole
2025_16_LV_HOU,REG,16,HOU,45.0,0.0,0.0,1.0,00-0035889,T.Townsend
2025_16_LV_HOU,REG,16,LV,48.0,0.0,1.0,1.0,00-0035190,A.Cole
2025_16_LV_HOU,REG,16,HOU,51.0,0.0,0.0,1.0,00-0035889,T.Townsend
2025_16_LV_HOU,REG,16,LV,49.0,0.0,0.0,1.0,00-0035190,A.Cole
2025_16_LV_HOU,REG,16,HOU,57.0,0.0,0.0,1.0,00-0035889,T.Townsend
2025_16_LV_HOU,REG,16,LV,47.0,0.0,1.0,1.0,00-0035190,A.Cole
2025_16_LV_HOU,REG,16,LV,32.0,0.0,0.0,1.0,00-0035190,A.Cole
2025_16_LV_HOU,REG,16,HOU,56.0,0.0,1.0,1.0,00-0035889,T.Townsend
2025_16_LV_HOU,REG,16,HOU,49.0,0.0,0.0,1.0,00-0035889,T.Townsend
2025_16_LV_HOU,REG,16,LV,31.0,0.0,0.0,1.0,00-0035190,A.Cole
2025_16_LV_HOU,REG,16,LV,34.0,0.0,1.0,1.0,00-0035190,A.Cole
2025_16_MIN_NYG,REG,16,NYG,51.0,0.0,0.0,1.0,00-0035042,J.Gillan
2025_16_MIN_NYG,REG,16,NYG,40.0,0.0,0.0,1.0,00-0035042,J.Gillan
2025_16_MIN_NYG,REG,16,MIN,29.0,0.0,0.0,1.0,00-0037500,R.Wright
2025_16_NE_BAL,REG,16,BAL,39.0,0.0,0.0,1.0,00-0038094,J.Stout
2025_16_NE_BAL,REG,16,NE,49.0,0.0,0.0,1.0,00-0038610,B.Baringer
2025_16_NE_BAL,REG,16,BAL,45.0,0.0,1.0,1.0,00-0038094,J.Stout
2025_16_NYJ_NO,REG,16,NYJ,51.0,0.0,0.0,1.0,00-0039634,A.McNamara
2025_16_NYJ_NO,REG,16,NYJ,38.0,0.0,1.0,1.0,00-0039634,A.McNamara
2025_16_NYJ_NO,REG,16,NYJ,54.0,0.0,1.0,1.0,00-0039634,A.McNamara
2025_16_NYJ_NO,REG,16,NYJ,33.0,0.0,0.0,1.0,00-0039634,A.McNamara
2025_16_NYJ_NO,REG,16,NO,46.0,0.0,0.0,1.0,00-0040654,K.Kroeger
2025_16_NYJ_NO,REG,16,NYJ,55.0,0.0,1.0,1.0,00-0039634,A.McNamara
2025_16_PHI_WAS,REG,16,PHI,49.0,0.0,1.0,1.0,00-0036313,B.Mann
2025_16_PHI_WAS,REG,16,WAS,50.0,0.0,0.0,1.0,00-0030140,T.Way
2025_16_PHI_WAS,REG,16,WAS,47.0,0.0,1.0,1.0,00-0030140,T.Way
2025_16_PHI_WAS,REG,16,WAS,27.0,0.0,1.0,1.0,00-0030140,T.Way
2025_16_PHI_WAS,REG,16,WAS,40.0,0.0,0.0,1.0,00-0030140,T.Way
2025_16_PHI_WAS,REG,16,PHI,38.0,0.0,0.0,1.0,00-0036313,B.Mann
2025_16_PHI_WAS,REG,16,WAS,56.0,0.0,0.0,1.0,00-0030140,T.Way
2025_16_PIT_DET,REG,16,DET,53.0,0.0,0.0,1.0,00-0035156,J.Fox
2025_16_PIT_DET,REG,16,PIT,46.0,0.0,0.0,1.0,00-0035821,C.Waitman
2025_16_PIT_DET,REG,16,PIT,50.0,0.0,1.0,1.0,00-0035821,C.Waitman
2025_16_PIT_DET,REG,16,DET,54.0,0.0,0.0,1.0,00-0035156,J.Fox
2025_16_PIT_DET,REG,16,PIT,54.0,0.0,0.0,1.0,00-0035821,C.Waitman
2025_16_PIT_DET,REG,16,DET,52.0,0.0,0.0,1.0,00-0035156,J.Fox
2025_16_SF_IND,REG,16,IND,54.0,0.0,1.0,1.0,00-0033269,R.Sanchez
2025_16_SF_IND,REG,16,IND,47.0,0.0,0.0,1.0,00-0033269,R.Sanchez
2025_16_TB_CAR,REG,16,CAR,49.0,0.0,1.0,1.0,00-0030092,S.Martin
2025_16_TB_CAR,REG,16,CAR,43.0,0.0,0.0,1.0,00-0030092,S.Martin
2025_16_TB_CAR,REG,16,TB,42.0,0.0,0.0,1.0,00-0032943,R.Dixon
2025_16_TB_CAR,REG,16,TB,45.0,0.0,0.0,1.0,00-0032943,R.Dixon
2025_16_TB_CAR,REG,16,CAR,44.0,0.0,1.0,1.0,00-0030092,S.Martin
2025_16_TB_CAR,REG,16,TB,47.0,0.0,1.0,1.0,00-0032943,R.Dixon
2025_17_ARI_CIN,REG,17,ARI,45.0,0.0,0.0,1.0,00-0033400,M.Haack
2025_17_ARI_CIN,REG,17,CIN,42.0,0.0,0.0,1.0,00-0039323,R.Rehkow
2025_17_ARI_CIN,REG,17,ARI,63.0,0.0,1.0,1.0,00-0033400,M.Haack
2025_17_ARI_CIN,REG,17,ARI,50.0,0.0,0.0,1.0,00-0033400,M.Haack
2025_17_ARI_CIN,REG,17,ARI,53.0,0.0,1.0,1.0,00-0033400,M.Haack
2025_17_ARI_CIN,REG,17,ARI,61.0,0.0,1.0,1.0,00-0033400,M.Haack
2025_17_ARI_CIN,REG,17,ARI,54.0,0.0,0.0,1.0,00-0033400,M.Haack
2025_17_ARI_CIN,REG,17,CIN,43.0,0.0,1.0,1.0,00-0039323,R.Rehkow
2025_17_BAL_GB,REG,17,BAL,42.0,0.0,1.0,1.0,00-0038094,J.Stout
2025_17_CHI_SF,REG,17,CHI,64.0,0.0,0.0,1.0,00-0039745,T.Taylor
2025_17_CHI_SF,REG,17,SF,49.0,0.0,1.0,1.0,00-0027114,T.Morstead
2025_17_CHI_SF,REG,17,CHI,55.0,0.0,0.0,1.0,00-0039745,T.Taylor
2025_17_CHI_SF,REG,17,CHI,57.0,0.0,1.0,1.0,00-0039745,T.Taylor
2025_17_CHI_SF,REG,17,SF,32.0,0.0,1.0,1.0,00-0027114,T.Morstead
2025_17_DAL_WAS,REG,17,WAS,42.0,0.0,1.0,1.0,00-0030140,T.Way
2025_17_DAL_WAS,REG,17,WAS,53.0,0.0,1.0,1.0,00-0030140,T.Way
2025_17_DAL_WAS,REG,17,DAL,53.0,0.0,0.0,1.0,00-0029692,B.Anger
2025_17_DAL_WAS,REG,17,WAS,35.0,0.0,1.0,1.0,00-0030140,T.Way
2025_17_DEN_KC,REG,17,KC,48.0,0.0,1.0,1.0,00-0037284,M.Araiza
2025_17_DEN_KC,REG,17,DEN,45.0,0.0,1.0,1.0,00-0040223,J.Crawshaw
2025_17_DEN_KC,REG,17,KC,62.0,0.0,0.0,1.0,00-0037284,M.Araiza
2025_17_DEN_KC,REG,17,KC,61.0,0.0,0.0,1.0,00-0037284,M.Araiza
2025_17_DEN_KC,REG,17,DEN,58.0,0.0,0.0,1.0,00-0040223,J.Crawshaw
2025_17_DET_MIN,REG,17,MIN,48.0,0.0,0.0,1.0,00-0037500,R.Wright
2025_17_DET_MIN,REG,17,DET,50.0,0.0,0.0,1.0,00-0035156,J.Fox
2025_17_DET_MIN,REG,17,MIN,45.0,0.0,1.0,1.0,00-0037500,R.Wright
2025_17_DET_MIN,REG,17,MIN,59.0,0.0,0.0,1.0,00-0037500,R.Wright
2025_17_DET_MIN,REG,17,MIN,56.0,0.0,0.0,1.0,00-0037500,R.Wright
2025_17_DET_MIN,REG,17,DET,39.0,0.0,1.0,1.0,00-0035156,J.Fox
2025_17_DET_MIN,REG,17,MIN,46.0,0.0,0.0,1.0,00-0037500,R.Wright
2025_17_DET_MIN,REG,17,MIN,41.0,0.0,1.0,1.0,00-0037500,R.Wright
2025_17_DET_MIN,REG,17,DET,70.0,0.0,1.0,1.0,00-0035156,J.Fox
2025_17_DET_MIN,REG,17,MIN,63.0,0.0,0.0,1.0,00-0037500,R.Wright
2025_17_HOU_LAC,REG,17,LAC,41.0,0.0,0.0,1.0,00-0034162,J.Scott
2025_17_HOU_LAC,REG,17,LAC,44.0,0.0,0.0,1.0,00-0034162,J.Scott
2025_17_HOU_LAC,REG,17,HOU,56.0,0.0,1.0,1.0,00-0035889,T.Townsend
2025_17_HOU_LAC,REG,17,LAC,49.0,0.0,0.0,1.0,00-0034162,J.Scott
2025_17_HOU_LAC,REG,17,HOU,44.0,0.0,1.0,1.0,00-0035889,T.Townsend
2025_17_HOU_LAC,REG,17,LAC,39.0,0.0,0.0,1.0,00-0034162,J.Scott
2025_17_HOU_LAC,REG,17,HOU,45.0,0.0,1.0,1.0,00-0035889,T.Townsend
2025_17_HOU_LAC,REG,17,LAC,44.0,0.0,1.0,1.0,00-0034162,J.Scott
2025_17_HOU_LAC,REG,17,HOU,55.0,0.0,0.0,1.0,00-0035889,T.Townsend
2025_17_HOU_LAC,REG,17,LAC,22.0,0.0,0.0,1.0,00-0034162,J.Scott
2025_17_HOU_LAC,REG,17,HOU,52.0,0.0,1.0,1.0,00-0035889,T.Townsend
2025_17_HOU_LAC,REG,17,LAC,34.0,0.0,0.0,1.0,00-0034162,J.Scott
2025_17_JAX_IND,REG,17,IND,48.0,0.0,1.0,1.0,00-0033269,R.Sanchez
2025_17_JAX_IND,REG,17,JAX,61.0,0.0,1.0,1.0,00-0034437,L.Cooke
2025_17_JAX_IND,REG,17,IND,50.0,0.0,0.0,1.0,00-0033269,R.Sanchez
2025_17_JAX_IND,REG,17,JAX,66.0,0.0,0.0,1.0,00-0034437,L.Cooke
2025_17_JAX_IND,REG,17,IND,54.0,0.0,1.0,1.0,00-0033269,R.Sanchez
2025_17_JAX_IND,REG,17,IND,40.0,0.0,0.0,1.0,00-0033269,R.Sanchez
2025_17_LA_ATL,REG,17,ATL,59.0,0.0,1.0,1.0,00-0032065,B.Pinion
2025_17_LA_ATL,REG,17,LAR,50.0,0.0,0.0,1.0,00-0039059,E.Evans
2025_17_LA_ATL,REG,17,ATL,40.0,0.0,1.0,1.0,00-0032065,B.Pinion
2025_17_LA_ATL,REG,17,LAR,40.0,0.0,1.0,1.0,00-0039059,E.Evans
2025_17_LA_ATL,REG,17,ATL,61.0,0.0,0.0,1.0,00-0032065,B.Pinion
2025_17_LA_ATL,REG,17,ATL,48.0,0.0,0.0,1.0,00-0032065,B.Pinion
2025_17_LA_ATL,REG,17,ATL,38.0,0.0,1.0,1.0,00-0032065,B.Pinion
2025_17_NE_NYJ,REG,17,NYJ,48.0,0.0,1.0,1.0,00-0039634,A.McNamara
2025_17_NE_NYJ,REG,17,NYJ,50.0,0.0,1.0,1.0,00-0039634,A.McNamara
2025_17_NE_NYJ,REG,17,NE,48.0,0.0,0.0,1.0,00-0038610,B.Baringer
2025_17_NE_NYJ,REG,17,NE,45.0,0.0,0.0,1.0,00-0038610,B.Baringer
2025_17_NO_TEN,REG,17,TEN,49.0,0.0,0.0,1.0,00-0028872,J.Hekker
2025_17_NO_TEN,REG,17,NO,17.0,0.0,0.0,1.0,00-0040654,K.Kroeger
2025_17_NO_TEN,REG,17,NO,38.0,0.0,0.0,1.0,00-0040654,K.Kroeger
2025_17_NO_TEN,REG,17,TEN,61.0,0.0,0.0,1.0,00-0028872,J.Hekker
2025_17_NO_TEN,REG,17,TEN,41.0,0.0,0.0,1.0,00-0028872,J.Hekker
2025_17_NO_TEN,REG,17,NO,41.0,0.0,0.0,1.0,00-0040654,K.Kroeger
2025_17_NYG_LV,REG,17,NYG,44.0,0.0,1.0,1.0,00-0035042,J.Gillan
2025_17_NYG_LV,REG,17,LV,54.0,0.0,0.0,1.0,00-0035190,A.Cole
2025_17_NYG_LV,REG,17,NYG,44.0,0.0,0.0,1.0,00-0035042,J.Gillan
2025_17_NYG_LV,REG,17,LV,54.0,0.0,1.0,1.0,00-0035190,A.Cole
2025_17_NYG_LV,REG,17,LV,63.0,0.0,0.0,1.0,00-0035190,A.Cole
2025_17_PHI_BUF,REG,17,PHI,54.0,0.0,1.0,1.0,00-0036313,B.Mann
2025_17_PHI_BUF,REG,17,BUF,46.0,0.0,1.0,1.0,00-0034941,M.Wishnowsky
2025_17_PHI_BUF,REG,17,PHI,44.0,0.0,0.0,1.0,00-0036313,B.Mann
2025_17_PHI_BUF,REG,17,BUF,36.0,0.0,1.0,1.0,00-0034941,M.Wishnowsky
2025_17_PHI_BUF,REG,17,BUF,49.0,0.0,0.0,1.0,00-0034941,M.Wishnowsky
2025_17_PHI_BUF,REG,17,BUF,49.0,0.0,0.0,1.0,00-0034941,M.Wishnowsky
2025_17_PHI_BUF,REG,17,PHI,65.0,0.0,0.0,1.0,00-0036313,B.Mann
2025_17_PHI_BUF,REG,17,BUF,36.0,0.0,1.0,1.0,00-0034941,M.Wishnowsky
2025_17_PHI_BUF,REG,17,PHI,62.0,0.0,0.0,1.0,00-0036313,B.Mann
2025_17_PHI_BUF,REG,17,PHI,50.0,0.0,0.0,1.0,00-0036313,B.Mann
2025_17_PHI_BUF,REG,17,BUF,46.0,0.0,0.0,1.0,00-0034941,M.Wishnowsky
2025_17_PHI_BUF,REG,17,PHI,58.0,0.0,0.0,1.0,00-0036313,B.Mann
2025_17_PHI_BUF,REG,17,PHI,55.0,0.0,1.0,1.0,00-0036313,B.Mann
2025_17_PIT_CLE,REG,17,PIT,52.0,0.0,1.0,1.0,00-0035821,C.Waitman
2025_17_PIT_CLE,REG,17,PIT,31.0,0.0,1.0,1.0,00-0035821,C.Waitman
2025_17_PIT_CLE,REG,17,CLE,57.0,0.0,0.0,1.0,00-0034721,C.Bojorquez
2025_17_PIT_CLE,REG,17,PIT,43.0,0.0,1.0,1.0,00-0035821,C.Waitman
2025_17_PIT_CLE,REG,17,CLE,46.0,0.0,0.0,1.0,00-0034721,C.Bojorquez
2025_17_PIT_CLE,REG,17,PIT,34.0,0.0,1.0,1.0,00-0035821,C.Waitman
2025_17_PIT_CLE,REG,17,CLE,64.0,0.0,0.0,1.0,00-0034721,C.Bojorquez
2025_17_PIT_CLE,REG,17,PIT,43.0,0.0,1.0,1.0,00-0035821,C.Waitman
2025_17_PIT_CLE,REG,17,CLE,61.0,0.0,0.0,1.0,00-0034721,C.Bojorquez
2025_17_SEA_CAR,REG,17,CAR,35.0,0.0,1.0,1.0,00-0030092,S.Martin
2025_17_SEA_CAR,REG,17,SEA,53.0,0.0,0.0,1.0,00-0034160,M.Dickson
2025_17_SEA_CAR,REG,17,CAR,58.0,0.0,0.0,1.0,00-0030092,S.Martin
2025_17_SEA_CAR,REG,17,CAR,48.0,0.0,1.0,1.0,00-0030092,S.Martin
2025_17_SEA_CAR,REG,17,SEA,35.0,0.0,0.0,1.0,00-0034160,M.Dickson
2025_17_TB_MIA,REG,17,MIA,54.0,0.0,0.0,1.0,00-0035280,J.Bailey
2025_17_TB_MIA,REG,17,TB,41.0,0.0,1.0,1.0,00-0032943,R.Dixon
2025_17_TB_MIA,REG,17,TB,27.0,0.0,0.0,1.0,00-0032943,R.Dixon
2025_17_TB_MIA,REG,17,MIA,58.0,0.0,0.0,1.0,00-0035280,J.Bailey
2025_17_TB_MIA,REG,17,TB,58.0,0.0,1.0,1.0,00-0032943,R.Dixon
2025_17_TB_MIA,REG,17,MIA,51.0,0.0,0.0,1.0,00-0035280,J.Bailey
2025_17_TB_MIA,REG,17,MIA,43.0,0.0,0.0,1.0,00-0035280,J.Bailey
2025_17_TB_MIA,REG,17,MIA,30.0,0.0,1.0,1.0,00-0035280,J.Bailey
2025_18_ARI_LA,REG,18,LAR,64.0,0.0,0.0,1.0,00-0039059,E.Evans
2025_18_ARI_LA,REG,18,LAR,53.0,0.0,0.0,1.0,00-0039059,E.Evans
2025_18_ARI_LA,REG,18,ARI,52.0,0.0,0.0,1.0,00-0033400,M.Haack
2025_18_ARI_LA,REG,18,ARI,57.0,0.0,1.0,1.0,00-0033400,M.Haack
2025_18_BAL_PIT,REG,18,PIT,33.0,0.0,1.0,1.0,00-0035821,C.Waitman
2025_18_BAL_PIT,REG,18,BAL,52.0,0.0,0.0,1.0,00-0038094,J.Stout
2025_18_BAL_PIT,REG,18,BAL,54.0,0.0,1.0,1.0,00-0038094,J.Stout
2025_18_BAL_PIT,REG,18,PIT,53.0,0.0,0.0,1.0,00-0035821,C.Waitman
2025_18_BAL_PIT,REG,18,BAL,33.0,0.0,1.0,1.0,00-0038094,J.Stout
2025_18_BAL_PIT,REG,18,BAL,52.0,0.0,1.0,1.0,00-0038094,J.Stout
2025_18_BAL_PIT,REG,18,PIT,33.0,0.0,0.0,1.0,00-0035821,C.Waitman
2025_18_CAR_TB,REG,18,CAR,50.0,0.0,0.0,1.0,00-0030092,S.Martin
2025_18_CAR_TB,REG,18,CAR,42.0,0.0,1.0,1.0,00-0030092,S.Martin
2025_18_CAR_TB,REG,18,TB,43.0,0.0,1.0,1.0,00-0032943,R.Dixon
2025_18_CAR_TB,REG,18,TB,46.0,0.0,1.0,1.0,00-0032943,R.Dixon
2025_18_CAR_TB,REG,18,CAR,47.0,0.0,0.0,1.0,00-0030092,S.Martin
2025_18_CAR_TB,REG,18,TB,41.0,0.0,1.0,1.0,00-0032943,R.Dixon
2025_18_CLE_CIN,REG,18,CIN,58.0,0.0,1.0,1.0,00-0039323,R.Rehkow
2025_18_CLE_CIN,REG,18,CLE,50.0,0.0,0.0,1.0,00-0034721,C.Bojorquez
2025_18_CLE_CIN,REG,18,CIN,38.0,0.0,1.0,1.0,00-0039323,R.Rehkow
2025_18_CLE_CIN,REG,18,CLE,52.0,0.0,0.0,1.0,00-0034721,C.Bojorquez
2025_18_CLE_CIN,REG,18,CIN,50.0,0.0,0.0,1.0,00-0039323,R.Rehkow
2025_18_CLE_CIN,REG,18,CLE,45.0,0.0,0.0,1.0,00-0034721,C.Bojorquez
2025_18_CLE_CIN,REG,18,CIN,35.0,0.0,1.0,1.0,00-0039323,R.Rehkow
2025_18_CLE_CIN,REG,18,CLE,32.0,0.0,1.0,1.0,00-0034721,C.Bojorquez
2025_18_CLE_CIN,REG,18,CIN,41.0,0.0,1.0,1.0,00-0039323,R.Rehkow
2025_18_CLE_CIN,REG,18,CLE,46.0,0.0,0.0,1.0,00-0034721,C.Bojorquez
2025_18_DAL_NYG,REG,18,NYG,48.0,0.0,1.0,1.0,00-0035042,J.Gillan
2025_18_DAL_NYG,REG,18,DAL,65.0,0.0,0.0,1.0,00-0029692,B.Anger
2025_18_DAL_NYG,REG,18,DAL,45.0,0.0,0.0,1.0,00-0029692,B.Anger
2025_18_DAL_NYG,REG,18,NYG,36.0,0.0,0.0,1.0,00-0035042,J.Gillan
2025_18_DET_CHI,REG,18,CHI,32.0,0.0,0.0,1.0,00-0039745,T.Taylor
2025_18_DET_CHI,REG,18,CHI,54.0,0.0,0.0,1.0,00-0039745,T.Taylor
2025_18_DET_CHI,REG,18,CHI,46.0,0.0,0.0,1.0,00-0039745,T.Taylor
2025_18_DET_CHI,REG,18,DET,59.0,0.0,0.0,1.0,00-0035156,J.Fox
2025_18_DET_CHI,REG,18,DET,34.0,0.0,1.0,1.0,00-0035156,J.Fox
2025_18_DET_CHI,REG,18,CHI,46.0,0.0,0.0,1.0,00-0039745,T.Taylor
2025_18_GB_MIN,REG,18,GB,62.0,0.0,1.0,1.0,00-0037547,D.Whelan
2025_18_GB_MIN,REG,18,MIN,48.0,0.0,0.0,1.0,00-0037500,R.Wright
2025_18_GB_MIN,REG,18,GB,68.0,0.0,0.0,1.0,00-0037547,D.Whelan
2025_18_GB_MIN,REG,18,MIN,49.0,0.0,1.0,1.0,00-0037500,R.Wright
2025_18_GB_MIN,REG,18,GB,56.0,0.0,0.0,1.0,00-0037547,D.Whelan
2025_18_GB_MIN,REG,18,MIN,44.0,0.0,0.0,1.0,00-0037500,R.Wright
2025_18_GB_MIN,REG,18,GB,44.0,0.0,1.0,1.0,00-0037547,D.Whelan
2025_18_GB_MIN,REG,18,GB,51.0,0.0,0.0,1.0,00-0037547,D.Whelan
2025_18_GB_MIN,REG,18,GB,30.0,0.0,1.0,1.0,00-0037547,D.Whelan
2025_18_GB_MIN,REG,18,MIN,55.0,0.0,1.0,1.0,00-0037500,R.Wright
2025_18_GB_MIN,REG,18,GB,57.0,0.0,1.0,1.0,00-0037547,D.Whelan
2025_18_GB_MIN,REG,18,GB,63.0,0.0,1.0,1.0,00-0037547,D.Whelan
2025_18_IND_HOU,REG,18,IND,41.0,0.0,0.0,1.0,00-0033269,R.Sanchez
2025_18_IND_HOU,REG,18,HOU,33.0,0.0,1.0,1.0,00-0035889,T.Townsend
2025_18_IND_HOU,REG,18,HOU,43.0,0.0,0.0,1.0,00-0035889,T.Townsend
2025_18_IND_HOU,REG,18,IND,49.0,0.0,0.0,1.0,00-0033269,R.Sanchez
2025_18_IND_HOU,REG,18,HOU,45.0,0.0,1.0,1.0,00-0035889,T.Townsend
2025_18_KC_LV,REG,18,KC,41.0,0.0,0.0,1.0,00-0037284,M.Araiza
2025_18_KC_LV,REG,18,KC,43.0,0.0,1.0,1.0,00-0037284,M.Araiza
2025_18_KC_LV,REG,18,LV,52.0,0.0,0.0,1.0,00-0035190,A.Cole
2025_18_KC_LV,REG,18,LV,47.0,0.0,0.0,1.0,00-0035190,A.Cole
2025_18_KC_LV,REG,18,KC,58.0,0.0,0.0,1.0,00-0037284,M.Araiza
2025_18_KC_LV,REG,18,KC,49.0,0.0,1.0,1.0,00-0037284,M.Araiza
2025_18_KC_LV,REG,18,LV,52.0,0.0,1.0,1.0,00-0035190,A.Cole
2025_18_KC_LV,REG,18,KC,59.0,0.0,0.0,1.0,00-0037284,M.Araiza
2025_18_KC_LV,REG,18,LV,53.0,0.0,0.0,1.0,00-0035190,A.Cole
2025_18_KC_LV,REG,18,KC,58.0,0.0,1.0,1.0,00-0037284,M.Araiza
2025_18_KC_LV,REG,18,LV,47.0,0.0,1.0,1.0,00-0035190,A.Cole
2025_18_KC_LV,REG,18,LV,56.0,0.0,0.0,1.0,00-0035190,A.Cole
2025_18_LAC_DEN,REG,18,LAC,53.0,0.0,1.0,1.0,00-0034162,J.Scott
2025_18_LAC_DEN,REG,18,LAC,58.0,0.0,0.0,1.0,00-0034162,J.Scott
2025_18_LAC_DEN,REG,18,DEN,54.0,0.0,0.0,1.0,00-0040223,J.Crawshaw
2025_18_LAC_DEN,REG,18,LAC,54.0,0.0,1.0,1.0,00-0034162,J.Scott
2025_18_LAC_DEN,REG,18,DEN,53.0,0.0,0.0,1.0,00-0040223,J.Crawshaw
2025_18_LAC_DEN,REG,18,LAC,40.0,0.0,1.0,1.0,00-0034162,J.Scott
2025_18_LAC_DEN,REG,18,DEN,36.0,0.0,0.0,1.0,00-0040223,J.Crawshaw
2025_18_LAC_DEN,REG,18,DEN,47.0,0.0,1.0,1.0,00-0040223,J.Crawshaw
2025_18_LAC_DEN,REG,18,LAC,49.0,0.0,0.0,1.0,00-0034162,J.Scott
2025_18_LAC_DEN,REG,18,LAC,53.0,0.0,0.0,1.0,00-0034162,J.Scott
2025_18_LAC_DEN,REG,18,DEN,48.0,0.0,0.0,1.0,00-0040223,J.Crawshaw
2025_18_LAC_DEN,REG,18,LAC,48.0,0.0,1.0,1.0,00-0034162,J.Scott
2025_18_LAC_DEN,REG,18,DEN,49.0,0.0,0.0,1.0,00-0040223,J.Crawshaw
2025_18_MIA_NE,REG,18,NE,56.0,0.0,1.0,1.0,00-0038610,B.Baringer
2025_18_MIA_NE,REG,18,MIA,50.0,0.0,0.0,1.0,00-0035280,J.Bailey
2025_18_MIA_NE,REG,18,MIA,27.0,0.0,0.0,1.0,00-0035280,J.Bailey
2025_18_MIA_NE,REG,18,MIA,31.0,0.0,0.0,1.0,00-0035280,J.Bailey
2025_18_MIA_NE,REG,18,MIA,42.0,0.0,0.0,1.0,00-0035280,J.Bailey
2025_18_MIA_NE,REG,18,NE,56.0,0.0,1.0,1.0,00-0038610,B.Baringer
2025_18_MIA_NE,REG,18,MIA,49.0,0.0,0.0,1.0,00-0035280,J.Bailey
2025_18_MIA_NE,REG,18,NE,43.0,0.0,1.0,1.0,00-0038610,B.Baringer
2025_18_MIA_NE,REG,18,MIA,46.0,0.0,0.0,1.0,00-0035280,J.Bailey
2025_18_NO_ATL,REG,18,ATL,69.0,0.0,1.0,1.0,00-0032065,B.Pinion
2025_18_NO_ATL,REG,18,NO,52.0,0.0,0.0,1.0,00-0040654,K.Kroeger
2025_18_NO_ATL,REG,18,ATL,52.0,0.0,1.0,1.0,00-0032065,B.Pinion
2025_18_NO_ATL,REG,18,NO,0.0,1.0,0.0,1.0,00-0040654,K.Kroeger
2025_18_NO_ATL,REG,18,ATL,58.0,0.0,0.0,1.0,00-0032065,B.Pinion
2025_18_NO_ATL,REG,18,NO,45.0,0.0,1.0,1.0,00-0040654,K.Kroeger
2025_18_NO_ATL,REG,18,NO,51.0,0.0,0.0,1.0,00-0040654,K.Kroeger
2025_18_NO_ATL,REG,18,NO,55.0,0.0,0.0,1.0,00-0040654,K.Kroeger
2025_18_NO_ATL,REG,18,ATL,50.0,0.0,0.0,1.0,00-0032065,B.Pinion
2025_18_NYJ_BUF,REG,18,NYJ,33.0,0.0,0.0,1.0,00-0039634,A.McNamara
2025_18_NYJ_BUF,REG,18,NYJ,47.0,0.0,1.0,1.0,00-0039634,A.McNamara
2025_18_NYJ_BUF,REG,18,NYJ,40.0,0.0,1.0,1.0,00-0039634,A.McNamara
2025_18_NYJ_BUF,REG,18,NYJ,41.0,0.0,0.0,1.0,00-0039634,A.McNamara
2025_18_NYJ_BUF,REG,18,NYJ,50.0,0.0,0.0,1.0,00-0039634,A.McNamara
2025_18_SEA_SF,REG,18,SF,49.0,0.0,0.0,1.0,00-0027114,T.Morstead
2025_18_SEA_SF,REG,18,SF,39.0,0.0,1.0,1.0,00-0027114,T.Morstead
2025_18_SEA_SF,REG,18,SF,43.0,0.0,0.0,1.0,00-0027114,T.Morstead
2025_18_SEA_SF,REG,18,SEA,36.0,0.0,1.0,1.0,00-0034160,M.Dickson
2025_18_SEA_SF,REG,18,SF,50.0,0.0,0.0,1.0,00-0027114,T.Morstead
2025_18_TEN_JAX,REG,18,JAX,45.0,0.0,0.0,1.0,00-0034437,L.Cooke
2025_18_TEN_JAX,REG,18,TEN,41.0,0.0,0.0,1.0,00-0028872,J.Hekker
2025_18_TEN_JAX,REG,18,JAX,60.0,0.0,0.0,1.0,00-0034437,L.Cooke
2025_18_TEN_JAX,REG,18,TEN,45.0,0.0,1.0,1.0,00-0028872,J.Hekker
2025_18_TEN_JAX,REG,18,TEN,49.0,0.0,1.0,1.0,00-0028872,J.Hekker
2025_18_TEN_JAX,REG,18,TEN,51.0,0.0,0.0,1.0,00-0028872,J.Hekker
2025_18_TEN_JAX,REG,18,JAX,33.0,0.0,1.0,1.0,00-0034437,L.Cooke
2025_18_TEN_JAX,REG,18,TEN,57.0,0.0,0.0,1.0,00-0028872,J.Hekker
2025_18_WAS_PHI,REG,18,PHI,35.0,0.0,1.0,1.0,00-0036313,B.Mann
2025_18_WAS_PHI,REG,18,WAS,71.0,0.0,1.0,1.0,00-0030140,T.Way
2025_18_WAS_PHI,REG,18,PHI,44.0,0.0,0.0,1.0,00-0036313,B.Mann
2025_18_WAS_PHI,REG,18,WAS,43.0,0.0,0.0,1.0,00-0030140,T.Way
2025_18_WAS_PHI,REG,18,PHI,36.0,0.0,0.0,1.0,00-0036313,B.Mann
2025_18_WAS_PHI,REG,18,WAS,45.0,0.0,0.0,1.0,00-0030140,T.Way
