game_id,season_type,week,posteam,kick_distance,punt_blocked,punt_inside_twenty,punt_attempt,punter_player_id,punter_player_name
2022_01_BAL_NYJ,REG,1,NYJ,45.0,0.0,0.0,1.0,00-0036313,B.Mann
2022_01_BAL_NYJ,REG,1,BAL,40.0,0.0,1.0,1.0,00-0038094,J.Stout
2022_01_BAL_NYJ,REG,1,NYJ,48.0,0.0,0.0,1.0,00-0036313,B.Mann
2022_01_BAL_NYJ,REG,1,BAL,48.0,0.0,1.0,1.0,00-0038094,J.Stout
2022_01_BAL_NYJ,REG,1,NYJ,50.0,0.0,1.0,1.0,00-0036313,B.Mann
2022_01_BAL_NYJ,REG,1,BAL,56.0,0.0,0.0,1.0,00-0038094,J.Stout
2022_01_BAL_NYJ,REG,1,BAL,40.0,0.0,1.0,1.0,00-0038094,J.Stout
2022_01_BAL_NYJ,REG,1,NYJ,41.0,0.0,0.0,1.0,00-0036313,B.Mann
2022_01_BAL_NYJ,REG,1,BAL,64.0,0.0,0.0,1.0,00-0038094,J.Stout
2022_01_BAL_NYJ,REG,1,NYJ,20.0,0.0,0.0,1.0,00-0036313,B.Mann
2022_01_BAL_NYJ,REG,1,NYJ,49.0,0.0,1.0,1.0,00-0036313,B.Mann
2022_01_BAL_NYJ,REG,1,BAL,43.0,0.0,0.0,1.0,00-0038094,J.Stout
2022_01_BUF_LA,REG,1,LAR,36.0,0.0,1.0,1.0,00-0032943,R.Dixon
2022_01_BUF_LA,REG,1,LAR,57.0,0.0,0.0,1.0,00-0032943,R.Dixon
2022_01_BUF_LA,REG,1,LAR,48.0,0.0,0.0,1.0,00-0032943,R.Dixon
2022_01_BUF_LA,REG,1,LAR,39.0,0.0,1.0,1.0,00-0032943,R.Dixon
2022_01_CLE_CAR,REG,1,CAR,44.0,0.0,0.0,1.0,00-0028872,J.Hekker
2022_01_CLE_CAR,REG,1,CAR,39.0,0.0,0.0,1.0,00-0028872,J.Hekker
2022_01_CLE_CAR,REG,1,CLE,36.0,0.0,1.0,1.0,00-0034721,C.Bojorquez
2022_01_CLE_CAR,REG,1,CAR,48.0,0.0,0.0,1.0,00-0028872,J.Hekker
2022_01_CLE_CAR,REG,1,CLE,46.0,0.0,1.0,1.0,00-0034721,C.Bojorquez
2022_01_CLE_CAR,REG,1,CAR,58.0,0.0,0.0,1.0,00-0028872,J.Hekker
2022_01_CLE_CAR,REG,1,CAR,61.0,0.0,0.0,1.0,00-0028872,J.Hekker
2022_01_CLE_CAR,REG,1,CLE,49.0,0.0,0.0,1.0,00-0034721,C.Bojorquez
2022_01_CLE_CAR,REG,1,CLE,56.0,0.0,0.0,1.0,00-0034721,C.Bojorquez
2022_01_DEN_SEA,REG,1,DEN,36.0,0.0,1.0,1.0,00-0035821,C.Waitman
2022_01_DEN_SEA,REG,1,SEA,47.0,0.0,0.0,1.0,00-0034160,M.Dickson
2022_01_DEN_SEA,REG,1,SEA,54.0,0.0,0.0,1.0,00-0034160,M.Dickson
2022_01_GB_MIN,REG,1,GB,47.0,0.0,1.0,1.0,00-0031079,P.O'Donnell
2022_01_GB_MIN,REG,1,MIN,56.0,0.0,0.0,1.0,00-0037500,R.Wright
2022_01_GB_MIN,REG,1,GB,33.0,0.0,1.0,1.0,00-0031079,P.O'Donnell
2022_01_GB_MIN,REG,1,MIN,45.0,0.0,0.0,1.0,00-0037500,R.Wright
2022_01_GB_MIN,REG,1,GB,53.0,0.0,0.0,1.0,00-0031079,P.O'Donnell
2022_01_GB_MIN,REG,1,MIN,53.0,0.0,1.0,1.0,00-0037500,R.Wright
2022_01_GB_MIN,REG,1,MIN,38.0,0.0,1.0,1.0,00-0037500,R.Wright
2022_01_GB_MIN,REG,1,GB,46.0,0.0,1.0,1.0,00-0031079,P.O'Donnell
2022_01_GB_MIN,REG,1,MIN,40.0,0.0,1.0,1.0,00-0037500,R.Wright
2022_01_IND_HOU,REG,1,IND,44.0,0.0,0.0,1.0,00-0033400,M.Haack
2022_01_IND_HOU,REG,1,HOU,44.0,0.0,0.0,1.0,00-0033729,C.Johnston
2022_01_IND_HOU,REG,1,HOU,49.0,0.0,0.0,1.0,00-0033729,C.Johnston
2022_01_IND_HOU,REG,1,IND,28.0,0.0,1.0,1.0,00-0033400,M.Haack
2022_01_IND_HOU,REG,1,IND,70.0,0.0,1.0,1.0,00-0033400,M.Haack
2022_01_IND_HOU,REG,1,HOU,37.0,0.0,1.0,1.0,00-0033729,C.Johnston
2022_01_IND_HOU,REG,1,HOU,49.0,0.0,0.0,1.0,00-0033729,C.Johnston
2022_01_IND_HOU,REG,1,HOU,44.0,0.0,1.0,1.0,00-0033729,C.Johnston
2022_01_IND_HOU,REG,1,IND,37.0,0.0,1.0,1.0,00-0033400,M.Haack
2022_01_IND_HOU,REG,1,HOU,52.0,0.0,0.0,1.0,00-0033729,C.Johnston
2022_01_IND_HOU,REG,1,HOU,43.0,0.0,1.0,1.0,00-0033729,C.Johnston
2022_01_JAX_WAS,REG,1,JAX,61.0,0.0,0.0,1.0,00-0034437,L.Cooke
2022_01_JAX_WAS,REG,1,JAX,51.0,0.0,0.0,1.0,00-0034437,L.Cooke
2022_01_JAX_WAS,REG,1,WAS,42.0,0.0,0.0,1.0,00-0030140,T.Way
2022_01_JAX_WAS,REG,1,WAS,48.0,0.0,0.0,1.0,00-0030140,T.Way
2022_01_JAX_WAS,REG,1,WAS,57.0,0.0,0.0,1.0,00-0030140,T.Way
2022_01_JAX_WAS,REG,1,JAX,38.0,0.0,1.0,1.0,00-0034437,L.Cooke
2022_01_KC_ARI,REG,1,ARI,52.0,0.0,0.0,1.0,00-0022824,A.Lee
2022_01_KC_ARI,REG,1,ARI,57.0,0.0,0.0,1.0,00-0022824,A.Lee
2022_01_KC_ARI,REG,1,KC,58.0,0.0,0.0,1.0,00-0035889,T.Townsend
2022_01_KC_ARI,REG,1,ARI,41.0,0.0,0.0,1.0,00-0022824,A.Lee
2022_01_KC_ARI,REG,1,ARI,54.0,0.0,0.0,1.0,00-0022824,A.Lee
2022_01_KC_ARI,REG,1,ARI,51.0,0.0,0.0,1.0,00-0022824,A.Lee
2022_01_KC_ARI,REG,1,KC,50.0,0.0,0.0,1.0,00-0035889,T.Townsend
2022_01_LV_LAC,REG,1,LAC,49.0,0.0,1.0,1.0,00-0034162,J.Scott
2022_01_LV_LAC,REG,1,LV,56.0,0.0,0.0,1.0,00-0035190,A.Cole
2022_01_LV_LAC,REG,1,LV,50.0,0.0,1.0,1.0,00-0035190,A.Cole
2022_01_LV_LAC,REG,1,LAC,51.0,0.0,0.0,1.0,00-0034162,J.Scott
2022_01_LV_LAC,REG,1,LAC,49.0,0.0,0.0,1.0,00-0034162,J.Scott
2022_01_LV_LAC,REG,1,LAC,47.0,0.0,0.0,1.0,00-0034162,J.Scott
2022_01_NE_MIA,REG,1,NE,34.0,0.0,1.0,1.0,00-0035280,J.Bailey
2022_01_NE_MIA,REG,1,MIA,34.0,0.0,1.0,1.0,00-0027114,T.Morstead
2022_01_NE_MIA,REG,1,NE,36.0,0.0,1.0,1.0,00-0035280,J.Bailey
2022_01_NE_MIA,REG,1,MIA,58.0,0.0,1.0,1.0,00-0027114,T.Morstead
2022_01_NE_MIA,REG,1,NE,48.0,0.0,1.0,1.0,00-0035280,J.Bailey
2022_01_NE_MIA,REG,1,MIA,50.0,0.0,0.0,1.0,00-0027114,T.Morstead
2022_01_NE_MIA,REG,1,MIA,41.0,0.0,1.0,1.0,00-0027114,T.Morstead
2022_01_NO_ATL,REG,1,NO,58.0,0.0,0.0,1.0,00-0035859,B.Gillikin
2022_01_NO_ATL,REG,1,ATL,51.0,0.0,0.0,1.0,00-0032065,B.Pinion
2022_01_NO_ATL,REG,1,NO,47.0,0.0,0.0,1.0,00-0035859,B.Gillikin
2022_01_NO_ATL,REG,1,ATL,51.0,0.0,0.0,1.0,00-0032065,B.Pinion
2022_01_NO_ATL,REG,1,NO,52.0,0.0,1.0,1.0,00-0035859,B.Gillikin
2022_01_NO_ATL,REG,1,NO,56.0,0.0,0.0,1.0,00-0035859,B.Gillikin
2022_01_NO_ATL,REG,1,NO,59.0,0.0,0.0,1.0,00-0035859,B.Gillikin
2022_01_NO_ATL,REG,1,ATL,41.0,0.0,1.0,1.0,00-0032065,B.Pinion
2022_01_NO_ATL,REG,1,ATL,37.0,0.0,1.0,1.0,00-0032065,B.Pinion
2022_01_NYG_TEN,REG,1,NYG,60.0,0.0,0.0,1.0,00-0035042,J.Gillan
2022_01_NYG_TEN,REG,1,NYG,46.0,0.0,1.0,1.0,00-0035042,J.Gillan
2022_01_NYG_TEN,REG,1,TEN,54.0,0.0,0.0,1.0,00-0037607,R.Stonehouse
2022_01_NYG_TEN,REG,1,NYG,47.0,0.0,1.0,1.0,00-0035042,J.Gillan
2022_01_NYG_TEN,REG,1,NYG,44.0,0.0,1.0,1.0,00-0035042,J.Gillan
2022_01_NYG_TEN,REG,1,TEN,38.0,0.0,1.0,1.0,00-0037607,R.Stonehouse
2022_01_NYG_TEN,REG,1,TEN,62.0,0.0,1.0,1.0,00-0037607,R.Stonehouse
2022_01_NYG_TEN,REG,1,TEN,64.0,0.0,0.0,1.0,00-0037607,R.Stonehouse
2022_01_NYG_TEN,REG,1,NYG,69.0,0.0,1.0,1.0,00-0035042,J.Gillan
2022_01_NYG_TEN,REG,1,TEN,66.0,0.0,1.0,1.0,00-0037607,R.Stonehouse
2022_01_NYG_TEN,REG,1,NYG,43.0,0.0,1.0,1.0,00-0035042,J.Gillan
2022_01_NYG_TEN,REG,1,TEN,58.0,0.0,0.0,1.0,00-0037607,R.Stonehouse
2022_01_PHI_DET,REG,1,DET,37.0,0.0,1.0,1.0,00-0035156,J.Fox
2022_01_PHI_DET,REG,1,DET,54.0,0.0,0.0,1.0,00-0035156,J.Fox
2022_01_PHI_DET,REG,1,PHI,46.0,0.0,0.0,1.0,00-0036013,A.Siposs
2022_01_PHI_DET,REG,1,DET,46.0,0.0,0.0,1.0,00-0035156,J.Fox
2022_01_PHI_DET,REG,1,PHI,48.0,0.0,0.0,1.0,00-0036013,A.Siposs
2022_01_PHI_DET,REG,1,DET,48.0,0.0,1.0,1.0,00-0035156,J.Fox
2022_01_PHI_DET,REG,1,PHI,43.0,0.0,0.0,1.0,00-0036013,A.Siposs
2022_01_PIT_CIN,REG,1,PIT,44.0,0.0,0.0,1.0,00-0036847,P.Harvin
2022_01_PIT_CIN,REG,1,PIT,41.0,0.0,0.0,1.0,00-0036847,P.Harvin
2022_01_PIT_CIN,REG,1,PIT,57.0,0.0,0.0,1.0,00-0036847,P.Harvin
2022_01_PIT_CIN,REG,1,CIN,58.0,0.0,1.0,1.0,00-0027103,K.Huber
2022_01_PIT_CIN,REG,1,PIT,40.0,0.0,0.0,1.0,00-0036847,P.Harvin
2022_01_PIT_CIN,REG,1,PIT,53.0,0.0,1.0,1.0,00-0036847,P.Harvin
2022_01_PIT_CIN,REG,1,CIN,50.0,0.0,0.0,1.0,00-0027103,K.Huber
2022_01_PIT_CIN,REG,1,PIT,60.0,0.0,0.0,1.0,00-0036847,P.Harvin
2022_01_PIT_CIN,REG,1,PIT,45.0,0.0,0.0,1.0,00-0036847,P.Harvin
2022_01_PIT_CIN,REG,1,PIT,48.0,0.0,0.0,1.0,00-0036847,P.Harvin
2022_01_PIT_CIN,REG,1,CIN,50.0,0.0,0.0,1.0,00-0027103,K.Huber
2022_01_SF_CHI,REG,1,CHI,41.0,0.0,0.0,1.0,00-0037097,T.Gill
2022_01_SF_CHI,REG,1,SF,32.0,0.0,1.0,1.0,00-0034941,M.Wishnowsky
2022_01_SF_CHI,REG,1,CHI,43.0,0.0,0.0,1.0,00-0037097,T.Gill
2022_01_SF_CHI,REG,1,SF,51.0,0.0,1.0,1.0,00-0034941,M.Wishnowsky
2022_01_SF_CHI,REG,1,CHI,58.0,0.0,0.0,1.0,00-0037097,T.Gill
2022_01_SF_CHI,REG,1,CHI,55.0,0.0,0.0,1.0,00-0037097,T.Gill
2022_01_SF_CHI,REG,1,SF,35.0,0.0,0.0,1.0,00-0034941,M.Wishnowsky
2022_01_SF_CHI,REG,1,CHI,35.0,0.0,1.0,1.0,00-0037097,T.Gill
2022_01_SF_CHI,REG,1,SF,43.0,0.0,1.0,1.0,00-0034941,M.Wishnowsky
2022_01_SF_CHI,REG,1,CHI,45.0,0.0,0.0,1.0,00-0037097,T.Gill
2022_01_TB_DAL,REG,1,DAL,52.0,0.0,0.0,1.0,00-0029692,B.Anger
2022_01_TB_DAL,REG,1,DAL,54.0,0.0,0.0,1.0,00-0029692,B.Anger
2022_01_TB_DAL,REG,1,DAL,53.0,0.0,1.0,1.0,00-0029692,B.Anger
2022_01_TB_DAL,REG,1,TB,63.0,0.0,0.0,1.0,00-0038042,J.Camarda
2022_01_TB_DAL,REG,1,DAL,58.0,0.0,0.0,1.0,00-0029692,B.Anger
2022_01_TB_DAL,REG,1,DAL,37.0,0.0,1.0,1.0,00-0029692,B.Anger
2022_01_TB_DAL,REG,1,TB,46.0,0.0,1.0,1.0,00-0038042,J.Camarda
2022_01_TB_DAL,REG,1,TB,43.0,0.0,1.0,1.0,00-0038042,J.Camarda
2022_02_ARI_LV,REG,2,ARI,56.0,0.0,0.0,1.0,00-0022824,A.Lee
2022_02_ARI_LV,REG,2,ARI,30.0,0.0,0.0,1.0,00-0022824,A.Lee
2022_02_ARI_LV,REG,2,ARI,50.0,0.0,1.0,1.0,00-0022824,A.Lee
2022_02_ARI_LV,REG,2,LV,66.0,0.0,0.0,1.0,00-0035190,A.Cole
2022_02_ARI_LV,REG,2,LV,61.0,0.0,0.0,1.0,00-0035190,A.Cole
2022_02_ARI_LV,REG,2,LV,34.0,0.0,0.0,1.0,00-0035190,A.Cole
2022_02_ATL_LA,REG,2,ATL,44.0,0.0,0.0,1.0,00-0032065,B.Pinion
2022_02_ATL_LA,REG,2,LAR,0.0,1.0,0.0,1.0,00-0032943,R.Dixon
2022_02_CAR_NYG,REG,2,NYG,67.0,0.0,0.0,1.0,00-0035042,J.Gillan
2022_02_CAR_NYG,REG,2,CAR,46.0,0.0,1.0,1.0,00-0028872,J.Hekker
2022_02_CAR_NYG,REG,2,NYG,47.0,0.0,0.0,1.0,00-0035042,J.Gillan
2022_02_CAR_NYG,REG,2,NYG,43.0,0.0,0.0,1.0,00-0035042,J.Gillan
2022_02_CAR_NYG,REG,2,CAR,31.0,0.0,1.0,1.0,00-0028872,J.Hekker
2022_02_CAR_NYG,REG,2,NYG,39.0,0.0,0.0,1.0,00-0035042,J.Gillan
2022_02_CAR_NYG,REG,2,CAR,47.0,0.0,1.0,1.0,00-0028872,J.Hekker
2022_02_CAR_NYG,REG,2,NYG,57.0,0.0,0.0,1.0,00-0035042,J.Gillan
2022_02_CAR_NYG,REG,2,CAR,50.0,0.0,1.0,1.0,00-0028872,J.Hekker
2022_02_CAR_NYG,REG,2,CAR,38.0,0.0,0.0,1.0,00-0028872,J.Hekker
2022_02_CHI_GB,REG,2,CHI,43.0,0.0,0.0,1.0,00-0037097,T.Gill
2022_02_CHI_GB,REG,2,GB,72.0,0.0,0.0,1.0,00-0031079,P.O'Donnell
2022_02_CHI_GB,REG,2,CHI,56.0,0.0,0.0,1.0,00-0037097,T.Gill
2022_02_CHI_GB,REG,2,CHI,42.0,0.0,0.0,1.0,00-0037097,T.Gill
2022_02_CHI_GB,REG,2,CHI,57.0,0.0,1.0,1.0,00-0037097,T.Gill
2022_02_CHI_GB,REG,2,GB,50.0,0.0,1.0,1.0,00-0031079,P.O'Donnell
2022_02_CIN_DAL,REG,2,CIN,44.0,0.0,0.0,1.0,00-0027103,K.Huber
2022_02_CIN_DAL,REG,2,DAL,42.0,0.0,1.0,1.0,00-0029692,B.Anger
2022_02_CIN_DAL,REG,2,CIN,31.0,0.0,1.0,1.0,00-0027103,K.Huber
2022_02_CIN_DAL,REG,2,DAL,35.0,0.0,1.0,1.0,00-0029692,B.Anger
2022_02_CIN_DAL,REG,2,CIN,50.0,0.0,0.0,1.0,00-0027103,K.Huber
2022_02_CIN_DAL,REG,2,DAL,51.0,0.0,0.0,1.0,00-0029692,B.Anger
2022_02_CIN_DAL,REG,2,CIN,48.0,0.0,0.0,1.0,00-0027103,K.Huber
2022_02_CIN_DAL,REG,2,DAL,42.0,0.0,1.0,1.0,00-0029692,B.Anger
2022_02_CIN_DAL,REG,2,DAL,47.0,0.0,1.0,1.0,00-0029692,B.Anger
2022_02_CIN_DAL,REG,2,CIN,63.0,0.0,0.0,1.0,00-0027103,K.Huber
2022_02_HOU_DEN,REG,2,HOU,64.0,0.0,1.0,1.0,00-0033729,C.Johnston
2022_02_HOU_DEN,REG,2,DEN,48.0,0.0,0.0,1.0,00-0035821,C.Waitman
2022_02_HOU_DEN,REG,2,HOU,48.0,0.0,0.0,1.0,00-0033729,C.Johnston
2022_02_HOU_DEN,REG,2,DEN,49.0,0.0,0.0,1.0,00-0035821,C.Waitman
2022_02_HOU_DEN,REG,2,DEN,35.0,0.0,0.0,1.0,00-0035821,C.Waitman
2022_02_HOU_DEN,REG,2,HOU,64.0,0.0,0.0,1.0,00-0033729,C.Johnston
2022_02_HOU_DEN,REG,2,DEN,32.0,0.0,1.0,1.0,00-0035821,C.Waitman
2022_02_HOU_DEN,REG,2,HOU,61.0,0.0,0.0,1.0,00-0033729,C.Johnston
2022_02_HOU_DEN,REG,2,HOU,31.0,0.0,1.0,1.0,00-0033729,C.Johnston
2022_02_HOU_DEN,REG,2,DEN,50.0,0.0,0.0,1.0,00-0035821,C.Waitman
2022_02_IND_JAX,REG,2,IND,41.0,0.0,1.0,1.0,00-0033400,M.Haack
2022_02_IND_JAX,REG,2,JAX,40.0,0.0,0.0,1.0,00-0034437,L.Cooke
2022_02_IND_JAX,REG,2,IND,53.0,0.0,0.0,1.0,00-0033400,M.Haack
2022_02_IND_JAX,REG,2,IND,44.0,0.0,0.0,1.0,00-0033400,M.Haack
2022_02_IND_JAX,REG,2,IND,38.0,0.0,1.0,1.0,00-0033400,M.Haack
2022_02_IND_JAX,REG,2,JAX,51.0,0.0,0.0,1.0,00-0034437,L.Cooke
2022_02_IND_JAX,REG,2,IND,51.0,0.0,1.0,1.0,00-0033400,M.Haack
2022_02_IND_JAX,REG,2,JAX,55.0,0.0,0.0,1.0,00-0034437,L.Cooke
2022_02_IND_JAX,REG,2,JAX,42.0,0.0,0.0,1.0,00-0034437,L.Cooke
2022_02_IND_JAX,REG,2,JAX,40.0,0.0,1.0,1.0,00-0034437,L.Cooke
2022_02_LAC_KC,REG,2,KC,46.0,0.0,0.0,1.0,00-0035889,T.Townsend
2022_02_LAC_KC,REG,2,KC,49.0,0.0,0.0,1.0,00-0035889,T.Townsend
2022_02_LAC_KC,REG,2,LAC,39.0,0.0,1.0,1.0,00-0034162,J.Scott
2022_02_LAC_KC,REG,2,KC,60.0,0.0,0.0,1.0,00-0035889,T.Townsend
2022_02_LAC_KC,REG,2,LAC,35.0,0.0,1.0,1.0,00-0034162,J.Scott
2022_02_LAC_KC,REG,2,KC,74.0,0.0,1.0,1.0,00-0035889,T.Townsend
2022_02_LAC_KC,REG,2,LAC,38.0,0.0,0.0,1.0,00-0034162,J.Scott
2022_02_LAC_KC,REG,2,KC,53.0,0.0,1.0,1.0,00-0035889,T.Townsend
2022_02_LAC_KC,REG,2,LAC,34.0,0.0,0.0,1.0,00-0034162,J.Scott
2022_02_LAC_KC,REG,2,LAC,44.0,0.0,0.0,1.0,00-0034162,J.Scott
2022_02_LAC_KC,REG,2,KC,51.0,0.0,1.0,1.0,00-0035889,T.Townsend
2022_02_LAC_KC,REG,2,LAC,53.0,0.0,1.0,1.0,00-0034162,J.Scott
2022_02_MIA_BAL,REG,2,MIA,44.0,0.0,0.0,1.0,00-0027114,T.Morstead
2022_02_MIA_BAL,REG,2,BAL,45.0,0.0,0.0,1.0,00-0038094,J.Stout
2022_02_MIA_BAL,REG,2,MIA,38.0,0.0,1.0,1.0,00-0027114,T.Morstead
2022_02_MIA_BAL,REG,2,BAL,36.0,0.0,0.0,1.0,00-0038094,J.Stout
2022_02_MIN_PHI,REG,2,MIN,48.0,0.0,0.0,1.0,00-0037500,R.Wright
2022_02_MIN_PHI,REG,2,PHI,49.0,0.0,0.0,1.0,00-0036013,A.Siposs
2022_02_MIN_PHI,REG,2,MIN,38.0,0.0,1.0,1.0,00-0037500,R.Wright
2022_02_MIN_PHI,REG,2,PHI,43.0,0.0,0.0,1.0,00-0036013,A.Siposs
2022_02_MIN_PHI,REG,2,MIN,56.0,0.0,1.0,1.0,00-0037500,R.Wright
2022_02_MIN_PHI,REG,2,MIN,58.0,0.0,1.0,1.0,00-0037500,R.Wright
2022_02_MIN_PHI,REG,2,PHI,47.0,0.0,1.0,1.0,00-0036013,A.Siposs
2022_02_MIN_PHI,REG,2,MIN,46.0,0.0,0.0,1.0,00-0037500,R.Wright
2022_02_MIN_PHI,REG,2,PHI,40.0,0.0,1.0,1.0,00-0036013,A.Siposs
2022_02_NE_PIT,REG,2,PIT,69.0,0.0,0.0,1.0,00-0036847,P.Harvin
2022_02_NE_PIT,REG,2,NE,58.0,0.0,0.0,1.0,00-0035280,J.Bailey
2022_02_NE_PIT,REG,2,PIT,55.0,0.0,0.0,1.0,00-0036847,P.Harvin
2022_02_NE_PIT,REG,2,NE,37.0,0.0,0.0,1.0,00-0035280,J.Bailey
2022_02_NE_PIT,REG,2,NE,29.0,0.0,1.0,1.0,00-0035280,J.Bailey
2022_02_NE_PIT,REG,2,PIT,40.0,0.0,0.0,1.0,00-0036847,P.Harvin
2022_02_NE_PIT,REG,2,NE,42.0,0.0,0.0,1.0,00-0035280,J.Bailey
2022_02_NE_PIT,REG,2,PIT,42.0,0.0,0.0,1.0,00-0036847,P.Harvin
2022_02_NYJ_CLE,REG,2,NYJ,50.0,0.0,1.0,1.0,00-0036313,B.Mann
2022_02_NYJ_CLE,REG,2,CLE,51.0,0.0,0.0,1.0,00-0034721,C.Bojorquez
2022_02_NYJ_CLE,REG,2,NYJ,48.0,0.0,1.0,1.0,00-0036313,B.Mann
2022_02_NYJ_CLE,REG,2,CLE,63.0,0.0,1.0,1.0,00-0034721,C.Bojorquez
2022_02_NYJ_CLE,REG,2,NYJ,44.0,0.0,0.0,1.0,00-0036313,B.Mann
2022_02_NYJ_CLE,REG,2,CLE,42.0,0.0,1.0,1.0,00-0034721,C.Bojorquez
2022_02_NYJ_CLE,REG,2,NYJ,47.0,0.0,0.0,1.0,00-0036313,B.Mann
2022_02_SEA_SF,REG,2,SEA,48.0,0.0,1.0,1.0,00-0034160,M.Dickson
2022_02_SEA_SF,REG,2,SEA,42.0,0.0,0.0,1.0,00-0034160,M.Dickson
2022_02_SEA_SF,REG,2,SF,47.0,0.0,0.0,1.0,00-0034941,M.Wishnowsky
2022_02_SEA_SF,REG,2,SEA,52.0,0.0,0.0,1.0,00-0034160,M.Dickson
2022_02_SEA_SF,REG,2,SF,41.0,0.0,1.0,1.0,00-0034941,M.Wishnowsky
2022_02_SEA_SF,REG,2,SEA,53.0,0.0,0.0,1.0,00-0034160,M.Dickson
2022_02_SEA_SF,REG,2,SF,44.0,0.0,1.0,1.0,00-0034941,M.Wishnowsky
2022_02_SEA_SF,REG,2,SEA,54.0,0.0,0.0,1.0,00-0034160,M.Dickson
2022_02_TB_NO,REG,2,NO,35.0,0.0,0.0,1.0,00-0035859,B.Gillikin
2022_02_TB_NO,REG,2,NO,54.0,0.0,0.0,1.0,00-0035859,B.Gillikin
2022_02_TB_NO,REG,2,TB,42.0,0.0,1.0,1.0,00-0038042,J.Camarda
2022_02_TB_NO,REG,2,NO,53.0,0.0,1.0,1.0,00-0035859,B.Gillikin
2022_02_TB_NO,REG,2,TB,49.0,0.0,0.0,1.0,00-0038042,J.Camarda
2022_02_TB_NO,REG,2,NO,30.0,0.0,1.0,1.0,00-0035859,B.Gillikin
2022_02_TB_NO,REG,2,TB,39.0,0.0,1.0,1.0,00-0038042,J.Camarda
2022_02_TB_NO,REG,2,NO,46.0,0.0,0.0,1.0,00-0035859,B.Gillikin
2022_02_TB_NO,REG,2,TB,26.0,0.0,0.0,1.0,00-0038042,J.Camarda
2022_02_TB_NO,REG,2,TB,32.0,0.0,1.0,1.0,00-0038042,J.Camarda
2022_02_TB_NO,REG,2,TB,41.0,0.0,0.0,1.0,00-0038042,J.Camarda
2022_02_TEN_BUF,REG,2,TEN,50.0,0.0,1.0,1.0,00-0037607,R.Stonehouse
2022_02_TEN_BUF,REG,2,TEN,52.0,0.0,0.0,1.0,00-0037607,R.Stonehouse
2022_02_TEN_BUF,REG,2,TEN,55.0,0.0,0.0,1.0,00-0037607,R.Stonehouse
2022_02_TEN_BUF,REG,2,TEN,63.0,0.0,0.0,1.0,00-0037607,R.Stonehouse
2022_02_TEN_BUF,REG,2,BUF,38.0,0.0,1.0,1.0,00-0030092,S.Martin
2022_02_TEN_BUF,REG,2,TEN,49.0,0.0,1.0,1.0,00-0037607,R.Stonehouse
2022_02_TEN_BUF,REG,2,BUF,57.0,0.0,0.0,1.0,00-0030092,S.Martin
2022_02_TEN_BUF,REG,2,BUF,50.0,0.0,1.0,1.0,00-0030092,S.Martin
2022_02_TEN_BUF,REG,2,TEN,64.0,0.0,0.0,1.0,00-0037607,R.Stonehouse
2022_02_WAS_DET,REG,2,DET,60.0,0.0,0.0,1.0,00-0035156,J.Fox
2022_02_WAS_DET,REG,2,WAS,62.0,0.0,0.0,1.0,00-0030140,T.Way
2022_02_WAS_DET,REG,2,WAS,48.0,0.0,0.0,1.0,00-0030140,T.Way
2022_02_WAS_DET,REG,2,WAS,38.0,0.0,0.0,1.0,00-0030140,T.Way
2022_02_WAS_DET,REG,2,WAS,45.0,0.0,0.0,1.0,00-0030140,T.Way
2022_02_WAS_DET,REG,2,WAS,45.0,0.0,1.0,1.0,00-0030140,T.Way
2022_02_WAS_DET,REG,2,DET,56.0,0.0,0.0,1.0,00-0035156,J.Fox
2022_02_WAS_DET,REG,2,WAS,46.0,0.0,0.0,1.0,00-0030140,T.Way
2022_02_WAS_DET,REG,2,DET,45.0,0.0,0.0,1.0,00-0035156,J.Fox
2022_02_WAS_DET,REG,2,DET,63.0,0.0,0.0,1.0,00-0035156,J.Fox
2022_02_WAS_DET,REG,2,DET,53.0,0.0,1.0,1.0,00-0035156,J.Fox
2022_03_ATL_SEA,REG,3,SEA,51.0,0.0,1.0,1.0,00-0034160,M.Dickson
2022_03_ATL_SEA,REG,3,ATL,73.0,0.0,0.0,1.0,00-0032065,B.Pinion
2022_03_ATL_SEA,REG,3,SEA,51.0,0.0,1.0,1.0,00-0034160,M.Dickson
2022_03_BAL_NE,REG,3,BAL,58.0,0.0,1.0,1.0,00-0038094,J.Stout
2022_03_BAL_NE,REG,3,NE,44.0,0.0,0.0,1.0,00-0035280,J.Bailey
2022_03_BAL_NE,REG,3,BAL,52.0,0.0,0.0,1.0,00-0038094,J.Stout
2022_03_BAL_NE,REG,3,NE,56.0,0.0,0.0,1.0,00-0035280,J.Bailey
2022_03_BAL_NE,REG,3,BAL,23.0,0.0,0.0,1.0,00-0038094,J.Stout
2022_03_BUF_MIA,REG,3,MIA,59.0,0.0,1.0,1.0,00-0027114,T.Morstead
2022_03_BUF_MIA,REG,3,BUF,31.0,0.0,1.0,1.0,00-0030092,S.Martin
2022_03_BUF_MIA,REG,3,MIA,48.0,0.0,0.0,1.0,00-0027114,T.Morstead
2022_03_BUF_MIA,REG,3,MIA,52.0,0.0,1.0,1.0,00-0027114,T.Morstead
2022_03_BUF_MIA,REG,3,MIA,60.0,0.0,0.0,1.0,00-0027114,T.Morstead
2022_03_BUF_MIA,REG,3,MIA,-1.0,0.0,0.0,1.0,00-0027114,T.Morstead
2022_03_CIN_NYJ,REG,3,NYJ,47.0,0.0,0.0,1.0,00-0036313,B.Mann
2022_03_CIN_NYJ,REG,3,NYJ,47.0,0.0,0.0,1.0,00-0036313,B.Mann
2022_03_CIN_NYJ,REG,3,CIN,46.0,0.0,1.0,1.0,00-0027103,K.Huber
2022_03_CIN_NYJ,REG,3,NYJ,52.0,0.0,1.0,1.0,00-0036313,B.Mann
2022_03_CIN_NYJ,REG,3,CIN,52.0,0.0,0.0,1.0,00-0027103,K.Huber
2022_03_CIN_NYJ,REG,3,CIN,44.0,0.0,0.0,1.0,00-0027103,K.Huber
2022_03_DAL_NYG,REG,3,DAL,39.0,0.0,1.0,1.0,00-0029692,B.Anger
2022_03_DAL_NYG,REG,3,NYG,55.0,0.0,0.0,1.0,00-0035042,J.Gillan
2022_03_DAL_NYG,REG,3,DAL,40.0,0.0,0.0,1.0,00-0029692,B.Anger
2022_03_DAL_NYG,REG,3,DAL,54.0,0.0,0.0,1.0,00-0029692,B.Anger
2022_03_DAL_NYG,REG,3,NYG,39.0,0.0,1.0,1.0,00-0035042,J.Gillan
2022_03_DAL_NYG,REG,3,NYG,41.0,0.0,0.0,1.0,00-0035042,J.Gillan
2022_03_DAL_NYG,REG,3,DAL,45.0,0.0,1.0,1.0,00-0029692,B.Anger
2022_03_DET_MIN,REG,3,MIN,47.0,0.0,0.0,1.0,00-0037500,R.Wright
2022_03_DET_MIN,REG,3,DET,50.0,0.0,1.0,1.0,00-0035156,J.Fox
2022_03_DET_MIN,REG,3,MIN,51.0,0.0,0.0,1.0,00-0037500,R.Wright
2022_03_DET_MIN,REG,3,DET,45.0,0.0,0.0,1.0,00-0035156,J.Fox
2022_03_DET_MIN,REG,3,MIN,58.0,0.0,1.0,1.0,00-0037500,R.Wright
2022_03_DET_MIN,REG,3,DET,39.0,0.0,0.0,1.0,00-0035156,J.Fox
2022_03_GB_TB,REG,3,TB,44.0,0.0,0.0,1.0,00-0038042,J.Camarda
2022_03_GB_TB,REG,3,TB,52.0,0.0,0.0,1.0,00-0038042,J.Camarda
2022_03_GB_TB,REG,3,GB,52.0,0.0,1.0,1.0,00-0031079,P.O'Donnell
2022_03_GB_TB,REG,3,GB,57.0,0.0,0.0,1.0,00-0031079,P.O'Donnell
2022_03_GB_TB,REG,3,GB,42.0,0.0,1.0,1.0,00-0031079,P.O'Donnell
2022_03_GB_TB,REG,3,TB,62.0,0.0,0.0,1.0,00-0038042,J.Camarda
2022_03_GB_TB,REG,3,GB,46.0,0.0,1.0,1.0,00-0031079,P.O'Donnell
2022_03_GB_TB,REG,3,TB,36.0,0.0,0.0,1.0,00-0038042,J.Camarda
2022_03_GB_TB,REG,3,GB,41.0,0.0,1.0,1.0,00-0031079,P.O'Donnell
2022_03_GB_TB,REG,3,TB,58.0,0.0,0.0,1.0,00-0038042,J.Camarda
2022_03_GB_TB,REG,3,GB,63.0,0.0,0.0,1.0,00-0031079,P.O'Donnell
2022_03_GB_TB,REG,3,TB,45.0,0.0,1.0,1.0,00-0038042,J.Camarda
2022_03_GB_TB,REG,3,GB,38.0,0.0,1.0,1.0,00-0031079,P.O'Donnell
2022_03_HOU_CHI,REG,3,HOU,51.0,0.0,1.0,1.0,00-0033729,C.Johnston
2022_03_HOU_CHI,REG,3,CHI,46.0,0.0,0.0,1.0,00-0037097,T.Gill
2022_03_HOU_CHI,REG,3,HOU,46.0,0.0,1.0,1.0,00-0033729,C.Johnston
2022_03_HOU_CHI,REG,3,CHI,56.0,0.0,0.0,1.0,00-0037097,T.Gill
2022_03_HOU_CHI,REG,3,HOU,56.0,0.0,1.0,1.0,00-0033729,C.Johnston
2022_03_HOU_CHI,REG,3,HOU,40.0,0.0,1.0,1.0,00-0033729,C.Johnston
2022_03_HOU_CHI,REG,3,CHI,39.0,0.0,1.0,1.0,00-0037097,T.Gill
2022_03_HOU_CHI,REG,3,HOU,49.0,0.0,1.0,1.0,00-0033729,C.Johnston
2022_03_HOU_CHI,REG,3,CHI,41.0,0.0,0.0,1.0,00-0037097,T.Gill
2022_03_JAX_LAC,REG,3,LAC,42.0,0.0,1.0,1.0,00-0034162,J.Scott
2022_03_JAX_LAC,REG,3,JAX,56.0,0.0,1.0,1.0,00-0034437,L.Cooke
2022_03_JAX_LAC,REG,3,LAC,50.0,0.0,0.0,1.0,00-0034162,J.Scott
2022_03_JAX_LAC,REG,3,LAC,41.0,0.0,0.0,1.0,00-0034162,J.Scott
2022_03_JAX_LAC,REG,3,LAC,42.0,0.0,0.0,1.0,00-0034162,J.Scott
2022_03_KC_IND,REG,3,IND,57.0,0.0,1.0,1.0,00-0033400,M.Haack
2022_03_KC_IND,REG,3,KC,65.0,0.0,1.0,1.0,00-0035889,T.Townsend
2022_03_KC_IND,REG,3,IND,57.0,0.0,1.0,1.0,00-0033400,M.Haack
2022_03_KC_IND,REG,3,KC,58.0,0.0,0.0,1.0,00-0035889,T.Townsend
2022_03_KC_IND,REG,3,KC,47.0,0.0,1.0,1.0,00-0035889,T.Townsend
2022_03_KC_IND,REG,3,IND,40.0,0.0,0.0,1.0,00-0033400,M.Haack
2022_03_LA_ARI,REG,3,ARI,3.0,0.0,0.0,1.0,00-0022824,A.Lee
2022_03_LA_ARI,REG,3,ARI,53.0,0.0,0.0,1.0,00-0022824,A.Lee
2022_03_LA_ARI,REG,3,ARI,50.0,0.0,0.0,1.0,00-0022824,A.Lee
2022_03_LA_ARI,REG,3,ARI,54.0,0.0,0.0,1.0,00-0022824,A.Lee
2022_03_LA_ARI,REG,3,LAR,42.0,0.0,0.0,1.0,00-0032943,R.Dixon
2022_03_LA_ARI,REG,3,LAR,42.0,0.0,0.0,1.0,00-0032943,R.Dixon
2022_03_LA_ARI,REG,3,LAR,51.0,0.0,0.0,1.0,00-0032943,R.Dixon
2022_03_LV_TEN,REG,3,LV,47.0,0.0,1.0,1.0,00-0035190,A.Cole
2022_03_LV_TEN,REG,3,TEN,57.0,0.0,1.0,1.0,00-0037607,R.Stonehouse
2022_03_LV_TEN,REG,3,LV,58.0,0.0,0.0,1.0,00-0035190,A.Cole
2022_03_LV_TEN,REG,3,LV,39.0,0.0,1.0,1.0,00-0035190,A.Cole
2022_03_LV_TEN,REG,3,TEN,54.0,0.0,0.0,1.0,00-0037607,R.Stonehouse
2022_03_LV_TEN,REG,3,TEN,70.0,0.0,1.0,1.0,00-0037607,R.Stonehouse
2022_03_NO_CAR,REG,3,CAR,47.0,0.0,1.0,1.0,00-0028872,J.Hekker
2022_03_NO_CAR,REG,3,NO,42.0,0.0,0.0,1.0,00-0035859,B.Gillikin
2022_03_NO_CAR,REG,3,CAR,49.0,0.0,0.0,1.0,00-0028872,J.Hekker
2022_03_NO_CAR,REG,3,NO,50.0,0.0,0.0,1.0,00-0035859,B.Gillikin
2022_03_NO_CAR,REG,3,NO,45.0,0.0,0.0,1.0,00-0035859,B.Gillikin
2022_03_NO_CAR,REG,3,CAR,59.0,0.0,0.0,1.0,00-0028872,J.Hekker
2022_03_NO_CAR,REG,3,NO,44.0,0.0,1.0,1.0,00-0035859,B.Gillikin
2022_03_NO_CAR,REG,3,NO,49.0,0.0,1.0,1.0,00-0035859,B.Gillikin
2022_03_NO_CAR,REG,3,CAR,33.0,0.0,1.0,1.0,00-0028872,J.Hekker
2022_03_NO_CAR,REG,3,NO,55.0,0.0,0.0,1.0,00-0035859,B.Gillikin
2022_03_NO_CAR,REG,3,CAR,49.0,0.0,1.0,1.0,00-0028872,J.Hekker
2022_03_NO_CAR,REG,3,CAR,44.0,0.0,1.0,1.0,00-0028872,J.Hekker
2022_03_PHI_WAS,REG,3,WAS,50.0,0.0,1.0,1.0,00-0030140,T.Way
2022_03_PHI_WAS,REG,3,PHI,49.0,0.0,0.0,1.0,00-0036013,A.Siposs
2022_03_PHI_WAS,REG,3,WAS,58.0,0.0,0.0,1.0,00-0030140,T.Way
2022_03_PHI_WAS,REG,3,PHI,43.0,0.0,1.0,1.0,00-0036013,A.Siposs
2022_03_PHI_WAS,REG,3,WAS,51.0,0.0,0.0,1.0,00-0030140,T.Way
2022_03_PHI_WAS,REG,3,WAS,54.0,0.0,1.0,1.0,00-0030140,T.Way
2022_03_PHI_WAS,REG,3,WAS,52.0,0.0,0.0,1.0,00-0030140,T.Way
2022_03_PHI_WAS,REG,3,WAS,57.0,0.0,0.0,1.0,00-0030140,T.Way
2022_03_PHI_WAS,REG,3,PHI,44.0,0.0,0.0,1.0,00-0036013,A.Siposs
2022_03_PHI_WAS,REG,3,WAS,52.0,0.0,0.0,1.0,00-0030140,T.Way
2022_03_PHI_WAS,REG,3,PHI,44.0,0.0,1.0,1.0,00-0036013,A.Siposs
2022_03_PHI_WAS,REG,3,WAS,52.0,0.0,0.0,1.0,00-0030140,T.Way
2022_03_PHI_WAS,REG,3,PHI,53.0,0.0,1.0,1.0,00-0036013,A.Siposs
2022_03_PHI_WAS,REG,3,PHI,44.0,0.0,1.0,1.0,00-0036013,A.Siposs
2022_03_PIT_CLE,REG,3,CLE,61.0,0.0,0.0,1.0,00-0034721,C.Bojorquez
2022_03_PIT_CLE,REG,3,PIT,39.0,0.0,0.0,1.0,00-0036847,P.Harvin
2022_03_PIT_CLE,REG,3,CLE,25.0,0.0,0.0,1.0,00-0034721,C.Bojorquez
2022_03_PIT_CLE,REG,3,PIT,32.0,0.0,1.0,1.0,00-0036847,P.Harvin
2022_03_PIT_CLE,REG,3,PIT,48.0,0.0,0.0,1.0,00-0036847,P.Harvin
2022_03_PIT_CLE,REG,3,PIT,48.0,0.0,0.0,1.0,00-0036847,P.Harvin
2022_03_PIT_CLE,REG,3,CLE,46.0,0.0,1.0,1.0,00-0034721,C.Bojorquez
2022_03_PIT_CLE,REG,3,PIT,45.0,0.0,0.0,1.0,00-0036847,P.Harvin
2022_03_PIT_CLE,REG,3,CLE,38.0,0.0,0.0,1.0,00-0034721,C.Bojorquez
2022_03_PIT_CLE,REG,3,CLE,33.0,0.0,1.0,1.0,00-0034721,C.Bojorquez
2022_03_SF_DEN,REG,3,SF,45.0,0.0,0.0,1.0,00-0034941,M.Wishnowsky
2022_03_SF_DEN,REG,3,DEN,47.0,0.0,0.0,1.0,00-0035821,C.Waitman
2022_03_SF_DEN,REG,3,DEN,57.0,0.0,1.0,1.0,00-0035821,C.Waitman
2022_03_SF_DEN,REG,3,SF,74.0,0.0,0.0,1.0,00-0034941,M.Wishnowsky
2022_03_SF_DEN,REG,3,DEN,50.0,0.0,0.0,1.0,00-0035821,C.Waitman
2022_03_SF_DEN,REG,3,SF,45.0,0.0,1.0,1.0,00-0034941,M.Wishnowsky
2022_03_SF_DEN,REG,3,SF,46.0,0.0,1.0,1.0,00-0034941,M.Wishnowsky
2022_03_SF_DEN,REG,3,DEN,38.0,0.0,1.0,1.0,00-0035821,C.Waitman
2022_03_SF_DEN,REG,3,SF,55.0,0.0,0.0,1.0,00-0034941,M.Wishnowsky
2022_03_SF_DEN,REG,3,DEN,40.0,0.0,1.0,1.0,00-0035821,C.Waitman
2022_03_SF_DEN,REG,3,DEN,54.0,0.0,0.0,1.0,00-0035821,C.Waitman
2022_03_SF_DEN,REG,3,DEN,47.0,0.0,1.0,1.0,00-0035821,C.Waitman
2022_03_SF_DEN,REG,3,SF,41.0,0.0,1.0,1.0,00-0034941,M.Wishnowsky
2022_03_SF_DEN,REG,3,DEN,47.0,0.0,0.0,1.0,00-0035821,C.Waitman
2022_03_SF_DEN,REG,3,DEN,53.0,0.0,1.0,1.0,00-0035821,C.Waitman
2022_03_SF_DEN,REG,3,SF,56.0,0.0,0.0,1.0,00-0034941,M.Wishnowsky
2022_03_SF_DEN,REG,3,DEN,43.0,0.0,1.0,1.0,00-0035821,C.Waitman
2022_04_ARI_CAR,REG,4,ARI,60.0,0.0,0.0,1.0,00-0022824,A.Lee
2022_04_ARI_CAR,REG,4,CAR,49.0,0.0,0.0,1.0,00-0028872,J.Hekker
2022_04_ARI_CAR,REG,4,ARI,62.0,0.0,0.0,1.0,00-0022824,A.Lee
2022_04_ARI_CAR,REG,4,CAR,54.0,0.0,1.0,1.0,00-0028872,J.Hekker
2022_04_ARI_CAR,REG,4,ARI,48.0,0.0,0.0,1.0,00-0022824,A.Lee
2022_04_ARI_CAR,REG,4,CAR,57.0,0.0,0.0,1.0,00-0028872,J.Hekker
2022_04_ARI_CAR,REG,4,CAR,49.0,0.0,0.0,1.0,00-0028872,J.Hekker
2022_04_BUF_BAL,REG,4,BUF,37.0,0.0,0.0,1.0,00-0030092,S.Martin
2022_04_BUF_BAL,REG,4,BUF,43.0,0.0,0.0,1.0,00-0030092,S.Martin
2022_04_BUF_BAL,REG,4,BAL,46.0,0.0,0.0,1.0,00-0038094,J.Stout
2022_04_BUF_BAL,REG,4,BAL,49.0,0.0,0.0,1.0,00-0038094,J.Stout
2022_04_BUF_BAL,REG,4,BAL,57.0,0.0,0.0,1.0,00-0038094,J.Stout
2022_04_BUF_BAL,REG,4,BUF,56.0,0.0,1.0,1.0,00-0030092,S.Martin
2022_04_CHI_NYG,REG,4,NYG,50.0,0.0,0.0,1.0,00-0035042,J.Gillan
2022_04_CHI_NYG,REG,4,NYG,52.0,0.0,0.0,1.0,00-0035042,J.Gillan
2022_04_CHI_NYG,REG,4,CHI,50.0,0.0,0.0,1.0,00-0037097,T.Gill
2022_04_CHI_NYG,REG,4,NYG,57.0,0.0,0.0,1.0,00-0035042,J.Gillan
2022_04_CHI_NYG,REG,4,NYG,55.0,0.0,0.0,1.0,00-0035042,J.Gillan
2022_04_CHI_NYG,REG,4,CHI,48.0,0.0,1.0,1.0,00-0037097,T.Gill
2022_04_CHI_NYG,REG,4,CHI,56.0,0.0,1.0,1.0,00-0037097,T.Gill
2022_04_CHI_NYG,REG,4,CHI,58.0,0.0,0.0,1.0,00-0037097,T.Gill
2022_04_CHI_NYG,REG,4,CHI,52.0,0.0,1.0,1.0,00-0037097,T.Gill
2022_04_CHI_NYG,REG,4,NYG,59.0,0.0,0.0,1.0,00-0035042,J.Gillan
2022_04_CLE_ATL,REG,4,ATL,50.0,0.0,0.0,1.0,00-0032065,B.Pinion
2022_04_CLE_ATL,REG,4,ATL,49.0,0.0,0.0,1.0,00-0032065,B.Pinion
2022_04_CLE_ATL,REG,4,CLE,62.0,0.0,0.0,1.0,00-0034721,C.Bojorquez
2022_04_CLE_ATL,REG,4,ATL,54.0,0.0,0.0,1.0,00-0032065,B.Pinion
2022_04_CLE_ATL,REG,4,CLE,47.0,0.0,1.0,1.0,00-0034721,C.Bojorquez
2022_04_CLE_ATL,REG,4,CLE,35.0,0.0,1.0,1.0,00-0034721,C.Bojorquez
2022_04_DEN_LV,REG,4,DEN,52.0,0.0,1.0,1.0,00-0035821,C.Waitman
2022_04_DEN_LV,REG,4,LV,62.0,0.0,0.0,1.0,00-0035190,A.Cole
2022_04_DEN_LV,REG,4,LV,51.0,0.0,0.0,1.0,00-0035190,A.Cole
2022_04_DEN_LV,REG,4,DEN,44.0,0.0,1.0,1.0,00-0035821,C.Waitman
2022_04_DEN_LV,REG,4,LV,42.0,0.0,0.0,1.0,00-0035190,A.Cole
2022_04_DEN_LV,REG,4,DEN,55.0,0.0,0.0,1.0,00-0035821,C.Waitman
2022_04_DEN_LV,REG,4,DEN,44.0,0.0,0.0,1.0,00-0035821,C.Waitman
2022_04_DEN_LV,REG,4,LV,60.0,0.0,1.0,1.0,00-0035190,A.Cole
2022_04_DEN_LV,REG,4,DEN,46.0,0.0,0.0,1.0,00-0035821,C.Waitman
2022_04_JAX_PHI,REG,4,JAX,53.0,0.0,0.0,1.0,00-0034437,L.Cooke
2022_04_JAX_PHI,REG,4,PHI,53.0,0.0,0.0,1.0,00-0036013,A.Siposs
2022_04_JAX_PHI,REG,4,JAX,46.0,0.0,0.0,1.0,00-0034437,L.Cooke
2022_04_JAX_PHI,REG,4,PHI,38.0,0.0,1.0,1.0,00-0036013,A.Siposs
2022_04_JAX_PHI,REG,4,JAX,61.0,0.0,0.0,1.0,00-0034437,L.Cooke
2022_04_JAX_PHI,REG,4,PHI,43.0,0.0,0.0,1.0,00-0036013,A.Siposs
2022_04_KC_TB,REG,4,TB,49.0,0.0,1.0,1.0,00-0038042,J.Camarda
2022_04_KC_TB,REG,4,TB,30.0,0.0,0.0,1.0,00-0038042,J.Camarda
2022_04_KC_TB,REG,4,TB,46.0,0.0,0.0,1.0,00-0038042,J.Camarda
2022_04_KC_TB,REG,4,KC,43.0,0.0,0.0,1.0,00-0035889,T.Townsend
2022_04_LAC_HOU,REG,4,HOU,49.0,0.0,0.0,1.0,00-0033729,C.Johnston
2022_04_LAC_HOU,REG,4,LAC,53.0,0.0,1.0,1.0,00-0034162,J.Scott
2022_04_LAC_HOU,REG,4,HOU,55.0,0.0,0.0,1.0,00-0033729,C.Johnston
2022_04_LAC_HOU,REG,4,LAC,46.0,0.0,0.0,1.0,00-0034162,J.Scott
2022_04_LAC_HOU,REG,4,HOU,52.0,0.0,1.0,1.0,00-0033729,C.Johnston
2022_04_LAC_HOU,REG,4,LAC,36.0,0.0,1.0,1.0,00-0034162,J.Scott
2022_04_LAC_HOU,REG,4,LAC,50.0,0.0,1.0,1.0,00-0034162,J.Scott
2022_04_LA_SF,REG,4,LAR,56.0,0.0,0.0,1.0,00-0032943,R.Dixon
2022_04_LA_SF,REG,4,SF,43.0,0.0,0.0,1.0,00-0034941,M.Wishnowsky
2022_04_LA_SF,REG,4,LAR,57.0,0.0,0.0,1.0,00-0032943,R.Dixon
2022_04_LA_SF,REG,4,SF,43.0,0.0,0.0,1.0,00-0034941,M.Wishnowsky
2022_04_LA_SF,REG,4,LAR,60.0,0.0,0.0,1.0,00-0032943,R.Dixon
2022_04_LA_SF,REG,4,SF,31.0,0.0,1.0,1.0,00-0034941,M.Wishnowsky
2022_04_LA_SF,REG,4,LAR,56.0,0.0,0.0,1.0,00-0032943,R.Dixon
2022_04_LA_SF,REG,4,SF,41.0,0.0,0.0,1.0,00-0034941,M.Wishnowsky
2022_04_MIA_CIN,REG,4,CIN,48.0,0.0,1.0,1.0,00-0027103,K.Huber
2022_04_MIA_CIN,REG,4,CIN,28.0,0.0,0.0,1.0,00-0027103,K.Huber
2022_04_MIA_CIN,REG,4,MIA,45.0,0.0,0.0,1.0,00-0027114,T.Morstead
2022_04_MIA_CIN,REG,4,CIN,48.0,0.0,1.0,1.0,00-0027103,K.Huber
2022_04_MIA_CIN,REG,4,MIA,66.0,0.0,0.0,1.0,00-0027114,T.Morstead
2022_04_MIA_CIN,REG,4,CIN,35.0,0.0,1.0,1.0,00-0027103,K.Huber
2022_04_MIA_CIN,REG,4,MIA,39.0,0.0,0.0,1.0,00-0027114,T.Morstead
2022_04_MIN_NO,REG,4,NO,47.0,0.0,0.0,1.0,00-0035859,B.Gillikin
2022_04_MIN_NO,REG,4,MIN,33.0,0.0,1.0,1.0,00-0037500,R.Wright
2022_04_MIN_NO,REG,4,NO,63.0,0.0,0.0,1.0,00-0035859,B.Gillikin
2022_04_MIN_NO,REG,4,MIN,51.0,0.0,1.0,1.0,00-0037500,R.Wright
2022_04_MIN_NO,REG,4,NO,42.0,0.0,0.0,1.0,00-0035859,B.Gillikin
2022_04_MIN_NO,REG,4,NO,42.0,0.0,1.0,1.0,00-0035859,B.Gillikin
2022_04_MIN_NO,REG,4,MIN,42.0,0.0,0.0,1.0,00-0037500,R.Wright
2022_04_NE_GB,REG,4,NE,45.0,0.0,0.0,1.0,00-0035280,J.Bailey
2022_04_NE_GB,REG,4,GB,38.0,0.0,1.0,1.0,00-0031079,P.O'Donnell
2022_04_NE_GB,REG,4,NE,59.0,0.0,0.0,1.0,00-0035280,J.Bailey
2022_04_NE_GB,REG,4,NE,62.0,0.0,0.0,1.0,00-0035280,J.Bailey
2022_04_NE_GB,REG,4,GB,38.0,0.0,0.0,1.0,00-0031079,P.O'Donnell
2022_04_NE_GB,REG,4,NE,37.0,0.0,1.0,1.0,00-0035280,J.Bailey
2022_04_NE_GB,REG,4,GB,48.0,0.0,0.0,1.0,00-0031079,P.O'Donnell
2022_04_NE_GB,REG,4,NE,31.0,0.0,0.0,1.0,00-0035280,J.Bailey
2022_04_NE_GB,REG,4,GB,43.0,0.0,1.0,1.0,00-0031079,P.O'Donnell
2022_04_NE_GB,REG,4,NE,44.0,0.0,0.0,1.0,00-0035280,J.Bailey
2022_04_NE_GB,REG,4,GB,43.0,0.0,0.0,1.0,00-0031079,P.O'Donnell
2022_04_NE_GB,REG,4,NE,36.0,0.0,1.0,1.0,00-0035280,J.Bailey
2022_04_NYJ_PIT,REG,4,PIT,36.0,0.0,1.0,1.0,00-0036847,P.Harvin
2022_04_NYJ_PIT,REG,4,NYJ,59.0,0.0,0.0,1.0,00-0036313,B.Mann
2022_04_NYJ_PIT,REG,4,PIT,36.0,0.0,0.0,1.0,00-0036847,P.Harvin
2022_04_NYJ_PIT,REG,4,NYJ,43.0,0.0,1.0,1.0,00-0036313,B.Mann
2022_04_NYJ_PIT,REG,4,PIT,51.0,0.0,1.0,1.0,00-0036847,P.Harvin
2022_04_NYJ_PIT,REG,4,NYJ,40.0,0.0,0.0,1.0,00-0036313,B.Mann
2022_04_NYJ_PIT,REG,4,PIT,35.0,0.0,0.0,1.0,00-0036847,P.Harvin
2022_04_NYJ_PIT,REG,4,NYJ,49.0,0.0,0.0,1.0,00-0036313,B.Mann
2022_04_NYJ_PIT,REG,4,NYJ,44.0,0.0,1.0,1.0,00-0036313,B.Mann
2022_04_SEA_DET,REG,4,DET,48.0,0.0,0.0,1.0,00-0035156,J.Fox
2022_04_SEA_DET,REG,4,DET,49.0,0.0,0.0,1.0,00-0035156,J.Fox
2022_04_TEN_IND,REG,4,IND,48.0,0.0,0.0,1.0,00-0033400,M.Haack
2022_04_TEN_IND,REG,4,TEN,49.0,0.0,0.0,1.0,00-0037607,R.Stonehouse
2022_04_TEN_IND,REG,4,TEN,57.0,0.0,0.0,1.0,00-0037607,R.Stonehouse
2022_04_TEN_IND,REG,4,IND,19.0,0.0,0.0,1.0,00-0033400,M.Haack
2022_04_TEN_IND,REG,4,TEN,50.0,0.0,0.0,1.0,00-0037607,R.Stonehouse
2022_04_TEN_IND,REG,4,TEN,55.0,0.0,0.0,1.0,00-0037607,R.Stonehouse
2022_04_WAS_DAL,REG,4,WAS,52.0,0.0,1.0,1.0,00-0030140,T.Way
2022_04_WAS_DAL,REG,4,DAL,51.0,0.0,0.0,1.0,00-0029692,B.Anger
2022_04_WAS_DAL,REG,4,WAS,51.0,0.0,1.0,1.0,00-0030140,T.Way
2022_04_WAS_DAL,REG,4,WAS,29.0,0.0,1.0,1.0,00-0030140,T.Way
2022_04_WAS_DAL,REG,4,DAL,48.0,0.0,0.0,1.0,00-0029692,B.Anger
2022_04_WAS_DAL,REG,4,WAS,47.0,0.0,1.0,1.0,00-0030140,T.Way
2022_04_WAS_DAL,REG,4,DAL,58.0,0.0,0.0,1.0,00-0029692,B.Anger
2022_04_WAS_DAL,REG,4,WAS,40.0,0.0,0.0,1.0,00-0030140,T.Way
2022_04_WAS_DAL,REG,4,WAS,51.0,0.0,1.0,1.0,00-0030140,T.Way
2022_04_WAS_DAL,REG,4,DAL,22.0,0.0,0.0,1.0,00-0029692,B.Anger
2022_04_WAS_DAL,REG,4,DAL,39.0,0.0,1.0,1.0,00-0029692,B.Anger
2022_04_WAS_DAL,REG,4,DAL,38.0,0.0,1.0,1.0,00-0029692,B.Anger
2022_05_ATL_TB,REG,5,TB,65.0,0.0,0.0,1.0,00-0038042,J.Camarda
2022_05_ATL_TB,REG,5,ATL,52.0,0.0,0.0,1.0,00-0032065,B.Pinion
2022_05_ATL_TB,REG,5,ATL,37.0,0.0,1.0,1.0,00-0032065,B.Pinion
2022_05_ATL_TB,REG,5,ATL,38.0,0.0,1.0,1.0,00-0032065,B.Pinion
2022_05_ATL_TB,REG,5,ATL,62.0,0.0,0.0,1.0,00-0032065,B.Pinion
2022_05_ATL_TB,REG,5,ATL,44.0,0.0,1.0,1.0,00-0032065,B.Pinion
2022_05_ATL_TB,REG,5,TB,52.0,0.0,0.0,1.0,00-0038042,J.Camarda
2022_05_ATL_TB,REG,5,TB,38.0,0.0,0.0,1.0,00-0038042,J.Camarda
2022_05_ATL_TB,REG,5,ATL,57.0,0.0,0.0,1.0,00-0032065,B.Pinion
2022_05_ATL_TB,REG,5,TB,42.0,0.0,0.0,1.0,00-0038042,J.Camarda
2022_05_CHI_MIN,REG,5,CHI,52.0,0.0,0.0,1.0,00-0037097,T.Gill
2022_05_CHI_MIN,REG,5,CHI,60.0,0.0,0.0,1.0,00-0037097,T.Gill
2022_05_CHI_MIN,REG,5,MIN,15.0,0.0,0.0,1.0,00-0037500,R.Wright
2022_05_CIN_BAL,REG,5,CIN,28.0,0.0,0.0,1.0,00-0027103,K.Huber
2022_05_CIN_BAL,REG,5,CIN,51.0,0.0,0.0,1.0,00-0027103,K.Huber
2022_05_CIN_BAL,REG,5,BAL,38.0,0.0,1.0,1.0,00-0038094,J.Stout
2022_05_CIN_BAL,REG,5,CIN,34.0,0.0,0.0,1.0,00-0027103,K.Huber
2022_05_CIN_BAL,REG,5,CIN,41.0,0.0,0.0,1.0,00-0027103,K.Huber
2022_05_CIN_BAL,REG,5,BAL,41.0,0.0,1.0,1.0,00-0038094,J.Stout
2022_05_DAL_LA,REG,5,LAR,0.0,1.0,0.0,1.0,00-0032943,R.Dixon
2022_05_DAL_LA,REG,5,DAL,51.0,0.0,1.0,1.0,00-0029692,B.Anger
2022_05_DAL_LA,REG,5,LAR,42.0,0.0,0.0,1.0,00-0032943,R.Dixon
2022_05_DAL_LA,REG,5,DAL,38.0,0.0,1.0,1.0,00-0029692,B.Anger
2022_05_DAL_LA,REG,5,LAR,49.0,0.0,0.0,1.0,00-0032943,R.Dixon
2022_05_DAL_LA,REG,5,DAL,67.0,0.0,0.0,1.0,00-0029692,B.Anger
2022_05_DAL_LA,REG,5,LAR,32.0,0.0,1.0,1.0,00-0032943,R.Dixon
2022_05_DAL_LA,REG,5,LAR,53.0,0.0,1.0,1.0,00-0032943,R.Dixon
2022_05_DAL_LA,REG,5,DAL,35.0,0.0,0.0,1.0,00-0029692,B.Anger
2022_05_DAL_LA,REG,5,DAL,44.0,0.0,1.0,1.0,00-0029692,B.Anger
2022_05_DAL_LA,REG,5,LAR,47.0,0.0,0.0,1.0,00-0032943,R.Dixon
2022_05_DAL_LA,REG,5,DAL,53.0,0.0,0.0,1.0,00-0029692,B.Anger
2022_05_DET_NE,REG,5,DET,32.0,0.0,1.0,1.0,00-0035156,J.Fox
2022_05_DET_NE,REG,5,DET,56.0,0.0,0.0,1.0,00-0035156,J.Fox
2022_05_DET_NE,REG,5,NE,61.0,0.0,0.0,1.0,00-0035280,J.Bailey
2022_05_DET_NE,REG,5,NE,40.0,0.0,0.0,1.0,00-0035280,J.Bailey
2022_05_HOU_JAX,REG,5,HOU,57.0,0.0,0.0,1.0,00-0033729,C.Johnston
2022_05_HOU_JAX,REG,5,JAX,58.0,0.0,0.0,1.0,00-0034437,L.Cooke
2022_05_HOU_JAX,REG,5,HOU,45.0,0.0,1.0,1.0,00-0033729,C.Johnston
2022_05_HOU_JAX,REG,5,JAX,39.0,0.0,1.0,1.0,00-0034437,L.Cooke
2022_05_HOU_JAX,REG,5,HOU,57.0,0.0,0.0,1.0,00-0033729,C.Johnston
2022_05_HOU_JAX,REG,5,HOU,40.0,0.0,1.0,1.0,00-0033729,C.Johnston
2022_05_HOU_JAX,REG,5,HOU,58.0,0.0,0.0,1.0,00-0033729,C.Johnston
2022_05_HOU_JAX,REG,5,JAX,62.0,0.0,0.0,1.0,00-0034437,L.Cooke
2022_05_HOU_JAX,REG,5,HOU,36.0,0.0,1.0,1.0,00-0033729,C.Johnston
2022_05_IND_DEN,REG,5,IND,31.0,0.0,0.0,1.0,00-0033400,M.Haack
2022_05_IND_DEN,REG,5,IND,37.0,0.0,1.0,1.0,00-0033400,M.Haack
2022_05_IND_DEN,REG,5,DEN,50.0,0.0,0.0,1.0,00-0035821,C.Waitman
2022_05_IND_DEN,REG,5,IND,49.0,0.0,1.0,1.0,00-0033400,M.Haack
2022_05_IND_DEN,REG,5,DEN,50.0,0.0,0.0,1.0,00-0035821,C.Waitman
2022_05_IND_DEN,REG,5,IND,45.0,0.0,0.0,1.0,00-0033400,M.Haack
2022_05_IND_DEN,REG,5,DEN,34.0,0.0,1.0,1.0,00-0035821,C.Waitman
2022_05_IND_DEN,REG,5,DEN,43.0,0.0,0.0,1.0,00-0035821,C.Waitman
2022_05_IND_DEN,REG,5,IND,49.0,0.0,0.0,1.0,00-0033400,M.Haack
2022_05_IND_DEN,REG,5,IND,45.0,0.0,0.0,1.0,00-0033400,M.Haack
2022_05_IND_DEN,REG,5,DEN,52.0,0.0,0.0,1.0,00-0035821,C.Waitman
2022_05_IND_DEN,REG,5,IND,54.0,0.0,1.0,1.0,00-0033400,M.Haack
2022_05_LAC_CLE,REG,5,CLE,58.0,0.0,0.0,1.0,00-0034721,C.Bojorquez
2022_05_LAC_CLE,REG,5,CLE,61.0,0.0,1.0,1.0,00-0034721,C.Bojorquez
2022_05_LAC_CLE,REG,5,LAC,37.0,0.0,0.0,1.0,00-0034162,J.Scott
2022_05_LV_KC,REG,5,LV,60.0,0.0,0.0,1.0,00-0035190,A.Cole
2022_05_LV_KC,REG,5,KC,60.0,0.0,0.0,1.0,00-0035889,T.Townsend
2022_05_LV_KC,REG,5,KC,46.0,0.0,0.0,1.0,00-0035889,T.Townsend
2022_05_LV_KC,REG,5,LV,44.0,0.0,0.0,1.0,00-0035190,A.Cole
2022_05_LV_KC,REG,5,KC,39.0,0.0,1.0,1.0,00-0035889,T.Townsend
2022_05_MIA_NYJ,REG,5,NYJ,48.0,0.0,1.0,1.0,00-0036313,B.Mann
2022_05_MIA_NYJ,REG,5,NYJ,43.0,0.0,1.0,1.0,00-0036313,B.Mann
2022_05_MIA_NYJ,REG,5,MIA,36.0,0.0,0.0,1.0,00-0027114,T.Morstead
2022_05_MIA_NYJ,REG,5,MIA,47.0,0.0,0.0,1.0,00-0027114,T.Morstead
2022_05_MIA_NYJ,REG,5,NYJ,43.0,0.0,0.0,1.0,00-0036313,B.Mann
2022_05_MIA_NYJ,REG,5,MIA,48.0,0.0,1.0,1.0,00-0027114,T.Morstead
2022_05_MIA_NYJ,REG,5,NYJ,51.0,0.0,0.0,1.0,00-0036313,B.Mann
2022_05_NYG_GB,REG,5,NYG,42.0,0.0,0.0,1.0,00-0035042,J.Gillan
2022_05_NYG_GB,REG,5,GB,50.0,0.0,0.0,1.0,00-0031079,P.O'Donnell
2022_05_NYG_GB,REG,5,NYG,58.0,0.0,0.0,1.0,00-0035042,J.Gillan
2022_05_NYG_GB,REG,5,GB,33.0,0.0,1.0,1.0,00-0031079,P.O'Donnell
2022_05_NYG_GB,REG,5,GB,41.0,0.0,0.0,1.0,00-0031079,P.O'Donnell
2022_05_PHI_ARI,REG,5,ARI,51.0,0.0,0.0,1.0,00-0022824,A.Lee
2022_05_PHI_ARI,REG,5,PHI,45.0,0.0,1.0,1.0,00-0036013,A.Siposs
2022_05_PHI_ARI,REG,5,ARI,39.0,0.0,1.0,1.0,00-0022824,A.Lee
2022_05_PHI_ARI,REG,5,ARI,55.0,0.0,0.0,1.0,00-0022824,A.Lee
2022_05_PHI_ARI,REG,5,PHI,55.0,0.0,0.0,1.0,00-0036013,A.Siposs
2022_05_PHI_ARI,REG,5,PHI,45.0,0.0,1.0,1.0,00-0036013,A.Siposs
2022_05_PHI_ARI,REG,5,ARI,51.0,0.0,1.0,1.0,00-0022824,A.Lee
2022_05_PHI_ARI,REG,5,PHI,39.0,0.0,1.0,1.0,00-0036013,A.Siposs
2022_05_PIT_BUF,REG,5,PIT,69.0,0.0,1.0,1.0,00-0036847,P.Harvin
2022_05_PIT_BUF,REG,5,PIT,34.0,0.0,0.0,1.0,00-0036847,P.Harvin
2022_05_PIT_BUF,REG,5,PIT,26.0,0.0,0.0,1.0,00-0036847,P.Harvin
2022_05_PIT_BUF,REG,5,BUF,61.0,0.0,0.0,1.0,00-0030092,S.Martin
2022_05_PIT_BUF,REG,5,PIT,34.0,0.0,0.0,1.0,00-0036847,P.Harvin
2022_05_PIT_BUF,REG,5,BUF,49.0,0.0,0.0,1.0,00-0030092,S.Martin
2022_05_SEA_NO,REG,5,NO,44.0,0.0,0.0,1.0,00-0035859,B.Gillikin
2022_05_SEA_NO,REG,5,SEA,44.0,0.0,0.0,1.0,00-0034160,M.Dickson
2022_05_SEA_NO,REG,5,NO,58.0,0.0,0.0,1.0,00-0035859,B.Gillikin
2022_05_SEA_NO,REG,5,SEA,49.0,0.0,1.0,1.0,00-0034160,M.Dickson
2022_05_SEA_NO,REG,5,NO,62.0,0.0,0.0,1.0,00-0035859,B.Gillikin
2022_05_SEA_NO,REG,5,SEA,55.0,0.0,0.0,1.0,00-0034160,M.Dickson
2022_05_SEA_NO,REG,5,SEA,36.0,0.0,1.0,1.0,00-0034160,M.Dickson
2022_05_SEA_NO,REG,5,NO,25.0,0.0,0.0,1.0,00-0035859,B.Gillikin
2022_05_SEA_NO,REG,5,SEA,49.0,0.0,0.0,1.0,00-0034160,M.Dickson
2022_05_SF_CAR,REG,5,CAR,67.0,0.0,1.0,1.0,00-0028872,J.Hekker
2022_05_SF_CAR,REG,5,SF,38.0,0.0,1.0,1.0,00-0034941,M.Wishnowsky
2022_05_SF_CAR,REG,5,CAR,41.0,0.0,0.0,1.0,00-0028872,J.Hekker
2022_05_SF_CAR,REG,5,CAR,46.0,0.0,1.0,1.0,00-0028872,J.Hekker
2022_05_SF_CAR,REG,5,SF,37.0,0.0,1.0,1.0,00-0034941,M.Wishnowsky
2022_05_TEN_WAS,REG,5,TEN,38.0,0.0,0.0,1.0,00-0037607,R.Stonehouse
2022_05_TEN_WAS,REG,5,WAS,41.0,0.0,0.0,1.0,00-0030140,T.Way
2022_05_TEN_WAS,REG,5,TEN,54.0,0.0,1.0,1.0,00-0037607,R.Stonehouse
2022_05_TEN_WAS,REG,5,WAS,34.0,0.0,0.0,1.0,00-0030140,T.Way
2022_05_TEN_WAS,REG,5,TEN,56.0,0.0,0.0,1.0,00-0037607,R.Stonehouse
2022_05_TEN_WAS,REG,5,TEN,66.0,0.0,1.0,1.0,00-0037607,R.Stonehouse
2022_05_TEN_WAS,REG,5,WAS,48.0,0.0,1.0,1.0,00-0030140,T.Way
2022_05_TEN_WAS,REG,5,WAS,40.0,0.0,1.0,1.0,00-0030140,T.Way
2022_05_TEN_WAS,REG,5,TEN,50.0,0.0,0.0,1.0,00-0037607,R.Stonehouse
2022_05_TEN_WAS,REG,5,TEN,53.0,0.0,0.0,1.0,00-0037607,R.Stonehouse
2022_05_TEN_WAS,REG,5,WAS,39.0,0.0,0.0,1.0,00-0030140,T.Way
2022_05_TEN_WAS,REG,5,TEN,40.0,0.0,1.0,1.0,00-0037607,R.Stonehouse
2022_05_TEN_WAS,REG,5,WAS,45.0,0.0,0.0,1.0,00-0030140,T.Way
2022_05_TEN_WAS,REG,5,TEN,59.0,0.0,1.0,1.0,00-0037607,R.Stonehouse
2022_06_ARI_SEA,REG,6,SEA,49.0,0.0,0.0,1.0,00-0034160,M.Dickson
2022_06_ARI_SEA,REG,6,ARI,42.0,0.0,0.0,1.0,00-0022824,A.Lee
2022_06_ARI_SEA,REG,6,ARI,37.0,0.0,1.0,1.0,00-0022824,A.Lee
2022_06_ARI_SEA,REG,6,SEA,46.0,0.0,0.0,1.0,00-0034160,M.Dickson
2022_06_ARI_SEA,REG,6,ARI,35.0,0.0,0.0,1.0,00-0022824,A.Lee
2022_06_ARI_SEA,REG,6,SEA,53.0,0.0,0.0,1.0,00-0034160,M.Dickson
2022_06_ARI_SEA,REG,6,SEA,64.0,0.0,1.0,1.0,00-0034160,M.Dickson
2022_06_ARI_SEA,REG,6,ARI,48.0,0.0,0.0,1.0,00-0022824,A.Lee
2022_06_ARI_SEA,REG,6,SEA,46.0,0.0,0.0,1.0,00-0034160,M.Dickson
2022_06_ARI_SEA,REG,6,SEA,35.0,0.0,0.0,1.0,00-0034160,M.Dickson
2022_06_BAL_NYG,REG,6,BAL,42.0,0.0,0.0,1.0,00-0038094,J.Stout
2022_06_BAL_NYG,REG,6,NYG,50.0,0.0,1.0,1.0,00-0035042,J.Gillan
2022_06_BAL_NYG,REG,6,NYG,35.0,0.0,1.0,1.0,00-0035042,J.Gillan
2022_06_BAL_NYG,REG,6,NYG,60.0,0.0,0.0,1.0,00-0035042,J.Gillan
2022_06_BAL_NYG,REG,6,BAL,53.0,0.0,0.0,1.0,00-0038094,J.Stout
2022_06_BAL_NYG,REG,6,NYG,40.0,0.0,0.0,1.0,00-0035042,J.Gillan
2022_06_BUF_KC,REG,6,KC,57.0,0.0,0.0,1.0,00-0035889,T.Townsend
2022_06_BUF_KC,REG,6,BUF,45.0,0.0,0.0,1.0,00-0030092,S.Martin
2022_06_BUF_KC,REG,6,KC,56.0,0.0,1.0,1.0,00-0035889,T.Townsend
2022_06_BUF_KC,REG,6,BUF,63.0,0.0,0.0,1.0,00-0030092,S.Martin
2022_06_BUF_KC,REG,6,KC,60.0,0.0,0.0,1.0,00-0035889,T.Townsend
2022_06_CAR_LA,REG,6,LAR,49.0,0.0,1.0,1.0,00-0032943,R.Dixon
2022_06_CAR_LA,REG,6,CAR,41.0,0.0,1.0,1.0,00-0028872,J.Hekker
2022_06_CAR_LA,REG,6,LAR,60.0,0.0,0.0,1.0,00-0032943,R.Dixon
2022_06_CAR_LA,REG,6,CAR,45.0,0.0,0.0,1.0,00-0028872,J.Hekker
2022_06_CAR_LA,REG,6,CAR,66.0,0.0,0.0,1.0,00-0028872,J.Hekker
2022_06_CAR_LA,REG,6,LAR,32.0,0.0,0.0,1.0,00-0032943,R.Dixon
2022_06_CAR_LA,REG,6,LAR,53.0,0.0,0.0,1.0,00-0032943,R.Dixon
2022_06_CAR_LA,REG,6,CAR,40.0,0.0,1.0,1.0,00-0028872,J.Hekker
2022_06_CAR_LA,REG,6,CAR,68.0,0.0,0.0,1.0,00-0028872,J.Hekker
2022_06_CAR_LA,REG,6,CAR,51.0,0.0,0.0,1.0,00-0028872,J.Hekker
2022_06_CAR_LA,REG,6,CAR,51.0,0.0,1.0,1.0,00-0028872,J.Hekker
2022_06_CAR_LA,REG,6,LAR,46.0,0.0,0.0,1.0,00-0032943,R.Dixon
2022_06_CIN_NO,REG,6,CIN,50.0,0.0,0.0,1.0,00-0027103,K.Huber
2022_06_CIN_NO,REG,6,NO,59.0,0.0,0.0,1.0,00-0035859,B.Gillikin
2022_06_CIN_NO,REG,6,CIN,40.0,0.0,1.0,1.0,00-0027103,K.Huber
2022_06_CIN_NO,REG,6,NO,61.0,0.0,0.0,1.0,00-0035859,B.Gillikin
2022_06_CIN_NO,REG,6,CIN,41.0,0.0,0.0,1.0,00-0027103,K.Huber
2022_06_CIN_NO,REG,6,NO,29.0,0.0,0.0,1.0,00-0035859,B.Gillikin
2022_06_DAL_PHI,REG,6,DAL,60.0,0.0,0.0,1.0,00-0029692,B.Anger
2022_06_DAL_PHI,REG,6,PHI,44.0,0.0,0.0,1.0,00-0036013,A.Siposs
2022_06_DAL_PHI,REG,6,DAL,59.0,0.0,0.0,1.0,00-0029692,B.Anger
2022_06_DAL_PHI,REG,6,PHI,54.0,0.0,0.0,1.0,00-0036013,A.Siposs
2022_06_DAL_PHI,REG,6,PHI,59.0,0.0,1.0,1.0,00-0036013,A.Siposs
2022_06_DAL_PHI,REG,6,PHI,30.0,0.0,1.0,1.0,00-0036013,A.Siposs
2022_06_DEN_LAC,REG,6,LAC,18.0,0.0,0.0,1.0,00-0034162,J.Scott
2022_06_DEN_LAC,REG,6,LAC,52.0,0.0,1.0,1.0,00-0034162,J.Scott
2022_06_DEN_LAC,REG,6,DEN,54.0,0.0,1.0,1.0,00-0035821,C.Waitman
2022_06_DEN_LAC,REG,6,DEN,58.0,0.0,0.0,1.0,00-0035821,C.Waitman
2022_06_DEN_LAC,REG,6,DEN,43.0,0.0,0.0,1.0,00-0035821,C.Waitman
2022_06_DEN_LAC,REG,6,DEN,22.0,0.0,1.0,1.0,00-0035821,C.Waitman
2022_06_DEN_LAC,REG,6,DEN,41.0,0.0,0.0,1.0,00-0035821,C.Waitman
2022_06_DEN_LAC,REG,6,DEN,58.0,0.0,1.0,1.0,00-0035821,C.Waitman
2022_06_DEN_LAC,REG,6,LAC,54.0,0.0,0.0,1.0,00-0034162,J.Scott
2022_06_DEN_LAC,REG,6,DEN,47.0,0.0,1.0,1.0,00-0035821,C.Waitman
2022_06_DEN_LAC,REG,6,LAC,52.0,0.0,0.0,1.0,00-0034162,J.Scott
2022_06_JAX_IND,REG,6,IND,33.0,0.0,1.0,1.0,00-0033400,M.Haack
2022_06_JAX_IND,REG,6,JAX,30.0,0.0,1.0,1.0,00-0034437,L.Cooke
2022_06_JAX_IND,REG,6,IND,45.0,0.0,0.0,1.0,00-0033400,M.Haack
2022_06_JAX_IND,REG,6,IND,32.0,0.0,1.0,1.0,00-0033400,M.Haack
2022_06_JAX_IND,REG,6,JAX,60.0,0.0,0.0,1.0,00-0034437,L.Cooke
2022_06_JAX_IND,REG,6,JAX,61.0,0.0,0.0,1.0,00-0034437,L.Cooke
2022_06_MIN_MIA,REG,6,MIN,42.0,0.0,0.0,1.0,00-0037500,R.Wright
2022_06_MIN_MIA,REG,6,MIA,36.0,0.0,1.0,1.0,00-0027114,T.Morstead
2022_06_MIN_MIA,REG,6,MIN,73.0,0.0,1.0,1.0,00-0037500,R.Wright
2022_06_MIN_MIA,REG,6,MIA,42.0,0.0,0.0,1.0,00-0027114,T.Morstead
2022_06_MIN_MIA,REG,6,MIN,49.0,0.0,0.0,1.0,00-0037500,R.Wright
2022_06_MIN_MIA,REG,6,MIA,54.0,0.0,1.0,1.0,00-0027114,T.Morstead
2022_06_MIN_MIA,REG,6,MIN,43.0,0.0,0.0,1.0,00-0037500,R.Wright
2022_06_MIN_MIA,REG,6,MIN,41.0,0.0,1.0,1.0,00-0037500,R.Wright
2022_06_MIN_MIA,REG,6,MIN,35.0,0.0,1.0,1.0,00-0037500,R.Wright
2022_06_MIN_MIA,REG,6,MIA,50.0,0.0,0.0,1.0,00-0027114,T.Morstead
2022_06_MIN_MIA,REG,6,MIN,42.0,0.0,1.0,1.0,00-0037500,R.Wright
2022_06_MIN_MIA,REG,6,MIA,62.0,0.0,0.0,1.0,00-0027114,T.Morstead
2022_06_MIN_MIA,REG,6,MIN,42.0,0.0,1.0,1.0,00-0037500,R.Wright
2022_06_MIN_MIA,REG,6,MIA,63.0,0.0,0.0,1.0,00-0027114,T.Morstead
2022_06_MIN_MIA,REG,6,MIN,50.0,0.0,0.0,1.0,00-0037500,R.Wright
2022_06_MIN_MIA,REG,6,MIN,24.0,0.0,1.0,1.0,00-0037500,R.Wright
2022_06_NE_CLE,REG,6,NE,45.0,0.0,1.0,1.0,00-0035280,J.Bailey
2022_06_NE_CLE,REG,6,CLE,44.0,0.0,1.0,1.0,00-0034721,C.Bojorquez
2022_06_NE_CLE,REG,6,CLE,45.0,0.0,0.0,1.0,00-0034721,C.Bojorquez
2022_06_NE_CLE,REG,6,NE,35.0,0.0,0.0,1.0,00-0035280,J.Bailey
2022_06_NE_CLE,REG,6,CLE,44.0,0.0,0.0,1.0,00-0034721,C.Bojorquez
2022_06_NE_CLE,REG,6,NE,43.0,0.0,1.0,1.0,00-0035280,J.Bailey
2022_06_NE_CLE,REG,6,NE,41.0,0.0,1.0,1.0,00-0035280,J.Bailey
2022_06_NYJ_GB,REG,6,GB,60.0,0.0,0.0,1.0,00-0031079,P.O'Donnell
2022_06_NYJ_GB,REG,6,NYJ,50.0,0.0,0.0,1.0,00-0036313,B.Mann
2022_06_NYJ_GB,REG,6,GB,62.0,0.0,0.0,1.0,00-0031079,P.O'Donnell
2022_06_NYJ_GB,REG,6,NYJ,43.0,0.0,0.0,1.0,00-0036313,B.Mann
2022_06_NYJ_GB,REG,6,GB,40.0,0.0,1.0,1.0,00-0031079,P.O'Donnell
2022_06_NYJ_GB,REG,6,NYJ,61.0,0.0,0.0,1.0,00-0036313,B.Mann
2022_06_NYJ_GB,REG,6,NYJ,6.0,0.0,0.0,1.0,00-0036313,B.Mann
2022_06_NYJ_GB,REG,6,GB,36.0,0.0,1.0,1.0,00-0031079,P.O'Donnell
2022_06_NYJ_GB,REG,6,NYJ,58.0,0.0,0.0,1.0,00-0036313,B.Mann
2022_06_NYJ_GB,REG,6,NYJ,50.0,0.0,0.0,1.0,00-0036313,B.Mann
2022_06_NYJ_GB,REG,6,GB,46.0,0.0,0.0,1.0,00-0031079,P.O'Donnell
2022_06_NYJ_GB,REG,6,GB,0.0,1.0,0.0,1.0,00-0031079,P.O'Donnell
2022_06_SF_ATL,REG,6,SF,53.0,0.0,0.0,1.0,00-0034941,M.Wishnowsky
2022_06_SF_ATL,REG,6,ATL,43.0,0.0,1.0,1.0,00-0032065,B.Pinion
2022_06_SF_ATL,REG,6,ATL,39.0,0.0,0.0,1.0,00-0032065,B.Pinion
2022_06_SF_ATL,REG,6,SF,59.0,0.0,0.0,1.0,00-0034941,M.Wishnowsky
2022_06_SF_ATL,REG,6,SF,46.0,0.0,1.0,1.0,00-0034941,M.Wishnowsky
2022_06_SF_ATL,REG,6,ATL,52.0,0.0,0.0,1.0,00-0032065,B.Pinion
2022_06_SF_ATL,REG,6,ATL,39.0,0.0,1.0,1.0,00-0032065,B.Pinion
2022_06_SF_ATL,REG,6,ATL,42.0,0.0,1.0,1.0,00-0032065,B.Pinion
2022_06_TB_PIT,REG,6,TB,40.0,0.0,0.0,1.0,00-0038042,J.Camarda
2022_06_TB_PIT,REG,6,PIT,52.0,0.0,0.0,1.0,00-0036847,P.Harvin
2022_06_TB_PIT,REG,6,TB,47.0,0.0,0.0,1.0,00-0038042,J.Camarda
2022_06_TB_PIT,REG,6,PIT,53.0,0.0,0.0,1.0,00-0036847,P.Harvin
2022_06_TB_PIT,REG,6,TB,52.0,0.0,1.0,1.0,00-0038042,J.Camarda
2022_06_TB_PIT,REG,6,PIT,42.0,0.0,0.0,1.0,00-0036847,P.Harvin
2022_06_TB_PIT,REG,6,PIT,44.0,0.0,1.0,1.0,00-0036847,P.Harvin
2022_06_TB_PIT,REG,6,TB,52.0,0.0,0.0,1.0,00-0038042,J.Camarda
2022_06_TB_PIT,REG,6,PIT,30.0,0.0,1.0,1.0,00-0036847,P.Harvin
2022_06_TB_PIT,REG,6,TB,39.0,0.0,0.0,1.0,00-0038042,J.Camarda
2022_06_WAS_CHI,REG,6,CHI,53.0,0.0,0.0,1.0,00-0037097,T.Gill
2022_06_WAS_CHI,REG,6,WAS,58.0,0.0,0.0,1.0,00-0030140,T.Way
2022_06_WAS_CHI,REG,6,WAS,51.0,0.0,0.0,1.0,00-0030140,T.Way
2022_06_WAS_CHI,REG,6,WAS,49.0,0.0,0.0,1.0,00-0030140,T.Way
2022_06_WAS_CHI,REG,6,CHI,27.0,0.0,1.0,1.0,00-0037097,T.Gill
2022_06_WAS_CHI,REG,6,WAS,42.0,0.0,0.0,1.0,00-0030140,T.Way
2022_06_WAS_CHI,REG,6,CHI,54.0,0.0,0.0,1.0,00-0037097,T.Gill
2022_06_WAS_CHI,REG,6,WAS,50.0,0.0,1.0,1.0,00-0030140,T.Way
2022_06_WAS_CHI,REG,6,CHI,51.0,0.0,0.0,1.0,00-0037097,T.Gill
2022_06_WAS_CHI,REG,6,WAS,57.0,0.0,1.0,1.0,00-0030140,T.Way
2022_07_ATL_CIN,REG,7,ATL,49.0,0.0,0.0,1.0,00-0032065,B.Pinion
2022_07_ATL_CIN,REG,7,ATL,43.0,0.0,0.0,1.0,00-0032065,B.Pinion
2022_07_ATL_CIN,REG,7,CIN,37.0,0.0,0.0,1.0,00-0027103,K.Huber
2022_07_ATL_CIN,REG,7,ATL,46.0,0.0,0.0,1.0,00-0032065,B.Pinion
2022_07_ATL_CIN,REG,7,ATL,43.0,0.0,0.0,1.0,00-0032065,B.Pinion
2022_07_ATL_CIN,REG,7,ATL,49.0,0.0,0.0,1.0,00-0032065,B.Pinion
2022_07_ATL_CIN,REG,7,CIN,56.0,0.0,0.0,1.0,00-0027103,K.Huber
2022_07_ATL_CIN,REG,7,ATL,52.0,0.0,1.0,1.0,00-0032065,B.Pinion
2022_07_CHI_NE,REG,7,NE,44.0,0.0,0.0,1.0,00-0035280,J.Bailey
2022_07_CHI_NE,REG,7,NE,36.0,0.0,0.0,1.0,00-0035280,J.Bailey
2022_07_CHI_NE,REG,7,CHI,46.0,0.0,0.0,1.0,00-0037097,T.Gill
2022_07_CHI_NE,REG,7,NE,47.0,0.0,0.0,1.0,00-0035280,J.Bailey
2022_07_CHI_NE,REG,7,NE,33.0,0.0,0.0,1.0,00-0035280,J.Bailey
2022_07_CHI_NE,REG,7,CHI,35.0,0.0,1.0,1.0,00-0037097,T.Gill
2022_07_CLE_BAL,REG,7,BAL,69.0,0.0,1.0,1.0,00-0038094,J.Stout
2022_07_CLE_BAL,REG,7,CLE,59.0,0.0,0.0,1.0,00-0034721,C.Bojorquez
2022_07_CLE_BAL,REG,7,CLE,76.0,0.0,0.0,1.0,00-0034721,C.Bojorquez
2022_07_CLE_BAL,REG,7,CLE,38.0,0.0,1.0,1.0,00-0034721,C.Bojorquez
2022_07_CLE_BAL,REG,7,BAL,62.0,0.0,0.0,1.0,00-0038094,J.Stout
2022_07_CLE_BAL,REG,7,BAL,50.0,0.0,0.0,1.0,00-0038094,J.Stout
2022_07_DET_DAL,REG,7,DAL,56.0,0.0,0.0,1.0,00-0029692,B.Anger
2022_07_DET_DAL,REG,7,DET,47.0,0.0,0.0,1.0,00-0035156,J.Fox
2022_07_DET_DAL,REG,7,DAL,43.0,0.0,0.0,1.0,00-0029692,B.Anger
2022_07_DET_DAL,REG,7,DAL,49.0,0.0,0.0,1.0,00-0029692,B.Anger
2022_07_DET_DAL,REG,7,DET,54.0,0.0,0.0,1.0,00-0035156,J.Fox
2022_07_DET_DAL,REG,7,DET,43.0,0.0,0.0,1.0,00-0035156,J.Fox
2022_07_DET_DAL,REG,7,DAL,45.0,0.0,0.0,1.0,00-0029692,B.Anger
2022_07_DET_DAL,REG,7,DAL,50.0,0.0,0.0,1.0,00-0029692,B.Anger
2022_07_GB_WAS,REG,7,GB,55.0,0.0,1.0,1.0,00-0031079,P.O'Donnell
2022_07_GB_WAS,REG,7,WAS,55.0,0.0,0.0,1.0,00-0030140,T.Way
2022_07_GB_WAS,REG,7,WAS,45.0,0.0,1.0,1.0,00-0030140,T.Way
2022_07_GB_WAS,REG,7,GB,40.0,0.0,0.0,1.0,00-0031079,P.O'Donnell
2022_07_GB_WAS,REG,7,GB,41.0,0.0,0.0,1.0,00-0031079,P.O'Donnell
2022_07_GB_WAS,REG,7,GB,34.0,0.0,0.0,1.0,00-0031079,P.O'Donnell
2022_07_GB_WAS,REG,7,WAS,68.0,0.0,1.0,1.0,00-0030140,T.Way
2022_07_GB_WAS,REG,7,GB,38.0,0.0,1.0,1.0,00-0031079,P.O'Donnell
2022_07_GB_WAS,REG,7,WAS,24.0,0.0,1.0,1.0,00-0030140,T.Way
2022_07_HOU_LV,REG,7,LV,50.0,0.0,0.0,1.0,00-0035190,A.Cole
2022_07_HOU_LV,REG,7,LV,43.0,0.0,1.0,1.0,00-0035190,A.Cole
2022_07_HOU_LV,REG,7,HOU,55.0,0.0,1.0,1.0,00-0033729,C.Johnston
2022_07_IND_TEN,REG,7,TEN,52.0,0.0,0.0,1.0,00-0037607,R.Stonehouse
2022_07_IND_TEN,REG,7,IND,32.0,0.0,0.0,1.0,00-0033400,M.Haack
2022_07_IND_TEN,REG,7,IND,29.0,0.0,0.0,1.0,00-0033400,M.Haack
2022_07_IND_TEN,REG,7,TEN,54.0,0.0,0.0,1.0,00-0037607,R.Stonehouse
2022_07_IND_TEN,REG,7,IND,27.0,0.0,0.0,1.0,00-0033400,M.Haack
2022_07_IND_TEN,REG,7,IND,60.0,0.0,0.0,1.0,00-0033400,M.Haack
2022_07_IND_TEN,REG,7,TEN,58.0,0.0,0.0,1.0,00-0037607,R.Stonehouse
2022_07_IND_TEN,REG,7,IND,28.0,0.0,0.0,1.0,00-0033400,M.Haack
2022_07_KC_SF,REG,7,SF,29.0,0.0,1.0,1.0,00-0034941,M.Wishnowsky
2022_07_KC_SF,REG,7,KC,33.0,0.0,1.0,1.0,00-0035889,T.Townsend
2022_07_NO_ARI,REG,7,ARI,31.0,0.0,0.0,1.0,00-0022824,A.Lee
2022_07_NO_ARI,REG,7,ARI,56.0,0.0,0.0,1.0,00-0022824,A.Lee
2022_07_NO_ARI,REG,7,NO,36.0,0.0,1.0,1.0,00-0035859,B.Gillikin
2022_07_NO_ARI,REG,7,NO,58.0,0.0,1.0,1.0,00-0035859,B.Gillikin
2022_07_NO_ARI,REG,7,ARI,50.0,0.0,0.0,1.0,00-0022824,A.Lee
2022_07_NO_ARI,REG,7,ARI,40.0,0.0,0.0,1.0,00-0022824,A.Lee
2022_07_NYG_JAX,REG,7,NYG,34.0,0.0,0.0,1.0,00-0035042,J.Gillan
2022_07_NYG_JAX,REG,7,JAX,57.0,0.0,0.0,1.0,00-0034437,L.Cooke
2022_07_NYG_JAX,REG,7,NYG,46.0,0.0,0.0,1.0,00-0035042,J.Gillan
2022_07_NYG_JAX,REG,7,JAX,49.0,0.0,0.0,1.0,00-0034437,L.Cooke
2022_07_NYJ_DEN,REG,7,NYJ,58.0,0.0,1.0,1.0,00-0036313,B.Mann
2022_07_NYJ_DEN,REG,7,DEN,44.0,0.0,1.0,1.0,00-0035821,C.Waitman
2022_07_NYJ_DEN,REG,7,NYJ,51.0,0.0,0.0,1.0,00-0036313,B.Mann
2022_07_NYJ_DEN,REG,7,DEN,34.0,0.0,0.0,1.0,00-0035821,C.Waitman
2022_07_NYJ_DEN,REG,7,NYJ,38.0,0.0,0.0,1.0,00-0036313,B.Mann
2022_07_NYJ_DEN,REG,7,NYJ,49.0,0.0,1.0,1.0,00-0036313,B.Mann
2022_07_NYJ_DEN,REG,7,DEN,39.0,0.0,1.0,1.0,00-0035821,C.Waitman
2022_07_NYJ_DEN,REG,7,NYJ,55.0,0.0,0.0,1.0,00-0036313,B.Mann
2022_07_NYJ_DEN,REG,7,DEN,39.0,0.0,0.0,1.0,00-0035821,C.Waitman
2022_07_NYJ_DEN,REG,7,NYJ,65.0,0.0,0.0,1.0,00-0036313,B.Mann
2022_07_NYJ_DEN,REG,7,DEN,46.0,0.0,1.0,1.0,00-0035821,C.Waitman
2022_07_NYJ_DEN,REG,7,NYJ,50.0,0.0,0.0,1.0,00-0036313,B.Mann
2022_07_NYJ_DEN,REG,7,DEN,38.0,0.0,0.0,1.0,00-0035821,C.Waitman
2022_07_NYJ_DEN,REG,7,NYJ,72.0,0.0,0.0,1.0,00-0036313,B.Mann
2022_07_PIT_MIA,REG,7,PIT,23.0,0.0,0.0,1.0,00-0036847,P.Harvin
2022_07_PIT_MIA,REG,7,MIA,48.0,0.0,1.0,1.0,00-0027114,T.Morstead
2022_07_PIT_MIA,REG,7,PIT,47.0,0.0,0.0,1.0,00-0036847,P.Harvin
2022_07_PIT_MIA,REG,7,PIT,43.0,0.0,0.0,1.0,00-0036847,P.Harvin
2022_07_PIT_MIA,REG,7,MIA,44.0,0.0,0.0,1.0,00-0027114,T.Morstead
2022_07_PIT_MIA,REG,7,PIT,36.0,0.0,0.0,1.0,00-0036847,P.Harvin
2022_07_PIT_MIA,REG,7,MIA,43.0,0.0,1.0,1.0,00-0027114,T.Morstead
2022_07_PIT_MIA,REG,7,PIT,45.0,0.0,1.0,1.0,00-0036847,P.Harvin
2022_07_PIT_MIA,REG,7,MIA,53.0,0.0,0.0,1.0,00-0027114,T.Morstead
2022_07_PIT_MIA,REG,7,PIT,57.0,0.0,1.0,1.0,00-0036847,P.Harvin
2022_07_PIT_MIA,REG,7,MIA,39.0,0.0,1.0,1.0,00-0027114,T.Morstead
2022_07_PIT_MIA,REG,7,MIA,29.0,0.0,1.0,1.0,00-0027114,T.Morstead
2022_07_SEA_LAC,REG,7,SEA,46.0,0.0,1.0,1.0,00-0034160,M.Dickson
2022_07_SEA_LAC,REG,7,LAC,50.0,0.0,0.0,1.0,00-0034162,J.Scott
2022_07_SEA_LAC,REG,7,LAC,49.0,0.0,1.0,1.0,00-0034162,J.Scott
2022_07_SEA_LAC,REG,7,LAC,41.0,0.0,1.0,1.0,00-0034162,J.Scott
2022_07_SEA_LAC,REG,7,LAC,50.0,0.0,1.0,1.0,00-0034162,J.Scott
2022_07_SEA_LAC,REG,7,LAC,38.0,0.0,0.0,1.0,00-0034162,J.Scott
2022_07_TB_CAR,REG,7,TB,55.0,0.0,1.0,1.0,00-0038042,J.Camarda
2022_07_TB_CAR,REG,7,CAR,62.0,0.0,0.0,1.0,00-0028872,J.Hekker
2022_07_TB_CAR,REG,7,TB,40.0,0.0,0.0,1.0,00-0038042,J.Camarda
2022_07_TB_CAR,REG,7,CAR,60.0,0.0,0.0,1.0,00-0028872,J.Hekker
2022_07_TB_CAR,REG,7,TB,37.0,0.0,1.0,1.0,00-0038042,J.Camarda
2022_07_TB_CAR,REG,7,CAR,41.0,0.0,0.0,1.0,00-0028872,J.Hekker
2022_07_TB_CAR,REG,7,TB,62.0,0.0,0.0,1.0,00-0038042,J.Camarda
2022_07_TB_CAR,REG,7,CAR,61.0,0.0,0.0,1.0,00-0028872,J.Hekker
2022_07_TB_CAR,REG,7,TB,32.0,0.0,0.0,1.0,00-0038042,J.Camarda
2022_07_TB_CAR,REG,7,CAR,55.0,0.0,0.0,1.0,00-0028872,J.Hekker
2022_07_TB_CAR,REG,7,CAR,56.0,0.0,1.0,1.0,00-0028872,J.Hekker
2022_07_TB_CAR,REG,7,TB,53.0,0.0,0.0,1.0,00-0038042,J.Camarda
2022_07_TB_CAR,REG,7,CAR,25.0,0.0,1.0,1.0,00-0028872,J.Hekker
2022_08_ARI_MIN,REG,8,ARI,37.0,0.0,1.0,1.0,00-0022824,A.Lee
2022_08_ARI_MIN,REG,8,ARI,41.0,0.0,1.0,1.0,00-0022824,A.Lee
2022_08_ARI_MIN,REG,8,MIN,58.0,0.0,0.0,1.0,00-0037500,R.Wright
2022_08_ARI_MIN,REG,8,ARI,61.0,0.0,0.0,1.0,00-0022824,A.Lee
2022_08_ARI_MIN,REG,8,MIN,39.0,0.0,0.0,1.0,00-0037500,R.Wright
2022_08_ARI_MIN,REG,8,MIN,44.0,0.0,0.0,1.0,00-0037500,R.Wright
2022_08_ARI_MIN,REG,8,MIN,53.0,0.0,1.0,1.0,00-0037500,R.Wright
2022_08_ARI_MIN,REG,8,MIN,39.0,0.0,1.0,1.0,00-0037500,R.Wright
2022_08_BAL_TB,REG,8,BAL,50.0,0.0,1.0,1.0,00-0038094,J.Stout
2022_08_BAL_TB,REG,8,BAL,53.0,0.0,0.0,1.0,00-0038094,J.Stout
2022_08_BAL_TB,REG,8,BAL,57.0,0.0,0.0,1.0,00-0038094,J.Stout
2022_08_BAL_TB,REG,8,TB,43.0,0.0,1.0,1.0,00-0038042,J.Camarda
2022_08_BAL_TB,REG,8,BAL,50.0,0.0,1.0,1.0,00-0038094,J.Stout
2022_08_BAL_TB,REG,8,TB,51.0,0.0,0.0,1.0,00-0038042,J.Camarda
2022_08_BAL_TB,REG,8,TB,60.0,0.0,1.0,1.0,00-0038042,J.Camarda
2022_08_BAL_TB,REG,8,TB,66.0,0.0,0.0,1.0,00-0038042,J.Camarda
2022_08_BAL_TB,REG,8,TB,47.0,0.0,0.0,1.0,00-0038042,J.Camarda
2022_08_CAR_ATL,REG,8,CAR,44.0,0.0,1.0,1.0,00-0028872,J.Hekker
2022_08_CAR_ATL,REG,8,ATL,47.0,0.0,0.0,1.0,00-0032065,B.Pinion
2022_08_CAR_ATL,REG,8,ATL,53.0,0.0,1.0,1.0,00-0032065,B.Pinion
2022_08_CAR_ATL,REG,8,CAR,45.0,0.0,0.0,1.0,00-0028872,J.Hekker
2022_08_CAR_ATL,REG,8,ATL,60.0,0.0,0.0,1.0,00-0032065,B.Pinion
2022_08_CAR_ATL,REG,8,ATL,50.0,0.0,0.0,1.0,00-0032065,B.Pinion
2022_08_CAR_ATL,REG,8,CAR,52.0,0.0,0.0,1.0,00-0028872,J.Hekker
2022_08_CHI_DAL,REG,8,CHI,44.0,0.0,0.0,1.0,00-0037097,T.Gill
2022_08_CHI_DAL,REG,8,CHI,52.0,0.0,0.0,1.0,00-0037097,T.Gill
2022_08_CHI_DAL,REG,8,CHI,62.0,0.0,1.0,1.0,00-0037097,T.Gill
2022_08_CHI_DAL,REG,8,DAL,59.0,0.0,0.0,1.0,00-0029692,B.Anger
2022_08_CHI_DAL,REG,8,DAL,83.0,0.0,0.0,1.0,00-0029692,B.Anger
2022_08_CHI_DAL,REG,8,CHI,45.0,0.0,0.0,1.0,00-0037097,T.Gill
2022_08_CIN_CLE,REG,8,CIN,23.0,0.0,0.0,1.0,00-0027103,K.Huber
2022_08_CIN_CLE,REG,8,CIN,33.0,0.0,1.0,1.0,00-0027103,K.Huber
2022_08_CIN_CLE,REG,8,CLE,57.0,0.0,0.0,1.0,00-0034721,C.Bojorquez
2022_08_CIN_CLE,REG,8,CIN,40.0,0.0,0.0,1.0,00-0027103,K.Huber
2022_08_CIN_CLE,REG,8,CIN,51.0,0.0,0.0,1.0,00-0027103,K.Huber
2022_08_CIN_CLE,REG,8,CLE,10.0,0.0,0.0,1.0,00-0034721,C.Bojorquez
2022_08_DEN_JAX,REG,8,DEN,54.0,0.0,0.0,1.0,00-0035821,C.Waitman
2022_08_DEN_JAX,REG,8,JAX,48.0,0.0,1.0,1.0,00-0034437,L.Cooke
2022_08_DEN_JAX,REG,8,DEN,49.0,0.0,1.0,1.0,00-0035821,C.Waitman
2022_08_DEN_JAX,REG,8,DEN,48.0,0.0,0.0,1.0,00-0035821,C.Waitman
2022_08_DEN_JAX,REG,8,JAX,46.0,0.0,1.0,1.0,00-0034437,L.Cooke
2022_08_DEN_JAX,REG,8,JAX,45.0,0.0,1.0,1.0,00-0034437,L.Cooke
2022_08_DEN_JAX,REG,8,JAX,43.0,0.0,0.0,1.0,00-0034437,L.Cooke
2022_08_DEN_JAX,REG,8,DEN,51.0,0.0,0.0,1.0,00-0035821,C.Waitman
2022_08_DEN_JAX,REG,8,JAX,63.0,0.0,0.0,1.0,00-0034437,L.Cooke
2022_08_DEN_JAX,REG,8,DEN,54.0,0.0,0.0,1.0,00-0035821,C.Waitman
2022_08_DEN_JAX,REG,8,JAX,42.0,0.0,1.0,1.0,00-0034437,L.Cooke
2022_08_DEN_JAX,REG,8,DEN,50.0,0.0,0.0,1.0,00-0035821,C.Waitman
2022_08_GB_BUF,REG,8,BUF,44.0,0.0,0.0,1.0,00-0030092,S.Martin
2022_08_GB_BUF,REG,8,GB,43.0,0.0,0.0,1.0,00-0031079,P.O'Donnell
2022_08_GB_BUF,REG,8,GB,46.0,0.0,0.0,1.0,00-0031079,P.O'Donnell
2022_08_GB_BUF,REG,8,BUF,29.0,0.0,1.0,1.0,00-0030092,S.Martin
2022_08_LV_NO,REG,8,LV,54.0,0.0,0.0,1.0,00-0035190,A.Cole
2022_08_LV_NO,REG,8,NO,46.0,0.0,1.0,1.0,00-0035859,B.Gillikin
2022_08_LV_NO,REG,8,LV,41.0,0.0,1.0,1.0,00-0035190,A.Cole
2022_08_LV_NO,REG,8,LV,35.0,0.0,1.0,1.0,00-0035190,A.Cole
2022_08_LV_NO,REG,8,LV,46.0,0.0,1.0,1.0,00-0035190,A.Cole
2022_08_LV_NO,REG,8,NO,34.0,0.0,1.0,1.0,00-0035859,B.Gillikin
2022_08_LV_NO,REG,8,LV,53.0,0.0,1.0,1.0,00-0035190,A.Cole
2022_08_MIA_DET,REG,8,DET,57.0,0.0,0.0,1.0,00-0035156,J.Fox
2022_08_MIA_DET,REG,8,DET,60.0,0.0,0.0,1.0,00-0035156,J.Fox
2022_08_MIA_DET,REG,8,MIA,38.0,0.0,1.0,1.0,00-0027114,T.Morstead
2022_08_NE_NYJ,REG,8,NYJ,22.0,0.0,0.0,1.0,00-0036313,B.Mann
2022_08_NE_NYJ,REG,8,NE,40.0,0.0,1.0,1.0,00-0035280,J.Bailey
2022_08_NE_NYJ,REG,8,NYJ,67.0,0.0,0.0,1.0,00-0036313,B.Mann
2022_08_NE_NYJ,REG,8,NYJ,48.0,0.0,0.0,1.0,00-0036313,B.Mann
2022_08_NE_NYJ,REG,8,NE,39.0,0.0,0.0,1.0,00-0035280,J.Bailey
2022_08_NE_NYJ,REG,8,NE,43.0,0.0,0.0,1.0,00-0035280,J.Bailey
2022_08_NE_NYJ,REG,8,NYJ,51.0,0.0,0.0,1.0,00-0036313,B.Mann
2022_08_NE_NYJ,REG,8,NE,41.0,0.0,1.0,1.0,00-0035280,J.Bailey
2022_08_NYG_SEA,REG,8,SEA,40.0,0.0,0.0,1.0,00-0034160,M.Dickson
2022_08_NYG_SEA,REG,8,NYG,49.0,0.0,1.0,1.0,00-0035042,J.Gillan
2022_08_NYG_SEA,REG,8,SEA,49.0,0.0,0.0,1.0,00-0034160,M.Dickson
2022_08_NYG_SEA,REG,8,NYG,49.0,0.0,0.0,1.0,00-0035042,J.Gillan
2022_08_NYG_SEA,REG,8,SEA,41.0,0.0,0.0,1.0,00-0034160,M.Dickson
2022_08_NYG_SEA,REG,8,NYG,54.0,0.0,0.0,1.0,00-0035042,J.Gillan
2022_08_NYG_SEA,REG,8,NYG,49.0,0.0,1.0,1.0,00-0035042,J.Gillan
2022_08_NYG_SEA,REG,8,SEA,49.0,0.0,0.0,1.0,00-0034160,M.Dickson
2022_08_NYG_SEA,REG,8,NYG,52.0,0.0,0.0,1.0,00-0035042,J.Gillan
2022_08_NYG_SEA,REG,8,NYG,69.0,0.0,0.0,1.0,00-0035042,J.Gillan
2022_08_NYG_SEA,REG,8,SEA,55.0,0.0,0.0,1.0,00-0034160,M.Dickson
2022_08_NYG_SEA,REG,8,SEA,57.0,0.0,1.0,1.0,00-0034160,M.Dickson
2022_08_PIT_PHI,REG,8,PIT,55.0,0.0,0.0,1.0,00-0036847,P.Harvin
2022_08_PIT_PHI,REG,8,PIT,46.0,0.0,0.0,1.0,00-0036847,P.Harvin
2022_08_PIT_PHI,REG,8,PHI,49.0,0.0,0.0,1.0,00-0036013,A.Siposs
2022_08_PIT_PHI,REG,8,PIT,38.0,0.0,0.0,1.0,00-0036847,P.Harvin
2022_08_PIT_PHI,REG,8,PHI,44.0,0.0,0.0,1.0,00-0036013,A.Siposs
2022_08_PIT_PHI,REG,8,PHI,46.0,0.0,1.0,1.0,00-0036013,A.Siposs
2022_08_PIT_PHI,REG,8,PIT,41.0,0.0,1.0,1.0,00-0036847,P.Harvin
2022_08_PIT_PHI,REG,8,PHI,44.0,0.0,0.0,1.0,00-0036013,A.Siposs
2022_08_SF_LA,REG,8,LAR,46.0,0.0,0.0,1.0,00-0032943,R.Dixon
2022_08_SF_LA,REG,8,SF,31.0,0.0,1.0,1.0,00-0034941,M.Wishnowsky
2022_08_SF_LA,REG,8,SF,43.0,0.0,1.0,1.0,00-0034941,M.Wishnowsky
2022_08_SF_LA,REG,8,LAR,54.0,0.0,1.0,1.0,00-0032943,R.Dixon
2022_08_SF_LA,REG,8,LAR,50.0,0.0,0.0,1.0,00-0032943,R.Dixon
2022_08_SF_LA,REG,8,LAR,45.0,0.0,0.0,1.0,00-0032943,R.Dixon
2022_08_SF_LA,REG,8,LAR,58.0,0.0,0.0,1.0,00-0032943,R.Dixon
2022_08_SF_LA,REG,8,SF,49.0,0.0,1.0,1.0,00-0034941,M.Wishnowsky
2022_08_TEN_HOU,REG,8,TEN,53.0,0.0,1.0,1.0,00-0037607,R.Stonehouse
2022_08_TEN_HOU,REG,8,HOU,54.0,0.0,0.0,1.0,00-0033729,C.Johnston
2022_08_TEN_HOU,REG,8,HOU,48.0,0.0,1.0,1.0,00-0033729,C.Johnston
2022_08_TEN_HOU,REG,8,TEN,55.0,0.0,1.0,1.0,00-0037607,R.Stonehouse
2022_08_TEN_HOU,REG,8,HOU,43.0,0.0,0.0,1.0,00-0033729,C.Johnston
2022_08_TEN_HOU,REG,8,HOU,43.0,0.0,1.0,1.0,00-0033729,C.Johnston
2022_08_TEN_HOU,REG,8,TEN,43.0,0.0,0.0,1.0,00-0037607,R.Stonehouse
2022_08_TEN_HOU,REG,8,HOU,48.0,0.0,0.0,1.0,00-0033729,C.Johnston
2022_08_TEN_HOU,REG,8,HOU,44.0,0.0,1.0,1.0,00-0033729,C.Johnston
2022_08_TEN_HOU,REG,8,HOU,60.0,0.0,0.0,1.0,00-0033729,C.Johnston
2022_08_TEN_HOU,REG,8,TEN,57.0,0.0,1.0,1.0,00-0037607,R.Stonehouse
2022_08_TEN_HOU,REG,8,HOU,34.0,0.0,0.0,1.0,00-0033729,C.Johnston
2022_08_TEN_HOU,REG,8,TEN,34.0,0.0,1.0,1.0,00-0037607,R.Stonehouse
2022_08_WAS_IND,REG,8,IND,62.0,0.0,1.0,1.0,00-0033400,M.Haack
2022_08_WAS_IND,REG,8,WAS,49.0,0.0,1.0,1.0,00-0030140,T.Way
2022_08_WAS_IND,REG,8,IND,61.0,0.0,0.0,1.0,00-0033400,M.Haack
2022_08_WAS_IND,REG,8,WAS,37.0,0.0,1.0,1.0,00-0030140,T.Way
2022_08_WAS_IND,REG,8,IND,48.0,0.0,1.0,1.0,00-0033400,M.Haack
2022_08_WAS_IND,REG,8,WAS,51.0,0.0,1.0,1.0,00-0030140,T.Way
2022_08_WAS_IND,REG,8,WAS,44.0,0.0,1.0,1.0,00-0030140,T.Way
2022_08_WAS_IND,REG,8,WAS,48.0,0.0,0.0,1.0,00-0030140,T.Way
2022_08_WAS_IND,REG,8,WAS,65.0,0.0,0.0,1.0,00-0030140,T.Way
2022_08_WAS_IND,REG,8,IND,56.0,0.0,1.0,1.0,00-0033400,M.Haack
2022_09_BAL_NO,REG,9,NO,45.0,0.0,1.0,1.0,00-0035859,B.Gillikin
2022_09_BAL_NO,REG,9,BAL,67.0,0.0,1.0,1.0,00-0038094,J.Stout
2022_09_BAL_NO,REG,9,NO,45.0,0.0,0.0,1.0,00-0035859,B.Gillikin
2022_09_BAL_NO,REG,9,NO,53.0,0.0,0.0,1.0,00-0035859,B.Gillikin
2022_09_BAL_NO,REG,9,BAL,33.0,0.0,0.0,1.0,00-0038094,J.Stout
2022_09_BAL_NO,REG,9,NO,51.0,0.0,1.0,1.0,00-0035859,B.Gillikin
2022_09_BAL_NO,REG,9,BAL,52.0,0.0,0.0,1.0,00-0038094,J.Stout
2022_09_BAL_NO,REG,9,NO,38.0,0.0,0.0,1.0,00-0035859,B.Gillikin
2022_09_BAL_NO,REG,9,BAL,41.0,0.0,1.0,1.0,00-0038094,J.Stout
2022_09_BUF_NYJ,REG,9,NYJ,63.0,0.0,0.0,1.0,00-0036313,B.Mann
2022_09_BUF_NYJ,REG,9,BUF,61.0,0.0,0.0,1.0,00-0030092,S.Martin
2022_09_BUF_NYJ,REG,9,NYJ,38.0,0.0,1.0,1.0,00-0036313,B.Mann
2022_09_BUF_NYJ,REG,9,NYJ,46.0,0.0,1.0,1.0,00-0036313,B.Mann
2022_09_BUF_NYJ,REG,9,BUF,50.0,0.0,1.0,1.0,00-0030092,S.Martin
2022_09_CAR_CIN,REG,9,CAR,54.0,0.0,1.0,1.0,00-0028872,J.Hekker
2022_09_CAR_CIN,REG,9,CIN,38.0,0.0,0.0,1.0,00-0027103,K.Huber
2022_09_CAR_CIN,REG,9,CAR,63.0,0.0,0.0,1.0,00-0028872,J.Hekker
2022_09_CAR_CIN,REG,9,CAR,58.0,0.0,0.0,1.0,00-0028872,J.Hekker
2022_09_CAR_CIN,REG,9,CAR,50.0,0.0,1.0,1.0,00-0028872,J.Hekker
2022_09_CAR_CIN,REG,9,CIN,44.0,0.0,0.0,1.0,00-0027103,K.Huber
2022_09_CAR_CIN,REG,9,CAR,45.0,0.0,0.0,1.0,00-0028872,J.Hekker
2022_09_CAR_CIN,REG,9,CIN,38.0,0.0,1.0,1.0,00-0027103,K.Huber
2022_09_GB_DET,REG,9,DET,45.0,0.0,0.0,1.0,00-0035156,J.Fox
2022_09_GB_DET,REG,9,DET,47.0,0.0,1.0,1.0,00-0035156,J.Fox
2022_09_GB_DET,REG,9,GB,31.0,0.0,1.0,1.0,00-0031079,P.O'Donnell
2022_09_GB_DET,REG,9,DET,44.0,0.0,0.0,1.0,00-0035156,J.Fox
2022_09_IND_NE,REG,9,NE,58.0,0.0,0.0,1.0,00-0035280,J.Bailey
2022_09_IND_NE,REG,9,IND,41.0,0.0,1.0,1.0,00-0033400,M.Haack
2022_09_IND_NE,REG,9,NE,36.0,0.0,0.0,1.0,00-0035280,J.Bailey
2022_09_IND_NE,REG,9,IND,29.0,0.0,1.0,1.0,00-0033400,M.Haack
2022_09_IND_NE,REG,9,NE,47.0,0.0,0.0,1.0,00-0035280,J.Bailey
2022_09_IND_NE,REG,9,IND,49.0,0.0,0.0,1.0,00-0033400,M.Haack
2022_09_IND_NE,REG,9,IND,38.0,0.0,0.0,1.0,00-0033400,M.Haack
2022_09_IND_NE,REG,9,IND,0.0,1.0,0.0,1.0,00-0033400,M.Haack
2022_09_IND_NE,REG,9,IND,45.0,0.0,0.0,1.0,00-0033400,M.Haack
2022_09_IND_NE,REG,9,NE,40.0,0.0,0.0,1.0,00-0035280,J.Bailey
2022_09_IND_NE,REG,9,IND,40.0,0.0,0.0,1.0,00-0033400,M.Haack
2022_09_IND_NE,REG,9,IND,54.0,0.0,0.0,1.0,00-0033400,M.Haack
2022_09_IND_NE,REG,9,NE,39.0,0.0,0.0,1.0,00-0035280,J.Bailey
2022_09_IND_NE,REG,9,IND,52.0,0.0,0.0,1.0,00-0033400,M.Haack
2022_09_IND_NE,REG,9,NE,44.0,0.0,1.0,1.0,00-0035280,J.Bailey
2022_09_IND_NE,REG,9,NE,7.0,0.0,0.0,1.0,00-0035280,J.Bailey
2022_09_LAC_ATL,REG,9,LAC,48.0,0.0,1.0,1.0,00-0034162,J.Scott
2022_09_LAC_ATL,REG,9,LAC,36.0,0.0,0.0,1.0,00-0034162,J.Scott
2022_09_LAC_ATL,REG,9,ATL,46.0,0.0,0.0,1.0,00-0032065,B.Pinion
2022_09_LAC_ATL,REG,9,ATL,52.0,0.0,0.0,1.0,00-0032065,B.Pinion
2022_09_LAC_ATL,REG,9,ATL,49.0,0.0,0.0,1.0,00-0032065,B.Pinion
2022_09_LAC_ATL,REG,9,LAC,44.0,0.0,0.0,1.0,00-0034162,J.Scott
2022_09_LAC_ATL,REG,9,LAC,40.0,0.0,0.0,1.0,00-0034162,J.Scott
2022_09_LAC_ATL,REG,9,ATL,57.0,0.0,0.0,1.0,00-0032065,B.Pinion
2022_09_LA_TB,REG,9,LAR,41.0,0.0,0.0,1.0,00-0032943,R.Dixon
2022_09_LA_TB,REG,9,LAR,59.0,0.0,1.0,1.0,00-0032943,R.Dixon
2022_09_LA_TB,REG,9,TB,68.0,0.0,1.0,1.0,00-0038042,J.Camarda
2022_09_LA_TB,REG,9,TB,48.0,0.0,1.0,1.0,00-0038042,J.Camarda
2022_09_LA_TB,REG,9,LAR,53.0,0.0,0.0,1.0,00-0032943,R.Dixon
2022_09_LA_TB,REG,9,TB,48.0,0.0,1.0,1.0,00-0038042,J.Camarda
2022_09_LA_TB,REG,9,LAR,48.0,0.0,0.0,1.0,00-0032943,R.Dixon
2022_09_LA_TB,REG,9,LAR,64.0,0.0,1.0,1.0,00-0032943,R.Dixon
2022_09_LA_TB,REG,9,TB,53.0,0.0,0.0,1.0,00-0038042,J.Camarda
2022_09_LA_TB,REG,9,TB,74.0,0.0,1.0,1.0,00-0038042,J.Camarda
2022_09_LA_TB,REG,9,LAR,58.0,0.0,0.0,1.0,00-0032943,R.Dixon
2022_09_LA_TB,REG,9,TB,66.0,0.0,0.0,1.0,00-0038042,J.Camarda
2022_09_LA_TB,REG,9,LAR,52.0,0.0,0.0,1.0,00-0032943,R.Dixon
2022_09_LA_TB,REG,9,LAR,55.0,0.0,0.0,1.0,00-0032943,R.Dixon
2022_09_LA_TB,REG,9,LAR,47.0,0.0,0.0,1.0,00-0032943,R.Dixon
2022_09_LV_JAX,REG,9,LV,58.0,0.0,0.0,1.0,00-0035190,A.Cole
2022_09_LV_JAX,REG,9,JAX,60.0,0.0,0.0,1.0,00-0034437,L.Cooke
2022_09_LV_JAX,REG,9,JAX,53.0,0.0,0.0,1.0,00-0034437,L.Cooke
2022_09_LV_JAX,REG,9,LV,42.0,0.0,1.0,1.0,00-0035190,A.Cole
2022_09_LV_JAX,REG,9,LV,36.0,0.0,1.0,1.0,00-0035190,A.Cole
2022_09_LV_JAX,REG,9,JAX,50.0,0.0,0.0,1.0,00-0034437,L.Cooke
2022_09_LV_JAX,REG,9,LV,60.0,0.0,1.0,1.0,00-0035190,A.Cole
2022_09_MIA_CHI,REG,9,CHI,0.0,1.0,0.0,1.0,00-0037097,T.Gill
2022_09_MIA_CHI,REG,9,CHI,46.0,0.0,0.0,1.0,00-0037097,T.Gill
2022_09_MIA_CHI,REG,9,CHI,37.0,0.0,0.0,1.0,00-0037097,T.Gill
2022_09_MIA_CHI,REG,9,MIA,51.0,0.0,0.0,1.0,00-0027114,T.Morstead
2022_09_MIN_WAS,REG,9,WAS,40.0,0.0,1.0,1.0,00-0030140,T.Way
2022_09_MIN_WAS,REG,9,MIN,49.0,0.0,0.0,1.0,00-0037500,R.Wright
2022_09_MIN_WAS,REG,9,WAS,46.0,0.0,0.0,1.0,00-0030140,T.Way
2022_09_MIN_WAS,REG,9,MIN,56.0,0.0,0.0,1.0,00-0037500,R.Wright
2022_09_MIN_WAS,REG,9,WAS,57.0,0.0,1.0,1.0,00-0030140,T.Way
2022_09_MIN_WAS,REG,9,MIN,42.0,0.0,1.0,1.0,00-0037500,R.Wright
2022_09_MIN_WAS,REG,9,WAS,53.0,0.0,1.0,1.0,00-0030140,T.Way
2022_09_MIN_WAS,REG,9,MIN,61.0,0.0,0.0,1.0,00-0037500,R.Wright
2022_09_MIN_WAS,REG,9,MIN,42.0,0.0,1.0,1.0,00-0037500,R.Wright
2022_09_MIN_WAS,REG,9,MIN,60.0,0.0,0.0,1.0,00-0037500,R.Wright
2022_09_MIN_WAS,REG,9,WAS,44.0,0.0,0.0,1.0,00-0030140,T.Way
2022_09_PHI_HOU,REG,9,HOU,57.0,0.0,0.0,1.0,00-0033729,C.Johnston
2022_09_PHI_HOU,REG,9,HOU,43.0,0.0,0.0,1.0,00-0033729,C.Johnston
2022_09_PHI_HOU,REG,9,PHI,47.0,0.0,0.0,1.0,00-0036013,A.Siposs
2022_09_PHI_HOU,REG,9,HOU,67.0,0.0,0.0,1.0,00-0033729,C.Johnston
2022_09_PHI_HOU,REG,9,PHI,52.0,0.0,0.0,1.0,00-0036013,A.Siposs
2022_09_PHI_HOU,REG,9,HOU,41.0,0.0,1.0,1.0,00-0033729,C.Johnston
2022_09_PHI_HOU,REG,9,PHI,50.0,0.0,0.0,1.0,00-0036013,A.Siposs
2022_09_SEA_ARI,REG,9,SEA,52.0,0.0,0.0,1.0,00-0034160,M.Dickson
2022_09_SEA_ARI,REG,9,ARI,65.0,0.0,0.0,1.0,00-0022824,A.Lee
2022_09_SEA_ARI,REG,9,ARI,54.0,0.0,0.0,1.0,00-0022824,A.Lee
2022_09_SEA_ARI,REG,9,ARI,33.0,0.0,0.0,1.0,00-0022824,A.Lee
2022_09_SEA_ARI,REG,9,SEA,55.0,0.0,1.0,1.0,00-0034160,M.Dickson
2022_09_SEA_ARI,REG,9,ARI,45.0,0.0,0.0,1.0,00-0022824,A.Lee
2022_09_SEA_ARI,REG,9,SEA,53.0,0.0,0.0,1.0,00-0034160,M.Dickson
2022_09_SEA_ARI,REG,9,ARI,41.0,0.0,0.0,1.0,00-0022824,A.Lee
2022_09_SEA_ARI,REG,9,ARI,50.0,0.0,1.0,1.0,00-0022824,A.Lee
2022_09_TEN_KC,REG,9,TEN,35.0,0.0,0.0,1.0,00-0037607,R.Stonehouse
2022_09_TEN_KC,REG,9,KC,47.0,0.0,0.0,1.0,00-0035889,T.Townsend
2022_09_TEN_KC,REG,9,KC,51.0,0.0,0.0,1.0,00-0035889,T.Townsend
2022_09_TEN_KC,REG,9,TEN,57.0,0.0,1.0,1.0,00-0037607,R.Stonehouse
2022_09_TEN_KC,REG,9,KC,47.0,0.0,1.0,1.0,00-0035889,T.Townsend
2022_09_TEN_KC,REG,9,TEN,52.0,0.0,0.0,1.0,00-0037607,R.Stonehouse
2022_09_TEN_KC,REG,9,TEN,45.0,0.0,0.0,1.0,00-0037607,R.Stonehouse
2022_09_TEN_KC,REG,9,KC,42.0,0.0,1.0,1.0,00-0035889,T.Townsend
2022_09_TEN_KC,REG,9,TEN,63.0,0.0,0.0,1.0,00-0037607,R.Stonehouse
2022_09_TEN_KC,REG,9,KC,43.0,0.0,0.0,1.0,00-0035889,T.Townsend
2022_09_TEN_KC,REG,9,TEN,35.0,0.0,1.0,1.0,00-0037607,R.Stonehouse
2022_09_TEN_KC,REG,9,TEN,51.0,0.0,0.0,1.0,00-0037607,R.Stonehouse
2022_09_TEN_KC,REG,9,KC,53.0,0.0,0.0,1.0,00-0035889,T.Townsend
2022_09_TEN_KC,REG,9,TEN,52.0,0.0,0.0,1.0,00-0037607,R.Stonehouse
2022_10_ARI_LA,REG,10,LAR,54.0,0.0,0.0,1.0,00-0032943,R.Dixon
2022_10_ARI_LA,REG,10,ARI,50.0,0.0,0.0,1.0,00-0022824,A.Lee
2022_10_ARI_LA,REG,10,LAR,25.0,0.0,0.0,1.0,00-0032943,R.Dixon
2022_10_ARI_LA,REG,10,ARI,58.0,0.0,0.0,1.0,00-0022824,A.Lee
2022_10_ARI_LA,REG,10,LAR,60.0,0.0,0.0,1.0,00-0032943,R.Dixon
2022_10_ARI_LA,REG,10,ARI,46.0,0.0,0.0,1.0,00-0022824,A.Lee
2022_10_ARI_LA,REG,10,LAR,60.0,0.0,0.0,1.0,00-0032943,R.Dixon
2022_10_ARI_LA,REG,10,ARI,45.0,0.0,0.0,1.0,00-0022824,A.Lee
2022_10_ARI_LA,REG,10,ARI,38.0,0.0,1.0,1.0,00-0022824,A.Lee
2022_10_ARI_LA,REG,10,LAR,53.0,0.0,0.0,1.0,00-0032943,R.Dixon
2022_10_ATL_CAR,REG,10,ATL,43.0,0.0,0.0,1.0,00-0032065,B.Pinion
2022_10_ATL_CAR,REG,10,ATL,33.0,0.0,1.0,1.0,00-0032065,B.Pinion
2022_10_ATL_CAR,REG,10,CAR,32.0,0.0,1.0,1.0,00-0028872,J.Hekker
2022_10_ATL_CAR,REG,10,ATL,31.0,0.0,0.0,1.0,00-0032065,B.Pinion
2022_10_ATL_CAR,REG,10,CAR,52.0,0.0,0.0,1.0,00-0028872,J.Hekker
2022_10_ATL_CAR,REG,10,ATL,39.0,0.0,1.0,1.0,00-0032065,B.Pinion
2022_10_ATL_CAR,REG,10,CAR,48.0,0.0,0.0,1.0,00-0028872,J.Hekker
2022_10_ATL_CAR,REG,10,ATL,28.0,0.0,0.0,1.0,00-0032065,B.Pinion
2022_10_ATL_CAR,REG,10,CAR,37.0,0.0,1.0,1.0,00-0028872,J.Hekker
2022_10_ATL_CAR,REG,10,CAR,47.0,0.0,0.0,1.0,00-0028872,J.Hekker
2022_10_CLE_MIA,REG,10,CLE,41.0,0.0,0.0,1.0,00-0034721,C.Bojorquez
2022_10_DAL_GB,REG,10,DAL,44.0,0.0,1.0,1.0,00-0029692,B.Anger
2022_10_DAL_GB,REG,10,DAL,37.0,0.0,1.0,1.0,00-0029692,B.Anger
2022_10_DAL_GB,REG,10,GB,42.0,0.0,1.0,1.0,00-0031079,P.O'Donnell
2022_10_DAL_GB,REG,10,GB,37.0,0.0,1.0,1.0,00-0031079,P.O'Donnell
2022_10_DAL_GB,REG,10,DAL,55.0,0.0,0.0,1.0,00-0029692,B.Anger
2022_10_DAL_GB,REG,10,GB,42.0,0.0,0.0,1.0,00-0031079,P.O'Donnell
2022_10_DAL_GB,REG,10,DAL,58.0,0.0,1.0,1.0,00-0029692,B.Anger
2022_10_DAL_GB,REG,10,DAL,52.0,0.0,0.0,1.0,00-0029692,B.Anger
2022_10_DAL_GB,REG,10,GB,39.0,0.0,1.0,1.0,00-0031079,P.O'Donnell
2022_10_DEN_TEN,REG,10,TEN,64.0,0.0,1.0,1.0,00-0037607,R.Stonehouse
2022_10_DEN_TEN,REG,10,DEN,53.0,0.0,0.0,1.0,00-0035821,C.Waitman
2022_10_DEN_TEN,REG,10,TEN,49.0,0.0,0.0,1.0,00-0037607,R.Stonehouse
2022_10_DEN_TEN,REG,10,DEN,44.0,0.0,0.0,1.0,00-0035821,C.Waitman
2022_10_DEN_TEN,REG,10,TEN,38.0,0.0,1.0,1.0,00-0037607,R.Stonehouse
2022_10_DEN_TEN,REG,10,DEN,50.0,0.0,0.0,1.0,00-0035821,C.Waitman
2022_10_DEN_TEN,REG,10,TEN,42.0,0.0,1.0,1.0,00-0037607,R.Stonehouse
2022_10_DEN_TEN,REG,10,DEN,46.0,0.0,0.0,1.0,00-0035821,C.Waitman
2022_10_DEN_TEN,REG,10,TEN,74.0,0.0,0.0,1.0,00-0037607,R.Stonehouse
2022_10_DEN_TEN,REG,10,TEN,49.0,0.0,0.0,1.0,00-0037607,R.Stonehouse
2022_10_DEN_TEN,REG,10,DEN,40.0,0.0,0.0,1.0,00-0035821,C.Waitman
2022_10_DEN_TEN,REG,10,TEN,66.0,0.0,0.0,1.0,00-0037607,R.Stonehouse
2022_10_DEN_TEN,REG,10,DEN,28.0,0.0,0.0,1.0,00-0035821,C.Waitman
2022_10_DEN_TEN,REG,10,DEN,41.0,0.0,0.0,1.0,00-0035821,C.Waitman
2022_10_DEN_TEN,REG,10,TEN,50.0,0.0,0.0,1.0,00-0037607,R.Stonehouse
2022_10_DEN_TEN,REG,10,DEN,51.0,0.0,0.0,1.0,00-0035821,C.Waitman
2022_10_DEN_TEN,REG,10,DEN,58.0,0.0,0.0,1.0,00-0035821,C.Waitman
2022_10_DET_CHI,REG,10,CHI,44.0,0.0,0.0,1.0,00-0037097,T.Gill
2022_10_DET_CHI,REG,10,DET,59.0,0.0,0.0,1.0,00-0035156,J.Fox
2022_10_DET_CHI,REG,10,DET,51.0,0.0,0.0,1.0,00-0035156,J.Fox
2022_10_DET_CHI,REG,10,DET,30.0,0.0,0.0,1.0,00-0035156,J.Fox
2022_10_DET_CHI,REG,10,CHI,39.0,0.0,0.0,1.0,00-0037097,T.Gill
2022_10_DET_CHI,REG,10,DET,45.0,0.0,0.0,1.0,00-0035156,J.Fox
2022_10_DET_CHI,REG,10,CHI,46.0,0.0,1.0,1.0,00-0037097,T.Gill
2022_10_HOU_NYG,REG,10,HOU,45.0,0.0,0.0,1.0,00-0033729,C.Johnston
2022_10_HOU_NYG,REG,10,HOU,45.0,0.0,0.0,1.0,00-0033729,C.Johnston
2022_10_HOU_NYG,REG,10,NYG,49.0,0.0,0.0,1.0,00-0035042,J.Gillan
2022_10_HOU_NYG,REG,10,HOU,46.0,0.0,0.0,1.0,00-0033729,C.Johnston
2022_10_HOU_NYG,REG,10,NYG,40.0,0.0,0.0,1.0,00-0035042,J.Gillan
2022_10_HOU_NYG,REG,10,NYG,14.0,0.0,0.0,1.0,00-0035042,J.Gillan
2022_10_HOU_NYG,REG,10,HOU,52.0,0.0,1.0,1.0,00-0033729,C.Johnston
2022_10_HOU_NYG,REG,10,NYG,47.0,0.0,0.0,1.0,00-0035042,J.Gillan
2022_10_HOU_NYG,REG,10,HOU,41.0,0.0,1.0,1.0,00-0033729,C.Johnston
2022_10_HOU_NYG,REG,10,NYG,45.0,0.0,0.0,1.0,00-0035042,J.Gillan
2022_10_HOU_NYG,REG,10,NYG,47.0,0.0,1.0,1.0,00-0035042,J.Gillan
2022_10_IND_LV,REG,10,LV,50.0,0.0,1.0,1.0,00-0035190,A.Cole
2022_10_IND_LV,REG,10,IND,50.0,0.0,0.0,1.0,00-0033400,M.Haack
2022_10_IND_LV,REG,10,LV,67.0,0.0,0.0,1.0,00-0035190,A.Cole
2022_10_IND_LV,REG,10,LV,61.0,0.0,0.0,1.0,00-0035190,A.Cole
2022_10_IND_LV,REG,10,LV,54.0,0.0,1.0,1.0,00-0035190,A.Cole
2022_10_IND_LV,REG,10,IND,40.0,0.0,0.0,1.0,00-0033400,M.Haack
2022_10_IND_LV,REG,10,IND,53.0,0.0,1.0,1.0,00-0033400,M.Haack
2022_10_IND_LV,REG,10,LV,62.0,0.0,1.0,1.0,00-0035190,A.Cole
2022_10_JAX_KC,REG,10,JAX,39.0,0.0,0.0,1.0,00-0034437,L.Cooke
2022_10_JAX_KC,REG,10,JAX,44.0,0.0,0.0,1.0,00-0034437,L.Cooke
2022_10_JAX_KC,REG,10,JAX,52.0,0.0,0.0,1.0,00-0034437,L.Cooke
2022_10_JAX_KC,REG,10,KC,40.0,0.0,0.0,1.0,00-0035889,T.Townsend
2022_10_JAX_KC,REG,10,JAX,35.0,0.0,0.0,1.0,00-0034437,L.Cooke
2022_10_JAX_KC,REG,10,KC,51.0,0.0,1.0,1.0,00-0035889,T.Townsend
2022_10_JAX_KC,REG,10,JAX,63.0,0.0,1.0,1.0,00-0034437,L.Cooke
2022_10_JAX_KC,REG,10,JAX,48.0,0.0,1.0,1.0,00-0034437,L.Cooke
2022_10_LAC_SF,REG,10,LAC,32.0,0.0,1.0,1.0,00-0034162,J.Scott
2022_10_LAC_SF,REG,10,SF,40.0,0.0,0.0,1.0,00-0034941,M.Wishnowsky
2022_10_LAC_SF,REG,10,LAC,42.0,0.0,0.0,1.0,00-0034162,J.Scott
2022_10_LAC_SF,REG,10,SF,13.0,0.0,0.0,1.0,00-0034941,M.Wishnowsky
2022_10_LAC_SF,REG,10,LAC,44.0,0.0,0.0,1.0,00-0034162,J.Scott
2022_10_LAC_SF,REG,10,SF,39.0,0.0,0.0,1.0,00-0034941,M.Wishnowsky
2022_10_LAC_SF,REG,10,LAC,40.0,0.0,0.0,1.0,00-0034162,J.Scott
2022_10_LAC_SF,REG,10,LAC,42.0,0.0,0.0,1.0,00-0034162,J.Scott
2022_10_LAC_SF,REG,10,SF,40.0,0.0,1.0,1.0,00-0034941,M.Wishnowsky
2022_10_MIN_BUF,REG,10,BUF,58.0,0.0,0.0,1.0,00-0030092,S.Martin
2022_10_MIN_BUF,REG,10,MIN,44.0,0.0,0.0,1.0,00-0037500,R.Wright
2022_10_MIN_BUF,REG,10,MIN,46.0,0.0,0.0,1.0,00-0037500,R.Wright
2022_10_MIN_BUF,REG,10,BUF,41.0,0.0,0.0,1.0,00-0030092,S.Martin
2022_10_MIN_BUF,REG,10,MIN,59.0,0.0,0.0,1.0,00-0037500,R.Wright
2022_10_MIN_BUF,REG,10,BUF,53.0,0.0,0.0,1.0,00-0030092,S.Martin
2022_10_NO_PIT,REG,10,PIT,45.0,0.0,1.0,1.0,00-0036847,P.Harvin
2022_10_NO_PIT,REG,10,NO,48.0,0.0,0.0,1.0,00-0035859,B.Gillikin
2022_10_NO_PIT,REG,10,NO,62.0,0.0,0.0,1.0,00-0035859,B.Gillikin
2022_10_NO_PIT,REG,10,NO,46.0,0.0,1.0,1.0,00-0035859,B.Gillikin
2022_10_NO_PIT,REG,10,PIT,48.0,0.0,0.0,1.0,00-0036847,P.Harvin
2022_10_NO_PIT,REG,10,PIT,30.0,0.0,1.0,1.0,00-0036847,P.Harvin
2022_10_NO_PIT,REG,10,NO,45.0,0.0,0.0,1.0,00-0035859,B.Gillikin
2022_10_NO_PIT,REG,10,NO,58.0,0.0,1.0,1.0,00-0035859,B.Gillikin
2022_10_SEA_TB,REG,10,TB,59.0,0.0,0.0,1.0,00-0038042,J.Camarda
2022_10_SEA_TB,REG,10,SEA,41.0,0.0,0.0,1.0,00-0034160,M.Dickson
2022_10_SEA_TB,REG,10,SEA,32.0,0.0,1.0,1.0,00-0034160,M.Dickson
2022_10_SEA_TB,REG,10,SEA,51.0,0.0,1.0,1.0,00-0034160,M.Dickson
2022_10_SEA_TB,REG,10,SEA,68.0,0.0,1.0,1.0,00-0034160,M.Dickson
2022_10_SEA_TB,REG,10,TB,63.0,0.0,0.0,1.0,00-0038042,J.Camarda
2022_10_SEA_TB,REG,10,SEA,61.0,0.0,1.0,1.0,00-0034160,M.Dickson
2022_10_WAS_PHI,REG,10,PHI,40.0,0.0,0.0,1.0,00-0036013,A.Siposs
2022_10_WAS_PHI,REG,10,PHI,48.0,0.0,0.0,1.0,00-0036013,A.Siposs
2022_10_WAS_PHI,REG,10,WAS,50.0,0.0,0.0,1.0,00-0030140,T.Way
2022_10_WAS_PHI,REG,10,PHI,53.0,0.0,0.0,1.0,00-0036013,A.Siposs
2022_10_WAS_PHI,REG,10,WAS,37.0,0.0,1.0,1.0,00-0030140,T.Way
2022_11_CAR_BAL,REG,11,BAL,43.0,0.0,0.0,1.0,00-0038094,J.Stout
2022_11_CAR_BAL,REG,11,CAR,39.0,0.0,1.0,1.0,00-0028872,J.Hekker
2022_11_CAR_BAL,REG,11,BAL,52.0,0.0,0.0,1.0,00-0038094,J.Stout
2022_11_CAR_BAL,REG,11,CAR,41.0,0.0,0.0,1.0,00-0028872,J.Hekker
2022_11_CAR_BAL,REG,11,BAL,28.0,0.0,1.0,1.0,00-0038094,J.Stout
2022_11_CAR_BAL,REG,11,CAR,48.0,0.0,0.0,1.0,00-0028872,J.Hekker
2022_11_CAR_BAL,REG,11,CAR,42.0,0.0,1.0,1.0,00-0028872,J.Hekker
2022_11_CAR_BAL,REG,11,CAR,53.0,0.0,1.0,1.0,00-0028872,J.Hekker
2022_11_CAR_BAL,REG,11,BAL,44.0,0.0,0.0,1.0,00-0038094,J.Stout
2022_11_CAR_BAL,REG,11,BAL,35.0,0.0,1.0,1.0,00-0038094,J.Stout
2022_11_CAR_BAL,REG,11,CAR,42.0,0.0,1.0,1.0,00-0028872,J.Hekker
2022_11_CAR_BAL,REG,11,BAL,27.0,0.0,1.0,1.0,00-0038094,J.Stout
2022_11_CAR_BAL,REG,11,BAL,22.0,0.0,1.0,1.0,00-0038094,J.Stout
2022_11_CHI_ATL,REG,11,ATL,47.0,0.0,1.0,1.0,00-0032065,B.Pinion
2022_11_CHI_ATL,REG,11,CHI,40.0,0.0,0.0,1.0,00-0037097,T.Gill
2022_11_CHI_ATL,REG,11,CHI,35.0,0.0,1.0,1.0,00-0037097,T.Gill
2022_11_CHI_ATL,REG,11,ATL,50.0,0.0,0.0,1.0,00-0032065,B.Pinion
2022_11_CHI_ATL,REG,11,CHI,41.0,0.0,0.0,1.0,00-0037097,T.Gill
2022_11_CHI_ATL,REG,11,ATL,42.0,0.0,0.0,1.0,00-0032065,B.Pinion
2022_11_CHI_ATL,REG,11,CHI,44.0,0.0,0.0,1.0,00-0037097,T.Gill
2022_11_CIN_PIT,REG,11,CIN,65.0,0.0,1.0,1.0,00-0036729,D.Chrisman
2022_11_CIN_PIT,REG,11,PIT,56.0,0.0,0.0,1.0,00-0036847,P.Harvin
2022_11_CIN_PIT,REG,11,PIT,48.0,0.0,0.0,1.0,00-0036847,P.Harvin
2022_11_CIN_PIT,REG,11,CIN,57.0,0.0,1.0,1.0,00-0036729,D.Chrisman
2022_11_CIN_PIT,REG,11,PIT,39.0,0.0,0.0,1.0,00-0036847,P.Harvin
2022_11_CIN_PIT,REG,11,PIT,54.0,0.0,0.0,1.0,00-0036847,P.Harvin
2022_11_CIN_PIT,REG,11,PIT,41.0,0.0,1.0,1.0,00-0036847,P.Harvin
2022_11_CIN_PIT,REG,11,CIN,40.0,0.0,0.0,1.0,00-0036729,D.Chrisman
2022_11_CIN_PIT,REG,11,PIT,35.0,0.0,1.0,1.0,00-0036847,P.Harvin
2022_11_CLE_BUF,REG,11,BUF,47.0,0.0,1.0,1.0,00-0030092,S.Martin
2022_11_CLE_BUF,REG,11,CLE,44.0,0.0,0.0,1.0,00-0034721,C.Bojorquez
2022_11_CLE_BUF,REG,11,BUF,52.0,0.0,0.0,1.0,00-0030092,S.Martin
2022_11_CLE_BUF,REG,11,CLE,28.0,0.0,0.0,1.0,00-0034721,C.Bojorquez
2022_11_CLE_BUF,REG,11,CLE,55.0,0.0,0.0,1.0,00-0034721,C.Bojorquez
2022_11_DAL_MIN,REG,11,MIN,46.0,0.0,1.0,1.0,00-0037500,R.Wright
2022_11_DAL_MIN,REG,11,MIN,31.0,0.0,0.0,1.0,00-0037500,R.Wright
2022_11_DAL_MIN,REG,11,MIN,58.0,0.0,1.0,1.0,00-0037500,R.Wright
2022_11_DAL_MIN,REG,11,MIN,55.0,0.0,0.0,1.0,00-0037500,R.Wright
2022_11_DAL_MIN,REG,11,MIN,57.0,0.0,1.0,1.0,00-0037500,R.Wright
2022_11_DAL_MIN,REG,11,DAL,48.0,0.0,1.0,1.0,00-0029692,B.Anger
2022_11_DAL_MIN,REG,11,MIN,45.0,0.0,0.0,1.0,00-0037500,R.Wright
2022_11_DAL_MIN,REG,11,MIN,46.0,0.0,1.0,1.0,00-0037500,R.Wright
2022_11_DAL_MIN,REG,11,DAL,53.0,0.0,1.0,1.0,00-0029692,B.Anger
2022_11_DET_NYG,REG,11,NYG,51.0,0.0,0.0,1.0,00-0035042,J.Gillan
2022_11_DET_NYG,REG,11,DET,57.0,0.0,0.0,1.0,00-0035156,J.Fox
2022_11_DET_NYG,REG,11,NYG,37.0,0.0,1.0,1.0,00-0035042,J.Gillan
2022_11_DET_NYG,REG,11,DET,63.0,0.0,0.0,1.0,00-0035156,J.Fox
2022_11_DET_NYG,REG,11,NYG,25.0,0.0,0.0,1.0,00-0035042,J.Gillan
2022_11_DET_NYG,REG,11,DET,31.0,0.0,1.0,1.0,00-0035156,J.Fox
2022_11_DET_NYG,REG,11,NYG,40.0,0.0,1.0,1.0,00-0035042,J.Gillan
2022_11_DET_NYG,REG,11,DET,51.0,0.0,0.0,1.0,00-0035156,J.Fox
2022_11_DET_NYG,REG,11,DET,39.0,0.0,0.0,1.0,00-0035156,J.Fox
2022_11_KC_LAC,REG,11,LAC,46.0,0.0,0.0,1.0,00-0034162,J.Scott
2022_11_KC_LAC,REG,11,KC,42.0,0.0,0.0,1.0,00-0035889,T.Townsend
2022_11_KC_LAC,REG,11,KC,50.0,0.0,0.0,1.0,00-0035889,T.Townsend
2022_11_KC_LAC,REG,11,LAC,49.0,0.0,0.0,1.0,00-0034162,J.Scott
2022_11_KC_LAC,REG,11,LAC,52.0,0.0,1.0,1.0,00-0034162,J.Scott
2022_11_LA_NO,REG,11,LAR,56.0,0.0,0.0,1.0,00-0032943,R.Dixon
2022_11_LA_NO,REG,11,NO,53.0,0.0,1.0,1.0,00-0035859,B.Gillikin
2022_11_LA_NO,REG,11,LAR,40.0,0.0,0.0,1.0,00-0032943,R.Dixon
2022_11_LA_NO,REG,11,NO,55.0,0.0,1.0,1.0,00-0035859,B.Gillikin
2022_11_LA_NO,REG,11,LAR,49.0,0.0,0.0,1.0,00-0032943,R.Dixon
2022_11_LA_NO,REG,11,NO,43.0,0.0,1.0,1.0,00-0035859,B.Gillikin
2022_11_LA_NO,REG,11,LAR,40.0,0.0,0.0,1.0,00-0032943,R.Dixon
2022_11_LA_NO,REG,11,LAR,41.0,0.0,1.0,1.0,00-0032943,R.Dixon
2022_11_LA_NO,REG,11,NO,51.0,0.0,0.0,1.0,00-0035859,B.Gillikin
2022_11_LA_NO,REG,11,LAR,60.0,0.0,0.0,1.0,00-0032943,R.Dixon
2022_11_LA_NO,REG,11,NO,37.0,0.0,0.0,1.0,00-0035859,B.Gillikin
2022_11_LV_DEN,REG,11,LV,30.0,0.0,1.0,1.0,00-0035190,A.Cole
2022_11_LV_DEN,REG,11,DEN,43.0,0.0,0.0,1.0,00-0035821,C.Waitman
2022_11_LV_DEN,REG,11,DEN,39.0,0.0,0.0,1.0,00-0035821,C.Waitman
2022_11_LV_DEN,REG,11,LV,48.0,0.0,0.0,1.0,00-0035190,A.Cole
2022_11_LV_DEN,REG,11,LV,58.0,0.0,0.0,1.0,00-0035190,A.Cole
2022_11_LV_DEN,REG,11,DEN,54.0,0.0,0.0,1.0,00-0035821,C.Waitman
2022_11_LV_DEN,REG,11,LV,51.0,0.0,0.0,1.0,00-0035190,A.Cole
2022_11_LV_DEN,REG,11,DEN,51.0,0.0,0.0,1.0,00-0035821,C.Waitman
2022_11_NYJ_NE,REG,11,NE,46.0,0.0,0.0,1.0,00-0031363,M.Palardy
2022_11_NYJ_NE,REG,11,NYJ,43.0,0.0,0.0,1.0,00-0036313,B.Mann
2022_11_NYJ_NE,REG,11,NE,48.0,0.0,0.0,1.0,00-0031363,M.Palardy
2022_11_NYJ_NE,REG,11,NYJ,44.0,0.0,0.0,1.0,00-0036313,B.Mann
2022_11_NYJ_NE,REG,11,NYJ,29.0,0.0,1.0,1.0,00-0036313,B.Mann
2022_11_NYJ_NE,REG,11,NE,47.0,0.0,0.0,1.0,00-0031363,M.Palardy
2022_11_NYJ_NE,REG,11,NYJ,57.0,0.0,0.0,1.0,00-0036313,B.Mann
2022_11_NYJ_NE,REG,11,NYJ,57.0,0.0,1.0,1.0,00-0036313,B.Mann
2022_11_NYJ_NE,REG,11,NE,46.0,0.0,1.0,1.0,00-0031363,M.Palardy
2022_11_NYJ_NE,REG,11,NYJ,49.0,0.0,0.0,1.0,00-0036313,B.Mann
2022_11_NYJ_NE,REG,11,NYJ,47.0,0.0,0.0,1.0,00-0036313,B.Mann
2022_11_NYJ_NE,REG,11,NE,39.0,0.0,1.0,1.0,00-0031363,M.Palardy
2022_11_NYJ_NE,REG,11,NYJ,37.0,0.0,0.0,1.0,00-0036313,B.Mann
2022_11_NYJ_NE,REG,11,NE,52.0,0.0,0.0,1.0,00-0031363,M.Palardy
2022_11_NYJ_NE,REG,11,NYJ,43.0,0.0,0.0,1.0,00-0036313,B.Mann
2022_11_NYJ_NE,REG,11,NE,39.0,0.0,0.0,1.0,00-0031363,M.Palardy
2022_11_NYJ_NE,REG,11,NYJ,52.0,0.0,0.0,1.0,00-0036313,B.Mann
2022_11_PHI_IND,REG,11,PHI,45.0,0.0,0.0,1.0,00-0036013,A.Siposs
2022_11_PHI_IND,REG,11,IND,47.0,0.0,1.0,1.0,00-0033400,M.Haack
2022_11_PHI_IND,REG,11,PHI,31.0,0.0,1.0,1.0,00-0036013,A.Siposs
2022_11_PHI_IND,REG,11,IND,50.0,0.0,0.0,1.0,00-0033400,M.Haack
2022_11_PHI_IND,REG,11,IND,59.0,0.0,0.0,1.0,00-0033400,M.Haack
2022_11_PHI_IND,REG,11,PHI,49.0,0.0,0.0,1.0,00-0036013,A.Siposs
2022_11_PHI_IND,REG,11,IND,52.0,0.0,1.0,1.0,00-0033400,M.Haack
2022_11_PHI_IND,REG,11,PHI,42.0,0.0,0.0,1.0,00-0036013,A.Siposs
2022_11_SF_ARI,REG,11,ARI,45.0,0.0,0.0,1.0,00-0022824,A.Lee
2022_11_SF_ARI,REG,11,SF,61.0,0.0,0.0,1.0,00-0034941,M.Wishnowsky
2022_11_SF_ARI,REG,11,SF,54.0,0.0,1.0,1.0,00-0034941,M.Wishnowsky
2022_11_SF_ARI,REG,11,ARI,59.0,0.0,1.0,1.0,00-0022824,A.Lee
2022_11_SF_ARI,REG,11,SF,49.0,0.0,1.0,1.0,00-0034941,M.Wishnowsky
2022_11_SF_ARI,REG,11,ARI,41.0,0.0,0.0,1.0,00-0022824,A.Lee
2022_11_SF_ARI,REG,11,ARI,36.0,0.0,1.0,1.0,00-0022824,A.Lee
2022_11_SF_ARI,REG,11,SF,51.0,0.0,0.0,1.0,00-0034941,M.Wishnowsky
2022_11_TEN_GB,REG,11,GB,48.0,0.0,0.0,1.0,00-0031079,P.O'Donnell
2022_11_TEN_GB,REG,11,TEN,47.0,0.0,0.0,1.0,00-0037607,R.Stonehouse
2022_11_TEN_GB,REG,11,GB,40.0,0.0,0.0,1.0,00-0031079,P.O'Donnell
2022_11_TEN_GB,REG,11,GB,46.0,0.0,0.0,1.0,00-0031079,P.O'Donnell
2022_11_TEN_GB,REG,11,GB,55.0,0.0,1.0,1.0,00-0031079,P.O'Donnell
2022_11_TEN_GB,REG,11,TEN,46.0,0.0,0.0,1.0,00-0037607,R.Stonehouse
2022_11_TEN_GB,REG,11,TEN,59.0,0.0,1.0,1.0,00-0037607,R.Stonehouse
2022_11_WAS_HOU,REG,11,WAS,52.0,0.0,0.0,1.0,00-0030140,T.Way
2022_11_WAS_HOU,REG,11,HOU,43.0,0.0,0.0,1.0,00-0033729,C.Johnston
2022_11_WAS_HOU,REG,11,WAS,29.0,0.0,0.0,1.0,00-0030140,T.Way
2022_11_WAS_HOU,REG,11,HOU,48.0,0.0,1.0,1.0,00-0033729,C.Johnston
2022_11_WAS_HOU,REG,11,WAS,46.0,0.0,0.0,1.0,00-0030140,T.Way
2022_11_WAS_HOU,REG,11,HOU,51.0,0.0,0.0,1.0,00-0033729,C.Johnston
2022_11_WAS_HOU,REG,11,HOU,47.0,0.0,0.0,1.0,00-0033729,C.Johnston
2022_11_WAS_HOU,REG,11,HOU,44.0,0.0,0.0,1.0,00-0033729,C.Johnston
2022_11_WAS_HOU,REG,11,WAS,48.0,0.0,1.0,1.0,00-0030140,T.Way
2022_11_WAS_HOU,REG,11,HOU,53.0,0.0,0.0,1.0,00-0033729,C.Johnston
2022_11_WAS_HOU,REG,11,WAS,46.0,0.0,0.0,1.0,00-0030140,T.Way
2022_12_ATL_WAS,REG,12,ATL,38.0,0.0,1.0,1.0,00-0032065,B.Pinion
2022_12_ATL_WAS,REG,12,WAS,44.0,0.0,0.0,1.0,00-0030140,T.Way
2022_12_ATL_WAS,REG,12,WAS,45.0,0.0,1.0,1.0,00-0030140,T.Way
2022_12_ATL_WAS,REG,12,ATL,48.0,0.0,0.0,1.0,00-0032065,B.Pinion
2022_12_ATL_WAS,REG,12,ATL,36.0,0.0,0.0,1.0,00-0032065,B.Pinion
2022_12_ATL_WAS,REG,12,WAS,38.0,0.0,1.0,1.0,00-0030140,T.Way
2022_12_BAL_JAX,REG,12,JAX,70.0,0.0,0.0,1.0,00-0034437,L.Cooke
2022_12_BAL_JAX,REG,12,JAX,68.0,0.0,0.0,1.0,00-0034437,L.Cooke
2022_12_BAL_JAX,REG,12,JAX,68.0,0.0,1.0,1.0,00-0034437,L.Cooke
2022_12_BAL_JAX,REG,12,BAL,53.0,0.0,0.0,1.0,00-0038094,J.Stout
2022_12_BUF_DET,REG,12,DET,57.0,0.0,1.0,1.0,00-0035156,J.Fox
2022_12_BUF_DET,REG,12,BUF,56.0,0.0,0.0,1.0,00-0030092,S.Martin
2022_12_BUF_DET,REG,12,BUF,41.0,0.0,1.0,1.0,00-0030092,S.Martin
2022_12_BUF_DET,REG,12,BUF,56.0,0.0,0.0,1.0,00-0030092,S.Martin
2022_12_BUF_DET,REG,12,BUF,44.0,0.0,1.0,1.0,00-0030092,S.Martin
2022_12_BUF_DET,REG,12,DET,46.0,0.0,1.0,1.0,00-0035156,J.Fox
2022_12_CHI_NYJ,REG,12,NYJ,62.0,0.0,0.0,1.0,00-0036313,B.Mann
2022_12_CHI_NYJ,REG,12,CHI,51.0,0.0,0.0,1.0,00-0037097,T.Gill
2022_12_CHI_NYJ,REG,12,CHI,56.0,0.0,0.0,1.0,00-0037097,T.Gill
2022_12_CHI_NYJ,REG,12,CHI,41.0,0.0,0.0,1.0,00-0037097,T.Gill
2022_12_CHI_NYJ,REG,12,NYJ,56.0,0.0,1.0,1.0,00-0036313,B.Mann
2022_12_CHI_NYJ,REG,12,CHI,61.0,0.0,0.0,1.0,00-0037097,T.Gill
2022_12_CHI_NYJ,REG,12,CHI,35.0,0.0,0.0,1.0,00-0037097,T.Gill
2022_12_CIN_TEN,REG,12,CIN,48.0,0.0,1.0,1.0,00-0036729,D.Chrisman
2022_12_CIN_TEN,REG,12,TEN,44.0,0.0,1.0,1.0,00-0037607,R.Stonehouse
2022_12_CIN_TEN,REG,12,CIN,62.0,0.0,0.0,1.0,00-0036729,D.Chrisman
2022_12_CIN_TEN,REG,12,TEN,54.0,0.0,0.0,1.0,00-0037607,R.Stonehouse
2022_12_CIN_TEN,REG,12,CIN,55.0,0.0,0.0,1.0,00-0036729,D.Chrisman
2022_12_CIN_TEN,REG,12,CIN,59.0,0.0,0.0,1.0,00-0036729,D.Chrisman
2022_12_CIN_TEN,REG,12,TEN,52.0,0.0,1.0,1.0,00-0037607,R.Stonehouse
2022_12_CIN_TEN,REG,12,TEN,48.0,0.0,0.0,1.0,00-0037607,R.Stonehouse
2022_12_CIN_TEN,REG,12,CIN,35.0,0.0,1.0,1.0,00-0036729,D.Chrisman
2022_12_CIN_TEN,REG,12,TEN,71.0,0.0,0.0,1.0,00-0037607,R.Stonehouse
2022_12_DEN_CAR,REG,12,CAR,51.0,0.0,1.0,1.0,00-0028872,J.Hekker
2022_12_DEN_CAR,REG,12,DEN,58.0,0.0,0.0,1.0,00-0035821,C.Waitman
2022_12_DEN_CAR,REG,12,CAR,37.0,0.0,1.0,1.0,00-0028872,J.Hekker
2022_12_DEN_CAR,REG,12,DEN,58.0,0.0,0.0,1.0,00-0035821,C.Waitman
2022_12_DEN_CAR,REG,12,DEN,37.0,0.0,0.0,1.0,00-0035821,C.Waitman
2022_12_DEN_CAR,REG,12,CAR,56.0,0.0,1.0,1.0,00-0028872,J.Hekker
2022_12_DEN_CAR,REG,12,DEN,53.0,0.0,1.0,1.0,00-0035821,C.Waitman
2022_12_DEN_CAR,REG,12,CAR,52.0,0.0,0.0,1.0,00-0028872,J.Hekker
2022_12_DEN_CAR,REG,12,DEN,48.0,0.0,0.0,1.0,00-0035821,C.Waitman
2022_12_DEN_CAR,REG,12,DEN,56.0,0.0,1.0,1.0,00-0035821,C.Waitman
2022_12_DEN_CAR,REG,12,CAR,59.0,0.0,1.0,1.0,00-0028872,J.Hekker
2022_12_DEN_CAR,REG,12,DEN,57.0,0.0,0.0,1.0,00-0035821,C.Waitman
2022_12_GB_PHI,REG,12,PHI,52.0,0.0,1.0,1.0,00-0036013,A.Siposs
2022_12_GB_PHI,REG,12,GB,42.0,0.0,0.0,1.0,00-0031079,P.O'Donnell
2022_12_GB_PHI,REG,12,GB,41.0,0.0,1.0,1.0,00-0031079,P.O'Donnell
2022_12_HOU_MIA,REG,12,HOU,52.0,0.0,0.0,1.0,00-0033729,C.Johnston
2022_12_HOU_MIA,REG,12,HOU,56.0,0.0,0.0,1.0,00-0033729,C.Johnston
2022_12_HOU_MIA,REG,12,HOU,48.0,0.0,1.0,1.0,00-0033729,C.Johnston
2022_12_HOU_MIA,REG,12,MIA,51.0,0.0,0.0,1.0,00-0027114,T.Morstead
2022_12_HOU_MIA,REG,12,HOU,48.0,0.0,0.0,1.0,00-0033729,C.Johnston
2022_12_HOU_MIA,REG,12,HOU,54.0,0.0,1.0,1.0,00-0033729,C.Johnston
2022_12_HOU_MIA,REG,12,MIA,45.0,0.0,0.0,1.0,00-0027114,T.Morstead
2022_12_HOU_MIA,REG,12,HOU,43.0,0.0,0.0,1.0,00-0033729,C.Johnston
2022_12_HOU_MIA,REG,12,MIA,45.0,0.0,0.0,1.0,00-0027114,T.Morstead
2022_12_HOU_MIA,REG,12,MIA,52.0,0.0,0.0,1.0,00-0027114,T.Morstead
2022_12_HOU_MIA,REG,12,MIA,55.0,0.0,0.0,1.0,00-0027114,T.Morstead
2022_12_HOU_MIA,REG,12,HOU,49.0,0.0,0.0,1.0,00-0033729,C.Johnston
2022_12_HOU_MIA,REG,12,MIA,48.0,0.0,0.0,1.0,00-0027114,T.Morstead
2022_12_LAC_ARI,REG,12,LAC,48.0,0.0,1.0,1.0,00-0034162,J.Scott
2022_12_LAC_ARI,REG,12,LAC,26.0,0.0,1.0,1.0,00-0034162,J.Scott
2022_12_LAC_ARI,REG,12,LAC,41.0,0.0,0.0,1.0,00-0034162,J.Scott
2022_12_LAC_ARI,REG,12,LAC,42.0,0.0,1.0,1.0,00-0034162,J.Scott
2022_12_LAC_ARI,REG,12,ARI,52.0,0.0,0.0,1.0,00-0022824,A.Lee
2022_12_LAC_ARI,REG,12,LAC,39.0,0.0,0.0,1.0,00-0034162,J.Scott
2022_12_LAC_ARI,REG,12,ARI,48.0,0.0,0.0,1.0,00-0022824,A.Lee
2022_12_LAC_ARI,REG,12,LAC,38.0,0.0,1.0,1.0,00-0034162,J.Scott
2022_12_LAC_ARI,REG,12,ARI,50.0,0.0,0.0,1.0,00-0022824,A.Lee
2022_12_LA_KC,REG,12,KC,49.0,0.0,1.0,1.0,00-0035889,T.Townsend
2022_12_LA_KC,REG,12,LAR,49.0,0.0,0.0,1.0,00-0032943,R.Dixon
2022_12_LA_KC,REG,12,LAR,35.0,0.0,1.0,1.0,00-0032943,R.Dixon
2022_12_LA_KC,REG,12,LAR,48.0,0.0,1.0,1.0,00-0032943,R.Dixon
2022_12_LA_KC,REG,12,LAR,48.0,0.0,0.0,1.0,00-0032943,R.Dixon
2022_12_LV_SEA,REG,12,SEA,51.0,0.0,0.0,1.0,00-0034160,M.Dickson
2022_12_LV_SEA,REG,12,LV,50.0,0.0,0.0,1.0,00-0035190,A.Cole
2022_12_LV_SEA,REG,12,SEA,44.0,0.0,0.0,1.0,00-0034160,M.Dickson
2022_12_LV_SEA,REG,12,LV,41.0,0.0,1.0,1.0,00-0035190,A.Cole
2022_12_LV_SEA,REG,12,SEA,61.0,0.0,1.0,1.0,00-0034160,M.Dickson
2022_12_LV_SEA,REG,12,SEA,35.0,0.0,1.0,1.0,00-0034160,M.Dickson
2022_12_NE_MIN,REG,12,MIN,56.0,0.0,1.0,1.0,00-0037500,R.Wright
2022_12_NE_MIN,REG,12,NE,36.0,0.0,0.0,1.0,00-0031363,M.Palardy
2022_12_NE_MIN,REG,12,NE,56.0,0.0,0.0,1.0,00-0031363,M.Palardy
2022_12_NE_MIN,REG,12,NE,31.0,0.0,0.0,1.0,00-0031363,M.Palardy
2022_12_NE_MIN,REG,12,MIN,43.0,0.0,1.0,1.0,00-0037500,R.Wright
2022_12_NE_MIN,REG,12,MIN,59.0,0.0,1.0,1.0,00-0037500,R.Wright
2022_12_NO_SF,REG,12,NO,45.0,0.0,1.0,1.0,00-0035859,B.Gillikin
2022_12_NO_SF,REG,12,SF,44.0,0.0,1.0,1.0,00-0034941,M.Wishnowsky
2022_12_NO_SF,REG,12,NO,39.0,0.0,1.0,1.0,00-0035859,B.Gillikin
2022_12_NO_SF,REG,12,SF,43.0,0.0,0.0,1.0,00-0034941,M.Wishnowsky
2022_12_NO_SF,REG,12,NO,42.0,0.0,0.0,1.0,00-0035859,B.Gillikin
2022_12_NO_SF,REG,12,NO,57.0,0.0,0.0,1.0,00-0035859,B.Gillikin
2022_12_NO_SF,REG,12,SF,43.0,0.0,1.0,1.0,00-0034941,M.Wishnowsky
2022_12_NO_SF,REG,12,SF,45.0,0.0,0.0,1.0,00-0034941,M.Wishnowsky
2022_12_NYG_DAL,REG,12,NYG,48.0,0.0,0.0,1.0,00-0035042,J.Gillan
2022_12_NYG_DAL,REG,12,NYG,49.0,0.0,1.0,1.0,00-0035042,J.Gillan
2022_12_NYG_DAL,REG,12,DAL,51.0,0.0,0.0,1.0,00-0029692,B.Anger
2022_12_NYG_DAL,REG,12,NYG,48.0,0.0,0.0,1.0,00-0035042,J.Gillan
2022_12_NYG_DAL,REG,12,NYG,48.0,0.0,0.0,1.0,00-0035042,J.Gillan
2022_12_PIT_IND,REG,12,PIT,38.0,0.0,0.0,1.0,00-0036847,P.Harvin
2022_12_PIT_IND,REG,12,IND,59.0,0.0,0.0,1.0,00-0033400,M.Haack
2022_12_PIT_IND,REG,12,IND,42.0,0.0,0.0,1.0,00-0033400,M.Haack
2022_12_PIT_IND,REG,12,PIT,54.0,0.0,1.0,1.0,00-0036847,P.Harvin
2022_12_PIT_IND,REG,12,PIT,40.0,0.0,0.0,1.0,00-0036847,P.Harvin
2022_12_PIT_IND,REG,12,IND,49.0,0.0,0.0,1.0,00-0033400,M.Haack
2022_12_PIT_IND,REG,12,PIT,50.0,0.0,1.0,1.0,00-0036847,P.Harvin
2022_12_TB_CLE,REG,12,TB,47.0,0.0,0.0,1.0,00-0038042,J.Camarda
2022_12_TB_CLE,REG,12,CLE,52.0,0.0,0.0,1.0,00-0034721,C.Bojorquez
2022_12_TB_CLE,REG,12,TB,42.0,0.0,0.0,1.0,00-0038042,J.Camarda
2022_12_TB_CLE,REG,12,TB,62.0,0.0,0.0,1.0,00-0038042,J.Camarda
2022_12_TB_CLE,REG,12,CLE,58.0,0.0,0.0,1.0,00-0034721,C.Bojorquez
2022_12_TB_CLE,REG,12,CLE,41.0,0.0,1.0,1.0,00-0034721,C.Bojorquez
2022_12_TB_CLE,REG,12,TB,63.0,0.0,0.0,1.0,00-0038042,J.Camarda
2022_12_TB_CLE,REG,12,CLE,56.0,0.0,0.0,1.0,00-0034721,C.Bojorquez
2022_12_TB_CLE,REG,12,TB,42.0,0.0,0.0,1.0,00-0038042,J.Camarda
2022_12_TB_CLE,REG,12,TB,43.0,0.0,1.0,1.0,00-0038042,J.Camarda
2022_12_TB_CLE,REG,12,CLE,57.0,0.0,0.0,1.0,00-0034721,C.Bojorquez
2022_12_TB_CLE,REG,12,TB,48.0,0.0,0.0,1.0,00-0038042,J.Camarda
2022_12_TB_CLE,REG,12,TB,42.0,0.0,0.0,1.0,00-0038042,J.Camarda
2022_12_TB_CLE,REG,12,CLE,65.0,0.0,0.0,1.0,00-0034721,C.Bojorquez
2022_12_TB_CLE,REG,12,TB,36.0,0.0,0.0,1.0,00-0038042,J.Camarda
2022_13_BUF_NE,REG,13,NE,38.0,0.0,0.0,1.0,00-0031363,M.Palardy
2022_13_BUF_NE,REG,13,NE,44.0,0.0,0.0,1.0,00-0031363,M.Palardy
2022_13_BUF_NE,REG,13,NE,50.0,0.0,0.0,1.0,00-0031363,M.Palardy
2022_13_BUF_NE,REG,13,BUF,54.0,0.0,1.0,1.0,00-0030092,S.Martin
2022_13_BUF_NE,REG,13,NE,39.0,0.0,0.0,1.0,00-0031363,M.Palardy
2022_13_BUF_NE,REG,13,BUF,42.0,0.0,0.0,1.0,00-0030092,S.Martin
2022_13_BUF_NE,REG,13,NE,38.0,0.0,1.0,1.0,00-0031363,M.Palardy
2022_13_BUF_NE,REG,13,NE,42.0,0.0,1.0,1.0,00-0031363,M.Palardy
2022_13_BUF_NE,REG,13,BUF,40.0,0.0,0.0,1.0,00-0030092,S.Martin
2022_13_CLE_HOU,REG,13,CLE,40.0,0.0,1.0,1.0,00-0034721,C.Bojorquez
2022_13_CLE_HOU,REG,13,HOU,48.0,0.0,0.0,1.0,00-0033729,C.Johnston
2022_13_CLE_HOU,REG,13,HOU,43.0,0.0,1.0,1.0,00-0033729,C.Johnston
2022_13_CLE_HOU,REG,13,CLE,56.0,0.0,1.0,1.0,00-0034721,C.Bojorquez
2022_13_CLE_HOU,REG,13,HOU,60.0,0.0,0.0,1.0,00-0033729,C.Johnston
2022_13_CLE_HOU,REG,13,HOU,41.0,0.0,1.0,1.0,00-0033729,C.Johnston
2022_13_CLE_HOU,REG,13,CLE,67.0,0.0,0.0,1.0,00-0034721,C.Bojorquez
2022_13_CLE_HOU,REG,13,HOU,47.0,0.0,0.0,1.0,00-0033729,C.Johnston
2022_13_CLE_HOU,REG,13,CLE,44.0,0.0,1.0,1.0,00-0034721,C.Bojorquez
2022_13_CLE_HOU,REG,13,CLE,40.0,0.0,1.0,1.0,00-0034721,C.Bojorquez
2022_13_CLE_HOU,REG,13,HOU,51.0,0.0,0.0,1.0,00-0033729,C.Johnston
2022_13_CLE_HOU,REG,13,HOU,64.0,0.0,0.0,1.0,00-0033729,C.Johnston
2022_13_CLE_HOU,REG,13,CLE,64.0,0.0,0.0,1.0,00-0034721,C.Bojorquez
2022_13_DEN_BAL,REG,13,BAL,52.0,0.0,0.0,1.0,00-0038094,J.Stout
2022_13_DEN_BAL,REG,13,DEN,39.0,0.0,0.0,1.0,00-0035821,C.Waitman
2022_13_DEN_BAL,REG,13,BAL,34.0,0.0,1.0,1.0,00-0038094,J.Stout
2022_13_DEN_BAL,REG,13,DEN,46.0,0.0,0.0,1.0,00-0035821,C.Waitman
2022_13_DEN_BAL,REG,13,BAL,53.0,0.0,1.0,1.0,00-0038094,J.Stout
2022_13_DEN_BAL,REG,13,DEN,35.0,0.0,0.0,1.0,00-0035821,C.Waitman
2022_13_DEN_BAL,REG,13,DEN,42.0,0.0,0.0,1.0,00-0035821,C.Waitman
2022_13_DEN_BAL,REG,13,BAL,56.0,0.0,1.0,1.0,00-0038094,J.Stout
2022_13_DEN_BAL,REG,13,BAL,63.0,0.0,1.0,1.0,00-0038094,J.Stout
2022_13_DEN_BAL,REG,13,DEN,46.0,0.0,1.0,1.0,00-0035821,C.Waitman
2022_13_DEN_BAL,REG,13,DEN,41.0,0.0,0.0,1.0,00-0035821,C.Waitman
2022_13_DEN_BAL,REG,13,BAL,45.0,0.0,1.0,1.0,00-0038094,J.Stout
2022_13_DEN_BAL,REG,13,DEN,39.0,0.0,1.0,1.0,00-0035821,C.Waitman
2022_13_GB_CHI,REG,13,GB,38.0,0.0,0.0,1.0,00-0031079,P.O'Donnell
2022_13_GB_CHI,REG,13,GB,44.0,0.0,0.0,1.0,00-0031079,P.O'Donnell
2022_13_GB_CHI,REG,13,CHI,39.0,0.0,0.0,1.0,00-0037097,T.Gill
2022_13_GB_CHI,REG,13,GB,52.0,0.0,0.0,1.0,00-0031079,P.O'Donnell
2022_13_IND_DAL,REG,13,DAL,44.0,0.0,0.0,1.0,00-0029692,B.Anger
2022_13_IND_DAL,REG,13,DAL,60.0,0.0,0.0,1.0,00-0029692,B.Anger
2022_13_IND_DAL,REG,13,IND,40.0,0.0,0.0,1.0,00-0033400,M.Haack
2022_13_IND_DAL,REG,13,IND,40.0,0.0,1.0,1.0,00-0033400,M.Haack
2022_13_IND_DAL,REG,13,DAL,52.0,0.0,0.0,1.0,00-0029692,B.Anger
2022_13_IND_DAL,REG,13,IND,39.0,0.0,0.0,1.0,00-0033400,M.Haack
2022_13_IND_DAL,REG,13,DAL,42.0,0.0,1.0,1.0,00-0029692,B.Anger
2022_13_JAX_DET,REG,13,JAX,30.0,0.0,1.0,1.0,00-0034437,L.Cooke
2022_13_JAX_DET,REG,13,JAX,53.0,0.0,0.0,1.0,00-0034437,L.Cooke
2022_13_JAX_DET,REG,13,JAX,54.0,0.0,0.0,1.0,00-0034437,L.Cooke
2022_13_KC_CIN,REG,13,KC,55.0,0.0,0.0,1.0,00-0035889,T.Townsend
2022_13_KC_CIN,REG,13,CIN,40.0,0.0,1.0,1.0,00-0036729,D.Chrisman
2022_13_LAC_LV,REG,13,LV,60.0,0.0,0.0,1.0,00-0035190,A.Cole
2022_13_LAC_LV,REG,13,LAC,45.0,0.0,1.0,1.0,00-0034162,J.Scott
2022_13_LAC_LV,REG,13,LV,58.0,0.0,0.0,1.0,00-0035190,A.Cole
2022_13_LAC_LV,REG,13,LAC,48.0,0.0,0.0,1.0,00-0034162,J.Scott
2022_13_LAC_LV,REG,13,LAC,44.0,0.0,0.0,1.0,00-0034162,J.Scott
2022_13_LAC_LV,REG,13,LV,33.0,0.0,1.0,1.0,00-0035190,A.Cole
2022_13_LAC_LV,REG,13,LV,30.0,0.0,1.0,1.0,00-0035190,A.Cole
2022_13_MIA_SF,REG,13,MIA,46.0,0.0,0.0,1.0,00-0027114,T.Morstead
2022_13_MIA_SF,REG,13,MIA,63.0,0.0,0.0,1.0,00-0027114,T.Morstead
2022_13_MIA_SF,REG,13,SF,43.0,0.0,1.0,1.0,00-0034941,M.Wishnowsky
2022_13_MIA_SF,REG,13,SF,56.0,0.0,0.0,1.0,00-0034941,M.Wishnowsky
2022_13_MIA_SF,REG,13,MIA,50.0,0.0,0.0,1.0,00-0027114,T.Morstead
2022_13_MIA_SF,REG,13,MIA,47.0,0.0,0.0,1.0,00-0027114,T.Morstead
2022_13_MIA_SF,REG,13,SF,46.0,0.0,0.0,1.0,00-0034941,M.Wishnowsky
2022_13_MIA_SF,REG,13,SF,33.0,0.0,1.0,1.0,00-0034941,M.Wishnowsky
2022_13_NO_TB,REG,13,NO,55.0,0.0,0.0,1.0,00-0035859,B.Gillikin
2022_13_NO_TB,REG,13,TB,46.0,0.0,1.0,1.0,00-0038042,J.Camarda
2022_13_NO_TB,REG,13,NO,32.0,0.0,1.0,1.0,00-0035859,B.Gillikin
2022_13_NO_TB,REG,13,TB,66.0,0.0,0.0,1.0,00-0038042,J.Camarda
2022_13_NO_TB,REG,13,TB,50.0,0.0,0.0,1.0,00-0038042,J.Camarda
2022_13_NO_TB,REG,13,NO,33.0,0.0,1.0,1.0,00-0035859,B.Gillikin
2022_13_NO_TB,REG,13,NO,62.0,0.0,0.0,1.0,00-0035859,B.Gillikin
2022_13_NO_TB,REG,13,TB,40.0,0.0,0.0,1.0,00-0038042,J.Camarda
2022_13_NO_TB,REG,13,TB,45.0,0.0,0.0,1.0,00-0038042,J.Camarda
2022_13_NO_TB,REG,13,NO,35.0,0.0,1.0,1.0,00-0035859,B.Gillikin
2022_13_NO_TB,REG,13,NO,45.0,0.0,0.0,1.0,00-0035859,B.Gillikin
2022_13_NYJ_MIN,REG,13,MIN,39.0,0.0,1.0,1.0,00-0037500,R.Wright
2022_13_NYJ_MIN,REG,13,NYJ,37.0,0.0,0.0,1.0,00-0036313,B.Mann
2022_13_NYJ_MIN,REG,13,NYJ,44.0,0.0,1.0,1.0,00-0036313,B.Mann
2022_13_NYJ_MIN,REG,13,MIN,44.0,0.0,0.0,1.0,00-0037500,R.Wright
2022_13_NYJ_MIN,REG,13,MIN,43.0,0.0,0.0,1.0,00-0037500,R.Wright
2022_13_NYJ_MIN,REG,13,MIN,63.0,0.0,0.0,1.0,00-0037500,R.Wright
2022_13_NYJ_MIN,REG,13,MIN,55.0,0.0,1.0,1.0,00-0037500,R.Wright
2022_13_NYJ_MIN,REG,13,MIN,48.0,0.0,0.0,1.0,00-0037500,R.Wright
2022_13_PIT_ATL,REG,13,ATL,42.0,0.0,1.0,1.0,00-0032065,B.Pinion
2022_13_PIT_ATL,REG,13,ATL,41.0,0.0,1.0,1.0,00-0032065,B.Pinion
2022_13_PIT_ATL,REG,13,ATL,54.0,0.0,1.0,1.0,00-0032065,B.Pinion
2022_13_PIT_ATL,REG,13,PIT,47.0,0.0,0.0,1.0,00-0036847,P.Harvin
2022_13_PIT_ATL,REG,13,PIT,38.0,0.0,1.0,1.0,00-0036847,P.Harvin
2022_13_SEA_LA,REG,13,SEA,52.0,0.0,0.0,1.0,00-0034160,M.Dickson
2022_13_SEA_LA,REG,13,LAR,57.0,0.0,1.0,1.0,00-0032943,R.Dixon
2022_13_SEA_LA,REG,13,SEA,62.0,0.0,0.0,1.0,00-0034160,M.Dickson
2022_13_SEA_LA,REG,13,LAR,60.0,0.0,1.0,1.0,00-0032943,R.Dixon
2022_13_SEA_LA,REG,13,LAR,47.0,0.0,0.0,1.0,00-0032943,R.Dixon
2022_13_TEN_PHI,REG,13,TEN,57.0,0.0,0.0,1.0,00-0037607,R.Stonehouse
2022_13_TEN_PHI,REG,13,PHI,47.0,0.0,0.0,1.0,00-0036013,A.Siposs
2022_13_TEN_PHI,REG,13,TEN,51.0,0.0,0.0,1.0,00-0037607,R.Stonehouse
2022_13_TEN_PHI,REG,13,PHI,27.0,0.0,1.0,1.0,00-0036013,A.Siposs
2022_13_TEN_PHI,REG,13,TEN,59.0,0.0,0.0,1.0,00-0037607,R.Stonehouse
2022_13_TEN_PHI,REG,13,TEN,62.0,0.0,0.0,1.0,00-0037607,R.Stonehouse
2022_13_TEN_PHI,REG,13,TEN,56.0,0.0,0.0,1.0,00-0037607,R.Stonehouse
2022_13_TEN_PHI,REG,13,PHI,46.0,0.0,0.0,1.0,00-0036013,A.Siposs
2022_13_TEN_PHI,REG,13,TEN,55.0,0.0,0.0,1.0,00-0037607,R.Stonehouse
2022_13_TEN_PHI,REG,13,TEN,61.0,0.0,1.0,1.0,00-0037607,R.Stonehouse
2022_13_TEN_PHI,REG,13,PHI,47.0,0.0,0.0,1.0,00-0036013,A.Siposs
2022_13_TEN_PHI,REG,13,PHI,48.0,0.0,0.0,1.0,00-0036013,A.Siposs
2022_13_WAS_NYG,REG,13,NYG,48.0,0.0,0.0,1.0,00-0035042,J.Gillan
2022_13_WAS_NYG,REG,13,WAS,47.0,0.0,1.0,1.0,00-0030140,T.Way
2022_13_WAS_NYG,REG,13,WAS,42.0,0.0,1.0,1.0,00-0030140,T.Way
2022_13_WAS_NYG,REG,13,NYG,56.0,0.0,0.0,1.0,00-0035042,J.Gillan
2022_13_WAS_NYG,REG,13,NYG,59.0,0.0,1.0,1.0,00-0035042,J.Gillan
2022_13_WAS_NYG,REG,13,WAS,53.0,0.0,0.0,1.0,00-0030140,T.Way
2022_13_WAS_NYG,REG,13,NYG,39.0,0.0,1.0,1.0,00-0035042,J.Gillan
2022_13_WAS_NYG,REG,13,NYG,51.0,0.0,0.0,1.0,00-0035042,J.Gillan
2022_13_WAS_NYG,REG,13,WAS,46.0,0.0,1.0,1.0,00-0030140,T.Way
2022_13_WAS_NYG,REG,13,NYG,31.0,0.0,0.0,1.0,00-0035042,J.Gillan
2022_13_WAS_NYG,REG,13,WAS,29.0,0.0,1.0,1.0,00-0030140,T.Way
2022_13_WAS_NYG,REG,13,NYG,40.0,0.0,1.0,1.0,00-0035042,J.Gillan
2022_13_WAS_NYG,REG,13,WAS,48.0,0.0,0.0,1.0,00-0030140,T.Way
2022_14_BAL_PIT,REG,14,BAL,43.0,0.0,0.0,1.0,00-0038094,J.Stout
2022_14_BAL_PIT,REG,14,PIT,46.0,0.0,0.0,1.0,00-0036847,P.Harvin
2022_14_BAL_PIT,REG,14,PIT,17.0,0.0,0.0,1.0,00-0036847,P.Harvin
2022_14_BAL_PIT,REG,14,PIT,48.0,0.0,0.0,1.0,00-0036847,P.Harvin
2022_14_BAL_PIT,REG,14,BAL,35.0,0.0,1.0,1.0,00-0038094,J.Stout
2022_14_BAL_PIT,REG,14,BAL,46.0,0.0,0.0,1.0,00-0038094,J.Stout
2022_14_CAR_SEA,REG,14,SEA,42.0,0.0,0.0,1.0,00-0034160,M.Dickson
2022_14_CAR_SEA,REG,14,CAR,40.0,0.0,0.0,1.0,00-0028872,J.Hekker
2022_14_CAR_SEA,REG,14,CAR,67.0,0.0,0.0,1.0,00-0028872,J.Hekker
2022_14_CAR_SEA,REG,14,SEA,49.0,0.0,0.0,1.0,00-0034160,M.Dickson
2022_14_CAR_SEA,REG,14,SEA,37.0,0.0,0.0,1.0,00-0034160,M.Dickson
2022_14_CAR_SEA,REG,14,SEA,49.0,0.0,0.0,1.0,00-0034160,M.Dickson
2022_14_CLE_CIN,REG,14,CIN,51.0,0.0,0.0,1.0,00-0036729,D.Chrisman
2022_14_CLE_CIN,REG,14,CIN,44.0,0.0,1.0,1.0,00-0036729,D.Chrisman
2022_14_CLE_CIN,REG,14,CLE,60.0,0.0,0.0,1.0,00-0034721,C.Bojorquez
2022_14_CLE_CIN,REG,14,CIN,42.0,0.0,0.0,1.0,00-0036729,D.Chrisman
2022_14_CLE_CIN,REG,14,CLE,55.0,0.0,0.0,1.0,00-0034721,C.Bojorquez
2022_14_CLE_CIN,REG,14,CLE,65.0,0.0,1.0,1.0,00-0034721,C.Bojorquez
2022_14_CLE_CIN,REG,14,CIN,43.0,0.0,1.0,1.0,00-0036729,D.Chrisman
2022_14_CLE_CIN,REG,14,CLE,40.0,0.0,0.0,1.0,00-0034721,C.Bojorquez
2022_14_CLE_CIN,REG,14,CIN,25.0,0.0,0.0,1.0,00-0036729,D.Chrisman
2022_14_HOU_DAL,REG,14,HOU,48.0,0.0,0.0,1.0,00-0033729,C.Johnston
2022_14_HOU_DAL,REG,14,DAL,53.0,0.0,0.0,1.0,00-0029692,B.Anger
2022_14_HOU_DAL,REG,14,DAL,42.0,0.0,0.0,1.0,00-0029692,B.Anger
2022_14_HOU_DAL,REG,14,HOU,50.0,0.0,0.0,1.0,00-0033729,C.Johnston
2022_14_HOU_DAL,REG,14,HOU,60.0,0.0,1.0,1.0,00-0033729,C.Johnston
2022_14_HOU_DAL,REG,14,DAL,62.0,0.0,0.0,1.0,00-0029692,B.Anger
2022_14_HOU_DAL,REG,14,HOU,39.0,0.0,1.0,1.0,00-0033729,C.Johnston
2022_14_JAX_TEN,REG,14,JAX,46.0,0.0,0.0,1.0,00-0034437,L.Cooke
2022_14_JAX_TEN,REG,14,JAX,38.0,0.0,0.0,1.0,00-0034437,L.Cooke
2022_14_JAX_TEN,REG,14,TEN,46.0,0.0,0.0,1.0,00-0037607,R.Stonehouse
2022_14_JAX_TEN,REG,14,TEN,53.0,0.0,0.0,1.0,00-0037607,R.Stonehouse
2022_14_JAX_TEN,REG,14,TEN,51.0,0.0,0.0,1.0,00-0037607,R.Stonehouse
2022_14_JAX_TEN,REG,14,JAX,49.0,0.0,1.0,1.0,00-0034437,L.Cooke
2022_14_KC_DEN,REG,14,DEN,43.0,0.0,0.0,1.0,00-0035821,C.Waitman
2022_14_KC_DEN,REG,14,DEN,48.0,0.0,0.0,1.0,00-0035821,C.Waitman
2022_14_KC_DEN,REG,14,DEN,51.0,0.0,0.0,1.0,00-0035821,C.Waitman
2022_14_KC_DEN,REG,14,DEN,50.0,0.0,0.0,1.0,00-0035821,C.Waitman
2022_14_KC_DEN,REG,14,KC,76.0,0.0,0.0,1.0,00-0035889,T.Townsend
2022_14_KC_DEN,REG,14,DEN,48.0,0.0,0.0,1.0,00-0035821,C.Waitman
2022_14_KC_DEN,REG,14,KC,62.0,0.0,0.0,1.0,00-0035889,T.Townsend
2022_14_KC_DEN,REG,14,DEN,50.0,0.0,0.0,1.0,00-0035821,C.Waitman
2022_14_KC_DEN,REG,14,KC,61.0,0.0,1.0,1.0,00-0035889,T.Townsend
2022_14_KC_DEN,REG,14,DEN,43.0,0.0,0.0,1.0,00-0035821,C.Waitman
2022_14_LV_LA,REG,14,LAR,65.0,0.0,0.0,1.0,00-0032943,R.Dixon
2022_14_LV_LA,REG,14,LAR,38.0,0.0,0.0,1.0,00-0032943,R.Dixon
2022_14_LV_LA,REG,14,LV,36.0,0.0,1.0,1.0,00-0035190,A.Cole
2022_14_LV_LA,REG,14,LAR,53.0,0.0,1.0,1.0,00-0032943,R.Dixon
2022_14_LV_LA,REG,14,LV,48.0,0.0,0.0,1.0,00-0035190,A.Cole
2022_14_LV_LA,REG,14,LV,64.0,0.0,1.0,1.0,00-0035190,A.Cole
2022_14_MIA_LAC,REG,14,MIA,55.0,0.0,0.0,1.0,00-0027114,T.Morstead
2022_14_MIA_LAC,REG,14,MIA,46.0,0.0,0.0,1.0,00-0027114,T.Morstead
2022_14_MIA_LAC,REG,14,MIA,50.0,0.0,0.0,1.0,00-0027114,T.Morstead
2022_14_MIA_LAC,REG,14,LAC,55.0,0.0,0.0,1.0,00-0034162,J.Scott
2022_14_MIA_LAC,REG,14,MIA,48.0,0.0,1.0,1.0,00-0027114,T.Morstead
2022_14_MIA_LAC,REG,14,LAC,34.0,0.0,0.0,1.0,00-0034162,J.Scott
2022_14_MIA_LAC,REG,14,MIA,47.0,0.0,1.0,1.0,00-0027114,T.Morstead
2022_14_MIA_LAC,REG,14,LAC,35.0,0.0,0.0,1.0,00-0034162,J.Scott
2022_14_MIA_LAC,REG,14,MIA,47.0,0.0,1.0,1.0,00-0027114,T.Morstead
2022_14_MIA_LAC,REG,14,LAC,52.0,0.0,0.0,1.0,00-0034162,J.Scott
2022_14_MIA_LAC,REG,14,MIA,34.0,0.0,1.0,1.0,00-0027114,T.Morstead
2022_14_MIN_DET,REG,14,DET,66.0,0.0,0.0,1.0,00-0035156,J.Fox
2022_14_MIN_DET,REG,14,MIN,35.0,0.0,1.0,1.0,00-0037500,R.Wright
2022_14_MIN_DET,REG,14,DET,30.0,0.0,1.0,1.0,00-0035156,J.Fox
2022_14_MIN_DET,REG,14,MIN,64.0,0.0,0.0,1.0,00-0037500,R.Wright
2022_14_MIN_DET,REG,14,MIN,60.0,0.0,0.0,1.0,00-0037500,R.Wright
2022_14_NE_ARI,REG,14,NE,42.0,0.0,1.0,1.0,00-0031363,M.Palardy
2022_14_NE_ARI,REG,14,ARI,53.0,0.0,1.0,1.0,00-0022824,A.Lee
2022_14_NE_ARI,REG,14,NE,32.0,0.0,0.0,1.0,00-0031363,M.Palardy
2022_14_NE_ARI,REG,14,NE,46.0,0.0,0.0,1.0,00-0031363,M.Palardy
2022_14_NE_ARI,REG,14,NE,49.0,0.0,1.0,1.0,00-0031363,M.Palardy
2022_14_NE_ARI,REG,14,ARI,44.0,0.0,0.0,1.0,00-0022824,A.Lee
2022_14_NE_ARI,REG,14,NE,44.0,0.0,0.0,1.0,00-0031363,M.Palardy
2022_14_NE_ARI,REG,14,NE,40.0,0.0,0.0,1.0,00-0031363,M.Palardy
2022_14_NYJ_BUF,REG,14,BUF,67.0,0.0,1.0,1.0,00-0030092,S.Martin
2022_14_NYJ_BUF,REG,14,NYJ,40.0,0.0,0.0,1.0,00-0036313,B.Mann
2022_14_NYJ_BUF,REG,14,BUF,51.0,0.0,0.0,1.0,00-0030092,S.Martin
2022_14_NYJ_BUF,REG,14,NYJ,41.0,0.0,1.0,1.0,00-0036313,B.Mann
2022_14_NYJ_BUF,REG,14,BUF,46.0,0.0,0.0,1.0,00-0030092,S.Martin
2022_14_NYJ_BUF,REG,14,NYJ,39.0,0.0,0.0,1.0,00-0036313,B.Mann
2022_14_NYJ_BUF,REG,14,BUF,46.0,0.0,1.0,1.0,00-0030092,S.Martin
2022_14_NYJ_BUF,REG,14,NYJ,49.0,0.0,0.0,1.0,00-0036313,B.Mann
2022_14_NYJ_BUF,REG,14,BUF,32.0,0.0,0.0,1.0,00-0030092,S.Martin
2022_14_NYJ_BUF,REG,14,NYJ,48.0,0.0,0.0,1.0,00-0036313,B.Mann
2022_14_NYJ_BUF,REG,14,NYJ,51.0,0.0,0.0,1.0,00-0036313,B.Mann
2022_14_NYJ_BUF,REG,14,NYJ,43.0,0.0,1.0,1.0,00-0036313,B.Mann
2022_14_NYJ_BUF,REG,14,BUF,0.0,1.0,0.0,1.0,00-0030092,S.Martin
2022_14_NYJ_BUF,REG,14,BUF,60.0,0.0,0.0,1.0,00-0030092,S.Martin
2022_14_NYJ_BUF,REG,14,BUF,45.0,0.0,0.0,1.0,00-0030092,S.Martin
2022_14_PHI_NYG,REG,14,NYG,52.0,0.0,1.0,1.0,00-0035042,J.Gillan
2022_14_PHI_NYG,REG,14,NYG,46.0,0.0,1.0,1.0,00-0035042,J.Gillan
2022_14_PHI_NYG,REG,14,NYG,42.0,0.0,1.0,1.0,00-0035042,J.Gillan
2022_14_PHI_NYG,REG,14,PHI,0.0,1.0,0.0,1.0,00-0036013,A.Siposs
2022_14_PHI_NYG,REG,14,NYG,50.0,0.0,0.0,1.0,00-0035042,J.Gillan
2022_14_PHI_NYG,REG,14,NYG,51.0,0.0,0.0,1.0,00-0035042,J.Gillan
2022_14_PHI_NYG,REG,14,PHI,35.0,0.0,0.0,1.0,00-0033787,J.Elliott
2022_14_TB_SF,REG,14,SF,41.0,0.0,0.0,1.0,00-0034941,M.Wishnowsky
2022_14_TB_SF,REG,14,TB,45.0,0.0,0.0,1.0,00-0038042,J.Camarda
2022_14_TB_SF,REG,14,TB,61.0,0.0,0.0,1.0,00-0038042,J.Camarda
2022_14_TB_SF,REG,14,TB,51.0,0.0,0.0,1.0,00-0038042,J.Camarda
2022_14_TB_SF,REG,14,SF,62.0,0.0,0.0,1.0,00-0034941,M.Wishnowsky
2022_14_TB_SF,REG,14,SF,31.0,0.0,1.0,1.0,00-0034941,M.Wishnowsky
2022_15_ARI_DEN,REG,15,ARI,48.0,0.0,0.0,1.0,00-0022824,A.Lee
2022_15_ARI_DEN,REG,15,DEN,37.0,0.0,1.0,1.0,00-0035821,C.Waitman
2022_15_ARI_DEN,REG,15,DEN,35.0,0.0,0.0,1.0,00-0035821,C.Waitman
2022_15_ARI_DEN,REG,15,ARI,41.0,0.0,1.0,1.0,00-0022824,A.Lee
2022_15_ARI_DEN,REG,15,DEN,56.0,0.0,0.0,1.0,00-0035821,C.Waitman
2022_15_ARI_DEN,REG,15,ARI,44.0,0.0,1.0,1.0,00-0022824,A.Lee
2022_15_ARI_DEN,REG,15,DEN,52.0,0.0,1.0,1.0,00-0035821,C.Waitman
2022_15_ARI_DEN,REG,15,ARI,57.0,0.0,0.0,1.0,00-0022824,A.Lee
2022_15_ARI_DEN,REG,15,ARI,50.0,0.0,0.0,1.0,00-0022824,A.Lee
2022_15_ARI_DEN,REG,15,ARI,59.0,0.0,0.0,1.0,00-0022824,A.Lee
2022_15_ARI_DEN,REG,15,DEN,44.0,0.0,1.0,1.0,00-0035821,C.Waitman
2022_15_ATL_NO,REG,15,ATL,46.0,0.0,0.0,1.0,00-0032065,B.Pinion
2022_15_ATL_NO,REG,15,ATL,40.0,0.0,1.0,1.0,00-0032065,B.Pinion
2022_15_ATL_NO,REG,15,NO,49.0,0.0,0.0,1.0,00-0035859,B.Gillikin
2022_15_ATL_NO,REG,15,ATL,46.0,0.0,0.0,1.0,00-0032065,B.Pinion
2022_15_ATL_NO,REG,15,NO,41.0,0.0,1.0,1.0,00-0035859,B.Gillikin
2022_15_ATL_NO,REG,15,ATL,34.0,0.0,1.0,1.0,00-0032065,B.Pinion
2022_15_ATL_NO,REG,15,ATL,42.0,0.0,1.0,1.0,00-0032065,B.Pinion
2022_15_ATL_NO,REG,15,NO,38.0,0.0,0.0,1.0,00-0035859,B.Gillikin
2022_15_ATL_NO,REG,15,NO,53.0,0.0,0.0,1.0,00-0035859,B.Gillikin
2022_15_BAL_CLE,REG,15,CLE,70.0,0.0,0.0,1.0,00-0034721,C.Bojorquez
2022_15_BAL_CLE,REG,15,BAL,41.0,0.0,1.0,1.0,00-0038094,J.Stout
2022_15_BAL_CLE,REG,15,CLE,47.0,0.0,0.0,1.0,00-0034721,C.Bojorquez
2022_15_BAL_CLE,REG,15,CLE,38.0,0.0,1.0,1.0,00-0034721,C.Bojorquez
2022_15_CIN_TB,REG,15,CIN,43.0,0.0,0.0,1.0,00-0036729,D.Chrisman
2022_15_CIN_TB,REG,15,CIN,53.0,0.0,0.0,1.0,00-0036729,D.Chrisman
2022_15_CIN_TB,REG,15,CIN,38.0,0.0,1.0,1.0,00-0036729,D.Chrisman
2022_15_CIN_TB,REG,15,CIN,46.0,0.0,1.0,1.0,00-0036729,D.Chrisman
2022_15_CIN_TB,REG,15,TB,51.0,0.0,0.0,1.0,00-0038042,J.Camarda
2022_15_DAL_JAX,REG,15,DAL,37.0,0.0,1.0,1.0,00-0029692,B.Anger
2022_15_DAL_JAX,REG,15,JAX,61.0,0.0,0.0,1.0,00-0034437,L.Cooke
2022_15_DAL_JAX,REG,15,JAX,51.0,0.0,0.0,1.0,00-0034437,L.Cooke
2022_15_DAL_JAX,REG,15,DAL,50.0,0.0,1.0,1.0,00-0029692,B.Anger
2022_15_DAL_JAX,REG,15,DAL,52.0,0.0,0.0,1.0,00-0029692,B.Anger
2022_15_DAL_JAX,REG,15,DAL,46.0,0.0,0.0,1.0,00-0029692,B.Anger
2022_15_DAL_JAX,REG,15,JAX,48.0,0.0,0.0,1.0,00-0034437,L.Cooke
2022_15_DET_NYJ,REG,15,NYJ,46.0,0.0,0.0,1.0,00-0036313,B.Mann
2022_15_DET_NYJ,REG,15,NYJ,54.0,0.0,0.0,1.0,00-0036313,B.Mann
2022_15_DET_NYJ,REG,15,DET,43.0,0.0,0.0,1.0,00-0035156,J.Fox
2022_15_DET_NYJ,REG,15,NYJ,50.0,0.0,0.0,1.0,00-0036313,B.Mann
2022_15_DET_NYJ,REG,15,DET,41.0,0.0,1.0,1.0,00-0035156,J.Fox
2022_15_DET_NYJ,REG,15,NYJ,40.0,0.0,0.0,1.0,00-0036313,B.Mann
2022_15_DET_NYJ,REG,15,DET,49.0,0.0,0.0,1.0,00-0035156,J.Fox
2022_15_DET_NYJ,REG,15,NYJ,55.0,0.0,0.0,1.0,00-0036313,B.Mann
2022_15_DET_NYJ,REG,15,DET,45.0,0.0,0.0,1.0,00-0035156,J.Fox
2022_15_DET_NYJ,REG,15,NYJ,55.0,0.0,1.0,1.0,00-0036313,B.Mann
2022_15_IND_MIN,REG,15,MIN,0.0,1.0,0.0,1.0,00-0037500,R.Wright
2022_15_IND_MIN,REG,15,MIN,48.0,0.0,0.0,1.0,00-0037500,R.Wright
2022_15_IND_MIN,REG,15,IND,55.0,0.0,1.0,1.0,00-0033400,M.Haack
2022_15_IND_MIN,REG,15,MIN,43.0,0.0,0.0,1.0,00-0037500,R.Wright
2022_15_IND_MIN,REG,15,MIN,51.0,0.0,0.0,1.0,00-0037500,R.Wright
2022_15_IND_MIN,REG,15,IND,40.0,0.0,1.0,1.0,00-0033400,M.Haack
2022_15_IND_MIN,REG,15,IND,38.0,0.0,0.0,1.0,00-0033400,M.Haack
2022_15_IND_MIN,REG,15,IND,43.0,0.0,0.0,1.0,00-0033400,M.Haack
2022_15_IND_MIN,REG,15,IND,46.0,0.0,0.0,1.0,00-0033400,M.Haack
2022_15_IND_MIN,REG,15,IND,45.0,0.0,0.0,1.0,00-0033400,M.Haack
2022_15_IND_MIN,REG,15,MIN,63.0,0.0,1.0,1.0,00-0037500,R.Wright
2022_15_IND_MIN,REG,15,MIN,26.0,0.0,1.0,1.0,00-0037500,R.Wright
2022_15_IND_MIN,REG,15,IND,38.0,0.0,1.0,1.0,00-0033400,M.Haack
2022_15_KC_HOU,REG,15,HOU,42.0,0.0,1.0,1.0,00-0033729,C.Johnston
2022_15_KC_HOU,REG,15,KC,40.0,0.0,1.0,1.0,00-0035889,T.Townsend
2022_15_KC_HOU,REG,15,HOU,48.0,0.0,0.0,1.0,00-0033729,C.Johnston
2022_15_KC_HOU,REG,15,KC,57.0,0.0,0.0,1.0,00-0035889,T.Townsend
2022_15_KC_HOU,REG,15,HOU,48.0,0.0,0.0,1.0,00-0033729,C.Johnston
2022_15_KC_HOU,REG,15,KC,54.0,0.0,0.0,1.0,00-0035889,T.Townsend
2022_15_KC_HOU,REG,15,HOU,44.0,0.0,1.0,1.0,00-0033729,C.Johnston
2022_15_KC_HOU,REG,15,HOU,52.0,0.0,0.0,1.0,00-0033729,C.Johnston
2022_15_KC_HOU,REG,15,KC,42.0,0.0,1.0,1.0,00-0035889,T.Townsend
2022_15_LA_GB,REG,15,LAR,47.0,0.0,0.0,1.0,00-0032943,R.Dixon
2022_15_LA_GB,REG,15,LAR,31.0,0.0,0.0,1.0,00-0032943,R.Dixon
2022_15_LA_GB,REG,15,LAR,41.0,0.0,0.0,1.0,00-0032943,R.Dixon
2022_15_LA_GB,REG,15,GB,37.0,0.0,1.0,1.0,00-0031079,P.O'Donnell
2022_15_LA_GB,REG,15,LAR,32.0,0.0,1.0,1.0,00-0032943,R.Dixon
2022_15_MIA_BUF,REG,15,MIA,38.0,0.0,1.0,1.0,00-0027114,T.Morstead
2022_15_MIA_BUF,REG,15,BUF,38.0,0.0,0.0,1.0,00-0030092,S.Martin
2022_15_MIA_BUF,REG,15,BUF,49.0,0.0,0.0,1.0,00-0030092,S.Martin
2022_15_MIA_BUF,REG,15,BUF,37.0,0.0,1.0,1.0,00-0030092,S.Martin
2022_15_MIA_BUF,REG,15,MIA,59.0,0.0,1.0,1.0,00-0027114,T.Morstead
2022_15_MIA_BUF,REG,15,BUF,46.0,0.0,0.0,1.0,00-0030092,S.Martin
2022_15_MIA_BUF,REG,15,BUF,45.0,0.0,1.0,1.0,00-0030092,S.Martin
2022_15_MIA_BUF,REG,15,MIA,34.0,0.0,0.0,1.0,00-0027114,T.Morstead
2022_15_MIA_BUF,REG,15,MIA,36.0,0.0,1.0,1.0,00-0027114,T.Morstead
2022_15_NE_LV,REG,15,NE,44.0,0.0,0.0,1.0,00-0031363,M.Palardy
2022_15_NE_LV,REG,15,LV,42.0,0.0,1.0,1.0,00-0035190,A.Cole
2022_15_NE_LV,REG,15,NE,47.0,0.0,0.0,1.0,00-0031363,M.Palardy
2022_15_NE_LV,REG,15,LV,50.0,0.0,0.0,1.0,00-0035190,A.Cole
2022_15_NE_LV,REG,15,NE,0.0,1.0,0.0,1.0,00-0031363,M.Palardy
2022_15_NE_LV,REG,15,NE,36.0,0.0,1.0,1.0,00-0031363,M.Palardy
2022_15_NE_LV,REG,15,LV,47.0,0.0,1.0,1.0,00-0035190,A.Cole
2022_15_NE_LV,REG,15,LV,47.0,0.0,0.0,1.0,00-0035190,A.Cole
2022_15_NE_LV,REG,15,LV,49.0,0.0,0.0,1.0,00-0035190,A.Cole
2022_15_NE_LV,REG,15,NE,46.0,0.0,0.0,1.0,00-0031363,M.Palardy
2022_15_NE_LV,REG,15,LV,48.0,0.0,0.0,1.0,00-0035190,A.Cole
2022_15_NE_LV,REG,15,LV,41.0,0.0,0.0,1.0,00-0035190,A.Cole
2022_15_NE_LV,REG,15,NE,53.0,0.0,1.0,1.0,00-0031363,M.Palardy
2022_15_NYG_WAS,REG,15,WAS,27.0,0.0,0.0,1.0,00-0030140,T.Way
2022_15_NYG_WAS,REG,15,NYG,37.0,0.0,0.0,1.0,00-0035042,J.Gillan
2022_15_NYG_WAS,REG,15,NYG,38.0,0.0,1.0,1.0,00-0035042,J.Gillan
2022_15_NYG_WAS,REG,15,WAS,37.0,0.0,1.0,1.0,00-0030140,T.Way
2022_15_NYG_WAS,REG,15,WAS,48.0,0.0,0.0,1.0,00-0030140,T.Way
2022_15_NYG_WAS,REG,15,NYG,49.0,0.0,1.0,1.0,00-0035042,J.Gillan
2022_15_NYG_WAS,REG,15,WAS,65.0,0.0,1.0,1.0,00-0030140,T.Way
2022_15_NYG_WAS,REG,15,NYG,56.0,0.0,0.0,1.0,00-0035042,J.Gillan
2022_15_NYG_WAS,REG,15,NYG,33.0,0.0,1.0,1.0,00-0035042,J.Gillan
2022_15_PHI_CHI,REG,15,CHI,47.0,0.0,0.0,1.0,00-0037097,T.Gill
2022_15_PHI_CHI,REG,15,PHI,40.0,0.0,0.0,1.0,00-0025825,B.Kern
2022_15_PHI_CHI,REG,15,CHI,38.0,0.0,1.0,1.0,00-0037097,T.Gill
2022_15_PHI_CHI,REG,15,CHI,21.0,0.0,1.0,1.0,00-0037097,T.Gill
2022_15_PHI_CHI,REG,15,CHI,39.0,0.0,0.0,1.0,00-0037097,T.Gill
2022_15_PHI_CHI,REG,15,PHI,50.0,0.0,0.0,1.0,00-0025825,B.Kern
2022_15_PHI_CHI,REG,15,CHI,56.0,0.0,1.0,1.0,00-0037097,T.Gill
2022_15_PHI_CHI,REG,15,CHI,51.0,0.0,0.0,1.0,00-0037097,T.Gill
2022_15_PIT_CAR,REG,15,CAR,39.0,0.0,0.0,1.0,00-0028872,J.Hekker
2022_15_PIT_CAR,REG,15,CAR,43.0,0.0,0.0,1.0,00-0028872,J.Hekker
2022_15_PIT_CAR,REG,15,PIT,38.0,0.0,0.0,1.0,00-0036847,P.Harvin
2022_15_PIT_CAR,REG,15,CAR,49.0,0.0,0.0,1.0,00-0028872,J.Hekker
2022_15_PIT_CAR,REG,15,PIT,44.0,0.0,0.0,1.0,00-0036847,P.Harvin
2022_15_PIT_CAR,REG,15,CAR,63.0,0.0,1.0,1.0,00-0028872,J.Hekker
2022_15_PIT_CAR,REG,15,PIT,54.0,0.0,0.0,1.0,00-0036847,P.Harvin
2022_15_SF_SEA,REG,15,SEA,48.0,0.0,1.0,1.0,00-0034160,M.Dickson
2022_15_SF_SEA,REG,15,SF,46.0,0.0,0.0,1.0,00-0034941,M.Wishnowsky
2022_15_SF_SEA,REG,15,SEA,48.0,0.0,1.0,1.0,00-0034160,M.Dickson
2022_15_SF_SEA,REG,15,SEA,41.0,0.0,0.0,1.0,00-0034160,M.Dickson
2022_15_SF_SEA,REG,15,SF,42.0,0.0,0.0,1.0,00-0034941,M.Wishnowsky
2022_15_SF_SEA,REG,15,SEA,55.0,0.0,0.0,1.0,00-0034160,M.Dickson
2022_15_SF_SEA,REG,15,SF,35.0,0.0,1.0,1.0,00-0034941,M.Wishnowsky
2022_15_SF_SEA,REG,15,SF,45.0,0.0,1.0,1.0,00-0034941,M.Wishnowsky
2022_15_SF_SEA,REG,15,SEA,64.0,0.0,0.0,1.0,00-0034160,M.Dickson
2022_15_SF_SEA,REG,15,SF,41.0,0.0,1.0,1.0,00-0034941,M.Wishnowsky
2022_15_SF_SEA,REG,15,SEA,43.0,0.0,1.0,1.0,00-0034160,M.Dickson
2022_15_SF_SEA,REG,15,SF,44.0,0.0,0.0,1.0,00-0034941,M.Wishnowsky
2022_15_SF_SEA,REG,15,SEA,50.0,0.0,0.0,1.0,00-0034160,M.Dickson
2022_15_TEN_LAC,REG,15,TEN,57.0,0.0,0.0,1.0,00-0037607,R.Stonehouse
2022_15_TEN_LAC,REG,15,TEN,42.0,0.0,1.0,1.0,00-0037607,R.Stonehouse
2022_15_TEN_LAC,REG,15,LAC,42.0,0.0,0.0,1.0,00-0034162,J.Scott
2022_15_TEN_LAC,REG,15,LAC,39.0,0.0,1.0,1.0,00-0034162,J.Scott
2022_15_TEN_LAC,REG,15,TEN,56.0,0.0,0.0,1.0,00-0037607,R.Stonehouse
2022_15_TEN_LAC,REG,15,LAC,35.0,0.0,0.0,1.0,00-0034162,J.Scott
2022_15_TEN_LAC,REG,15,TEN,66.0,0.0,1.0,1.0,00-0037607,R.Stonehouse
2022_15_TEN_LAC,REG,15,LAC,31.0,0.0,1.0,1.0,00-0034162,J.Scott
2022_15_TEN_LAC,REG,15,TEN,42.0,0.0,1.0,1.0,00-0037607,R.Stonehouse
2022_15_TEN_LAC,REG,15,LAC,45.0,0.0,0.0,1.0,00-0034162,J.Scott
2022_15_TEN_LAC,REG,15,TEN,68.0,0.0,0.0,1.0,00-0037607,R.Stonehouse
2022_15_TEN_LAC,REG,15,LAC,45.0,0.0,0.0,1.0,00-0034162,J.Scott
2022_15_TEN_LAC,REG,15,TEN,61.0,0.0,1.0,1.0,00-0037607,R.Stonehouse
2022_15_TEN_LAC,REG,15,LAC,54.0,0.0,0.0,1.0,00-0034162,J.Scott
2022_16_ATL_BAL,REG,16,BAL,41.0,0.0,1.0,1.0,00-0038094,J.Stout
2022_16_ATL_BAL,REG,16,ATL,38.0,0.0,0.0,1.0,00-0032065,B.Pinion
2022_16_ATL_BAL,REG,16,ATL,33.0,0.0,0.0,1.0,00-0032065,B.Pinion
2022_16_ATL_BAL,REG,16,BAL,38.0,0.0,0.0,1.0,00-0038094,J.Stout
2022_16_ATL_BAL,REG,16,ATL,41.0,0.0,0.0,1.0,00-0032065,B.Pinion
2022_16_ATL_BAL,REG,16,BAL,36.0,0.0,0.0,1.0,00-0038094,J.Stout
2022_16_BUF_CHI,REG,16,CHI,63.0,0.0,1.0,1.0,00-0037097,T.Gill
2022_16_BUF_CHI,REG,16,BUF,46.0,0.0,0.0,1.0,00-0030092,S.Martin
2022_16_BUF_CHI,REG,16,CHI,40.0,0.0,0.0,1.0,00-0037097,T.Gill
2022_16_BUF_CHI,REG,16,BUF,53.0,0.0,1.0,1.0,00-0030092,S.Martin
2022_16_BUF_CHI,REG,16,CHI,57.0,0.0,0.0,1.0,00-0037097,T.Gill
2022_16_BUF_CHI,REG,16,BUF,62.0,0.0,0.0,1.0,00-0030092,S.Martin
2022_16_BUF_CHI,REG,16,CHI,37.0,0.0,0.0,1.0,00-0037097,T.Gill
2022_16_CIN_NE,REG,16,NE,45.0,0.0,0.0,1.0,00-0031363,M.Palardy
2022_16_CIN_NE,REG,16,NE,22.0,0.0,0.0,1.0,00-0031363,M.Palardy
2022_16_CIN_NE,REG,16,NE,37.0,0.0,0.0,1.0,00-0031363,M.Palardy
2022_16_CIN_NE,REG,16,NE,36.0,0.0,0.0,1.0,00-0031363,M.Palardy
2022_16_CIN_NE,REG,16,NE,52.0,0.0,1.0,1.0,00-0031363,M.Palardy
2022_16_CIN_NE,REG,16,CIN,36.0,0.0,1.0,1.0,00-0036729,D.Chrisman
2022_16_CIN_NE,REG,16,NE,46.0,0.0,0.0,1.0,00-0031363,M.Palardy
2022_16_CIN_NE,REG,16,CIN,43.0,0.0,0.0,1.0,00-0036729,D.Chrisman
2022_16_CIN_NE,REG,16,CIN,51.0,0.0,0.0,1.0,00-0036729,D.Chrisman
2022_16_DEN_LA,REG,16,DEN,44.0,0.0,1.0,1.0,00-0035821,C.Waitman
2022_16_DEN_LA,REG,16,DEN,56.0,0.0,0.0,1.0,00-0035821,C.Waitman
2022_16_DET_CAR,REG,16,CAR,41.0,0.0,1.0,1.0,00-0028872,J.Hekker
2022_16_DET_CAR,REG,16,DET,53.0,0.0,1.0,1.0,00-0035156,J.Fox
2022_16_DET_CAR,REG,16,DET,52.0,0.0,1.0,1.0,00-0035156,J.Fox
2022_16_DET_CAR,REG,16,DET,47.0,0.0,0.0,1.0,00-0035156,J.Fox
2022_16_DET_CAR,REG,16,DET,54.0,0.0,0.0,1.0,00-0035156,J.Fox
2022_16_DET_CAR,REG,16,CAR,52.0,0.0,0.0,1.0,00-0028872,J.Hekker
2022_16_DET_CAR,REG,16,CAR,24.0,0.0,1.0,1.0,00-0028872,J.Hekker
2022_16_GB_MIA,REG,16,MIA,46.0,0.0,1.0,1.0,00-0027114,T.Morstead
2022_16_GB_MIA,REG,16,GB,46.0,0.0,0.0,1.0,00-0031079,P.O'Donnell
2022_16_HOU_TEN,REG,16,TEN,56.0,0.0,0.0,1.0,00-0037607,R.Stonehouse
2022_16_HOU_TEN,REG,16,HOU,38.0,0.0,0.0,1.0,00-0033729,C.Johnston
2022_16_HOU_TEN,REG,16,TEN,44.0,0.0,0.0,1.0,00-0037607,R.Stonehouse
2022_16_HOU_TEN,REG,16,TEN,48.0,0.0,0.0,1.0,00-0037607,R.Stonehouse
2022_16_HOU_TEN,REG,16,HOU,53.0,0.0,0.0,1.0,00-0033729,C.Johnston
2022_16_HOU_TEN,REG,16,TEN,36.0,0.0,1.0,1.0,00-0037607,R.Stonehouse
2022_16_HOU_TEN,REG,16,HOU,48.0,0.0,1.0,1.0,00-0033729,C.Johnston
2022_16_HOU_TEN,REG,16,TEN,61.0,0.0,0.0,1.0,00-0037607,R.Stonehouse
2022_16_HOU_TEN,REG,16,HOU,48.0,0.0,0.0,1.0,00-0033729,C.Johnston
2022_16_HOU_TEN,REG,16,TEN,56.0,0.0,0.0,1.0,00-0037607,R.Stonehouse
2022_16_HOU_TEN,REG,16,HOU,34.0,0.0,1.0,1.0,00-0033729,C.Johnston
2022_16_JAX_NYJ,REG,16,NYJ,43.0,0.0,1.0,1.0,00-0036313,B.Mann
2022_16_JAX_NYJ,REG,16,NYJ,32.0,0.0,1.0,1.0,00-0036313,B.Mann
2022_16_JAX_NYJ,REG,16,NYJ,48.0,0.0,0.0,1.0,00-0036313,B.Mann
2022_16_JAX_NYJ,REG,16,NYJ,51.0,0.0,0.0,1.0,00-0036313,B.Mann
2022_16_JAX_NYJ,REG,16,NYJ,27.0,0.0,0.0,1.0,00-0036313,B.Mann
2022_16_JAX_NYJ,REG,16,JAX,26.0,0.0,1.0,1.0,00-0034437,L.Cooke
2022_16_JAX_NYJ,REG,16,JAX,38.0,0.0,1.0,1.0,00-0034437,L.Cooke
2022_16_LAC_IND,REG,16,IND,50.0,0.0,0.0,1.0,00-0033400,M.Haack
2022_16_LAC_IND,REG,16,LAC,42.0,0.0,1.0,1.0,00-0034162,J.Scott
2022_16_LAC_IND,REG,16,LAC,36.0,0.0,0.0,1.0,00-0034162,J.Scott
2022_16_LAC_IND,REG,16,IND,43.0,0.0,0.0,1.0,00-0033400,M.Haack
2022_16_LAC_IND,REG,16,LAC,33.0,0.0,0.0,1.0,00-0034162,J.Scott
2022_16_LAC_IND,REG,16,IND,53.0,0.0,1.0,1.0,00-0033400,M.Haack
2022_16_LAC_IND,REG,16,LAC,42.0,0.0,0.0,1.0,00-0034162,J.Scott
2022_16_LV_PIT,REG,16,PIT,39.0,0.0,1.0,1.0,00-0036847,P.Harvin
2022_16_LV_PIT,REG,16,LV,43.0,0.0,0.0,1.0,00-0035190,A.Cole
2022_16_LV_PIT,REG,16,LV,43.0,0.0,1.0,1.0,00-0035190,A.Cole
2022_16_LV_PIT,REG,16,PIT,55.0,0.0,0.0,1.0,00-0036847,P.Harvin
2022_16_LV_PIT,REG,16,LV,29.0,0.0,0.0,1.0,00-0035190,A.Cole
2022_16_LV_PIT,REG,16,LV,46.0,0.0,0.0,1.0,00-0035190,A.Cole
2022_16_LV_PIT,REG,16,PIT,46.0,0.0,0.0,1.0,00-0036847,P.Harvin
2022_16_LV_PIT,REG,16,LV,47.0,0.0,0.0,1.0,00-0035190,A.Cole
2022_16_NO_CLE,REG,16,CLE,57.0,0.0,1.0,1.0,00-0034721,C.Bojorquez
2022_16_NO_CLE,REG,16,NO,44.0,0.0,0.0,1.0,00-0035859,B.Gillikin
2022_16_NO_CLE,REG,16,CLE,43.0,0.0,0.0,1.0,00-0034721,C.Bojorquez
2022_16_NO_CLE,REG,16,NO,39.0,0.0,1.0,1.0,00-0035859,B.Gillikin
2022_16_NO_CLE,REG,16,CLE,40.0,0.0,0.0,1.0,00-0034721,C.Bojorquez
2022_16_NO_CLE,REG,16,NO,41.0,0.0,0.0,1.0,00-0035859,B.Gillikin
2022_16_NO_CLE,REG,16,CLE,41.0,0.0,1.0,1.0,00-0034721,C.Bojorquez
2022_16_NO_CLE,REG,16,NO,52.0,0.0,0.0,1.0,00-0035859,B.Gillikin
2022_16_NO_CLE,REG,16,CLE,32.0,0.0,1.0,1.0,00-0034721,C.Bojorquez
2022_16_NO_CLE,REG,16,NO,40.0,0.0,1.0,1.0,00-0035859,B.Gillikin
2022_16_NO_CLE,REG,16,NO,38.0,0.0,0.0,1.0,00-0035859,B.Gillikin
2022_16_NYG_MIN,REG,16,MIN,28.0,0.0,0.0,1.0,00-0037500,R.Wright
2022_16_NYG_MIN,REG,16,NYG,40.0,0.0,1.0,1.0,00-0035042,J.Gillan
2022_16_NYG_MIN,REG,16,MIN,48.0,0.0,0.0,1.0,00-0037500,R.Wright
2022_16_NYG_MIN,REG,16,NYG,61.0,0.0,1.0,1.0,00-0035042,J.Gillan
2022_16_NYG_MIN,REG,16,MIN,57.0,0.0,1.0,1.0,00-0037500,R.Wright
2022_16_NYG_MIN,REG,16,NYG,28.0,0.0,1.0,1.0,00-0035042,J.Gillan
2022_16_NYG_MIN,REG,16,MIN,56.0,0.0,0.0,1.0,00-0037500,R.Wright
2022_16_NYG_MIN,REG,16,MIN,52.0,0.0,0.0,1.0,00-0037500,R.Wright
2022_16_NYG_MIN,REG,16,NYG,0.0,1.0,0.0,1.0,00-0035042,J.Gillan
2022_16_PHI_DAL,REG,16,DAL,57.0,0.0,0.0,1.0,00-0029692,B.Anger
2022_16_SEA_KC,REG,16,KC,56.0,0.0,1.0,1.0,00-0035889,T.Townsend
2022_16_SEA_KC,REG,16,SEA,56.0,0.0,0.0,1.0,00-0034160,M.Dickson
2022_16_SEA_KC,REG,16,KC,22.0,0.0,0.0,1.0,00-0035889,T.Townsend
2022_16_SEA_KC,REG,16,SEA,48.0,0.0,0.0,1.0,00-0034160,M.Dickson
2022_16_SEA_KC,REG,16,KC,53.0,0.0,1.0,1.0,00-0035889,T.Townsend
2022_16_SEA_KC,REG,16,SEA,56.0,0.0,0.0,1.0,00-0034160,M.Dickson
2022_16_SEA_KC,REG,16,SEA,40.0,0.0,1.0,1.0,00-0034160,M.Dickson
2022_16_SEA_KC,REG,16,SEA,38.0,0.0,0.0,1.0,00-0034160,M.Dickson
2022_16_SEA_KC,REG,16,KC,42.0,0.0,1.0,1.0,00-0035889,T.Townsend
2022_16_SEA_KC,REG,16,KC,33.0,0.0,0.0,1.0,00-0035889,T.Townsend
2022_16_SEA_KC,REG,16,KC,40.0,0.0,0.0,1.0,00-0035889,T.Townsend
2022_16_TB_ARI,REG,16,ARI,39.0,0.0,1.0,1.0,00-0022824,A.Lee
2022_16_TB_ARI,REG,16,TB,46.0,0.0,0.0,1.0,00-0038042,J.Camarda
2022_16_TB_ARI,REG,16,ARI,39.0,0.0,0.0,1.0,00-0022824,A.Lee
2022_16_TB_ARI,REG,16,ARI,38.0,0.0,1.0,1.0,00-0022824,A.Lee
2022_16_TB_ARI,REG,16,TB,53.0,0.0,0.0,1.0,00-0038042,J.Camarda
2022_16_TB_ARI,REG,16,ARI,58.0,0.0,1.0,1.0,00-0022824,A.Lee
2022_16_TB_ARI,REG,16,TB,52.0,0.0,0.0,1.0,00-0038042,J.Camarda
2022_16_TB_ARI,REG,16,ARI,45.0,0.0,0.0,1.0,00-0022824,A.Lee
2022_16_TB_ARI,REG,16,TB,36.0,0.0,0.0,1.0,00-0038042,J.Camarda
2022_16_TB_ARI,REG,16,ARI,51.0,0.0,0.0,1.0,00-0022824,A.Lee
2022_16_TB_ARI,REG,16,TB,57.0,0.0,0.0,1.0,00-0038042,J.Camarda
2022_16_TB_ARI,REG,16,ARI,52.0,0.0,1.0,1.0,00-0022824,A.Lee
2022_16_WAS_SF,REG,16,WAS,62.0,0.0,0.0,1.0,00-0030140,T.Way
2022_16_WAS_SF,REG,16,WAS,52.0,0.0,0.0,1.0,00-0030140,T.Way
2022_16_WAS_SF,REG,16,SF,41.0,0.0,1.0,1.0,00-0034941,M.Wishnowsky
2022_16_WAS_SF,REG,16,WAS,36.0,0.0,1.0,1.0,00-0030140,T.Way
2022_16_WAS_SF,REG,16,WAS,42.0,0.0,0.0,1.0,00-0030140,T.Way
2022_16_WAS_SF,REG,16,SF,39.0,0.0,0.0,1.0,00-0034941,M.Wishnowsky
2022_17_ARI_ATL,REG,17,ARI,34.0,0.0,1.0,1.0,00-0022824,A.Lee
2022_17_ARI_ATL,REG,17,ARI,0.0,1.0,0.0,1.0,00-0022824,A.Lee
2022_17_ARI_ATL,REG,17,ATL,62.0,0.0,1.0,1.0,00-0032065,B.Pinion
2022_17_ARI_ATL,REG,17,ATL,40.0,0.0,0.0,1.0,00-0032065,B.Pinion
2022_17_ARI_ATL,REG,17,ATL,46.0,0.0,1.0,1.0,00-0032065,B.Pinion
2022_17_CAR_TB,REG,17,CAR,41.0,0.0,1.0,1.0,00-0028872,J.Hekker
2022_17_CAR_TB,REG,17,TB,47.0,0.0,0.0,1.0,00-0038042,J.Camarda
2022_17_CAR_TB,REG,17,CAR,57.0,0.0,1.0,1.0,00-0028872,J.Hekker
2022_17_CAR_TB,REG,17,TB,50.0,0.0,0.0,1.0,00-0038042,J.Camarda
2022_17_CAR_TB,REG,17,CAR,58.0,0.0,0.0,1.0,00-0028872,J.Hekker
2022_17_CAR_TB,REG,17,TB,47.0,0.0,1.0,1.0,00-0038042,J.Camarda
2022_17_CAR_TB,REG,17,CAR,55.0,0.0,1.0,1.0,00-0028872,J.Hekker
2022_17_CAR_TB,REG,17,CAR,40.0,0.0,0.0,1.0,00-0028872,J.Hekker
2022_17_CAR_TB,REG,17,TB,42.0,0.0,0.0,1.0,00-0038042,J.Camarda
2022_17_CAR_TB,REG,17,TB,41.0,0.0,1.0,1.0,00-0038042,J.Camarda
2022_17_CHI_DET,REG,17,CHI,41.0,0.0,1.0,1.0,00-0037097,T.Gill
2022_17_CHI_DET,REG,17,DET,60.0,0.0,0.0,1.0,00-0035156,J.Fox
2022_17_CHI_DET,REG,17,CHI,43.0,0.0,0.0,1.0,00-0037097,T.Gill
2022_17_CHI_DET,REG,17,CHI,56.0,0.0,1.0,1.0,00-0037097,T.Gill
2022_17_CHI_DET,REG,17,CHI,51.0,0.0,1.0,1.0,00-0037097,T.Gill
2022_17_CHI_DET,REG,17,DET,46.0,0.0,0.0,1.0,00-0035156,J.Fox
2022_17_CHI_DET,REG,17,CHI,37.0,0.0,0.0,1.0,00-0037097,T.Gill
2022_17_CHI_DET,REG,17,DET,44.0,0.0,1.0,1.0,00-0035156,J.Fox
2022_17_CHI_DET,REG,17,CHI,38.0,0.0,0.0,1.0,00-0037097,T.Gill
2022_17_CHI_DET,REG,17,CHI,55.0,0.0,0.0,1.0,00-0037097,T.Gill
2022_17_CLE_WAS,REG,17,CLE,64.0,0.0,0.0,1.0,00-0034721,C.Bojorquez
2022_17_CLE_WAS,REG,17,CLE,47.0,0.0,1.0,1.0,00-0034721,C.Bojorquez
2022_17_CLE_WAS,REG,17,WAS,48.0,0.0,0.0,1.0,00-0030140,T.Way
2022_17_CLE_WAS,REG,17,WAS,42.0,0.0,1.0,1.0,00-0030140,T.Way
2022_17_CLE_WAS,REG,17,CLE,45.0,0.0,0.0,1.0,00-0034721,C.Bojorquez
2022_17_CLE_WAS,REG,17,CLE,31.0,0.0,1.0,1.0,00-0034721,C.Bojorquez
2022_17_DAL_TEN,REG,17,DAL,38.0,0.0,1.0,1.0,00-0029692,B.Anger
2022_17_DAL_TEN,REG,17,TEN,49.0,0.0,0.0,1.0,00-0037607,R.Stonehouse
2022_17_DAL_TEN,REG,17,TEN,49.0,0.0,0.0,1.0,00-0037607,R.Stonehouse
2022_17_DAL_TEN,REG,17,TEN,39.0,0.0,1.0,1.0,00-0037607,R.Stonehouse
2022_17_DAL_TEN,REG,17,TEN,55.0,0.0,0.0,1.0,00-0037607,R.Stonehouse
2022_17_DAL_TEN,REG,17,TEN,45.0,0.0,0.0,1.0,00-0037607,R.Stonehouse
2022_17_DAL_TEN,REG,17,DAL,42.0,0.0,1.0,1.0,00-0029692,B.Anger
2022_17_DAL_TEN,REG,17,DAL,41.0,0.0,1.0,1.0,00-0029692,B.Anger
2022_17_DEN_KC,REG,17,DEN,43.0,0.0,0.0,1.0,00-0035821,C.Waitman
2022_17_DEN_KC,REG,17,DEN,50.0,0.0,1.0,1.0,00-0035821,C.Waitman
2022_17_DEN_KC,REG,17,KC,60.0,0.0,0.0,1.0,00-0035889,T.Townsend
2022_17_DEN_KC,REG,17,DEN,53.0,0.0,1.0,1.0,00-0035821,C.Waitman
2022_17_DEN_KC,REG,17,KC,49.0,0.0,0.0,1.0,00-0035889,T.Townsend
2022_17_DEN_KC,REG,17,DEN,57.0,0.0,0.0,1.0,00-0035821,C.Waitman
2022_17_DEN_KC,REG,17,KC,48.0,0.0,0.0,1.0,00-0035889,T.Townsend
2022_17_DEN_KC,REG,17,KC,56.0,0.0,1.0,1.0,00-0035889,T.Townsend
2022_17_DEN_KC,REG,17,DEN,54.0,0.0,0.0,1.0,00-0035821,C.Waitman
2022_17_DEN_KC,REG,17,KC,50.0,0.0,0.0,1.0,00-0035889,T.Townsend
2022_17_IND_NYG,REG,17,IND,42.0,0.0,0.0,1.0,00-0033400,M.Haack
2022_17_IND_NYG,REG,17,NYG,47.0,0.0,0.0,1.0,00-0035042,J.Gillan
2022_17_IND_NYG,REG,17,IND,38.0,0.0,0.0,1.0,00-0033400,M.Haack
2022_17_IND_NYG,REG,17,IND,22.0,0.0,0.0,1.0,00-0033400,M.Haack
2022_17_IND_NYG,REG,17,IND,45.0,0.0,1.0,1.0,00-0033400,M.Haack
2022_17_JAX_HOU,REG,17,HOU,51.0,0.0,0.0,1.0,00-0033729,C.Johnston
2022_17_JAX_HOU,REG,17,JAX,39.0,0.0,1.0,1.0,00-0034437,L.Cooke
2022_17_JAX_HOU,REG,17,HOU,46.0,0.0,0.0,1.0,00-0033729,C.Johnston
2022_17_JAX_HOU,REG,17,JAX,37.0,0.0,1.0,1.0,00-0034437,L.Cooke
2022_17_JAX_HOU,REG,17,HOU,45.0,0.0,0.0,1.0,00-0033729,C.Johnston
2022_17_JAX_HOU,REG,17,HOU,47.0,0.0,1.0,1.0,00-0033729,C.Johnston
2022_17_JAX_HOU,REG,17,JAX,57.0,0.0,0.0,1.0,00-0034437,L.Cooke
2022_17_JAX_HOU,REG,17,HOU,32.0,0.0,1.0,1.0,00-0033729,C.Johnston
2022_17_JAX_HOU,REG,17,JAX,42.0,0.0,1.0,1.0,00-0034437,L.Cooke
2022_17_JAX_HOU,REG,17,HOU,53.0,0.0,0.0,1.0,00-0033729,C.Johnston
2022_17_JAX_HOU,REG,17,JAX,42.0,0.0,1.0,1.0,00-0034437,L.Cooke
2022_17_LA_LAC,REG,17,LAR,36.0,0.0,0.0,1.0,00-0032943,R.Dixon
2022_17_LA_LAC,REG,17,LAC,48.0,0.0,1.0,1.0,00-0034162,J.Scott
2022_17_LA_LAC,REG,17,LAR,31.0,0.0,1.0,1.0,00-0032943,R.Dixon
2022_17_LA_LAC,REG,17,LAC,36.0,0.0,0.0,1.0,00-0034162,J.Scott
2022_17_LA_LAC,REG,17,LAR,47.0,0.0,0.0,1.0,00-0032943,R.Dixon
2022_17_LA_LAC,REG,17,LAR,51.0,0.0,0.0,1.0,00-0032943,R.Dixon
2022_17_LA_LAC,REG,17,LAC,44.0,0.0,1.0,1.0,00-0034162,J.Scott
2022_17_LA_LAC,REG,17,LAR,57.0,0.0,0.0,1.0,00-0032943,R.Dixon
2022_17_LA_LAC,REG,17,LAC,33.0,0.0,1.0,1.0,00-0034162,J.Scott
2022_17_MIA_NE,REG,17,MIA,45.0,0.0,1.0,1.0,00-0027114,T.Morstead
2022_17_MIA_NE,REG,17,NE,45.0,0.0,0.0,1.0,00-0031363,M.Palardy
2022_17_MIA_NE,REG,17,NE,37.0,0.0,0.0,1.0,00-0031363,M.Palardy
2022_17_MIA_NE,REG,17,MIA,46.0,0.0,1.0,1.0,00-0027114,T.Morstead
2022_17_MIA_NE,REG,17,NE,34.0,0.0,0.0,1.0,00-0031363,M.Palardy
2022_17_MIA_NE,REG,17,MIA,51.0,0.0,1.0,1.0,00-0027114,T.Morstead
2022_17_MIA_NE,REG,17,NE,38.0,0.0,0.0,1.0,00-0031363,M.Palardy
2022_17_MIA_NE,REG,17,NE,58.0,0.0,0.0,1.0,00-0031363,M.Palardy
2022_17_MIA_NE,REG,17,MIA,47.0,0.0,1.0,1.0,00-0027114,T.Morstead
2022_17_MIN_GB,REG,17,MIN,55.0,0.0,0.0,1.0,00-0037500,R.Wright
2022_17_MIN_GB,REG,17,GB,0.0,1.0,0.0,1.0,00-0031079,P.O'Donnell
2022_17_MIN_GB,REG,17,MIN,40.0,0.0,0.0,1.0,00-0037500,R.Wright
2022_17_MIN_GB,REG,17,GB,43.0,0.0,1.0,1.0,00-0031079,P.O'Donnell
2022_17_MIN_GB,REG,17,GB,38.0,0.0,0.0,1.0,00-0031079,P.O'Donnell
2022_17_NO_PHI,REG,17,PHI,53.0,0.0,0.0,1.0,00-0025825,B.Kern
2022_17_NO_PHI,REG,17,NO,33.0,0.0,1.0,1.0,00-0035859,B.Gillikin
2022_17_NO_PHI,REG,17,PHI,39.0,0.0,0.0,1.0,00-0025825,B.Kern
2022_17_NO_PHI,REG,17,PHI,45.0,0.0,0.0,1.0,00-0025825,B.Kern
2022_17_NO_PHI,REG,17,PHI,38.0,0.0,0.0,1.0,00-0025825,B.Kern
2022_17_NO_PHI,REG,17,NO,55.0,0.0,1.0,1.0,00-0035859,B.Gillikin
2022_17_NO_PHI,REG,17,PHI,26.0,0.0,0.0,1.0,00-0025825,B.Kern
2022_17_NO_PHI,REG,17,NO,42.0,0.0,1.0,1.0,00-0035859,B.Gillikin
2022_17_NO_PHI,REG,17,NO,43.0,0.0,1.0,1.0,00-0035859,B.Gillikin
2022_17_NO_PHI,REG,17,PHI,50.0,0.0,0.0,1.0,00-0025825,B.Kern
2022_17_NO_PHI,REG,17,NO,47.0,0.0,0.0,1.0,00-0035859,B.Gillikin
2022_17_NO_PHI,REG,17,NO,36.0,0.0,1.0,1.0,00-0035859,B.Gillikin
2022_17_NYJ_SEA,REG,17,SEA,47.0,0.0,0.0,1.0,00-0034160,M.Dickson
2022_17_NYJ_SEA,REG,17,SEA,44.0,0.0,1.0,1.0,00-0034160,M.Dickson
2022_17_NYJ_SEA,REG,17,NYJ,24.0,0.0,0.0,1.0,00-0036313,B.Mann
2022_17_NYJ_SEA,REG,17,SEA,35.0,0.0,1.0,1.0,00-0034160,M.Dickson
2022_17_NYJ_SEA,REG,17,NYJ,59.0,0.0,0.0,1.0,00-0036313,B.Mann
2022_17_NYJ_SEA,REG,17,NYJ,47.0,0.0,1.0,1.0,00-0036313,B.Mann
2022_17_NYJ_SEA,REG,17,SEA,43.0,0.0,0.0,1.0,00-0034160,M.Dickson
2022_17_PIT_BAL,REG,17,PIT,48.0,0.0,1.0,1.0,00-0036847,P.Harvin
2022_17_PIT_BAL,REG,17,BAL,49.0,0.0,0.0,1.0,00-0038094,J.Stout
2022_17_PIT_BAL,REG,17,BAL,40.0,0.0,1.0,1.0,00-0038094,J.Stout
2022_17_PIT_BAL,REG,17,BAL,34.0,0.0,1.0,1.0,00-0038094,J.Stout
2022_17_PIT_BAL,REG,17,PIT,51.0,0.0,0.0,1.0,00-0036847,P.Harvin
2022_17_PIT_BAL,REG,17,BAL,56.0,0.0,0.0,1.0,00-0038094,J.Stout
2022_17_SF_LV,REG,17,SF,37.0,0.0,0.0,1.0,00-0034941,M.Wishnowsky
2022_17_SF_LV,REG,17,SF,56.0,0.0,1.0,1.0,00-0034941,M.Wishnowsky
2022_17_SF_LV,REG,17,LV,52.0,0.0,1.0,1.0,00-0035190,A.Cole
2022_17_SF_LV,REG,17,LV,29.0,0.0,0.0,1.0,00-0035190,A.Cole
2022_18_ARI_SF,REG,18,ARI,50.0,0.0,0.0,1.0,00-0022824,A.Lee
2022_18_ARI_SF,REG,18,SF,44.0,0.0,0.0,1.0,00-0034941,M.Wishnowsky
2022_18_ARI_SF,REG,18,SF,42.0,0.0,0.0,1.0,00-0034941,M.Wishnowsky
2022_18_ARI_SF,REG,18,ARI,53.0,0.0,0.0,1.0,00-0022824,A.Lee
2022_18_ARI_SF,REG,18,SF,39.0,0.0,1.0,1.0,00-0034941,M.Wishnowsky
2022_18_ARI_SF,REG,18,SF,46.0,0.0,1.0,1.0,00-0034941,M.Wishnowsky
2022_18_ARI_SF,REG,18,ARI,51.0,0.0,0.0,1.0,00-0022824,A.Lee
2022_18_ARI_SF,REG,18,SF,47.0,0.0,1.0,1.0,00-0034941,M.Wishnowsky
2022_18_BAL_CIN,REG,18,BAL,34.0,0.0,0.0,1.0,00-0038094,J.Stout
2022_18_BAL_CIN,REG,18,CIN,43.0,0.0,0.0,1.0,00-0036729,D.Chrisman
2022_18_BAL_CIN,REG,18,CIN,56.0,0.0,1.0,1.0,00-0036729,D.Chrisman
2022_18_BAL_CIN,REG,18,CIN,42.0,0.0,0.0,1.0,00-0036729,D.Chrisman
2022_18_BAL_CIN,REG,18,BAL,49.0,0.0,1.0,1.0,00-0038094,J.Stout
2022_18_BAL_CIN,REG,18,CIN,48.0,0.0,1.0,1.0,00-0036729,D.Chrisman
2022_18_BAL_CIN,REG,18,CIN,52.0,0.0,1.0,1.0,00-0036729,D.Chrisman
2022_18_BAL_CIN,REG,18,BAL,54.0,0.0,0.0,1.0,00-0038094,J.Stout
2022_18_BAL_CIN,REG,18,CIN,59.0,0.0,0.0,1.0,00-0036729,D.Chrisman
2022_18_BAL_CIN,REG,18,CIN,62.0,0.0,0.0,1.0,00-0036729,D.Chrisman
2022_18_CAR_NO,REG,18,CAR,41.0,0.0,1.0,1.0,00-0028872,J.Hekker
2022_18_CAR_NO,REG,18,NO,42.0,0.0,1.0,1.0,00-0035859,B.Gillikin
2022_18_CAR_NO,REG,18,CAR,54.0,0.0,0.0,1.0,00-0028872,J.Hekker
2022_18_CAR_NO,REG,18,CAR,50.0,0.0,1.0,1.0,00-0028872,J.Hekker
2022_18_CAR_NO,REG,18,NO,68.0,0.0,0.0,1.0,00-0035859,B.Gillikin
2022_18_CAR_NO,REG,18,CAR,45.0,0.0,0.0,1.0,00-0028872,J.Hekker
2022_18_CAR_NO,REG,18,NO,37.0,0.0,0.0,1.0,00-0035859,B.Gillikin
2022_18_CAR_NO,REG,18,CAR,41.0,0.0,1.0,1.0,00-0028872,J.Hekker
2022_18_CAR_NO,REG,18,NO,39.0,0.0,0.0,1.0,00-0035859,B.Gillikin
2022_18_CAR_NO,REG,18,CAR,50.0,0.0,1.0,1.0,00-0028872,J.Hekker
2022_18_CAR_NO,REG,18,NO,38.0,0.0,1.0,1.0,00-0035859,B.Gillikin
2022_18_CLE_PIT,REG,18,CLE,35.0,0.0,0.0,1.0,00-0034721,C.Bojorquez
2022_18_CLE_PIT,REG,18,CLE,54.0,0.0,0.0,1.0,00-0034721,C.Bojorquez
2022_18_CLE_PIT,REG,18,PIT,42.0,0.0,1.0,1.0,00-0036847,P.Harvin
2022_18_CLE_PIT,REG,18,CLE,56.0,0.0,0.0,1.0,00-0034721,C.Bojorquez
2022_18_CLE_PIT,REG,18,PIT,57.0,0.0,0.0,1.0,00-0036847,P.Harvin
2022_18_CLE_PIT,REG,18,CLE,49.0,0.0,0.0,1.0,00-0034721,C.Bojorquez
2022_18_CLE_PIT,REG,18,PIT,45.0,0.0,0.0,1.0,00-0036847,P.Harvin
2022_18_DAL_WAS,REG,18,DAL,50.0,0.0,0.0,1.0,00-0029692,B.Anger
2022_18_DAL_WAS,REG,18,WAS,41.0,0.0,1.0,1.0,00-0030140,T.Way
2022_18_DAL_WAS,REG,18,DAL,41.0,0.0,0.0,1.0,00-0029692,B.Anger
2022_18_DAL_WAS,REG,18,DAL,59.0,0.0,1.0,1.0,00-0029692,B.Anger
2022_18_DAL_WAS,REG,18,DAL,38.0,0.0,1.0,1.0,00-0029692,B.Anger
2022_18_DAL_WAS,REG,18,WAS,45.0,0.0,0.0,1.0,00-0030140,T.Way
2022_18_DAL_WAS,REG,18,WAS,48.0,0.0,0.0,1.0,00-0030140,T.Way
2022_18_DAL_WAS,REG,18,DAL,41.0,0.0,0.0,1.0,00-0029692,B.Anger
2022_18_DAL_WAS,REG,18,WAS,47.0,0.0,0.0,1.0,00-0030140,T.Way
2022_18_DAL_WAS,REG,18,DAL,54.0,0.0,0.0,1.0,00-0029692,B.Anger
2022_18_DAL_WAS,REG,18,WAS,49.0,0.0,1.0,1.0,00-0030140,T.Way
2022_18_DAL_WAS,REG,18,DAL,47.0,0.0,0.0,1.0,00-0029692,B.Anger
2022_18_DAL_WAS,REG,18,DAL,39.0,0.0,0.0,1.0,00-0029692,B.Anger
2022_18_DAL_WAS,REG,18,WAS,39.0,0.0,1.0,1.0,00-0030140,T.Way
2022_18_DAL_WAS,REG,18,DAL,51.0,0.0,0.0,1.0,00-0029692,B.Anger
2022_18_DAL_WAS,REG,18,DAL,58.0,0.0,1.0,1.0,00-0029692,B.Anger
2022_18_DAL_WAS,REG,18,WAS,50.0,0.0,0.0,1.0,00-0030140,T.Way
2022_18_DET_GB,REG,18,DET,57.0,0.0,0.0,1.0,00-0035156,J.Fox
2022_18_DET_GB,REG,18,DET,40.0,0.0,0.0,1.0,00-0035156,J.Fox
2022_18_DET_GB,REG,18,DET,50.0,0.0,0.0,1.0,00-0035156,J.Fox
2022_18_DET_GB,REG,18,DET,41.0,0.0,0.0,1.0,00-0035156,J.Fox
2022_18_DET_GB,REG,18,GB,37.0,0.0,0.0,1.0,00-0031079,P.O'Donnell
2022_18_HOU_IND,REG,18,HOU,36.0,0.0,1.0,1.0,00-0033729,C.Johnston
2022_18_HOU_IND,REG,18,IND,60.0,0.0,0.0,1.0,00-0033400,M.Haack
2022_18_HOU_IND,REG,18,HOU,36.0,0.0,1.0,1.0,00-0033729,C.Johnston
2022_18_HOU_IND,REG,18,HOU,47.0,0.0,0.0,1.0,00-0033729,C.Johnston
2022_18_HOU_IND,REG,18,IND,57.0,0.0,1.0,1.0,00-0033400,M.Haack
2022_18_HOU_IND,REG,18,HOU,51.0,0.0,1.0,1.0,00-0033729,C.Johnston
2022_18_KC_LV,REG,18,KC,37.0,0.0,1.0,1.0,00-0035889,T.Townsend
2022_18_KC_LV,REG,18,KC,59.0,0.0,0.0,1.0,00-0035889,T.Townsend
2022_18_KC_LV,REG,18,LV,63.0,0.0,1.0,1.0,00-0035190,A.Cole
2022_18_KC_LV,REG,18,KC,61.0,0.0,1.0,1.0,00-0035889,T.Townsend
2022_18_KC_LV,REG,18,LV,59.0,0.0,0.0,1.0,00-0035190,A.Cole
2022_18_KC_LV,REG,18,KC,39.0,0.0,1.0,1.0,00-0035889,T.Townsend
2022_18_LAC_DEN,REG,18,LAC,56.0,0.0,1.0,1.0,00-0034162,J.Scott
2022_18_LAC_DEN,REG,18,DEN,46.0,0.0,0.0,1.0,00-0035821,C.Waitman
2022_18_LAC_DEN,REG,18,DEN,52.0,0.0,0.0,1.0,00-0035821,C.Waitman
2022_18_LAC_DEN,REG,18,LAC,60.0,0.0,0.0,1.0,00-0034162,J.Scott
2022_18_LAC_DEN,REG,18,DEN,38.0,0.0,0.0,1.0,00-0035821,C.Waitman
2022_18_LAC_DEN,REG,18,LAC,58.0,0.0,0.0,1.0,00-0034162,J.Scott
2022_18_LAC_DEN,REG,18,DEN,43.0,0.0,1.0,1.0,00-0035821,C.Waitman
2022_18_LAC_DEN,REG,18,LAC,45.0,0.0,0.0,1.0,00-0034162,J.Scott
2022_18_LAC_DEN,REG,18,DEN,59.0,0.0,0.0,1.0,00-0035821,C.Waitman
2022_18_LAC_DEN,REG,18,LAC,60.0,0.0,1.0,1.0,00-0034162,J.Scott
2022_18_LA_SEA,REG,18,LAR,46.0,0.0,0.0,1.0,00-0032943,R.Dixon
2022_18_LA_SEA,REG,18,SEA,51.0,0.0,0.0,1.0,00-0034160,M.Dickson
2022_18_LA_SEA,REG,18,LAR,47.0,0.0,0.0,1.0,00-0032943,R.Dixon
2022_18_LA_SEA,REG,18,SEA,48.0,0.0,1.0,1.0,00-0034160,M.Dickson
2022_18_LA_SEA,REG,18,SEA,28.0,0.0,0.0,1.0,00-0034160,M.Dickson
2022_18_LA_SEA,REG,18,LAR,58.0,0.0,1.0,1.0,00-0032943,R.Dixon
2022_18_LA_SEA,REG,18,LAR,27.0,0.0,1.0,1.0,00-0032943,R.Dixon
2022_18_LA_SEA,REG,18,SEA,54.0,0.0,0.0,1.0,00-0034160,M.Dickson
2022_18_LA_SEA,REG,18,LAR,41.0,0.0,1.0,1.0,00-0032943,R.Dixon
2022_18_LA_SEA,REG,18,LAR,67.0,0.0,0.0,1.0,00-0032943,R.Dixon
2022_18_LA_SEA,REG,18,SEA,52.0,0.0,0.0,1.0,00-0034160,M.Dickson
2022_18_MIN_CHI,REG,18,CHI,43.0,0.0,0.0,1.0,00-0037097,T.Gill
2022_18_MIN_CHI,REG,18,CHI,24.0,0.0,1.0,1.0,00-0037097,T.Gill
2022_18_MIN_CHI,REG,18,CHI,44.0,0.0,1.0,1.0,00-0037097,T.Gill
2022_18_MIN_CHI,REG,18,MIN,35.0,0.0,0.0,1.0,00-0037500,R.Wright
2022_18_NE_BUF,REG,18,NE,49.0,0.0,0.0,1.0,00-0031363,M.Palardy
2022_18_NE_BUF,REG,18,BUF,41.0,0.0,0.0,1.0,00-0030092,S.Martin
2022_18_NE_BUF,REG,18,NE,44.0,0.0,0.0,1.0,00-0031363,M.Palardy
2022_18_NE_BUF,REG,18,BUF,39.0,0.0,0.0,1.0,00-0030092,S.Martin
2022_18_NE_BUF,REG,18,NE,28.0,0.0,1.0,1.0,00-0031363,M.Palardy
2022_18_NE_BUF,REG,18,NE,40.0,0.0,0.0,1.0,00-0031363,M.Palardy
2022_18_NE_BUF,REG,18,BUF,45.0,0.0,1.0,1.0,00-0030092,S.Martin
2022_18_NYG_PHI,REG,18,NYG,46.0,0.0,0.0,1.0,00-0035042,J.Gillan
2022_18_NYG_PHI,REG,18,NYG,54.0,0.0,0.0,1.0,00-0035042,J.Gillan
2022_18_NYG_PHI,REG,18,PHI,38.0,0.0,1.0,1.0,00-0025825,B.Kern
2022_18_NYG_PHI,REG,18,NYG,46.0,0.0,0.0,1.0,00-0035042,J.Gillan
2022_18_NYG_PHI,REG,18,NYG,39.0,0.0,0.0,1.0,00-0035042,J.Gillan
2022_18_NYG_PHI,REG,18,NYG,42.0,0.0,0.0,1.0,00-0035042,J.Gillan
2022_18_NYG_PHI,REG,18,NYG,37.0,0.0,0.0,1.0,00-0035042,J.Gillan
2022_18_NYG_PHI,REG,18,PHI,29.0,0.0,0.0,1.0,00-0025825,B.Kern
2022_18_NYJ_MIA,REG,18,NYJ,40.0,0.0,1.0,1.0,00-0036313,B.Mann
2022_18_NYJ_MIA,REG,18,MIA,41.0,0.0,1.0,1.0,00-0027114,T.Morstead
2022_18_NYJ_MIA,REG,18,NYJ,61.0,0.0,1.0,1.0,00-0036313,B.Mann
2022_18_NYJ_MIA,REG,18,MIA,55.0,0.0,0.0,1.0,00-0027114,T.Morstead
2022_18_NYJ_MIA,REG,18,NYJ,57.0,0.0,1.0,1.0,00-0036313,B.Mann
2022_18_NYJ_MIA,REG,18,MIA,31.0,0.0,1.0,1.0,00-0027114,T.Morstead
2022_18_NYJ_MIA,REG,18,NYJ,41.0,0.0,1.0,1.0,00-0036313,B.Mann
2022_18_NYJ_MIA,REG,18,MIA,54.0,0.0,0.0,1.0,00-0027114,T.Morstead
2022_18_NYJ_MIA,REG,18,NYJ,42.0,0.0,0.0,1.0,00-0036313,B.Mann
2022_18_TB_ATL,REG,18,ATL,52.0,0.0,0.0,1.0,00-0032065,B.Pinion
2022_18_TB_ATL,REG,18,TB,42.0,0.0,1.0,1.0,00-0038042,J.Camarda
2022_18_TB_ATL,REG,18,ATL,53.0,0.0,1.0,1.0,00-0032065,B.Pinion
2022_18_TB_ATL,REG,18,TB,43.0,0.0,0.0,1.0,00-0038042,J.Camarda
2022_18_TB_ATL,REG,18,ATL,49.0,0.0,0.0,1.0,00-0032065,B.Pinion
2022_18_TB_ATL,REG,18,TB,66.0,0.0,0.0,1.0,00-0038042,J.Camarda
2022_18_TB_ATL,REG,18,TB,56.0,0.0,1.0,1.0,00-0038042,J.Camarda
2022_18_TB_ATL,REG,18,TB,46.0,0.0,0.0,1.0,00-0038042,J.Camarda
2022_18_TEN_JAX,REG,18,TEN,60.0,0.0,0.0,1.0,00-0037607,R.Stonehouse
2022_18_TEN_JAX,REG,18,JAX,56.0,0.0,1.0,1.0,00-0034437,L.Cooke
2022_18_TEN_JAX,REG,18,JAX,44.0,0.0,1.0,1.0,00-0034437,L.Cooke
2022_18_TEN_JAX,REG,18,TEN,55.0,0.0,0.0,1.0,00-0037607,R.Stonehouse
2022_18_TEN_JAX,REG,18,JAX,48.0,0.0,1.0,1.0,00-0034437,L.Cooke
2022_18_TEN_JAX,REG,18,TEN,51.0,0.0,0.0,1.0,00-0037607,R.Stonehouse
2022_18_TEN_JAX,REG,18,JAX,56.0,0.0,1.0,1.0,00-0034437,L.Cooke
