game_id,season_type,week,posteam,kick_distance,punt_blocked,punt_inside_twenty,punt_attempt,punter_player_id,punter_player_name
2024_01_ARI_BUF,REG,1,ARI,50.0,0.0,0.0,1.0,00-0035859,B.Gillikin
2024_01_ARI_BUF,REG,1,BUF,51.0,0.0,0.0,1.0,00-0030092,S.Martin
2024_01_ARI_BUF,REG,1,BUF,34.0,0.0,1.0,1.0,00-0030092,S.Martin
2024_01_ARI_BUF,REG,1,ARI,28.0,0.0,0.0,1.0,00-0035859,B.Gillikin
2024_01_BAL_KC,REG,1,BAL,40.0,0.0,1.0,1.0,00-0038094,J.Stout
2024_01_BAL_KC,REG,1,KC,56.0,0.0,0.0,1.0,00-0037284,M.Araiza
2024_01_BAL_KC,REG,1,BAL,35.0,0.0,1.0,1.0,00-0038094,J.Stout
2024_01_BAL_KC,REG,1,KC,40.0,0.0,0.0,1.0,00-0037284,M.Araiza
2024_01_BAL_KC,REG,1,KC,48.0,0.0,1.0,1.0,00-0037284,M.Araiza
2024_01_CAR_NO,REG,1,CAR,46.0,0.0,0.0,1.0,00-0028872,J.Hekker
2024_01_CAR_NO,REG,1,CAR,46.0,0.0,0.0,1.0,00-0028872,J.Hekker
2024_01_CAR_NO,REG,1,CAR,53.0,0.0,0.0,1.0,00-0028872,J.Hekker
2024_01_CAR_NO,REG,1,CAR,11.0,0.0,0.0,1.0,00-0028872,J.Hekker
2024_01_CAR_NO,REG,1,NO,38.0,0.0,0.0,1.0,00-0039611,M.Hayball
2024_01_CAR_NO,REG,1,NO,35.0,0.0,1.0,1.0,00-0039611,M.Hayball
2024_01_CAR_NO,REG,1,CAR,35.0,0.0,0.0,1.0,00-0028872,J.Hekker
2024_01_DAL_CLE,REG,1,DAL,42.0,0.0,0.0,1.0,00-0029692,B.Anger
2024_01_DAL_CLE,REG,1,CLE,58.0,0.0,1.0,1.0,00-0034721,C.Bojorquez
2024_01_DAL_CLE,REG,1,DAL,52.0,0.0,0.0,1.0,00-0029692,B.Anger
2024_01_DAL_CLE,REG,1,CLE,53.0,0.0,0.0,1.0,00-0034721,C.Bojorquez
2024_01_DAL_CLE,REG,1,DAL,46.0,0.0,0.0,1.0,00-0029692,B.Anger
2024_01_DAL_CLE,REG,1,CLE,56.0,0.0,0.0,1.0,00-0034721,C.Bojorquez
2024_01_DAL_CLE,REG,1,CLE,33.0,0.0,0.0,1.0,00-0034721,C.Bojorquez
2024_01_DAL_CLE,REG,1,CLE,46.0,0.0,0.0,1.0,00-0034721,C.Bojorquez
2024_01_DAL_CLE,REG,1,CLE,49.0,0.0,0.0,1.0,00-0034721,C.Bojorquez
2024_01_DAL_CLE,REG,1,DAL,43.0,0.0,0.0,1.0,00-0029692,B.Anger
2024_01_DAL_CLE,REG,1,CLE,62.0,0.0,0.0,1.0,00-0034721,C.Bojorquez
2024_01_DAL_CLE,REG,1,DAL,52.0,0.0,0.0,1.0,00-0029692,B.Anger
2024_01_DAL_CLE,REG,1,DAL,59.0,0.0,0.0,1.0,00-0029692,B.Anger
2024_01_DEN_SEA,REG,1,SEA,44.0,0.0,0.0,1.0,00-0034160,M.Dickson
2024_01_DEN_SEA,REG,1,DEN,39.0,0.0,0.0,1.0,00-0032943,R.Dixon
2024_01_DEN_SEA,REG,1,SEA,52.0,0.0,0.0,1.0,00-0034160,M.Dickson
2024_01_DEN_SEA,REG,1,DEN,38.0,0.0,0.0,1.0,00-0032943,R.Dixon
2024_01_DEN_SEA,REG,1,DEN,54.0,0.0,1.0,1.0,00-0032943,R.Dixon
2024_01_DEN_SEA,REG,1,DEN,65.0,0.0,1.0,1.0,00-0032943,R.Dixon
2024_01_DEN_SEA,REG,1,DEN,37.0,0.0,1.0,1.0,00-0032943,R.Dixon
2024_01_DEN_SEA,REG,1,SEA,52.0,0.0,0.0,1.0,00-0034160,M.Dickson
2024_01_DEN_SEA,REG,1,DEN,42.0,0.0,0.0,1.0,00-0032943,R.Dixon
2024_01_DEN_SEA,REG,1,DEN,65.0,0.0,0.0,1.0,00-0032943,R.Dixon
2024_01_DEN_SEA,REG,1,DEN,49.0,0.0,1.0,1.0,00-0032943,R.Dixon
2024_01_DEN_SEA,REG,1,SEA,50.0,0.0,0.0,1.0,00-0034160,M.Dickson
2024_01_DEN_SEA,REG,1,SEA,43.0,0.0,0.0,1.0,00-0034160,M.Dickson
2024_01_GB_PHI,REG,1,GB,33.0,0.0,1.0,1.0,00-0037547,D.Whelan
2024_01_GB_PHI,REG,1,PHI,54.0,0.0,0.0,1.0,00-0036313,B.Mann
2024_01_GB_PHI,REG,1,GB,41.0,0.0,0.0,1.0,00-0037547,D.Whelan
2024_01_GB_PHI,REG,1,PHI,47.0,0.0,1.0,1.0,00-0036313,B.Mann
2024_01_HOU_IND,REG,1,IND,58.0,0.0,1.0,1.0,00-0033269,R.Sanchez
2024_01_HOU_IND,REG,1,IND,39.0,0.0,1.0,1.0,00-0033269,R.Sanchez
2024_01_HOU_IND,REG,1,HOU,56.0,0.0,0.0,1.0,00-0035889,T.Townsend
2024_01_HOU_IND,REG,1,IND,55.0,0.0,1.0,1.0,00-0033269,R.Sanchez
2024_01_HOU_IND,REG,1,HOU,0.0,1.0,0.0,1.0,00-0035889,T.Townsend
2024_01_JAX_MIA,REG,1,JAX,48.0,0.0,0.0,1.0,00-0034437,L.Cooke
2024_01_JAX_MIA,REG,1,MIA,47.0,0.0,1.0,1.0,00-0035280,J.Bailey
2024_01_JAX_MIA,REG,1,MIA,57.0,0.0,1.0,1.0,00-0035280,J.Bailey
2024_01_JAX_MIA,REG,1,JAX,67.0,0.0,0.0,1.0,00-0034437,L.Cooke
2024_01_JAX_MIA,REG,1,JAX,52.0,0.0,1.0,1.0,00-0034437,L.Cooke
2024_01_JAX_MIA,REG,1,MIA,51.0,0.0,0.0,1.0,00-0035280,J.Bailey
2024_01_JAX_MIA,REG,1,JAX,55.0,0.0,1.0,1.0,00-0034437,L.Cooke
2024_01_JAX_MIA,REG,1,MIA,43.0,0.0,1.0,1.0,00-0035280,J.Bailey
2024_01_JAX_MIA,REG,1,JAX,44.0,0.0,1.0,1.0,00-0034437,L.Cooke
2024_01_JAX_MIA,REG,1,JAX,45.0,0.0,0.0,1.0,00-0034437,L.Cooke
2024_01_LA_DET,REG,1,LAR,48.0,0.0,0.0,1.0,00-0039059,E.Evans
2024_01_LA_DET,REG,1,DET,67.0,0.0,0.0,1.0,00-0035156,J.Fox
2024_01_LA_DET,REG,1,DET,64.0,0.0,0.0,1.0,00-0035156,J.Fox
2024_01_LA_DET,REG,1,LAR,43.0,0.0,0.0,1.0,00-0039059,E.Evans
2024_01_LA_DET,REG,1,DET,45.0,0.0,1.0,1.0,00-0035156,J.Fox
2024_01_LA_DET,REG,1,DET,54.0,0.0,1.0,1.0,00-0035156,J.Fox
2024_01_LA_DET,REG,1,LAR,50.0,0.0,0.0,1.0,00-0039059,E.Evans
2024_01_LV_LAC,REG,1,LAC,28.0,0.0,0.0,1.0,00-0034162,J.Scott
2024_01_LV_LAC,REG,1,LV,57.0,0.0,1.0,1.0,00-0035190,A.Cole
2024_01_LV_LAC,REG,1,LAC,51.0,0.0,0.0,1.0,00-0034162,J.Scott
2024_01_LV_LAC,REG,1,LAC,52.0,0.0,1.0,1.0,00-0034162,J.Scott
2024_01_LV_LAC,REG,1,LV,52.0,0.0,0.0,1.0,00-0035190,A.Cole
2024_01_LV_LAC,REG,1,LAC,55.0,0.0,0.0,1.0,00-0034162,J.Scott
2024_01_LV_LAC,REG,1,LV,59.0,0.0,1.0,1.0,00-0035190,A.Cole
2024_01_LV_LAC,REG,1,LAC,56.0,0.0,0.0,1.0,00-0034162,J.Scott
2024_01_LV_LAC,REG,1,LV,62.0,0.0,0.0,1.0,00-0035190,A.Cole
2024_01_LV_LAC,REG,1,LAC,49.0,0.0,0.0,1.0,00-0034162,J.Scott
2024_01_LV_LAC,REG,1,LAC,41.0,0.0,0.0,1.0,00-0034162,J.Scott
2024_01_LV_LAC,REG,1,LV,35.0,0.0,1.0,1.0,00-0035190,A.Cole
2024_01_MIN_NYG,REG,1,NYG,54.0,0.0,0.0,1.0,00-0035042,J.Gillan
2024_01_MIN_NYG,REG,1,NYG,39.0,0.0,1.0,1.0,00-0035042,J.Gillan
2024_01_MIN_NYG,REG,1,NYG,34.0,0.0,1.0,1.0,00-0035042,J.Gillan
2024_01_MIN_NYG,REG,1,MIN,48.0,0.0,1.0,1.0,00-0037500,R.Wright
2024_01_MIN_NYG,REG,1,NYG,52.0,0.0,1.0,1.0,00-0035042,J.Gillan
2024_01_MIN_NYG,REG,1,MIN,47.0,0.0,1.0,1.0,00-0037500,R.Wright
2024_01_MIN_NYG,REG,1,NYG,50.0,0.0,1.0,1.0,00-0035042,J.Gillan
2024_01_MIN_NYG,REG,1,MIN,26.0,0.0,0.0,1.0,00-0037500,R.Wright
2024_01_MIN_NYG,REG,1,MIN,47.0,0.0,1.0,1.0,00-0037500,R.Wright
2024_01_MIN_NYG,REG,1,NYG,48.0,0.0,0.0,1.0,00-0035042,J.Gillan
2024_01_NE_CIN,REG,1,CIN,57.0,0.0,0.0,1.0,00-0039323,R.Rehkow
2024_01_NE_CIN,REG,1,NE,44.0,0.0,1.0,1.0,00-0038610,B.Baringer
2024_01_NE_CIN,REG,1,CIN,80.0,0.0,0.0,1.0,00-0039323,R.Rehkow
2024_01_NE_CIN,REG,1,CIN,51.0,0.0,1.0,1.0,00-0039323,R.Rehkow
2024_01_NE_CIN,REG,1,NE,56.0,0.0,0.0,1.0,00-0038610,B.Baringer
2024_01_NE_CIN,REG,1,NE,54.0,0.0,0.0,1.0,00-0038610,B.Baringer
2024_01_NE_CIN,REG,1,NE,47.0,0.0,1.0,1.0,00-0038610,B.Baringer
2024_01_NE_CIN,REG,1,NE,49.0,0.0,1.0,1.0,00-0038610,B.Baringer
2024_01_NE_CIN,REG,1,CIN,70.0,0.0,0.0,1.0,00-0039323,R.Rehkow
2024_01_NYJ_SF,REG,1,NYJ,55.0,0.0,1.0,1.0,00-0027114,T.Morstead
2024_01_NYJ_SF,REG,1,SF,58.0,0.0,0.0,1.0,00-0034941,M.Wishnowsky
2024_01_NYJ_SF,REG,1,NYJ,45.0,0.0,0.0,1.0,00-0027114,T.Morstead
2024_01_NYJ_SF,REG,1,NYJ,60.0,0.0,1.0,1.0,00-0027114,T.Morstead
2024_01_PIT_ATL,REG,1,ATL,41.0,0.0,0.0,1.0,00-0032065,B.Pinion
2024_01_PIT_ATL,REG,1,PIT,45.0,0.0,1.0,1.0,00-0033729,C.Johnston
2024_01_PIT_ATL,REG,1,PIT,58.0,0.0,0.0,1.0,00-0033729,C.Johnston
2024_01_PIT_ATL,REG,1,ATL,55.0,0.0,0.0,1.0,00-0032065,B.Pinion
2024_01_PIT_ATL,REG,1,ATL,59.0,0.0,0.0,1.0,00-0032065,B.Pinion
2024_01_PIT_ATL,REG,1,ATL,55.0,0.0,0.0,1.0,00-0032065,B.Pinion
2024_01_PIT_ATL,REG,1,PIT,43.0,0.0,0.0,1.0,00-0031136,C.Boswell
2024_01_TEN_CHI,REG,1,TEN,50.0,0.0,0.0,1.0,00-0037607,R.Stonehouse
2024_01_TEN_CHI,REG,1,CHI,50.0,0.0,0.0,1.0,00-0039745,T.Taylor
2024_01_TEN_CHI,REG,1,TEN,49.0,0.0,0.0,1.0,00-0037607,R.Stonehouse
2024_01_TEN_CHI,REG,1,CHI,34.0,0.0,1.0,1.0,00-0039745,T.Taylor
2024_01_TEN_CHI,REG,1,CHI,43.0,0.0,1.0,1.0,00-0039745,T.Taylor
2024_01_TEN_CHI,REG,1,CHI,60.0,0.0,0.0,1.0,00-0039745,T.Taylor
2024_01_TEN_CHI,REG,1,TEN,0.0,1.0,0.0,1.0,00-0037607,R.Stonehouse
2024_01_TEN_CHI,REG,1,TEN,55.0,0.0,0.0,1.0,00-0037607,R.Stonehouse
2024_01_TEN_CHI,REG,1,CHI,49.0,0.0,0.0,1.0,00-0039745,T.Taylor
2024_01_TEN_CHI,REG,1,TEN,59.0,0.0,0.0,1.0,00-0037607,R.Stonehouse
2024_01_TEN_CHI,REG,1,TEN,55.0,0.0,1.0,1.0,00-0037607,R.Stonehouse
2024_01_TEN_CHI,REG,1,CHI,34.0,0.0,1.0,1.0,00-0039745,T.Taylor
2024_01_WAS_TB,REG,1,WAS,54.0,0.0,0.0,1.0,00-0030140,T.Way
2024_01_WAS_TB,REG,1,WAS,41.0,0.0,0.0,1.0,00-0030140,T.Way
2024_01_WAS_TB,REG,1,TB,38.0,0.0,0.0,1.0,00-0038042,J.Camarda
2024_01_WAS_TB,REG,1,WAS,44.0,0.0,1.0,1.0,00-0030140,T.Way
2024_02_ATL_PHI,REG,2,PHI,40.0,0.0,1.0,1.0,00-0036313,B.Mann
2024_02_ATL_PHI,REG,2,ATL,45.0,0.0,0.0,1.0,00-0032065,B.Pinion
2024_02_ATL_PHI,REG,2,ATL,44.0,0.0,0.0,1.0,00-0032065,B.Pinion
2024_02_ATL_PHI,REG,2,PHI,53.0,0.0,0.0,1.0,00-0036313,B.Mann
2024_02_BUF_MIA,REG,2,BUF,45.0,0.0,1.0,1.0,00-0030092,S.Martin
2024_02_BUF_MIA,REG,2,MIA,48.0,0.0,1.0,1.0,00-0035280,J.Bailey
2024_02_BUF_MIA,REG,2,BUF,39.0,0.0,1.0,1.0,00-0030092,S.Martin
2024_02_BUF_MIA,REG,2,BUF,65.0,0.0,0.0,1.0,00-0030092,S.Martin
2024_02_CHI_HOU,REG,2,CHI,41.0,0.0,0.0,1.0,00-0039745,T.Taylor
2024_02_CHI_HOU,REG,2,CHI,54.0,0.0,1.0,1.0,00-0039745,T.Taylor
2024_02_CHI_HOU,REG,2,HOU,37.0,0.0,0.0,1.0,00-0035889,T.Townsend
2024_02_CHI_HOU,REG,2,CHI,53.0,0.0,1.0,1.0,00-0039745,T.Taylor
2024_02_CHI_HOU,REG,2,HOU,60.0,0.0,1.0,1.0,00-0035889,T.Townsend
2024_02_CHI_HOU,REG,2,CHI,57.0,0.0,0.0,1.0,00-0039745,T.Taylor
2024_02_CHI_HOU,REG,2,HOU,47.0,0.0,0.0,1.0,00-0035889,T.Townsend
2024_02_CHI_HOU,REG,2,CHI,25.0,0.0,0.0,1.0,00-0039745,T.Taylor
2024_02_CHI_HOU,REG,2,HOU,42.0,0.0,0.0,1.0,00-0035889,T.Townsend
2024_02_CHI_HOU,REG,2,HOU,37.0,0.0,1.0,1.0,00-0035889,T.Townsend
2024_02_CHI_HOU,REG,2,CHI,54.0,0.0,0.0,1.0,00-0039745,T.Taylor
2024_02_CHI_HOU,REG,2,HOU,44.0,0.0,0.0,1.0,00-0035889,T.Townsend
2024_02_CIN_KC,REG,2,CIN,45.0,0.0,0.0,1.0,00-0039323,R.Rehkow
2024_02_CIN_KC,REG,2,KC,49.0,0.0,1.0,1.0,00-0037284,M.Araiza
2024_02_CIN_KC,REG,2,KC,63.0,0.0,1.0,1.0,00-0037284,M.Araiza
2024_02_CIN_KC,REG,2,CIN,53.0,0.0,0.0,1.0,00-0039323,R.Rehkow
2024_02_CLE_JAX,REG,2,JAX,55.0,0.0,1.0,1.0,00-0034437,L.Cooke
2024_02_CLE_JAX,REG,2,JAX,55.0,0.0,0.0,1.0,00-0034437,L.Cooke
2024_02_CLE_JAX,REG,2,CLE,64.0,0.0,0.0,1.0,00-0034721,C.Bojorquez
2024_02_CLE_JAX,REG,2,JAX,46.0,0.0,0.0,1.0,00-0034437,L.Cooke
2024_02_CLE_JAX,REG,2,CLE,31.0,0.0,0.0,1.0,00-0034721,C.Bojorquez
2024_02_CLE_JAX,REG,2,CLE,56.0,0.0,1.0,1.0,00-0034721,C.Bojorquez
2024_02_CLE_JAX,REG,2,CLE,39.0,0.0,1.0,1.0,00-0034721,C.Bojorquez
2024_02_CLE_JAX,REG,2,CLE,28.0,0.0,1.0,1.0,00-0034721,C.Bojorquez
2024_02_IND_GB,REG,2,IND,49.0,0.0,1.0,1.0,00-0033269,R.Sanchez
2024_02_IND_GB,REG,2,IND,53.0,0.0,1.0,1.0,00-0033269,R.Sanchez
2024_02_IND_GB,REG,2,GB,42.0,0.0,1.0,1.0,00-0037547,D.Whelan
2024_02_IND_GB,REG,2,IND,59.0,0.0,0.0,1.0,00-0033269,R.Sanchez
2024_02_IND_GB,REG,2,GB,59.0,0.0,1.0,1.0,00-0037547,D.Whelan
2024_02_IND_GB,REG,2,GB,38.0,0.0,1.0,1.0,00-0037547,D.Whelan
2024_02_LAC_CAR,REG,2,CAR,37.0,0.0,0.0,1.0,00-0028872,J.Hekker
2024_02_LAC_CAR,REG,2,CAR,28.0,0.0,1.0,1.0,00-0028872,J.Hekker
2024_02_LAC_CAR,REG,2,LAC,38.0,0.0,1.0,1.0,00-0034162,J.Scott
2024_02_LAC_CAR,REG,2,CAR,47.0,0.0,0.0,1.0,00-0028872,J.Hekker
2024_02_LAC_CAR,REG,2,LAC,44.0,0.0,0.0,1.0,00-0034162,J.Scott
2024_02_LAC_CAR,REG,2,CAR,40.0,0.0,0.0,1.0,00-0028872,J.Hekker
2024_02_LAC_CAR,REG,2,CAR,64.0,0.0,1.0,1.0,00-0028872,J.Hekker
2024_02_LAC_CAR,REG,2,CAR,45.0,0.0,0.0,1.0,00-0028872,J.Hekker
2024_02_LAC_CAR,REG,2,CAR,50.0,0.0,0.0,1.0,00-0028872,J.Hekker
2024_02_LAC_CAR,REG,2,LAC,47.0,0.0,1.0,1.0,00-0034162,J.Scott
2024_02_LA_ARI,REG,2,LAR,49.0,0.0,0.0,1.0,00-0039059,E.Evans
2024_02_LA_ARI,REG,2,LAR,63.0,0.0,1.0,1.0,00-0039059,E.Evans
2024_02_LA_ARI,REG,2,LAR,46.0,0.0,0.0,1.0,00-0039059,E.Evans
2024_02_LA_ARI,REG,2,ARI,60.0,0.0,0.0,1.0,00-0035859,B.Gillikin
2024_02_LA_ARI,REG,2,LAR,57.0,0.0,1.0,1.0,00-0039059,E.Evans
2024_02_LV_BAL,REG,2,LV,54.0,0.0,0.0,1.0,00-0035190,A.Cole
2024_02_LV_BAL,REG,2,LV,40.0,0.0,0.0,1.0,00-0035190,A.Cole
2024_02_LV_BAL,REG,2,BAL,47.0,0.0,0.0,1.0,00-0038094,J.Stout
2024_02_LV_BAL,REG,2,LV,34.0,0.0,0.0,1.0,00-0035190,A.Cole
2024_02_LV_BAL,REG,2,BAL,57.0,0.0,0.0,1.0,00-0038094,J.Stout
2024_02_LV_BAL,REG,2,BAL,45.0,0.0,0.0,1.0,00-0038094,J.Stout
2024_02_LV_BAL,REG,2,BAL,24.0,0.0,0.0,1.0,00-0038094,J.Stout
2024_02_NO_DAL,REG,2,NO,49.0,0.0,1.0,1.0,00-0039611,M.Hayball
2024_02_NO_DAL,REG,2,DAL,53.0,0.0,1.0,1.0,00-0029692,B.Anger
2024_02_NYG_WAS,REG,2,NYG,27.0,0.0,1.0,1.0,00-0035042,J.Gillan
2024_02_NYG_WAS,REG,2,NYG,60.0,0.0,0.0,1.0,00-0035042,J.Gillan
2024_02_NYJ_TEN,REG,2,TEN,49.0,0.0,0.0,1.0,00-0037607,R.Stonehouse
2024_02_NYJ_TEN,REG,2,NYJ,50.0,0.0,0.0,1.0,00-0027114,T.Morstead
2024_02_NYJ_TEN,REG,2,NYJ,45.0,0.0,1.0,1.0,00-0027114,T.Morstead
2024_02_NYJ_TEN,REG,2,NYJ,57.0,0.0,0.0,1.0,00-0027114,T.Morstead
2024_02_NYJ_TEN,REG,2,TEN,63.0,0.0,0.0,1.0,00-0037607,R.Stonehouse
2024_02_NYJ_TEN,REG,2,NYJ,49.0,0.0,0.0,1.0,00-0027114,T.Morstead
2024_02_NYJ_TEN,REG,2,TEN,0.0,1.0,0.0,1.0,00-0037607,R.Stonehouse
2024_02_NYJ_TEN,REG,2,NYJ,53.0,0.0,0.0,1.0,00-0027114,T.Morstead
2024_02_NYJ_TEN,REG,2,TEN,59.0,0.0,1.0,1.0,00-0037607,R.Stonehouse
2024_02_NYJ_TEN,REG,2,NYJ,48.0,0.0,1.0,1.0,00-0027114,T.Morstead
2024_02_NYJ_TEN,REG,2,TEN,55.0,0.0,0.0,1.0,00-0037607,R.Stonehouse
2024_02_PIT_DEN,REG,2,DEN,53.0,0.0,0.0,1.0,00-0032943,R.Dixon
2024_02_PIT_DEN,REG,2,PIT,53.0,0.0,1.0,1.0,00-0035821,C.Waitman
2024_02_PIT_DEN,REG,2,DEN,52.0,0.0,0.0,1.0,00-0032943,R.Dixon
2024_02_PIT_DEN,REG,2,DEN,51.0,0.0,1.0,1.0,00-0032943,R.Dixon
2024_02_PIT_DEN,REG,2,PIT,51.0,0.0,0.0,1.0,00-0035821,C.Waitman
2024_02_PIT_DEN,REG,2,PIT,58.0,0.0,0.0,1.0,00-0035821,C.Waitman
2024_02_PIT_DEN,REG,2,DEN,47.0,0.0,0.0,1.0,00-0032943,R.Dixon
2024_02_PIT_DEN,REG,2,PIT,49.0,0.0,0.0,1.0,00-0035821,C.Waitman
2024_02_PIT_DEN,REG,2,DEN,58.0,0.0,1.0,1.0,00-0032943,R.Dixon
2024_02_PIT_DEN,REG,2,PIT,52.0,0.0,0.0,1.0,00-0035821,C.Waitman
2024_02_PIT_DEN,REG,2,PIT,51.0,0.0,0.0,1.0,00-0035821,C.Waitman
2024_02_PIT_DEN,REG,2,DEN,54.0,0.0,1.0,1.0,00-0032943,R.Dixon
2024_02_PIT_DEN,REG,2,PIT,56.0,0.0,0.0,1.0,00-0035821,C.Waitman
2024_02_PIT_DEN,REG,2,PIT,54.0,0.0,1.0,1.0,00-0035821,C.Waitman
2024_02_SEA_NE,REG,2,NE,56.0,0.0,1.0,1.0,00-0038610,B.Baringer
2024_02_SEA_NE,REG,2,SEA,53.0,0.0,0.0,1.0,00-0034160,M.Dickson
2024_02_SEA_NE,REG,2,SEA,58.0,0.0,1.0,1.0,00-0034160,M.Dickson
2024_02_SEA_NE,REG,2,NE,64.0,0.0,0.0,1.0,00-0038610,B.Baringer
2024_02_SEA_NE,REG,2,NE,56.0,0.0,1.0,1.0,00-0038610,B.Baringer
2024_02_SEA_NE,REG,2,SEA,57.0,0.0,0.0,1.0,00-0034160,M.Dickson
2024_02_SEA_NE,REG,2,NE,67.0,0.0,0.0,1.0,00-0038610,B.Baringer
2024_02_SEA_NE,REG,2,SEA,40.0,0.0,0.0,1.0,00-0034160,M.Dickson
2024_02_SEA_NE,REG,2,SEA,61.0,0.0,0.0,1.0,00-0034160,M.Dickson
2024_02_SEA_NE,REG,2,NE,54.0,0.0,0.0,1.0,00-0038610,B.Baringer
2024_02_SEA_NE,REG,2,NE,45.0,0.0,1.0,1.0,00-0038610,B.Baringer
2024_02_SF_MIN,REG,2,SF,58.0,0.0,1.0,1.0,00-0034941,M.Wishnowsky
2024_02_SF_MIN,REG,2,MIN,52.0,0.0,0.0,1.0,00-0037500,R.Wright
2024_02_SF_MIN,REG,2,SF,0.0,1.0,0.0,1.0,00-0034941,M.Wishnowsky
2024_02_SF_MIN,REG,2,MIN,43.0,0.0,0.0,1.0,00-0037500,R.Wright
2024_02_SF_MIN,REG,2,SF,41.0,0.0,1.0,1.0,00-0034941,M.Wishnowsky
2024_02_SF_MIN,REG,2,MIN,56.0,0.0,1.0,1.0,00-0037500,R.Wright
2024_02_TB_DET,REG,2,TB,47.0,0.0,1.0,1.0,00-0038042,J.Camarda
2024_02_TB_DET,REG,2,DET,35.0,0.0,1.0,1.0,00-0035156,J.Fox
2024_02_TB_DET,REG,2,TB,51.0,0.0,0.0,1.0,00-0038042,J.Camarda
2024_02_TB_DET,REG,2,DET,32.0,0.0,1.0,1.0,00-0035156,J.Fox
2024_02_TB_DET,REG,2,TB,42.0,0.0,0.0,1.0,00-0038042,J.Camarda
2024_02_TB_DET,REG,2,TB,47.0,0.0,1.0,1.0,00-0038042,J.Camarda
2024_02_TB_DET,REG,2,TB,43.0,0.0,0.0,1.0,00-0038042,J.Camarda
2024_03_BAL_DAL,REG,3,DAL,56.0,0.0,0.0,1.0,00-0029692,B.Anger
2024_03_BAL_DAL,REG,3,BAL,55.0,0.0,1.0,1.0,00-0038094,J.Stout
2024_03_BAL_DAL,REG,3,DAL,62.0,0.0,0.0,1.0,00-0029692,B.Anger
2024_03_BAL_DAL,REG,3,BAL,36.0,0.0,1.0,1.0,00-0038094,J.Stout
2024_03_BAL_DAL,REG,3,DAL,54.0,0.0,1.0,1.0,00-0029692,B.Anger
2024_03_BAL_DAL,REG,3,DAL,37.0,0.0,1.0,1.0,00-0029692,B.Anger
2024_03_BAL_DAL,REG,3,BAL,49.0,0.0,0.0,1.0,00-0038094,J.Stout
2024_03_BAL_DAL,REG,3,BAL,31.0,0.0,1.0,1.0,00-0038094,J.Stout
2024_03_CAR_LV,REG,3,LV,55.0,0.0,1.0,1.0,00-0035190,A.Cole
2024_03_CAR_LV,REG,3,CAR,46.0,0.0,1.0,1.0,00-0028872,J.Hekker
2024_03_CAR_LV,REG,3,CAR,37.0,0.0,0.0,1.0,00-0028872,J.Hekker
2024_03_CAR_LV,REG,3,LV,47.0,0.0,1.0,1.0,00-0035190,A.Cole
2024_03_CAR_LV,REG,3,CAR,43.0,0.0,0.0,1.0,00-0028872,J.Hekker
2024_03_CAR_LV,REG,3,LV,58.0,0.0,0.0,1.0,00-0035190,A.Cole
2024_03_CAR_LV,REG,3,LV,55.0,0.0,0.0,1.0,00-0035190,A.Cole
2024_03_CAR_LV,REG,3,LV,46.0,0.0,1.0,1.0,00-0035190,A.Cole
2024_03_CAR_LV,REG,3,CAR,51.0,0.0,1.0,1.0,00-0028872,J.Hekker
2024_03_CHI_IND,REG,3,IND,44.0,0.0,1.0,1.0,00-0033269,R.Sanchez
2024_03_CHI_IND,REG,3,CHI,36.0,0.0,1.0,1.0,00-0039745,T.Taylor
2024_03_CHI_IND,REG,3,IND,51.0,0.0,1.0,1.0,00-0033269,R.Sanchez
2024_03_CHI_IND,REG,3,CHI,54.0,0.0,0.0,1.0,00-0039745,T.Taylor
2024_03_CHI_IND,REG,3,IND,51.0,0.0,1.0,1.0,00-0033269,R.Sanchez
2024_03_CHI_IND,REG,3,IND,52.0,0.0,1.0,1.0,00-0033269,R.Sanchez
2024_03_CHI_IND,REG,3,CHI,37.0,0.0,0.0,1.0,00-0039745,T.Taylor
2024_03_CHI_IND,REG,3,IND,47.0,0.0,1.0,1.0,00-0033269,R.Sanchez
2024_03_DEN_TB,REG,3,TB,67.0,0.0,0.0,1.0,00-0038042,J.Camarda
2024_03_DEN_TB,REG,3,DEN,49.0,0.0,1.0,1.0,00-0032943,R.Dixon
2024_03_DEN_TB,REG,3,TB,33.0,0.0,0.0,1.0,00-0038042,J.Camarda
2024_03_DEN_TB,REG,3,TB,42.0,0.0,1.0,1.0,00-0038042,J.Camarda
2024_03_DEN_TB,REG,3,DEN,47.0,0.0,0.0,1.0,00-0032943,R.Dixon
2024_03_DEN_TB,REG,3,TB,47.0,0.0,1.0,1.0,00-0038042,J.Camarda
2024_03_DET_ARI,REG,3,ARI,55.0,0.0,1.0,1.0,00-0035859,B.Gillikin
2024_03_DET_ARI,REG,3,DET,68.0,0.0,0.0,1.0,00-0035156,J.Fox
2024_03_DET_ARI,REG,3,ARI,42.0,0.0,0.0,1.0,00-0035859,B.Gillikin
2024_03_DET_ARI,REG,3,DET,61.0,0.0,1.0,1.0,00-0035156,J.Fox
2024_03_DET_ARI,REG,3,ARI,63.0,0.0,0.0,1.0,00-0035859,B.Gillikin
2024_03_DET_ARI,REG,3,ARI,47.0,0.0,0.0,1.0,00-0035859,B.Gillikin
2024_03_DET_ARI,REG,3,DET,36.0,0.0,1.0,1.0,00-0035156,J.Fox
2024_03_DET_ARI,REG,3,DET,36.0,0.0,1.0,1.0,00-0035156,J.Fox
2024_03_DET_ARI,REG,3,ARI,53.0,0.0,0.0,1.0,00-0035859,B.Gillikin
2024_03_DET_ARI,REG,3,DET,46.0,0.0,1.0,1.0,00-0035156,J.Fox
2024_03_GB_TEN,REG,3,TEN,36.0,0.0,1.0,1.0,00-0037607,R.Stonehouse
2024_03_GB_TEN,REG,3,GB,45.0,0.0,0.0,1.0,00-0037547,D.Whelan
2024_03_GB_TEN,REG,3,TEN,42.0,0.0,0.0,1.0,00-0037607,R.Stonehouse
2024_03_GB_TEN,REG,3,GB,51.0,0.0,0.0,1.0,00-0037547,D.Whelan
2024_03_GB_TEN,REG,3,GB,33.0,0.0,0.0,1.0,00-0037547,D.Whelan
2024_03_GB_TEN,REG,3,TEN,52.0,0.0,0.0,1.0,00-0037607,R.Stonehouse
2024_03_GB_TEN,REG,3,GB,63.0,0.0,0.0,1.0,00-0037547,D.Whelan
2024_03_GB_TEN,REG,3,TEN,57.0,0.0,0.0,1.0,00-0037607,R.Stonehouse
2024_03_GB_TEN,REG,3,GB,52.0,0.0,0.0,1.0,00-0037547,D.Whelan
2024_03_HOU_MIN,REG,3,HOU,52.0,0.0,1.0,1.0,00-0035889,T.Townsend
2024_03_HOU_MIN,REG,3,MIN,55.0,0.0,0.0,1.0,00-0037500,R.Wright
2024_03_HOU_MIN,REG,3,HOU,40.0,0.0,0.0,1.0,00-0035889,T.Townsend
2024_03_HOU_MIN,REG,3,MIN,43.0,0.0,1.0,1.0,00-0037500,R.Wright
2024_03_HOU_MIN,REG,3,HOU,40.0,0.0,1.0,1.0,00-0035889,T.Townsend
2024_03_HOU_MIN,REG,3,MIN,46.0,0.0,1.0,1.0,00-0037500,R.Wright
2024_03_HOU_MIN,REG,3,HOU,45.0,0.0,0.0,1.0,00-0035889,T.Townsend
2024_03_HOU_MIN,REG,3,MIN,49.0,0.0,0.0,1.0,00-0037500,R.Wright
2024_03_JAX_BUF,REG,3,JAX,59.0,0.0,0.0,1.0,00-0034437,L.Cooke
2024_03_JAX_BUF,REG,3,JAX,50.0,0.0,0.0,1.0,00-0034437,L.Cooke
2024_03_JAX_BUF,REG,3,BUF,49.0,0.0,1.0,1.0,00-0030092,S.Martin
2024_03_KC_ATL,REG,3,ATL,58.0,0.0,0.0,1.0,00-0032065,B.Pinion
2024_03_KC_ATL,REG,3,ATL,39.0,0.0,0.0,1.0,00-0032065,B.Pinion
2024_03_KC_ATL,REG,3,KC,42.0,0.0,0.0,1.0,00-0037284,M.Araiza
2024_03_KC_ATL,REG,3,ATL,65.0,0.0,0.0,1.0,00-0032065,B.Pinion
2024_03_KC_ATL,REG,3,KC,52.0,0.0,1.0,1.0,00-0037284,M.Araiza
2024_03_KC_ATL,REG,3,KC,51.0,0.0,0.0,1.0,00-0037284,M.Araiza
2024_03_LAC_PIT,REG,3,LAC,47.0,0.0,0.0,1.0,00-0034162,J.Scott
2024_03_LAC_PIT,REG,3,PIT,52.0,0.0,0.0,1.0,00-0035821,C.Waitman
2024_03_LAC_PIT,REG,3,LAC,63.0,0.0,0.0,1.0,00-0034162,J.Scott
2024_03_LAC_PIT,REG,3,PIT,48.0,0.0,0.0,1.0,00-0035821,C.Waitman
2024_03_LAC_PIT,REG,3,PIT,56.0,0.0,1.0,1.0,00-0035821,C.Waitman
2024_03_LAC_PIT,REG,3,LAC,46.0,0.0,1.0,1.0,00-0034162,J.Scott
2024_03_LAC_PIT,REG,3,LAC,39.0,0.0,0.0,1.0,00-0034162,J.Scott
2024_03_LAC_PIT,REG,3,LAC,55.0,0.0,1.0,1.0,00-0034162,J.Scott
2024_03_LAC_PIT,REG,3,LAC,41.0,0.0,1.0,1.0,00-0034162,J.Scott
2024_03_LAC_PIT,REG,3,LAC,59.0,0.0,0.0,1.0,00-0034162,J.Scott
2024_03_MIA_SEA,REG,3,MIA,51.0,0.0,1.0,1.0,00-0035280,J.Bailey
2024_03_MIA_SEA,REG,3,MIA,39.0,0.0,1.0,1.0,00-0035280,J.Bailey
2024_03_MIA_SEA,REG,3,MIA,39.0,0.0,0.0,1.0,00-0035280,J.Bailey
2024_03_MIA_SEA,REG,3,SEA,61.0,0.0,0.0,1.0,00-0034160,M.Dickson
2024_03_MIA_SEA,REG,3,MIA,46.0,0.0,0.0,1.0,00-0035280,J.Bailey
2024_03_MIA_SEA,REG,3,SEA,44.0,0.0,0.0,1.0,00-0034160,M.Dickson
2024_03_MIA_SEA,REG,3,MIA,49.0,0.0,0.0,1.0,00-0035280,J.Bailey
2024_03_MIA_SEA,REG,3,SEA,41.0,0.0,0.0,1.0,00-0034160,M.Dickson
2024_03_MIA_SEA,REG,3,SEA,49.0,0.0,0.0,1.0,00-0034160,M.Dickson
2024_03_MIA_SEA,REG,3,MIA,53.0,0.0,1.0,1.0,00-0035280,J.Bailey
2024_03_NE_NYJ,REG,3,NYJ,43.0,0.0,0.0,1.0,00-0027114,T.Morstead
2024_03_NE_NYJ,REG,3,NE,57.0,0.0,0.0,1.0,00-0038610,B.Baringer
2024_03_NE_NYJ,REG,3,NE,50.0,0.0,1.0,1.0,00-0038610,B.Baringer
2024_03_NE_NYJ,REG,3,NE,51.0,0.0,0.0,1.0,00-0038610,B.Baringer
2024_03_NE_NYJ,REG,3,NE,36.0,0.0,1.0,1.0,00-0038610,B.Baringer
2024_03_NE_NYJ,REG,3,NYJ,37.0,0.0,1.0,1.0,00-0027114,T.Morstead
2024_03_NE_NYJ,REG,3,NE,51.0,0.0,1.0,1.0,00-0038610,B.Baringer
2024_03_NE_NYJ,REG,3,NYJ,42.0,0.0,0.0,1.0,00-0027114,T.Morstead
2024_03_NYG_CLE,REG,3,NYG,56.0,0.0,0.0,1.0,00-0035042,J.Gillan
2024_03_NYG_CLE,REG,3,CLE,49.0,0.0,1.0,1.0,00-0034721,C.Bojorquez
2024_03_NYG_CLE,REG,3,CLE,64.0,0.0,0.0,1.0,00-0034721,C.Bojorquez
2024_03_NYG_CLE,REG,3,NYG,51.0,0.0,1.0,1.0,00-0035042,J.Gillan
2024_03_NYG_CLE,REG,3,CLE,48.0,0.0,1.0,1.0,00-0034721,C.Bojorquez
2024_03_NYG_CLE,REG,3,CLE,57.0,0.0,1.0,1.0,00-0034721,C.Bojorquez
2024_03_NYG_CLE,REG,3,NYG,47.0,0.0,1.0,1.0,00-0035042,J.Gillan
2024_03_NYG_CLE,REG,3,CLE,47.0,0.0,1.0,1.0,00-0034721,C.Bojorquez
2024_03_NYG_CLE,REG,3,NYG,57.0,0.0,0.0,1.0,00-0035042,J.Gillan
2024_03_NYG_CLE,REG,3,CLE,41.0,0.0,1.0,1.0,00-0034721,C.Bojorquez
2024_03_NYG_CLE,REG,3,NYG,43.0,0.0,0.0,1.0,00-0035042,J.Gillan
2024_03_NYG_CLE,REG,3,NYG,67.0,0.0,0.0,1.0,00-0035042,J.Gillan
2024_03_NYG_CLE,REG,3,NYG,40.0,0.0,0.0,1.0,00-0035042,J.Gillan
2024_03_PHI_NO,REG,3,PHI,43.0,0.0,0.0,1.0,00-0036313,B.Mann
2024_03_PHI_NO,REG,3,NO,44.0,0.0,0.0,1.0,00-0039611,M.Hayball
2024_03_PHI_NO,REG,3,NO,52.0,0.0,0.0,1.0,00-0039611,M.Hayball
2024_03_PHI_NO,REG,3,NO,33.0,0.0,1.0,1.0,00-0039611,M.Hayball
2024_03_PHI_NO,REG,3,NO,33.0,0.0,1.0,1.0,00-0039611,M.Hayball
2024_03_PHI_NO,REG,3,PHI,0.0,1.0,0.0,1.0,00-0036313,B.Mann
2024_03_SF_LA,REG,3,LAR,48.0,0.0,0.0,1.0,00-0039059,E.Evans
2024_03_SF_LA,REG,3,LAR,38.0,0.0,1.0,1.0,00-0039059,E.Evans
2024_03_SF_LA,REG,3,SF,47.0,0.0,1.0,1.0,00-0034941,M.Wishnowsky
2024_03_SF_LA,REG,3,LAR,41.0,0.0,1.0,1.0,00-0039059,E.Evans
2024_03_SF_LA,REG,3,SF,43.0,0.0,0.0,1.0,00-0034941,M.Wishnowsky
2024_04_BUF_BAL,REG,4,BUF,37.0,0.0,1.0,1.0,00-0030092,S.Martin
2024_04_BUF_BAL,REG,4,BUF,42.0,0.0,1.0,1.0,00-0030092,S.Martin
2024_04_BUF_BAL,REG,4,BUF,59.0,0.0,0.0,1.0,00-0030092,S.Martin
2024_04_BUF_BAL,REG,4,BUF,48.0,0.0,0.0,1.0,00-0030092,S.Martin
2024_04_BUF_BAL,REG,4,BAL,46.0,0.0,0.0,1.0,00-0038094,J.Stout
2024_04_BUF_BAL,REG,4,BAL,54.0,0.0,1.0,1.0,00-0038094,J.Stout
2024_04_BUF_BAL,REG,4,BUF,52.0,0.0,0.0,1.0,00-0030092,S.Martin
2024_04_BUF_BAL,REG,4,BAL,43.0,0.0,1.0,1.0,00-0038094,J.Stout
2024_04_BUF_BAL,REG,4,BUF,51.0,0.0,0.0,1.0,00-0030092,S.Martin
2024_04_BUF_BAL,REG,4,BAL,34.0,0.0,1.0,1.0,00-0038094,J.Stout
2024_04_CIN_CAR,REG,4,CIN,57.0,0.0,0.0,1.0,00-0039323,R.Rehkow
2024_04_CIN_CAR,REG,4,CAR,47.0,0.0,1.0,1.0,00-0028872,J.Hekker
2024_04_CIN_CAR,REG,4,CIN,63.0,0.0,1.0,1.0,00-0039323,R.Rehkow
2024_04_CIN_CAR,REG,4,CIN,50.0,0.0,1.0,1.0,00-0039323,R.Rehkow
2024_04_CIN_CAR,REG,4,CAR,55.0,0.0,0.0,1.0,00-0028872,J.Hekker
2024_04_CLE_LV,REG,4,LV,66.0,0.0,0.0,1.0,00-0035190,A.Cole
2024_04_CLE_LV,REG,4,CLE,60.0,0.0,0.0,1.0,00-0034721,C.Bojorquez
2024_04_CLE_LV,REG,4,CLE,37.0,0.0,1.0,1.0,00-0034721,C.Bojorquez
2024_04_CLE_LV,REG,4,CLE,61.0,0.0,0.0,1.0,00-0034721,C.Bojorquez
2024_04_CLE_LV,REG,4,LV,54.0,0.0,1.0,1.0,00-0035190,A.Cole
2024_04_CLE_LV,REG,4,CLE,74.0,0.0,0.0,1.0,00-0034721,C.Bojorquez
2024_04_CLE_LV,REG,4,LV,45.0,0.0,1.0,1.0,00-0035190,A.Cole
2024_04_CLE_LV,REG,4,CLE,84.0,0.0,0.0,1.0,00-0034721,C.Bojorquez
2024_04_CLE_LV,REG,4,LV,67.0,0.0,0.0,1.0,00-0035190,A.Cole
2024_04_DAL_NYG,REG,4,DAL,50.0,0.0,1.0,1.0,00-0029692,B.Anger
2024_04_DAL_NYG,REG,4,DAL,60.0,0.0,0.0,1.0,00-0029692,B.Anger
2024_04_DAL_NYG,REG,4,NYG,44.0,0.0,1.0,1.0,00-0035042,J.Gillan
2024_04_DAL_NYG,REG,4,DAL,55.0,0.0,0.0,1.0,00-0029692,B.Anger
2024_04_DEN_NYJ,REG,4,DEN,43.0,0.0,1.0,1.0,00-0032943,R.Dixon
2024_04_DEN_NYJ,REG,4,NYJ,56.0,0.0,0.0,1.0,00-0027114,T.Morstead
2024_04_DEN_NYJ,REG,4,DEN,33.0,0.0,0.0,1.0,00-0032943,R.Dixon
2024_04_DEN_NYJ,REG,4,NYJ,48.0,0.0,0.0,1.0,00-0027114,T.Morstead
2024_04_DEN_NYJ,REG,4,DEN,44.0,0.0,0.0,1.0,00-0032943,R.Dixon
2024_04_DEN_NYJ,REG,4,NYJ,42.0,0.0,0.0,1.0,00-0027114,T.Morstead
2024_04_DEN_NYJ,REG,4,DEN,54.0,0.0,0.0,1.0,00-0032943,R.Dixon
2024_04_DEN_NYJ,REG,4,NYJ,42.0,0.0,0.0,1.0,00-0027114,T.Morstead
2024_04_DEN_NYJ,REG,4,DEN,29.0,0.0,1.0,1.0,00-0032943,R.Dixon
2024_04_DEN_NYJ,REG,4,NYJ,45.0,0.0,1.0,1.0,00-0027114,T.Morstead
2024_04_DEN_NYJ,REG,4,DEN,53.0,0.0,0.0,1.0,00-0032943,R.Dixon
2024_04_DEN_NYJ,REG,4,DEN,37.0,0.0,1.0,1.0,00-0032943,R.Dixon
2024_04_DEN_NYJ,REG,4,NYJ,51.0,0.0,1.0,1.0,00-0027114,T.Morstead
2024_04_DEN_NYJ,REG,4,NYJ,32.0,0.0,1.0,1.0,00-0027114,T.Morstead
2024_04_DEN_NYJ,REG,4,DEN,46.0,0.0,0.0,1.0,00-0032943,R.Dixon
2024_04_JAX_HOU,REG,4,JAX,53.0,0.0,1.0,1.0,00-0034437,L.Cooke
2024_04_JAX_HOU,REG,4,HOU,32.0,0.0,1.0,1.0,00-0035889,T.Townsend
2024_04_JAX_HOU,REG,4,JAX,58.0,0.0,0.0,1.0,00-0034437,L.Cooke
2024_04_JAX_HOU,REG,4,HOU,50.0,0.0,1.0,1.0,00-0035889,T.Townsend
2024_04_JAX_HOU,REG,4,JAX,48.0,0.0,0.0,1.0,00-0034437,L.Cooke
2024_04_JAX_HOU,REG,4,HOU,41.0,0.0,0.0,1.0,00-0035889,T.Townsend
2024_04_JAX_HOU,REG,4,HOU,41.0,0.0,1.0,1.0,00-0035889,T.Townsend
2024_04_JAX_HOU,REG,4,HOU,49.0,0.0,1.0,1.0,00-0035889,T.Townsend
2024_04_JAX_HOU,REG,4,JAX,45.0,0.0,0.0,1.0,00-0034437,L.Cooke
2024_04_JAX_HOU,REG,4,HOU,50.0,0.0,0.0,1.0,00-0035889,T.Townsend
2024_04_JAX_HOU,REG,4,JAX,49.0,0.0,0.0,1.0,00-0034437,L.Cooke
2024_04_KC_LAC,REG,4,KC,53.0,0.0,1.0,1.0,00-0037284,M.Araiza
2024_04_KC_LAC,REG,4,LAC,48.0,0.0,0.0,1.0,00-0034162,J.Scott
2024_04_KC_LAC,REG,4,KC,50.0,0.0,1.0,1.0,00-0037284,M.Araiza
2024_04_KC_LAC,REG,4,LAC,50.0,0.0,0.0,1.0,00-0034162,J.Scott
2024_04_KC_LAC,REG,4,KC,49.0,0.0,1.0,1.0,00-0037284,M.Araiza
2024_04_KC_LAC,REG,4,LAC,50.0,0.0,0.0,1.0,00-0034162,J.Scott
2024_04_KC_LAC,REG,4,LAC,59.0,0.0,0.0,1.0,00-0034162,J.Scott
2024_04_KC_LAC,REG,4,KC,48.0,0.0,1.0,1.0,00-0037284,M.Araiza
2024_04_KC_LAC,REG,4,LAC,56.0,0.0,0.0,1.0,00-0034162,J.Scott
2024_04_KC_LAC,REG,4,LAC,55.0,0.0,1.0,1.0,00-0034162,J.Scott
2024_04_LA_CHI,REG,4,CHI,51.0,0.0,1.0,1.0,00-0039745,T.Taylor
2024_04_LA_CHI,REG,4,CHI,64.0,0.0,0.0,1.0,00-0039745,T.Taylor
2024_04_LA_CHI,REG,4,CHI,61.0,0.0,0.0,1.0,00-0039745,T.Taylor
2024_04_LA_CHI,REG,4,CHI,66.0,0.0,1.0,1.0,00-0039745,T.Taylor
2024_04_LA_CHI,REG,4,LAR,67.0,0.0,0.0,1.0,00-0039059,E.Evans
2024_04_LA_CHI,REG,4,CHI,35.0,0.0,1.0,1.0,00-0039745,T.Taylor
2024_04_MIN_GB,REG,4,MIN,53.0,0.0,1.0,1.0,00-0037500,R.Wright
2024_04_MIN_GB,REG,4,MIN,41.0,0.0,1.0,1.0,00-0037500,R.Wright
2024_04_MIN_GB,REG,4,GB,74.0,0.0,1.0,1.0,00-0037547,D.Whelan
2024_04_MIN_GB,REG,4,GB,46.0,0.0,1.0,1.0,00-0037547,D.Whelan
2024_04_MIN_GB,REG,4,GB,60.0,0.0,0.0,1.0,00-0037547,D.Whelan
2024_04_MIN_GB,REG,4,MIN,44.0,0.0,0.0,1.0,00-0037500,R.Wright
2024_04_MIN_GB,REG,4,MIN,47.0,0.0,1.0,1.0,00-0037500,R.Wright
2024_04_MIN_GB,REG,4,MIN,40.0,0.0,0.0,1.0,00-0037500,R.Wright
2024_04_NE_SF,REG,4,NE,39.0,0.0,1.0,1.0,00-0038610,B.Baringer
2024_04_NE_SF,REG,4,NE,61.0,0.0,1.0,1.0,00-0038610,B.Baringer
2024_04_NE_SF,REG,4,SF,42.0,0.0,0.0,1.0,00-0034941,M.Wishnowsky
2024_04_NE_SF,REG,4,NE,40.0,0.0,1.0,1.0,00-0038610,B.Baringer
2024_04_NE_SF,REG,4,SF,44.0,0.0,0.0,1.0,00-0034941,M.Wishnowsky
2024_04_NE_SF,REG,4,NE,56.0,0.0,1.0,1.0,00-0038610,B.Baringer
2024_04_NE_SF,REG,4,SF,47.0,0.0,0.0,1.0,00-0034941,M.Wishnowsky
2024_04_NO_ATL,REG,4,ATL,46.0,0.0,1.0,1.0,00-0032065,B.Pinion
2024_04_NO_ATL,REG,4,NO,32.0,0.0,1.0,1.0,00-0039611,M.Hayball
2024_04_NO_ATL,REG,4,ATL,41.0,0.0,1.0,1.0,00-0032065,B.Pinion
2024_04_NO_ATL,REG,4,NO,40.0,0.0,1.0,1.0,00-0039611,M.Hayball
2024_04_NO_ATL,REG,4,NO,48.0,0.0,1.0,1.0,00-0039611,M.Hayball
2024_04_NO_ATL,REG,4,ATL,45.0,0.0,0.0,1.0,00-0032065,B.Pinion
2024_04_PHI_TB,REG,4,PHI,48.0,0.0,0.0,1.0,00-0036313,B.Mann
2024_04_PHI_TB,REG,4,PHI,55.0,0.0,0.0,1.0,00-0036313,B.Mann
2024_04_PHI_TB,REG,4,TB,42.0,0.0,1.0,1.0,00-0037097,T.Gill
2024_04_PHI_TB,REG,4,PHI,70.0,0.0,0.0,1.0,00-0036313,B.Mann
2024_04_PHI_TB,REG,4,TB,37.0,0.0,0.0,1.0,00-0037097,T.Gill
2024_04_PHI_TB,REG,4,PHI,47.0,0.0,0.0,1.0,00-0036313,B.Mann
2024_04_PHI_TB,REG,4,TB,32.0,0.0,0.0,1.0,00-0037097,T.Gill
2024_04_PHI_TB,REG,4,PHI,62.0,0.0,0.0,1.0,00-0036313,B.Mann
2024_04_PHI_TB,REG,4,TB,39.0,0.0,0.0,1.0,00-0037097,T.Gill
2024_04_PIT_IND,REG,4,PIT,27.0,0.0,1.0,1.0,00-0035821,C.Waitman
2024_04_PIT_IND,REG,4,PIT,40.0,0.0,0.0,1.0,00-0035821,C.Waitman
2024_04_PIT_IND,REG,4,IND,36.0,0.0,1.0,1.0,00-0033269,R.Sanchez
2024_04_PIT_IND,REG,4,IND,34.0,0.0,0.0,1.0,00-0033269,R.Sanchez
2024_04_PIT_IND,REG,4,PIT,36.0,0.0,1.0,1.0,00-0035821,C.Waitman
2024_04_PIT_IND,REG,4,IND,42.0,0.0,0.0,1.0,00-0033269,R.Sanchez
2024_04_PIT_IND,REG,4,IND,58.0,0.0,1.0,1.0,00-0033269,R.Sanchez
2024_04_SEA_DET,REG,4,DET,50.0,0.0,0.0,1.0,00-0035156,J.Fox
2024_04_SEA_DET,REG,4,SEA,43.0,0.0,1.0,1.0,00-0034160,M.Dickson
2024_04_SEA_DET,REG,4,SEA,36.0,0.0,1.0,1.0,00-0034160,M.Dickson
2024_04_SEA_DET,REG,4,DET,48.0,0.0,0.0,1.0,00-0035156,J.Fox
2024_04_SEA_DET,REG,4,DET,42.0,0.0,0.0,1.0,00-0035156,J.Fox
2024_04_SEA_DET,REG,4,SEA,54.0,0.0,0.0,1.0,00-0034160,M.Dickson
2024_04_TEN_MIA,REG,4,TEN,42.0,0.0,1.0,1.0,00-0037607,R.Stonehouse
2024_04_TEN_MIA,REG,4,MIA,47.0,0.0,0.0,1.0,00-0035280,J.Bailey
2024_04_TEN_MIA,REG,4,TEN,46.0,0.0,0.0,1.0,00-0037607,R.Stonehouse
2024_04_TEN_MIA,REG,4,MIA,57.0,0.0,0.0,1.0,00-0035280,J.Bailey
2024_04_TEN_MIA,REG,4,TEN,22.0,0.0,0.0,1.0,00-0037607,R.Stonehouse
2024_04_TEN_MIA,REG,4,MIA,30.0,0.0,0.0,1.0,00-0035280,J.Bailey
2024_04_TEN_MIA,REG,4,MIA,53.0,0.0,0.0,1.0,00-0035280,J.Bailey
2024_04_TEN_MIA,REG,4,TEN,64.0,0.0,0.0,1.0,00-0037607,R.Stonehouse
2024_04_TEN_MIA,REG,4,MIA,51.0,0.0,0.0,1.0,00-0035280,J.Bailey
2024_04_TEN_MIA,REG,4,TEN,35.0,0.0,1.0,1.0,00-0037607,R.Stonehouse
2024_04_WAS_ARI,REG,4,ARI,35.0,0.0,1.0,1.0,00-0035859,B.Gillikin
2024_04_WAS_ARI,REG,4,ARI,43.0,0.0,0.0,1.0,00-0035859,B.Gillikin
2024_04_WAS_ARI,REG,4,ARI,52.0,0.0,0.0,1.0,00-0035859,B.Gillikin
2024_04_WAS_ARI,REG,4,WAS,51.0,0.0,0.0,1.0,00-0030140,T.Way
2024_04_WAS_ARI,REG,4,ARI,62.0,0.0,0.0,1.0,00-0035859,B.Gillikin
2024_05_ARI_SF,REG,5,SF,41.0,0.0,0.0,1.0,00-0034941,M.Wishnowsky
2024_05_ARI_SF,REG,5,ARI,46.0,0.0,0.0,1.0,00-0035859,B.Gillikin
2024_05_ARI_SF,REG,5,ARI,60.0,0.0,1.0,1.0,00-0035859,B.Gillikin
2024_05_BAL_CIN,REG,5,CIN,45.0,0.0,1.0,1.0,00-0039323,R.Rehkow
2024_05_BAL_CIN,REG,5,BAL,36.0,0.0,1.0,1.0,00-0038094,J.Stout
2024_05_BAL_CIN,REG,5,BAL,65.0,0.0,0.0,1.0,00-0038094,J.Stout
2024_05_BAL_CIN,REG,5,CIN,49.0,0.0,0.0,1.0,00-0039323,R.Rehkow
2024_05_BAL_CIN,REG,5,CIN,66.0,0.0,1.0,1.0,00-0039323,R.Rehkow
2024_05_BAL_CIN,REG,5,CIN,36.0,0.0,1.0,1.0,00-0039323,R.Rehkow
2024_05_BAL_CIN,REG,5,BAL,67.0,0.0,0.0,1.0,00-0038094,J.Stout
2024_05_BAL_CIN,REG,5,CIN,57.0,0.0,1.0,1.0,00-0039323,R.Rehkow
2024_05_BUF_HOU,REG,5,BUF,55.0,0.0,1.0,1.0,00-0030092,S.Martin
2024_05_BUF_HOU,REG,5,HOU,40.0,0.0,0.0,1.0,00-0035889,T.Townsend
2024_05_BUF_HOU,REG,5,BUF,38.0,0.0,0.0,1.0,00-0030092,S.Martin
2024_05_BUF_HOU,REG,5,BUF,63.0,0.0,1.0,1.0,00-0030092,S.Martin
2024_05_BUF_HOU,REG,5,BUF,41.0,0.0,1.0,1.0,00-0030092,S.Martin
2024_05_BUF_HOU,REG,5,HOU,61.0,0.0,0.0,1.0,00-0035889,T.Townsend
2024_05_BUF_HOU,REG,5,BUF,59.0,0.0,0.0,1.0,00-0030092,S.Martin
2024_05_BUF_HOU,REG,5,HOU,33.0,0.0,0.0,1.0,00-0035889,T.Townsend
2024_05_BUF_HOU,REG,5,HOU,41.0,0.0,1.0,1.0,00-0035889,T.Townsend
2024_05_BUF_HOU,REG,5,BUF,33.0,0.0,1.0,1.0,00-0030092,S.Martin
2024_05_BUF_HOU,REG,5,BUF,56.0,0.0,1.0,1.0,00-0030092,S.Martin
2024_05_BUF_HOU,REG,5,HOU,46.0,0.0,1.0,1.0,00-0035889,T.Townsend
2024_05_BUF_HOU,REG,5,BUF,56.0,0.0,0.0,1.0,00-0030092,S.Martin
2024_05_CAR_CHI,REG,5,CAR,47.0,0.0,1.0,1.0,00-0028872,J.Hekker
2024_05_CAR_CHI,REG,5,CHI,49.0,0.0,0.0,1.0,00-0039745,T.Taylor
2024_05_CAR_CHI,REG,5,CAR,65.0,0.0,0.0,1.0,00-0028872,J.Hekker
2024_05_CAR_CHI,REG,5,CAR,47.0,0.0,0.0,1.0,00-0028872,J.Hekker
2024_05_CAR_CHI,REG,5,CHI,41.0,0.0,0.0,1.0,00-0039745,T.Taylor
2024_05_CAR_CHI,REG,5,CHI,48.0,0.0,0.0,1.0,00-0039745,T.Taylor
2024_05_CAR_CHI,REG,5,CAR,47.0,0.0,0.0,1.0,00-0028872,J.Hekker
2024_05_CAR_CHI,REG,5,CHI,40.0,0.0,1.0,1.0,00-0039745,T.Taylor
2024_05_CLE_WAS,REG,5,WAS,42.0,0.0,0.0,1.0,00-0030140,T.Way
2024_05_CLE_WAS,REG,5,CLE,61.0,0.0,1.0,1.0,00-0034721,C.Bojorquez
2024_05_CLE_WAS,REG,5,CLE,44.0,0.0,0.0,1.0,00-0034721,C.Bojorquez
2024_05_CLE_WAS,REG,5,CLE,65.0,0.0,1.0,1.0,00-0034721,C.Bojorquez
2024_05_CLE_WAS,REG,5,WAS,50.0,0.0,0.0,1.0,00-0030140,T.Way
2024_05_CLE_WAS,REG,5,CLE,41.0,0.0,0.0,1.0,00-0034721,C.Bojorquez
2024_05_CLE_WAS,REG,5,CLE,57.0,0.0,0.0,1.0,00-0034721,C.Bojorquez
2024_05_CLE_WAS,REG,5,CLE,50.0,0.0,1.0,1.0,00-0034721,C.Bojorquez
2024_05_CLE_WAS,REG,5,CLE,43.0,0.0,1.0,1.0,00-0034721,C.Bojorquez
2024_05_CLE_WAS,REG,5,WAS,53.0,0.0,0.0,1.0,00-0030140,T.Way
2024_05_CLE_WAS,REG,5,WAS,47.0,0.0,0.0,1.0,00-0030140,T.Way
2024_05_DAL_PIT,REG,5,DAL,45.0,0.0,0.0,1.0,00-0029692,B.Anger
2024_05_DAL_PIT,REG,5,PIT,48.0,0.0,0.0,1.0,00-0035821,C.Waitman
2024_05_DAL_PIT,REG,5,PIT,46.0,0.0,0.0,1.0,00-0035821,C.Waitman
2024_05_DAL_PIT,REG,5,PIT,34.0,0.0,1.0,1.0,00-0035821,C.Waitman
2024_05_DAL_PIT,REG,5,PIT,47.0,0.0,0.0,1.0,00-0035821,C.Waitman
2024_05_DAL_PIT,REG,5,PIT,47.0,0.0,1.0,1.0,00-0035821,C.Waitman
2024_05_GB_LA,REG,5,GB,41.0,0.0,0.0,1.0,00-0037547,D.Whelan
2024_05_GB_LA,REG,5,LAR,51.0,0.0,1.0,1.0,00-0039059,E.Evans
2024_05_GB_LA,REG,5,GB,37.0,0.0,0.0,1.0,00-0037547,D.Whelan
2024_05_GB_LA,REG,5,GB,39.0,0.0,0.0,1.0,00-0037547,D.Whelan
2024_05_GB_LA,REG,5,LAR,34.0,0.0,1.0,1.0,00-0039059,E.Evans
2024_05_GB_LA,REG,5,LAR,44.0,0.0,1.0,1.0,00-0039059,E.Evans
2024_05_GB_LA,REG,5,GB,41.0,0.0,1.0,1.0,00-0037547,D.Whelan
2024_05_GB_LA,REG,5,GB,28.0,0.0,0.0,1.0,00-0037547,D.Whelan
2024_05_IND_JAX,REG,5,IND,41.0,0.0,1.0,1.0,00-0033269,R.Sanchez
2024_05_IND_JAX,REG,5,IND,60.0,0.0,1.0,1.0,00-0033269,R.Sanchez
2024_05_IND_JAX,REG,5,JAX,44.0,0.0,1.0,1.0,00-0034437,L.Cooke
2024_05_IND_JAX,REG,5,IND,44.0,0.0,0.0,1.0,00-0033269,R.Sanchez
2024_05_IND_JAX,REG,5,IND,65.0,0.0,0.0,1.0,00-0033269,R.Sanchez
2024_05_IND_JAX,REG,5,JAX,58.0,0.0,0.0,1.0,00-0034437,L.Cooke
2024_05_LV_DEN,REG,5,DEN,43.0,0.0,1.0,1.0,00-0032943,R.Dixon
2024_05_LV_DEN,REG,5,LV,61.0,0.0,1.0,1.0,00-0035190,A.Cole
2024_05_LV_DEN,REG,5,DEN,35.0,0.0,0.0,1.0,00-0032943,R.Dixon
2024_05_LV_DEN,REG,5,LV,39.0,0.0,1.0,1.0,00-0035190,A.Cole
2024_05_LV_DEN,REG,5,DEN,53.0,0.0,1.0,1.0,00-0032943,R.Dixon
2024_05_LV_DEN,REG,5,LV,47.0,0.0,0.0,1.0,00-0035190,A.Cole
2024_05_LV_DEN,REG,5,DEN,49.0,0.0,0.0,1.0,00-0032943,R.Dixon
2024_05_LV_DEN,REG,5,LV,60.0,0.0,0.0,1.0,00-0035190,A.Cole
2024_05_LV_DEN,REG,5,DEN,45.0,0.0,0.0,1.0,00-0032943,R.Dixon
2024_05_LV_DEN,REG,5,LV,60.0,0.0,0.0,1.0,00-0035190,A.Cole
2024_05_LV_DEN,REG,5,DEN,34.0,0.0,1.0,1.0,00-0032943,R.Dixon
2024_05_MIA_NE,REG,5,NE,53.0,0.0,0.0,1.0,00-0038610,B.Baringer
2024_05_MIA_NE,REG,5,NE,69.0,0.0,0.0,1.0,00-0038610,B.Baringer
2024_05_MIA_NE,REG,5,MIA,0.0,1.0,0.0,1.0,00-0035280,J.Bailey
2024_05_MIA_NE,REG,5,MIA,42.0,0.0,1.0,1.0,00-0035280,J.Bailey
2024_05_MIA_NE,REG,5,NE,43.0,0.0,0.0,1.0,00-0038610,B.Baringer
2024_05_MIA_NE,REG,5,NE,53.0,0.0,0.0,1.0,00-0038610,B.Baringer
2024_05_MIA_NE,REG,5,NE,49.0,0.0,1.0,1.0,00-0038610,B.Baringer
2024_05_MIA_NE,REG,5,NE,43.0,0.0,0.0,1.0,00-0038610,B.Baringer
2024_05_MIA_NE,REG,5,MIA,46.0,0.0,0.0,1.0,00-0035280,J.Bailey
2024_05_NO_KC,REG,5,NO,49.0,0.0,0.0,1.0,00-0039611,M.Hayball
2024_05_NO_KC,REG,5,KC,56.0,0.0,0.0,1.0,00-0037284,M.Araiza
2024_05_NO_KC,REG,5,NO,53.0,0.0,0.0,1.0,00-0039611,M.Hayball
2024_05_NO_KC,REG,5,NO,49.0,0.0,0.0,1.0,00-0039611,M.Hayball
2024_05_NO_KC,REG,5,NO,48.0,0.0,1.0,1.0,00-0039611,M.Hayball
2024_05_NYG_SEA,REG,5,SEA,50.0,0.0,0.0,1.0,00-0034160,M.Dickson
2024_05_NYG_SEA,REG,5,NYG,46.0,0.0,0.0,1.0,00-0035042,J.Gillan
2024_05_NYG_SEA,REG,5,SEA,55.0,0.0,1.0,1.0,00-0034160,M.Dickson
2024_05_NYG_SEA,REG,5,SEA,40.0,0.0,0.0,1.0,00-0034160,M.Dickson
2024_05_NYG_SEA,REG,5,NYG,36.0,0.0,0.0,1.0,00-0035042,J.Gillan
2024_05_NYG_SEA,REG,5,SEA,48.0,0.0,1.0,1.0,00-0034160,M.Dickson
2024_05_NYG_SEA,REG,5,NYG,59.0,0.0,1.0,1.0,00-0035042,J.Gillan
2024_05_NYG_SEA,REG,5,NYG,45.0,0.0,0.0,1.0,00-0035042,J.Gillan
2024_05_NYJ_MIN,REG,5,NYJ,53.0,0.0,1.0,1.0,00-0027114,T.Morstead
2024_05_NYJ_MIN,REG,5,NYJ,44.0,0.0,0.0,1.0,00-0027114,T.Morstead
2024_05_NYJ_MIN,REG,5,NYJ,56.0,0.0,1.0,1.0,00-0027114,T.Morstead
2024_05_NYJ_MIN,REG,5,MIN,58.0,0.0,0.0,1.0,00-0037500,R.Wright
2024_05_NYJ_MIN,REG,5,MIN,43.0,0.0,0.0,1.0,00-0037500,R.Wright
2024_05_NYJ_MIN,REG,5,NYJ,55.0,0.0,0.0,1.0,00-0027114,T.Morstead
2024_05_NYJ_MIN,REG,5,MIN,45.0,0.0,1.0,1.0,00-0037500,R.Wright
2024_05_NYJ_MIN,REG,5,MIN,39.0,0.0,1.0,1.0,00-0037500,R.Wright
2024_05_NYJ_MIN,REG,5,NYJ,39.0,0.0,0.0,1.0,00-0027114,T.Morstead
2024_05_NYJ_MIN,REG,5,NYJ,48.0,0.0,0.0,1.0,00-0027114,T.Morstead
2024_05_TB_ATL,REG,5,ATL,35.0,0.0,1.0,1.0,00-0032065,B.Pinion
2024_05_TB_ATL,REG,5,TB,45.0,0.0,0.0,1.0,00-0037097,T.Gill
2024_05_TB_ATL,REG,5,TB,42.0,0.0,0.0,1.0,00-0037097,T.Gill
2024_06_ARI_GB,REG,6,GB,46.0,0.0,1.0,1.0,00-0037547,D.Whelan
2024_06_ARI_GB,REG,6,ARI,58.0,0.0,0.0,1.0,00-0035859,B.Gillikin
2024_06_ARI_GB,REG,6,ARI,44.0,0.0,0.0,1.0,00-0035859,B.Gillikin
2024_06_ARI_GB,REG,6,ARI,55.0,0.0,1.0,1.0,00-0035859,B.Gillikin
2024_06_ARI_GB,REG,6,ARI,54.0,0.0,0.0,1.0,00-0035859,B.Gillikin
2024_06_ATL_CAR,REG,6,CAR,47.0,0.0,0.0,1.0,00-0028872,J.Hekker
2024_06_ATL_CAR,REG,6,ATL,52.0,0.0,0.0,1.0,00-0032065,B.Pinion
2024_06_ATL_CAR,REG,6,CAR,58.0,0.0,1.0,1.0,00-0028872,J.Hekker
2024_06_ATL_CAR,REG,6,CAR,15.0,0.0,0.0,1.0,00-0028872,J.Hekker
2024_06_BUF_NYJ,REG,6,BUF,62.0,0.0,0.0,1.0,00-0030092,S.Martin
2024_06_BUF_NYJ,REG,6,NYJ,45.0,0.0,0.0,1.0,00-0027114,T.Morstead
2024_06_BUF_NYJ,REG,6,NYJ,51.0,0.0,0.0,1.0,00-0027114,T.Morstead
2024_06_BUF_NYJ,REG,6,BUF,40.0,0.0,0.0,1.0,00-0030092,S.Martin
2024_06_BUF_NYJ,REG,6,BUF,57.0,0.0,0.0,1.0,00-0030092,S.Martin
2024_06_CIN_NYG,REG,6,NYG,47.0,0.0,1.0,1.0,00-0033400,M.Haack
2024_06_CIN_NYG,REG,6,CIN,55.0,0.0,0.0,1.0,00-0039323,R.Rehkow
2024_06_CIN_NYG,REG,6,CIN,32.0,0.0,1.0,1.0,00-0039323,R.Rehkow
2024_06_CIN_NYG,REG,6,NYG,55.0,0.0,0.0,1.0,00-0033400,M.Haack
2024_06_CIN_NYG,REG,6,CIN,55.0,0.0,1.0,1.0,00-0039323,R.Rehkow
2024_06_CIN_NYG,REG,6,NYG,43.0,0.0,1.0,1.0,00-0033400,M.Haack
2024_06_CIN_NYG,REG,6,CIN,46.0,0.0,1.0,1.0,00-0039323,R.Rehkow
2024_06_CIN_NYG,REG,6,NYG,42.0,0.0,0.0,1.0,00-0033400,M.Haack
2024_06_CIN_NYG,REG,6,CIN,57.0,0.0,0.0,1.0,00-0039323,R.Rehkow
2024_06_CIN_NYG,REG,6,CIN,33.0,0.0,1.0,1.0,00-0039323,R.Rehkow
2024_06_CLE_PHI,REG,6,PHI,55.0,0.0,0.0,1.0,00-0036313,B.Mann
2024_06_CLE_PHI,REG,6,CLE,44.0,0.0,0.0,1.0,00-0034721,C.Bojorquez
2024_06_CLE_PHI,REG,6,PHI,44.0,0.0,1.0,1.0,00-0036313,B.Mann
2024_06_CLE_PHI,REG,6,CLE,60.0,0.0,1.0,1.0,00-0034721,C.Bojorquez
2024_06_CLE_PHI,REG,6,CLE,55.0,0.0,0.0,1.0,00-0034721,C.Bojorquez
2024_06_CLE_PHI,REG,6,PHI,47.0,0.0,1.0,1.0,00-0036313,B.Mann
2024_06_CLE_PHI,REG,6,CLE,64.0,0.0,0.0,1.0,00-0034721,C.Bojorquez
2024_06_DET_DAL,REG,6,DAL,38.0,0.0,0.0,1.0,00-0029692,B.Anger
2024_06_DET_DAL,REG,6,DAL,55.0,0.0,0.0,1.0,00-0029692,B.Anger
2024_06_HOU_NE,REG,6,NE,40.0,0.0,0.0,1.0,00-0038610,B.Baringer
2024_06_HOU_NE,REG,6,NE,48.0,0.0,1.0,1.0,00-0038610,B.Baringer
2024_06_HOU_NE,REG,6,NE,43.0,0.0,1.0,1.0,00-0038610,B.Baringer
2024_06_HOU_NE,REG,6,HOU,65.0,0.0,0.0,1.0,00-0035889,T.Townsend
2024_06_HOU_NE,REG,6,NE,54.0,0.0,0.0,1.0,00-0038610,B.Baringer
2024_06_HOU_NE,REG,6,HOU,46.0,0.0,1.0,1.0,00-0035889,T.Townsend
2024_06_HOU_NE,REG,6,NE,58.0,0.0,0.0,1.0,00-0038610,B.Baringer
2024_06_HOU_NE,REG,6,HOU,35.0,0.0,0.0,1.0,00-0035889,T.Townsend
2024_06_HOU_NE,REG,6,NE,56.0,0.0,0.0,1.0,00-0038610,B.Baringer
2024_06_HOU_NE,REG,6,HOU,39.0,0.0,0.0,1.0,00-0035889,T.Townsend
2024_06_IND_TEN,REG,6,TEN,47.0,0.0,0.0,1.0,00-0037607,R.Stonehouse
2024_06_IND_TEN,REG,6,IND,49.0,0.0,1.0,1.0,00-0033269,R.Sanchez
2024_06_IND_TEN,REG,6,IND,60.0,0.0,0.0,1.0,00-0033269,R.Sanchez
2024_06_IND_TEN,REG,6,TEN,58.0,0.0,0.0,1.0,00-0037607,R.Stonehouse
2024_06_IND_TEN,REG,6,TEN,51.0,0.0,0.0,1.0,00-0037607,R.Stonehouse
2024_06_IND_TEN,REG,6,TEN,58.0,0.0,0.0,1.0,00-0037607,R.Stonehouse
2024_06_IND_TEN,REG,6,IND,51.0,0.0,0.0,1.0,00-0033269,R.Sanchez
2024_06_IND_TEN,REG,6,IND,54.0,0.0,1.0,1.0,00-0033269,R.Sanchez
2024_06_IND_TEN,REG,6,TEN,75.0,0.0,0.0,1.0,00-0037607,R.Stonehouse
2024_06_IND_TEN,REG,6,IND,57.0,0.0,1.0,1.0,00-0033269,R.Sanchez
2024_06_JAX_CHI,REG,6,CHI,64.0,0.0,0.0,1.0,00-0039745,T.Taylor
2024_06_JAX_CHI,REG,6,CHI,59.0,0.0,0.0,1.0,00-0039745,T.Taylor
2024_06_JAX_CHI,REG,6,JAX,43.0,0.0,1.0,1.0,00-0034437,L.Cooke
2024_06_JAX_CHI,REG,6,JAX,46.0,0.0,1.0,1.0,00-0034437,L.Cooke
2024_06_JAX_CHI,REG,6,JAX,48.0,0.0,1.0,1.0,00-0034437,L.Cooke
2024_06_JAX_CHI,REG,6,JAX,56.0,0.0,1.0,1.0,00-0034437,L.Cooke
2024_06_LAC_DEN,REG,6,DEN,45.0,0.0,1.0,1.0,00-0032943,R.Dixon
2024_06_LAC_DEN,REG,6,DEN,46.0,0.0,1.0,1.0,00-0032943,R.Dixon
2024_06_LAC_DEN,REG,6,DEN,54.0,0.0,0.0,1.0,00-0032943,R.Dixon
2024_06_LAC_DEN,REG,6,LAC,40.0,0.0,1.0,1.0,00-0034162,J.Scott
2024_06_LAC_DEN,REG,6,DEN,45.0,0.0,1.0,1.0,00-0032943,R.Dixon
2024_06_LAC_DEN,REG,6,DEN,43.0,0.0,0.0,1.0,00-0032943,R.Dixon
2024_06_LAC_DEN,REG,6,LAC,37.0,0.0,1.0,1.0,00-0034162,J.Scott
2024_06_LAC_DEN,REG,6,LAC,43.0,0.0,0.0,1.0,00-0034162,J.Scott
2024_06_LAC_DEN,REG,6,LAC,39.0,0.0,1.0,1.0,00-0034162,J.Scott
2024_06_PIT_LV,REG,6,PIT,47.0,0.0,0.0,1.0,00-0035821,C.Waitman
2024_06_PIT_LV,REG,6,LV,43.0,0.0,0.0,1.0,00-0035190,A.Cole
2024_06_PIT_LV,REG,6,LV,61.0,0.0,0.0,1.0,00-0035190,A.Cole
2024_06_PIT_LV,REG,6,PIT,47.0,0.0,1.0,1.0,00-0035821,C.Waitman
2024_06_PIT_LV,REG,6,LV,0.0,1.0,0.0,1.0,00-0035190,A.Cole
2024_06_PIT_LV,REG,6,LV,66.0,0.0,0.0,1.0,00-0035190,A.Cole
2024_06_PIT_LV,REG,6,PIT,43.0,0.0,1.0,1.0,00-0035821,C.Waitman
2024_06_SF_SEA,REG,6,SEA,62.0,0.0,0.0,1.0,00-0034160,M.Dickson
2024_06_SF_SEA,REG,6,SF,43.0,0.0,0.0,1.0,00-0034941,M.Wishnowsky
2024_06_SF_SEA,REG,6,SEA,39.0,0.0,0.0,1.0,00-0034160,M.Dickson
2024_06_SF_SEA,REG,6,SEA,57.0,0.0,1.0,1.0,00-0034160,M.Dickson
2024_06_SF_SEA,REG,6,SF,44.0,0.0,1.0,1.0,00-0034941,M.Wishnowsky
2024_06_SF_SEA,REG,6,SF,49.0,0.0,1.0,1.0,00-0034941,M.Wishnowsky
2024_06_SF_SEA,REG,6,SEA,58.0,0.0,1.0,1.0,00-0034160,M.Dickson
2024_06_SF_SEA,REG,6,SF,37.0,0.0,1.0,1.0,00-0034941,M.Wishnowsky
2024_06_TB_NO,REG,6,NO,42.0,0.0,0.0,1.0,00-0039611,M.Hayball
2024_06_TB_NO,REG,6,TB,47.0,0.0,0.0,1.0,00-0038042,J.Camarda
2024_06_TB_NO,REG,6,NO,35.0,0.0,1.0,1.0,00-0039611,M.Hayball
2024_06_TB_NO,REG,6,NO,42.0,0.0,1.0,1.0,00-0039611,M.Hayball
2024_06_TB_NO,REG,6,TB,41.0,0.0,0.0,1.0,00-0038042,J.Camarda
2024_06_TB_NO,REG,6,NO,48.0,0.0,1.0,1.0,00-0039611,M.Hayball
2024_06_TB_NO,REG,6,NO,41.0,0.0,0.0,1.0,00-0039611,M.Hayball
2024_06_TB_NO,REG,6,TB,44.0,0.0,1.0,1.0,00-0038042,J.Camarda
2024_06_TB_NO,REG,6,NO,58.0,0.0,0.0,1.0,00-0039611,M.Hayball
2024_06_WAS_BAL,REG,6,WAS,54.0,0.0,0.0,1.0,00-0030140,T.Way
2024_06_WAS_BAL,REG,6,BAL,50.0,0.0,0.0,1.0,00-0038094,J.Stout
2024_06_WAS_BAL,REG,6,WAS,35.0,0.0,1.0,1.0,00-0030140,T.Way
2024_06_WAS_BAL,REG,6,WAS,38.0,0.0,1.0,1.0,00-0030140,T.Way
2024_07_BAL_TB,REG,7,BAL,57.0,0.0,0.0,1.0,00-0038094,J.Stout
2024_07_BAL_TB,REG,7,TB,41.0,0.0,1.0,1.0,00-0037097,T.Gill
2024_07_BAL_TB,REG,7,TB,52.0,0.0,0.0,1.0,00-0037097,T.Gill
2024_07_BAL_TB,REG,7,BAL,30.0,0.0,0.0,1.0,00-0038094,J.Stout
2024_07_CAR_WAS,REG,7,CAR,49.0,0.0,1.0,1.0,00-0028872,J.Hekker
2024_07_CAR_WAS,REG,7,WAS,40.0,0.0,1.0,1.0,00-0030140,T.Way
2024_07_CAR_WAS,REG,7,CAR,62.0,0.0,0.0,1.0,00-0028872,J.Hekker
2024_07_CAR_WAS,REG,7,CAR,51.0,0.0,1.0,1.0,00-0028872,J.Hekker
2024_07_CAR_WAS,REG,7,CAR,43.0,0.0,0.0,1.0,00-0028872,J.Hekker
2024_07_CAR_WAS,REG,7,CAR,47.0,0.0,0.0,1.0,00-0028872,J.Hekker
2024_07_CIN_CLE,REG,7,CLE,47.0,0.0,0.0,1.0,00-0034721,C.Bojorquez
2024_07_CIN_CLE,REG,7,CIN,47.0,0.0,0.0,1.0,00-0039323,R.Rehkow
2024_07_CIN_CLE,REG,7,CLE,48.0,0.0,1.0,1.0,00-0034721,C.Bojorquez
2024_07_CIN_CLE,REG,7,CIN,46.0,0.0,1.0,1.0,00-0039323,R.Rehkow
2024_07_CIN_CLE,REG,7,CLE,58.0,0.0,0.0,1.0,00-0034721,C.Bojorquez
2024_07_CIN_CLE,REG,7,CIN,45.0,0.0,1.0,1.0,00-0039323,R.Rehkow
2024_07_CIN_CLE,REG,7,CLE,47.0,0.0,0.0,1.0,00-0034721,C.Bojorquez
2024_07_CIN_CLE,REG,7,CIN,48.0,0.0,0.0,1.0,00-0039323,R.Rehkow
2024_07_CIN_CLE,REG,7,CIN,38.0,0.0,0.0,1.0,00-0039323,R.Rehkow
2024_07_CIN_CLE,REG,7,CIN,29.0,0.0,1.0,1.0,00-0039323,R.Rehkow
2024_07_CIN_CLE,REG,7,CLE,49.0,0.0,0.0,1.0,00-0034721,C.Bojorquez
2024_07_CIN_CLE,REG,7,CLE,55.0,0.0,1.0,1.0,00-0034721,C.Bojorquez
2024_07_CIN_CLE,REG,7,CIN,58.0,0.0,1.0,1.0,00-0039323,R.Rehkow
2024_07_CIN_CLE,REG,7,CLE,51.0,0.0,1.0,1.0,00-0034721,C.Bojorquez
2024_07_CIN_CLE,REG,7,CIN,43.0,0.0,0.0,1.0,00-0039323,R.Rehkow
2024_07_DEN_NO,REG,7,DEN,33.0,0.0,1.0,1.0,00-0032943,R.Dixon
2024_07_DEN_NO,REG,7,NO,52.0,0.0,0.0,1.0,00-0039611,M.Hayball
2024_07_DEN_NO,REG,7,NO,42.0,0.0,1.0,1.0,00-0039611,M.Hayball
2024_07_DEN_NO,REG,7,NO,45.0,0.0,0.0,1.0,00-0039611,M.Hayball
2024_07_DEN_NO,REG,7,NO,40.0,0.0,0.0,1.0,00-0039611,M.Hayball
2024_07_DEN_NO,REG,7,NO,43.0,0.0,1.0,1.0,00-0039611,M.Hayball
2024_07_DEN_NO,REG,7,DEN,50.0,0.0,0.0,1.0,00-0032943,R.Dixon
2024_07_DEN_NO,REG,7,NO,45.0,0.0,1.0,1.0,00-0039611,M.Hayball
2024_07_DEN_NO,REG,7,DEN,46.0,0.0,0.0,1.0,00-0032943,R.Dixon
2024_07_DET_MIN,REG,7,DET,63.0,0.0,0.0,1.0,00-0035156,J.Fox
2024_07_DET_MIN,REG,7,DET,55.0,0.0,0.0,1.0,00-0035156,J.Fox
2024_07_DET_MIN,REG,7,MIN,60.0,0.0,0.0,1.0,00-0037500,R.Wright
2024_07_DET_MIN,REG,7,MIN,34.0,0.0,1.0,1.0,00-0037500,R.Wright
2024_07_DET_MIN,REG,7,DET,38.0,0.0,1.0,1.0,00-0035156,J.Fox
2024_07_DET_MIN,REG,7,DET,63.0,0.0,0.0,1.0,00-0035156,J.Fox
2024_07_DET_MIN,REG,7,MIN,51.0,0.0,0.0,1.0,00-0037500,R.Wright
2024_07_HOU_GB,REG,7,GB,47.0,0.0,0.0,1.0,00-0037547,D.Whelan
2024_07_HOU_GB,REG,7,HOU,36.0,0.0,1.0,1.0,00-0035889,T.Townsend
2024_07_HOU_GB,REG,7,HOU,58.0,0.0,1.0,1.0,00-0035889,T.Townsend
2024_07_HOU_GB,REG,7,GB,51.0,0.0,0.0,1.0,00-0037547,D.Whelan
2024_07_HOU_GB,REG,7,HOU,52.0,0.0,0.0,1.0,00-0035889,T.Townsend
2024_07_HOU_GB,REG,7,HOU,66.0,0.0,1.0,1.0,00-0035889,T.Townsend
2024_07_HOU_GB,REG,7,GB,59.0,0.0,0.0,1.0,00-0037547,D.Whelan
2024_07_HOU_GB,REG,7,HOU,38.0,0.0,1.0,1.0,00-0035889,T.Townsend
2024_07_HOU_GB,REG,7,GB,66.0,0.0,0.0,1.0,00-0037547,D.Whelan
2024_07_HOU_GB,REG,7,HOU,57.0,0.0,0.0,1.0,00-0035889,T.Townsend
2024_07_HOU_GB,REG,7,GB,61.0,0.0,0.0,1.0,00-0037547,D.Whelan
2024_07_KC_SF,REG,7,SF,50.0,0.0,1.0,1.0,00-0034941,M.Wishnowsky
2024_07_KC_SF,REG,7,SF,51.0,0.0,1.0,1.0,00-0034941,M.Wishnowsky
2024_07_KC_SF,REG,7,KC,48.0,0.0,0.0,1.0,00-0037284,M.Araiza
2024_07_KC_SF,REG,7,SF,47.0,0.0,0.0,1.0,00-0034941,M.Wishnowsky
2024_07_KC_SF,REG,7,SF,45.0,0.0,1.0,1.0,00-0034941,M.Wishnowsky
2024_07_KC_SF,REG,7,KC,64.0,0.0,0.0,1.0,00-0037284,M.Araiza
2024_07_KC_SF,REG,7,KC,67.0,0.0,0.0,1.0,00-0037284,M.Araiza
2024_07_LAC_ARI,REG,7,ARI,54.0,0.0,1.0,1.0,00-0035859,B.Gillikin
2024_07_LAC_ARI,REG,7,ARI,36.0,0.0,1.0,1.0,00-0035859,B.Gillikin
2024_07_LAC_ARI,REG,7,LAC,36.0,0.0,0.0,1.0,00-0034162,J.Scott
2024_07_LAC_ARI,REG,7,ARI,44.0,0.0,1.0,1.0,00-0035859,B.Gillikin
2024_07_LAC_ARI,REG,7,LAC,39.0,0.0,1.0,1.0,00-0034162,J.Scott
2024_07_LAC_ARI,REG,7,ARI,44.0,0.0,1.0,1.0,00-0035859,B.Gillikin
2024_07_LV_LA,REG,7,LV,40.0,0.0,1.0,1.0,00-0035190,A.Cole
2024_07_LV_LA,REG,7,LAR,45.0,0.0,1.0,1.0,00-0039059,E.Evans
2024_07_LV_LA,REG,7,LV,46.0,0.0,0.0,1.0,00-0035190,A.Cole
2024_07_LV_LA,REG,7,LAR,41.0,0.0,0.0,1.0,00-0039059,E.Evans
2024_07_LV_LA,REG,7,LV,48.0,0.0,0.0,1.0,00-0035190,A.Cole
2024_07_LV_LA,REG,7,LAR,43.0,0.0,0.0,1.0,00-0039059,E.Evans
2024_07_LV_LA,REG,7,LAR,52.0,0.0,1.0,1.0,00-0039059,E.Evans
2024_07_LV_LA,REG,7,LV,56.0,0.0,0.0,1.0,00-0035190,A.Cole
2024_07_LV_LA,REG,7,LAR,44.0,0.0,0.0,1.0,00-0039059,E.Evans
2024_07_LV_LA,REG,7,LAR,36.0,0.0,1.0,1.0,00-0039059,E.Evans
2024_07_MIA_IND,REG,7,IND,48.0,0.0,0.0,1.0,00-0033269,R.Sanchez
2024_07_MIA_IND,REG,7,MIA,59.0,0.0,1.0,1.0,00-0035280,J.Bailey
2024_07_MIA_IND,REG,7,IND,48.0,0.0,0.0,1.0,00-0033269,R.Sanchez
2024_07_MIA_IND,REG,7,MIA,33.0,0.0,0.0,1.0,00-0035280,J.Bailey
2024_07_MIA_IND,REG,7,IND,45.0,0.0,0.0,1.0,00-0033269,R.Sanchez
2024_07_MIA_IND,REG,7,MIA,39.0,0.0,0.0,1.0,00-0035280,J.Bailey
2024_07_MIA_IND,REG,7,IND,55.0,0.0,0.0,1.0,00-0033269,R.Sanchez
2024_07_MIA_IND,REG,7,MIA,40.0,0.0,1.0,1.0,00-0035280,J.Bailey
2024_07_MIA_IND,REG,7,IND,42.0,0.0,0.0,1.0,00-0033269,R.Sanchez
2024_07_MIA_IND,REG,7,MIA,56.0,0.0,1.0,1.0,00-0035280,J.Bailey
2024_07_MIA_IND,REG,7,IND,48.0,0.0,0.0,1.0,00-0033269,R.Sanchez
2024_07_MIA_IND,REG,7,IND,51.0,0.0,0.0,1.0,00-0033269,R.Sanchez
2024_07_MIA_IND,REG,7,MIA,59.0,0.0,0.0,1.0,00-0035280,J.Bailey
2024_07_NE_JAX,REG,7,JAX,38.0,0.0,1.0,1.0,00-0034437,L.Cooke
2024_07_NE_JAX,REG,7,NE,40.0,0.0,1.0,1.0,00-0038610,B.Baringer
2024_07_NE_JAX,REG,7,NE,66.0,0.0,0.0,1.0,00-0038610,B.Baringer
2024_07_NE_JAX,REG,7,NE,57.0,0.0,1.0,1.0,00-0038610,B.Baringer
2024_07_NE_JAX,REG,7,NE,46.0,0.0,1.0,1.0,00-0038610,B.Baringer
2024_07_NE_JAX,REG,7,JAX,32.0,0.0,1.0,1.0,00-0034437,L.Cooke
2024_07_NYJ_PIT,REG,7,NYJ,47.0,0.0,0.0,1.0,00-0027114,T.Morstead
2024_07_NYJ_PIT,REG,7,PIT,43.0,0.0,1.0,1.0,00-0035821,C.Waitman
2024_07_NYJ_PIT,REG,7,PIT,55.0,0.0,0.0,1.0,00-0035821,C.Waitman
2024_07_NYJ_PIT,REG,7,NYJ,46.0,0.0,0.0,1.0,00-0027114,T.Morstead
2024_07_NYJ_PIT,REG,7,PIT,51.0,0.0,1.0,1.0,00-0035821,C.Waitman
2024_07_NYJ_PIT,REG,7,NYJ,47.0,0.0,0.0,1.0,00-0027114,T.Morstead
2024_07_NYJ_PIT,REG,7,PIT,35.0,0.0,1.0,1.0,00-0035821,C.Waitman
2024_07_NYJ_PIT,REG,7,NYJ,37.0,0.0,0.0,1.0,00-0027114,T.Morstead
2024_07_PHI_NYG,REG,7,NYG,29.0,0.0,1.0,1.0,00-0033400,M.Haack
2024_07_PHI_NYG,REG,7,PHI,67.0,0.0,0.0,1.0,00-0036313,B.Mann
2024_07_PHI_NYG,REG,7,NYG,47.0,0.0,0.0,1.0,00-0033400,M.Haack
2024_07_PHI_NYG,REG,7,PHI,45.0,0.0,0.0,1.0,00-0036313,B.Mann
2024_07_PHI_NYG,REG,7,NYG,58.0,0.0,0.0,1.0,00-0033400,M.Haack
2024_07_PHI_NYG,REG,7,PHI,46.0,0.0,1.0,1.0,00-0036313,B.Mann
2024_07_PHI_NYG,REG,7,NYG,34.0,0.0,0.0,1.0,00-0033400,M.Haack
2024_07_PHI_NYG,REG,7,NYG,64.0,0.0,0.0,1.0,00-0033400,M.Haack
2024_07_PHI_NYG,REG,7,NYG,46.0,0.0,0.0,1.0,00-0033400,M.Haack
2024_07_PHI_NYG,REG,7,PHI,58.0,0.0,0.0,1.0,00-0036313,B.Mann
2024_07_PHI_NYG,REG,7,PHI,55.0,0.0,0.0,1.0,00-0036313,B.Mann
2024_07_PHI_NYG,REG,7,NYG,50.0,0.0,0.0,1.0,00-0033400,M.Haack
2024_07_PHI_NYG,REG,7,NYG,41.0,0.0,1.0,1.0,00-0033400,M.Haack
2024_07_PHI_NYG,REG,7,NYG,37.0,0.0,0.0,1.0,00-0033400,M.Haack
2024_07_PHI_NYG,REG,7,PHI,47.0,0.0,1.0,1.0,00-0036313,B.Mann
2024_07_PHI_NYG,REG,7,NYG,56.0,0.0,1.0,1.0,00-0033400,M.Haack
2024_07_PHI_NYG,REG,7,PHI,43.0,0.0,0.0,1.0,00-0036313,B.Mann
2024_07_PHI_NYG,REG,7,NYG,55.0,0.0,1.0,1.0,00-0033400,M.Haack
2024_07_PHI_NYG,REG,7,PHI,58.0,0.0,0.0,1.0,00-0036313,B.Mann
2024_07_SEA_ATL,REG,7,ATL,41.0,0.0,1.0,1.0,00-0032065,B.Pinion
2024_07_SEA_ATL,REG,7,SEA,37.0,0.0,1.0,1.0,00-0034160,M.Dickson
2024_07_SEA_ATL,REG,7,SEA,36.0,0.0,1.0,1.0,00-0034160,M.Dickson
2024_07_SEA_ATL,REG,7,ATL,45.0,0.0,0.0,1.0,00-0032065,B.Pinion
2024_07_SEA_ATL,REG,7,ATL,47.0,0.0,0.0,1.0,00-0032065,B.Pinion
2024_07_SEA_ATL,REG,7,SEA,41.0,0.0,0.0,1.0,00-0034160,M.Dickson
2024_07_SEA_ATL,REG,7,SEA,42.0,0.0,1.0,1.0,00-0034160,M.Dickson
2024_07_TEN_BUF,REG,7,BUF,46.0,0.0,1.0,1.0,00-0030092,S.Martin
2024_07_TEN_BUF,REG,7,TEN,60.0,0.0,0.0,1.0,00-0037607,R.Stonehouse
2024_07_TEN_BUF,REG,7,BUF,41.0,0.0,0.0,1.0,00-0030092,S.Martin
2024_07_TEN_BUF,REG,7,BUF,39.0,0.0,0.0,1.0,00-0030092,S.Martin
2024_07_TEN_BUF,REG,7,BUF,44.0,0.0,0.0,1.0,00-0030092,S.Martin
2024_07_TEN_BUF,REG,7,TEN,62.0,0.0,0.0,1.0,00-0037607,R.Stonehouse
2024_07_TEN_BUF,REG,7,BUF,27.0,0.0,0.0,1.0,00-0030092,S.Martin
2024_07_TEN_BUF,REG,7,TEN,43.0,0.0,0.0,1.0,00-0037607,R.Stonehouse
2024_07_TEN_BUF,REG,7,TEN,53.0,0.0,0.0,1.0,00-0037607,R.Stonehouse
2024_07_TEN_BUF,REG,7,TEN,48.0,0.0,0.0,1.0,00-0037607,R.Stonehouse
2024_08_ARI_MIA,REG,8,ARI,60.0,0.0,0.0,1.0,00-0035859,B.Gillikin
2024_08_ARI_MIA,REG,8,MIA,56.0,0.0,0.0,1.0,00-0035280,J.Bailey
2024_08_ARI_MIA,REG,8,ARI,41.0,0.0,1.0,1.0,00-0035859,B.Gillikin
2024_08_ARI_MIA,REG,8,ARI,59.0,0.0,1.0,1.0,00-0035859,B.Gillikin
2024_08_ARI_MIA,REG,8,MIA,36.0,0.0,1.0,1.0,00-0035280,J.Bailey
2024_08_ATL_TB,REG,8,ATL,37.0,0.0,1.0,1.0,00-0032065,B.Pinion
2024_08_ATL_TB,REG,8,TB,42.0,0.0,0.0,1.0,00-0037097,T.Gill
2024_08_ATL_TB,REG,8,ATL,45.0,0.0,0.0,1.0,00-0032065,B.Pinion
2024_08_ATL_TB,REG,8,ATL,46.0,0.0,0.0,1.0,00-0032065,B.Pinion
2024_08_BAL_CLE,REG,8,CLE,36.0,0.0,1.0,1.0,00-0034721,C.Bojorquez
2024_08_BAL_CLE,REG,8,BAL,60.0,0.0,0.0,1.0,00-0038094,J.Stout
2024_08_BAL_CLE,REG,8,BAL,55.0,0.0,0.0,1.0,00-0038094,J.Stout
2024_08_BAL_CLE,REG,8,BAL,30.0,0.0,1.0,1.0,00-0038094,J.Stout
2024_08_BAL_CLE,REG,8,CLE,58.0,0.0,0.0,1.0,00-0034721,C.Bojorquez
2024_08_BAL_CLE,REG,8,CLE,52.0,0.0,1.0,1.0,00-0034721,C.Bojorquez
2024_08_BAL_CLE,REG,8,BAL,64.0,0.0,0.0,1.0,00-0038094,J.Stout
2024_08_BUF_SEA,REG,8,SEA,61.0,0.0,1.0,1.0,00-0034160,M.Dickson
2024_08_BUF_SEA,REG,8,SEA,68.0,0.0,1.0,1.0,00-0034160,M.Dickson
2024_08_BUF_SEA,REG,8,BUF,49.0,0.0,1.0,1.0,00-0030092,S.Martin
2024_08_BUF_SEA,REG,8,SEA,58.0,0.0,0.0,1.0,00-0034160,M.Dickson
2024_08_BUF_SEA,REG,8,BUF,58.0,0.0,0.0,1.0,00-0030092,S.Martin
2024_08_BUF_SEA,REG,8,SEA,58.0,0.0,0.0,1.0,00-0034160,M.Dickson
2024_08_BUF_SEA,REG,8,BUF,40.0,0.0,0.0,1.0,00-0030092,S.Martin
2024_08_CAR_DEN,REG,8,DEN,40.0,0.0,1.0,1.0,00-0032943,R.Dixon
2024_08_CAR_DEN,REG,8,CAR,50.0,0.0,0.0,1.0,00-0028872,J.Hekker
2024_08_CAR_DEN,REG,8,CAR,53.0,0.0,1.0,1.0,00-0028872,J.Hekker
2024_08_CAR_DEN,REG,8,CAR,44.0,0.0,0.0,1.0,00-0028872,J.Hekker
2024_08_CAR_DEN,REG,8,CAR,50.0,0.0,0.0,1.0,00-0028872,J.Hekker
2024_08_CAR_DEN,REG,8,DEN,60.0,0.0,0.0,1.0,00-0032943,R.Dixon
2024_08_CAR_DEN,REG,8,DEN,53.0,0.0,1.0,1.0,00-0032943,R.Dixon
2024_08_CAR_DEN,REG,8,CAR,50.0,0.0,0.0,1.0,00-0028872,J.Hekker
2024_08_CHI_WAS,REG,8,CHI,68.0,0.0,0.0,1.0,00-0039745,T.Taylor
2024_08_CHI_WAS,REG,8,CHI,32.0,0.0,1.0,1.0,00-0039745,T.Taylor
2024_08_CHI_WAS,REG,8,CHI,52.0,0.0,1.0,1.0,00-0039745,T.Taylor
2024_08_CHI_WAS,REG,8,WAS,39.0,0.0,0.0,1.0,00-0030140,T.Way
2024_08_CHI_WAS,REG,8,CHI,32.0,0.0,1.0,1.0,00-0039745,T.Taylor
2024_08_CHI_WAS,REG,8,WAS,35.0,0.0,1.0,1.0,00-0030140,T.Way
2024_08_CHI_WAS,REG,8,CHI,49.0,0.0,0.0,1.0,00-0039745,T.Taylor
2024_08_CHI_WAS,REG,8,CHI,53.0,0.0,1.0,1.0,00-0039745,T.Taylor
2024_08_CHI_WAS,REG,8,WAS,49.0,0.0,0.0,1.0,00-0030140,T.Way
2024_08_CHI_WAS,REG,8,CHI,55.0,0.0,1.0,1.0,00-0039745,T.Taylor
2024_08_CHI_WAS,REG,8,WAS,34.0,0.0,1.0,1.0,00-0030140,T.Way
2024_08_CHI_WAS,REG,8,WAS,57.0,0.0,0.0,1.0,00-0030140,T.Way
2024_08_DAL_SF,REG,8,DAL,52.0,0.0,1.0,1.0,00-0029692,B.Anger
2024_08_DAL_SF,REG,8,SF,44.0,0.0,0.0,1.0,00-0034941,M.Wishnowsky
2024_08_DAL_SF,REG,8,DAL,43.0,0.0,1.0,1.0,00-0029692,B.Anger
2024_08_DAL_SF,REG,8,SF,45.0,0.0,1.0,1.0,00-0034941,M.Wishnowsky
2024_08_DAL_SF,REG,8,DAL,59.0,0.0,0.0,1.0,00-0029692,B.Anger
2024_08_DAL_SF,REG,8,DAL,40.0,0.0,1.0,1.0,00-0029692,B.Anger
2024_08_DAL_SF,REG,8,SF,44.0,0.0,0.0,1.0,00-0034941,M.Wishnowsky
2024_08_DAL_SF,REG,8,SF,39.0,0.0,0.0,1.0,00-0034941,M.Wishnowsky
2024_08_GB_JAX,REG,8,GB,45.0,0.0,1.0,1.0,00-0037547,D.Whelan
2024_08_GB_JAX,REG,8,JAX,73.0,0.0,1.0,1.0,00-0034437,L.Cooke
2024_08_GB_JAX,REG,8,GB,43.0,0.0,0.0,1.0,00-0037547,D.Whelan
2024_08_GB_JAX,REG,8,JAX,40.0,0.0,1.0,1.0,00-0034437,L.Cooke
2024_08_GB_JAX,REG,8,JAX,63.0,0.0,0.0,1.0,00-0034437,L.Cooke
2024_08_GB_JAX,REG,8,JAX,62.0,0.0,0.0,1.0,00-0034437,L.Cooke
2024_08_GB_JAX,REG,8,GB,53.0,0.0,1.0,1.0,00-0037547,D.Whelan
2024_08_GB_JAX,REG,8,JAX,60.0,0.0,0.0,1.0,00-0034437,L.Cooke
2024_08_GB_JAX,REG,8,GB,37.0,0.0,0.0,1.0,00-0037547,D.Whelan
2024_08_GB_JAX,REG,8,GB,63.0,0.0,1.0,1.0,00-0037547,D.Whelan
2024_08_IND_HOU,REG,8,HOU,32.0,0.0,0.0,1.0,00-0035889,T.Townsend
2024_08_IND_HOU,REG,8,IND,43.0,0.0,1.0,1.0,00-0033269,R.Sanchez
2024_08_IND_HOU,REG,8,HOU,53.0,0.0,1.0,1.0,00-0035889,T.Townsend
2024_08_IND_HOU,REG,8,IND,49.0,0.0,0.0,1.0,00-0033269,R.Sanchez
2024_08_IND_HOU,REG,8,HOU,47.0,0.0,1.0,1.0,00-0035889,T.Townsend
2024_08_IND_HOU,REG,8,IND,54.0,0.0,0.0,1.0,00-0033269,R.Sanchez
2024_08_IND_HOU,REG,8,HOU,39.0,0.0,1.0,1.0,00-0035889,T.Townsend
2024_08_IND_HOU,REG,8,IND,57.0,0.0,0.0,1.0,00-0033269,R.Sanchez
2024_08_IND_HOU,REG,8,HOU,45.0,0.0,1.0,1.0,00-0035889,T.Townsend
2024_08_IND_HOU,REG,8,IND,33.0,0.0,1.0,1.0,00-0033269,R.Sanchez
2024_08_IND_HOU,REG,8,IND,47.0,0.0,0.0,1.0,00-0033269,R.Sanchez
2024_08_IND_HOU,REG,8,HOU,41.0,0.0,1.0,1.0,00-0035889,T.Townsend
2024_08_KC_LV,REG,8,KC,42.0,0.0,1.0,1.0,00-0037284,M.Araiza
2024_08_KC_LV,REG,8,LV,68.0,0.0,0.0,1.0,00-0035190,A.Cole
2024_08_KC_LV,REG,8,LV,60.0,0.0,1.0,1.0,00-0035190,A.Cole
2024_08_KC_LV,REG,8,KC,51.0,0.0,0.0,1.0,00-0037284,M.Araiza
2024_08_MIN_LA,REG,8,MIN,61.0,0.0,1.0,1.0,00-0037500,R.Wright
2024_08_MIN_LA,REG,8,LAR,42.0,0.0,0.0,1.0,00-0039059,E.Evans
2024_08_MIN_LA,REG,8,MIN,53.0,0.0,1.0,1.0,00-0037500,R.Wright
2024_08_MIN_LA,REG,8,LAR,45.0,0.0,1.0,1.0,00-0039059,E.Evans
2024_08_MIN_LA,REG,8,MIN,37.0,0.0,1.0,1.0,00-0037500,R.Wright
2024_08_MIN_LA,REG,8,LAR,41.0,0.0,1.0,1.0,00-0039059,E.Evans
2024_08_NO_LAC,REG,8,LAC,59.0,0.0,0.0,1.0,00-0034162,J.Scott
2024_08_NO_LAC,REG,8,NO,47.0,0.0,0.0,1.0,00-0039611,M.Hayball
2024_08_NO_LAC,REG,8,NO,49.0,0.0,1.0,1.0,00-0039611,M.Hayball
2024_08_NO_LAC,REG,8,LAC,47.0,0.0,1.0,1.0,00-0034162,J.Scott
2024_08_NO_LAC,REG,8,NO,46.0,0.0,1.0,1.0,00-0039611,M.Hayball
2024_08_NO_LAC,REG,8,NO,58.0,0.0,0.0,1.0,00-0039611,M.Hayball
2024_08_NO_LAC,REG,8,LAC,63.0,0.0,1.0,1.0,00-0034162,J.Scott
2024_08_NO_LAC,REG,8,NO,44.0,0.0,1.0,1.0,00-0039611,M.Hayball
2024_08_NO_LAC,REG,8,NO,43.0,0.0,1.0,1.0,00-0039611,M.Hayball
2024_08_NO_LAC,REG,8,LAC,54.0,0.0,1.0,1.0,00-0034162,J.Scott
2024_08_NO_LAC,REG,8,NO,59.0,0.0,0.0,1.0,00-0039611,M.Hayball
2024_08_NO_LAC,REG,8,NO,45.0,0.0,0.0,1.0,00-0039611,M.Hayball
2024_08_NO_LAC,REG,8,LAC,54.0,0.0,0.0,1.0,00-0034162,J.Scott
2024_08_NO_LAC,REG,8,NO,46.0,0.0,1.0,1.0,00-0039611,M.Hayball
2024_08_NO_LAC,REG,8,LAC,67.0,0.0,0.0,1.0,00-0034162,J.Scott
2024_08_NYG_PIT,REG,8,NYG,45.0,0.0,1.0,1.0,00-0033400,M.Haack
2024_08_NYG_PIT,REG,8,PIT,40.0,0.0,1.0,1.0,00-0035821,C.Waitman
2024_08_NYG_PIT,REG,8,NYG,27.0,0.0,1.0,1.0,00-0033400,M.Haack
2024_08_NYG_PIT,REG,8,PIT,55.0,0.0,0.0,1.0,00-0035821,C.Waitman
2024_08_NYG_PIT,REG,8,NYG,54.0,0.0,0.0,1.0,00-0033400,M.Haack
2024_08_NYG_PIT,REG,8,NYG,66.0,0.0,0.0,1.0,00-0033400,M.Haack
2024_08_NYG_PIT,REG,8,PIT,36.0,0.0,1.0,1.0,00-0035821,C.Waitman
2024_08_NYJ_NE,REG,8,NE,52.0,0.0,0.0,1.0,00-0038610,B.Baringer
2024_08_NYJ_NE,REG,8,NYJ,34.0,0.0,0.0,1.0,00-0027114,T.Morstead
2024_08_NYJ_NE,REG,8,NE,30.0,0.0,0.0,1.0,00-0038610,B.Baringer
2024_08_NYJ_NE,REG,8,NE,50.0,0.0,1.0,1.0,00-0038610,B.Baringer
2024_08_NYJ_NE,REG,8,NYJ,40.0,0.0,0.0,1.0,00-0027114,T.Morstead
2024_08_NYJ_NE,REG,8,NYJ,52.0,0.0,0.0,1.0,00-0027114,T.Morstead
2024_08_NYJ_NE,REG,8,NE,49.0,0.0,0.0,1.0,00-0038610,B.Baringer
2024_08_NYJ_NE,REG,8,NYJ,51.0,0.0,1.0,1.0,00-0027114,T.Morstead
2024_08_NYJ_NE,REG,8,NE,55.0,0.0,0.0,1.0,00-0038610,B.Baringer
2024_08_PHI_CIN,REG,8,PHI,52.0,0.0,0.0,1.0,00-0036313,B.Mann
2024_08_TEN_DET,REG,8,DET,57.0,0.0,1.0,1.0,00-0035156,J.Fox
2024_08_TEN_DET,REG,8,TEN,45.0,0.0,1.0,1.0,00-0037607,R.Stonehouse
2024_08_TEN_DET,REG,8,DET,67.0,0.0,0.0,1.0,00-0035156,J.Fox
2024_08_TEN_DET,REG,8,TEN,37.0,0.0,0.0,1.0,00-0037607,R.Stonehouse
2024_08_TEN_DET,REG,8,TEN,56.0,0.0,0.0,1.0,00-0037607,R.Stonehouse
2024_08_TEN_DET,REG,8,TEN,49.0,0.0,1.0,1.0,00-0037607,R.Stonehouse
2024_08_TEN_DET,REG,8,DET,63.0,0.0,0.0,1.0,00-0035156,J.Fox
2024_08_TEN_DET,REG,8,TEN,62.0,0.0,0.0,1.0,00-0037607,R.Stonehouse
2024_08_TEN_DET,REG,8,DET,62.0,0.0,1.0,1.0,00-0035156,J.Fox
2024_08_TEN_DET,REG,8,TEN,47.0,0.0,0.0,1.0,00-0037607,R.Stonehouse
2024_08_TEN_DET,REG,8,DET,56.0,0.0,1.0,1.0,00-0035156,J.Fox
2024_09_CHI_ARI,REG,9,ARI,51.0,0.0,0.0,1.0,00-0035859,B.Gillikin
2024_09_CHI_ARI,REG,9,CHI,39.0,0.0,1.0,1.0,00-0039745,T.Taylor
2024_09_CHI_ARI,REG,9,ARI,55.0,0.0,1.0,1.0,00-0035859,B.Gillikin
2024_09_CHI_ARI,REG,9,CHI,50.0,0.0,0.0,1.0,00-0039745,T.Taylor
2024_09_CHI_ARI,REG,9,CHI,62.0,0.0,0.0,1.0,00-0039745,T.Taylor
2024_09_CHI_ARI,REG,9,CHI,67.0,0.0,0.0,1.0,00-0039745,T.Taylor
2024_09_CHI_ARI,REG,9,ARI,45.0,0.0,1.0,1.0,00-0035859,B.Gillikin
2024_09_CHI_ARI,REG,9,ARI,36.0,0.0,1.0,1.0,00-0035859,B.Gillikin
2024_09_DAL_ATL,REG,9,ATL,43.0,0.0,0.0,1.0,00-0032065,B.Pinion
2024_09_DAL_ATL,REG,9,DAL,41.0,0.0,0.0,1.0,00-0029692,B.Anger
2024_09_DAL_ATL,REG,9,ATL,62.0,0.0,0.0,1.0,00-0032065,B.Pinion
2024_09_DAL_ATL,REG,9,DAL,53.0,0.0,1.0,1.0,00-0029692,B.Anger
2024_09_DAL_ATL,REG,9,ATL,32.0,0.0,0.0,1.0,00-0032065,B.Pinion
2024_09_DAL_ATL,REG,9,DAL,45.0,0.0,1.0,1.0,00-0029692,B.Anger
2024_09_DAL_ATL,REG,9,ATL,55.0,0.0,0.0,1.0,00-0032065,B.Pinion
2024_09_DAL_ATL,REG,9,ATL,53.0,0.0,1.0,1.0,00-0032065,B.Pinion
2024_09_DEN_BAL,REG,9,BAL,40.0,0.0,1.0,1.0,00-0038094,J.Stout
2024_09_DEN_BAL,REG,9,DEN,50.0,0.0,0.0,1.0,00-0032943,R.Dixon
2024_09_DEN_BAL,REG,9,DEN,46.0,0.0,0.0,1.0,00-0032943,R.Dixon
2024_09_DEN_BAL,REG,9,BAL,58.0,0.0,0.0,1.0,00-0038094,J.Stout
2024_09_DET_GB,REG,9,GB,33.0,0.0,1.0,1.0,00-0037547,D.Whelan
2024_09_DET_GB,REG,9,DET,54.0,0.0,0.0,1.0,00-0035156,J.Fox
2024_09_DET_GB,REG,9,GB,51.0,0.0,1.0,1.0,00-0037547,D.Whelan
2024_09_DET_GB,REG,9,DET,60.0,0.0,0.0,1.0,00-0035156,J.Fox
2024_09_DET_GB,REG,9,DET,44.0,0.0,1.0,1.0,00-0035156,J.Fox
2024_09_DET_GB,REG,9,DET,41.0,0.0,0.0,1.0,00-0035156,J.Fox
2024_09_HOU_NYJ,REG,9,HOU,46.0,0.0,1.0,1.0,00-0035889,T.Townsend
2024_09_HOU_NYJ,REG,9,NYJ,51.0,0.0,0.0,1.0,00-0027114,T.Morstead
2024_09_HOU_NYJ,REG,9,NYJ,56.0,0.0,1.0,1.0,00-0027114,T.Morstead
2024_09_HOU_NYJ,REG,9,HOU,52.0,0.0,0.0,1.0,00-0035889,T.Townsend
2024_09_HOU_NYJ,REG,9,HOU,56.0,0.0,1.0,1.0,00-0035889,T.Townsend
2024_09_HOU_NYJ,REG,9,NYJ,75.0,0.0,1.0,1.0,00-0027114,T.Morstead
2024_09_HOU_NYJ,REG,9,NYJ,38.0,0.0,0.0,1.0,00-0027114,T.Morstead
2024_09_HOU_NYJ,REG,9,NYJ,54.0,0.0,0.0,1.0,00-0027114,T.Morstead
2024_09_IND_MIN,REG,9,IND,54.0,0.0,0.0,1.0,00-0033269,R.Sanchez
2024_09_IND_MIN,REG,9,MIN,44.0,0.0,0.0,1.0,00-0037500,R.Wright
2024_09_IND_MIN,REG,9,IND,50.0,0.0,0.0,1.0,00-0033269,R.Sanchez
2024_09_IND_MIN,REG,9,IND,44.0,0.0,0.0,1.0,00-0033269,R.Sanchez
2024_09_IND_MIN,REG,9,MIN,39.0,0.0,0.0,1.0,00-0037500,R.Wright
2024_09_JAX_PHI,REG,9,PHI,42.0,0.0,1.0,1.0,00-0036313,B.Mann
2024_09_JAX_PHI,REG,9,JAX,46.0,0.0,1.0,1.0,00-0034437,L.Cooke
2024_09_JAX_PHI,REG,9,PHI,54.0,0.0,0.0,1.0,00-0036313,B.Mann
2024_09_JAX_PHI,REG,9,JAX,47.0,0.0,1.0,1.0,00-0034437,L.Cooke
2024_09_JAX_PHI,REG,9,JAX,49.0,0.0,0.0,1.0,00-0034437,L.Cooke
2024_09_JAX_PHI,REG,9,PHI,50.0,0.0,0.0,1.0,00-0036313,B.Mann
2024_09_JAX_PHI,REG,9,JAX,56.0,0.0,0.0,1.0,00-0034437,L.Cooke
2024_09_JAX_PHI,REG,9,JAX,40.0,0.0,1.0,1.0,00-0034437,L.Cooke
2024_09_LAC_CLE,REG,9,LAC,43.0,0.0,1.0,1.0,00-0034162,J.Scott
2024_09_LAC_CLE,REG,9,CLE,62.0,0.0,0.0,1.0,00-0034721,C.Bojorquez
2024_09_LAC_CLE,REG,9,CLE,60.0,0.0,1.0,1.0,00-0034721,C.Bojorquez
2024_09_LAC_CLE,REG,9,LAC,48.0,0.0,0.0,1.0,00-0034162,J.Scott
2024_09_LAC_CLE,REG,9,CLE,40.0,0.0,0.0,1.0,00-0034721,C.Bojorquez
2024_09_LAC_CLE,REG,9,LAC,53.0,0.0,0.0,1.0,00-0034162,J.Scott
2024_09_LAC_CLE,REG,9,CLE,53.0,0.0,0.0,1.0,00-0034721,C.Bojorquez
2024_09_LAC_CLE,REG,9,CLE,60.0,0.0,1.0,1.0,00-0034721,C.Bojorquez
2024_09_LAC_CLE,REG,9,LAC,34.0,0.0,0.0,1.0,00-0034162,J.Scott
2024_09_LAC_CLE,REG,9,CLE,43.0,0.0,1.0,1.0,00-0034721,C.Bojorquez
2024_09_LAC_CLE,REG,9,LAC,51.0,0.0,0.0,1.0,00-0034162,J.Scott
2024_09_LAC_CLE,REG,9,LAC,46.0,0.0,0.0,1.0,00-0034162,J.Scott
2024_09_LAC_CLE,REG,9,LAC,55.0,0.0,0.0,1.0,00-0034162,J.Scott
2024_09_LA_SEA,REG,9,SEA,29.0,0.0,1.0,1.0,00-0034160,M.Dickson
2024_09_LA_SEA,REG,9,LAR,53.0,0.0,0.0,1.0,00-0038490,T.Zentner
2024_09_LA_SEA,REG,9,LAR,25.0,0.0,1.0,1.0,00-0038490,T.Zentner
2024_09_LA_SEA,REG,9,SEA,50.0,0.0,0.0,1.0,00-0034160,M.Dickson
2024_09_LA_SEA,REG,9,LAR,36.0,0.0,0.0,1.0,00-0038490,T.Zentner
2024_09_LA_SEA,REG,9,SEA,51.0,0.0,1.0,1.0,00-0034160,M.Dickson
2024_09_LA_SEA,REG,9,LAR,37.0,0.0,1.0,1.0,00-0038490,T.Zentner
2024_09_LA_SEA,REG,9,SEA,62.0,0.0,0.0,1.0,00-0034160,M.Dickson
2024_09_LA_SEA,REG,9,SEA,44.0,0.0,0.0,1.0,00-0034160,M.Dickson
2024_09_LA_SEA,REG,9,SEA,45.0,0.0,0.0,1.0,00-0034160,M.Dickson
2024_09_LA_SEA,REG,9,LAR,0.0,1.0,0.0,1.0,00-0038490,T.Zentner
2024_09_LA_SEA,REG,9,LAR,50.0,0.0,0.0,1.0,00-0038490,T.Zentner
2024_09_LA_SEA,REG,9,SEA,49.0,0.0,0.0,1.0,00-0034160,M.Dickson
2024_09_LA_SEA,REG,9,LAR,44.0,0.0,0.0,1.0,00-0038490,T.Zentner
2024_09_LA_SEA,REG,9,LAR,36.0,0.0,1.0,1.0,00-0038490,T.Zentner
2024_09_LV_CIN,REG,9,LV,42.0,0.0,1.0,1.0,00-0035190,A.Cole
2024_09_LV_CIN,REG,9,LV,48.0,0.0,1.0,1.0,00-0035190,A.Cole
2024_09_LV_CIN,REG,9,LV,58.0,0.0,1.0,1.0,00-0035190,A.Cole
2024_09_LV_CIN,REG,9,CIN,52.0,0.0,0.0,1.0,00-0039323,R.Rehkow
2024_09_LV_CIN,REG,9,LV,62.0,0.0,0.0,1.0,00-0035190,A.Cole
2024_09_LV_CIN,REG,9,CIN,65.0,0.0,0.0,1.0,00-0039323,R.Rehkow
2024_09_LV_CIN,REG,9,LV,70.0,0.0,0.0,1.0,00-0035190,A.Cole
2024_09_LV_CIN,REG,9,CIN,58.0,0.0,0.0,1.0,00-0039323,R.Rehkow
2024_09_MIA_BUF,REG,9,BUF,49.0,0.0,1.0,1.0,00-0030092,S.Martin
2024_09_MIA_BUF,REG,9,MIA,37.0,0.0,0.0,1.0,00-0035280,J.Bailey
2024_09_NE_TEN,REG,9,TEN,42.0,0.0,0.0,1.0,00-0037607,R.Stonehouse
2024_09_NE_TEN,REG,9,NE,49.0,0.0,0.0,1.0,00-0038610,B.Baringer
2024_09_NE_TEN,REG,9,TEN,53.0,0.0,0.0,1.0,00-0037607,R.Stonehouse
2024_09_NE_TEN,REG,9,TEN,36.0,0.0,1.0,1.0,00-0037607,R.Stonehouse
2024_09_NE_TEN,REG,9,NE,15.0,0.0,0.0,1.0,00-0038610,B.Baringer
2024_09_NE_TEN,REG,9,NE,45.0,0.0,0.0,1.0,00-0038610,B.Baringer
2024_09_NE_TEN,REG,9,TEN,44.0,0.0,1.0,1.0,00-0037607,R.Stonehouse
2024_09_NE_TEN,REG,9,NE,60.0,0.0,1.0,1.0,00-0038610,B.Baringer
2024_09_NE_TEN,REG,9,TEN,58.0,0.0,0.0,1.0,00-0037607,R.Stonehouse
2024_09_NO_CAR,REG,9,CAR,44.0,0.0,1.0,1.0,00-0028872,J.Hekker
2024_09_NO_CAR,REG,9,CAR,37.0,0.0,1.0,1.0,00-0028872,J.Hekker
2024_09_NO_CAR,REG,9,NO,30.0,0.0,0.0,1.0,00-0039611,M.Hayball
2024_09_NO_CAR,REG,9,CAR,35.0,0.0,1.0,1.0,00-0028872,J.Hekker
2024_09_NO_CAR,REG,9,NO,46.0,0.0,0.0,1.0,00-0039611,M.Hayball
2024_09_NO_CAR,REG,9,CAR,48.0,0.0,0.0,1.0,00-0028872,J.Hekker
2024_09_NO_CAR,REG,9,NO,43.0,0.0,1.0,1.0,00-0039611,M.Hayball
2024_09_NO_CAR,REG,9,CAR,52.0,0.0,0.0,1.0,00-0028872,J.Hekker
2024_09_NO_CAR,REG,9,NO,50.0,0.0,0.0,1.0,00-0039611,M.Hayball
2024_09_TB_KC,REG,9,KC,35.0,0.0,1.0,1.0,00-0037284,M.Araiza
2024_09_TB_KC,REG,9,TB,56.0,0.0,0.0,1.0,00-0037097,T.Gill
2024_09_TB_KC,REG,9,TB,57.0,0.0,1.0,1.0,00-0037097,T.Gill
2024_09_TB_KC,REG,9,TB,32.0,0.0,1.0,1.0,00-0037097,T.Gill
2024_09_TB_KC,REG,9,KC,49.0,0.0,0.0,1.0,00-0037284,M.Araiza
2024_09_TB_KC,REG,9,TB,40.0,0.0,0.0,1.0,00-0037097,T.Gill
2024_09_TB_KC,REG,9,TB,31.0,0.0,0.0,1.0,00-0037097,T.Gill
2024_09_TB_KC,REG,9,KC,47.0,0.0,0.0,1.0,00-0037284,M.Araiza
2024_09_TB_KC,REG,9,KC,40.0,0.0,0.0,1.0,00-0037284,M.Araiza
2024_09_WAS_NYG,REG,9,NYG,32.0,0.0,0.0,1.0,00-0033400,M.Haack
2024_09_WAS_NYG,REG,9,WAS,56.0,0.0,1.0,1.0,00-0030140,T.Way
2024_09_WAS_NYG,REG,9,NYG,60.0,0.0,1.0,1.0,00-0033400,M.Haack
2024_09_WAS_NYG,REG,9,WAS,53.0,0.0,0.0,1.0,00-0030140,T.Way
2024_10_ATL_NO,REG,10,ATL,45.0,0.0,1.0,1.0,00-0032065,B.Pinion
2024_10_ATL_NO,REG,10,ATL,42.0,0.0,0.0,1.0,00-0032065,B.Pinion
2024_10_ATL_NO,REG,10,NO,42.0,0.0,0.0,1.0,00-0039611,M.Hayball
2024_10_ATL_NO,REG,10,NO,46.0,0.0,1.0,1.0,00-0039611,M.Hayball
2024_10_ATL_NO,REG,10,ATL,57.0,0.0,0.0,1.0,00-0032065,B.Pinion
2024_10_ATL_NO,REG,10,NO,43.0,0.0,1.0,1.0,00-0039611,M.Hayball
2024_10_ATL_NO,REG,10,NO,51.0,0.0,1.0,1.0,00-0039611,M.Hayball
2024_10_ATL_NO,REG,10,NO,42.0,0.0,1.0,1.0,00-0039611,M.Hayball
2024_10_BUF_IND,REG,10,BUF,48.0,0.0,1.0,1.0,00-0030092,S.Martin
2024_10_BUF_IND,REG,10,IND,55.0,0.0,1.0,1.0,00-0033269,R.Sanchez
2024_10_BUF_IND,REG,10,IND,53.0,0.0,0.0,1.0,00-0033269,R.Sanchez
2024_10_BUF_IND,REG,10,BUF,61.0,0.0,1.0,1.0,00-0030092,S.Martin
2024_10_CIN_BAL,REG,10,BAL,54.0,0.0,1.0,1.0,00-0038094,J.Stout
2024_10_CIN_BAL,REG,10,CIN,46.0,0.0,1.0,1.0,00-0039323,R.Rehkow
2024_10_CIN_BAL,REG,10,BAL,46.0,0.0,0.0,1.0,00-0038094,J.Stout
2024_10_CIN_BAL,REG,10,CIN,46.0,0.0,0.0,1.0,00-0039323,R.Rehkow
2024_10_CIN_BAL,REG,10,BAL,48.0,0.0,0.0,1.0,00-0038094,J.Stout
2024_10_CIN_BAL,REG,10,BAL,35.0,0.0,0.0,1.0,00-0038094,J.Stout
2024_10_CIN_BAL,REG,10,BAL,48.0,0.0,1.0,1.0,00-0038094,J.Stout
2024_10_CIN_BAL,REG,10,CIN,32.0,0.0,1.0,1.0,00-0039323,R.Rehkow
2024_10_DEN_KC,REG,10,DEN,57.0,0.0,0.0,1.0,00-0032943,R.Dixon
2024_10_DEN_KC,REG,10,KC,55.0,0.0,0.0,1.0,00-0037284,M.Araiza
2024_10_DEN_KC,REG,10,DEN,56.0,0.0,0.0,1.0,00-0032943,R.Dixon
2024_10_DEN_KC,REG,10,KC,53.0,0.0,0.0,1.0,00-0037284,M.Araiza
2024_10_DEN_KC,REG,10,KC,64.0,0.0,0.0,1.0,00-0037284,M.Araiza
2024_10_DEN_KC,REG,10,DEN,30.0,0.0,0.0,1.0,00-0032943,R.Dixon
2024_10_DEN_KC,REG,10,DEN,54.0,0.0,1.0,1.0,00-0032943,R.Dixon
2024_10_DEN_KC,REG,10,KC,41.0,0.0,1.0,1.0,00-0037284,M.Araiza
2024_10_DEN_KC,REG,10,DEN,39.0,0.0,0.0,1.0,00-0032943,R.Dixon
2024_10_DET_HOU,REG,10,DET,40.0,0.0,0.0,1.0,00-0035156,J.Fox
2024_10_DET_HOU,REG,10,DET,46.0,0.0,0.0,1.0,00-0035156,J.Fox
2024_10_DET_HOU,REG,10,HOU,62.0,0.0,1.0,1.0,00-0035889,T.Townsend
2024_10_DET_HOU,REG,10,DET,60.0,0.0,0.0,1.0,00-0035156,J.Fox
2024_10_DET_HOU,REG,10,HOU,56.0,0.0,0.0,1.0,00-0035889,T.Townsend
2024_10_DET_HOU,REG,10,HOU,54.0,0.0,0.0,1.0,00-0035889,T.Townsend
2024_10_DET_HOU,REG,10,DET,42.0,0.0,1.0,1.0,00-0035156,J.Fox
2024_10_DET_HOU,REG,10,HOU,54.0,0.0,0.0,1.0,00-0035889,T.Townsend
2024_10_DET_HOU,REG,10,HOU,49.0,0.0,1.0,1.0,00-0035889,T.Townsend
2024_10_MIA_LA,REG,10,LAR,47.0,0.0,1.0,1.0,00-0039059,E.Evans
2024_10_MIA_LA,REG,10,MIA,48.0,0.0,0.0,1.0,00-0035280,J.Bailey
2024_10_MIA_LA,REG,10,LAR,51.0,0.0,1.0,1.0,00-0039059,E.Evans
2024_10_MIA_LA,REG,10,MIA,35.0,0.0,0.0,1.0,00-0035280,J.Bailey
2024_10_MIA_LA,REG,10,LAR,50.0,0.0,0.0,1.0,00-0039059,E.Evans
2024_10_MIA_LA,REG,10,MIA,51.0,0.0,1.0,1.0,00-0035280,J.Bailey
2024_10_MIN_JAX,REG,10,JAX,68.0,0.0,0.0,1.0,00-0034437,L.Cooke
2024_10_MIN_JAX,REG,10,JAX,52.0,0.0,1.0,1.0,00-0034437,L.Cooke
2024_10_MIN_JAX,REG,10,JAX,39.0,0.0,1.0,1.0,00-0034437,L.Cooke
2024_10_MIN_JAX,REG,10,MIN,43.0,0.0,0.0,1.0,00-0037500,R.Wright
2024_10_MIN_JAX,REG,10,JAX,55.0,0.0,1.0,1.0,00-0034437,L.Cooke
2024_10_MIN_JAX,REG,10,JAX,60.0,0.0,1.0,1.0,00-0034437,L.Cooke
2024_10_MIN_JAX,REG,10,MIN,29.0,0.0,1.0,1.0,00-0037500,R.Wright
2024_10_NE_CHI,REG,10,NE,49.0,0.0,0.0,1.0,00-0038610,B.Baringer
2024_10_NE_CHI,REG,10,CHI,13.0,0.0,0.0,1.0,00-0039745,T.Taylor
2024_10_NE_CHI,REG,10,CHI,39.0,0.0,0.0,1.0,00-0039745,T.Taylor
2024_10_NE_CHI,REG,10,CHI,35.0,0.0,1.0,1.0,00-0039745,T.Taylor
2024_10_NE_CHI,REG,10,NE,50.0,0.0,0.0,1.0,00-0038610,B.Baringer
2024_10_NE_CHI,REG,10,CHI,48.0,0.0,0.0,1.0,00-0039745,T.Taylor
2024_10_NE_CHI,REG,10,CHI,36.0,0.0,1.0,1.0,00-0039745,T.Taylor
2024_10_NE_CHI,REG,10,NE,61.0,0.0,0.0,1.0,00-0038610,B.Baringer
2024_10_NE_CHI,REG,10,CHI,52.0,0.0,0.0,1.0,00-0039745,T.Taylor
2024_10_NE_CHI,REG,10,NE,75.0,0.0,0.0,1.0,00-0038610,B.Baringer
2024_10_NE_CHI,REG,10,CHI,50.0,0.0,0.0,1.0,00-0039745,T.Taylor
2024_10_NE_CHI,REG,10,NE,50.0,0.0,1.0,1.0,00-0038610,B.Baringer
2024_10_NE_CHI,REG,10,CHI,62.0,0.0,0.0,1.0,00-0039745,T.Taylor
2024_10_NYG_CAR,REG,10,CAR,49.0,0.0,1.0,1.0,00-0028872,J.Hekker
2024_10_NYG_CAR,REG,10,NYG,33.0,0.0,1.0,1.0,00-0035042,J.Gillan
2024_10_NYG_CAR,REG,10,NYG,42.0,0.0,1.0,1.0,00-0035042,J.Gillan
2024_10_NYG_CAR,REG,10,CAR,43.0,0.0,0.0,1.0,00-0028872,J.Hekker
2024_10_NYG_CAR,REG,10,NYG,46.0,0.0,1.0,1.0,00-0035042,J.Gillan
2024_10_NYG_CAR,REG,10,CAR,55.0,0.0,0.0,1.0,00-0028872,J.Hekker
2024_10_NYG_CAR,REG,10,CAR,43.0,0.0,1.0,1.0,00-0028872,J.Hekker
2024_10_NYG_CAR,REG,10,NYG,42.0,0.0,0.0,1.0,00-0035042,J.Gillan
2024_10_NYG_CAR,REG,10,CAR,46.0,0.0,1.0,1.0,00-0028872,J.Hekker
2024_10_NYG_CAR,REG,10,CAR,54.0,0.0,0.0,1.0,00-0028872,J.Hekker
2024_10_NYG_CAR,REG,10,NYG,41.0,0.0,1.0,1.0,00-0035042,J.Gillan
2024_10_NYG_CAR,REG,10,CAR,47.0,0.0,0.0,1.0,00-0028872,J.Hekker
2024_10_NYJ_ARI,REG,10,NYJ,47.0,0.0,0.0,1.0,00-0027114,T.Morstead
2024_10_NYJ_ARI,REG,10,NYJ,46.0,0.0,1.0,1.0,00-0027114,T.Morstead
2024_10_NYJ_ARI,REG,10,ARI,40.0,0.0,1.0,1.0,00-0035859,B.Gillikin
2024_10_PHI_DAL,REG,10,DAL,37.0,0.0,0.0,1.0,00-0029692,B.Anger
2024_10_PHI_DAL,REG,10,PHI,55.0,0.0,0.0,1.0,00-0036313,B.Mann
2024_10_PHI_DAL,REG,10,DAL,59.0,0.0,0.0,1.0,00-0029692,B.Anger
2024_10_PHI_DAL,REG,10,PHI,55.0,0.0,0.0,1.0,00-0036313,B.Mann
2024_10_PHI_DAL,REG,10,DAL,57.0,0.0,1.0,1.0,00-0029692,B.Anger
2024_10_PHI_DAL,REG,10,PHI,51.0,0.0,1.0,1.0,00-0036313,B.Mann
2024_10_PHI_DAL,REG,10,DAL,54.0,0.0,0.0,1.0,00-0029692,B.Anger
2024_10_PHI_DAL,REG,10,DAL,53.0,0.0,1.0,1.0,00-0029692,B.Anger
2024_10_PHI_DAL,REG,10,PHI,47.0,0.0,0.0,1.0,00-0036313,B.Mann
2024_10_PHI_DAL,REG,10,DAL,44.0,0.0,0.0,1.0,00-0029692,B.Anger
2024_10_PIT_WAS,REG,10,PIT,51.0,0.0,1.0,1.0,00-0035821,C.Waitman
2024_10_PIT_WAS,REG,10,WAS,47.0,0.0,0.0,1.0,00-0030140,T.Way
2024_10_PIT_WAS,REG,10,WAS,53.0,0.0,0.0,1.0,00-0030140,T.Way
2024_10_PIT_WAS,REG,10,PIT,39.0,0.0,0.0,1.0,00-0035821,C.Waitman
2024_10_PIT_WAS,REG,10,WAS,74.0,0.0,0.0,1.0,00-0030140,T.Way
2024_10_PIT_WAS,REG,10,PIT,41.0,0.0,1.0,1.0,00-0035821,C.Waitman
2024_10_PIT_WAS,REG,10,PIT,47.0,0.0,1.0,1.0,00-0035821,C.Waitman
2024_10_PIT_WAS,REG,10,WAS,47.0,0.0,1.0,1.0,00-0030140,T.Way
2024_10_PIT_WAS,REG,10,PIT,34.0,0.0,0.0,1.0,00-0035821,C.Waitman
2024_10_PIT_WAS,REG,10,WAS,49.0,0.0,1.0,1.0,00-0030140,T.Way
2024_10_PIT_WAS,REG,10,WAS,60.0,0.0,0.0,1.0,00-0030140,T.Way
2024_10_SF_TB,REG,10,SF,35.0,0.0,1.0,1.0,00-0034941,M.Wishnowsky
2024_10_SF_TB,REG,10,TB,46.0,0.0,0.0,1.0,00-0037097,T.Gill
2024_10_SF_TB,REG,10,TB,41.0,0.0,1.0,1.0,00-0037097,T.Gill
2024_10_SF_TB,REG,10,TB,48.0,0.0,1.0,1.0,00-0037097,T.Gill
2024_10_SF_TB,REG,10,TB,44.0,0.0,0.0,1.0,00-0037097,T.Gill
2024_10_SF_TB,REG,10,TB,50.0,0.0,0.0,1.0,00-0037097,T.Gill
2024_10_SF_TB,REG,10,TB,44.0,0.0,0.0,1.0,00-0037097,T.Gill
2024_10_TEN_LAC,REG,10,LAC,47.0,0.0,1.0,1.0,00-0034162,J.Scott
2024_10_TEN_LAC,REG,10,TEN,56.0,0.0,0.0,1.0,00-0037607,R.Stonehouse
2024_10_TEN_LAC,REG,10,TEN,52.0,0.0,1.0,1.0,00-0037607,R.Stonehouse
2024_10_TEN_LAC,REG,10,LAC,29.0,0.0,0.0,1.0,00-0034162,J.Scott
2024_10_TEN_LAC,REG,10,TEN,58.0,0.0,1.0,1.0,00-0037607,R.Stonehouse
2024_10_TEN_LAC,REG,10,TEN,48.0,0.0,1.0,1.0,00-0037607,R.Stonehouse
2024_10_TEN_LAC,REG,10,LAC,40.0,0.0,0.0,1.0,00-0034162,J.Scott
2024_11_ATL_DEN,REG,11,DEN,51.0,0.0,0.0,1.0,00-0032943,R.Dixon
2024_11_ATL_DEN,REG,11,ATL,59.0,0.0,0.0,1.0,00-0032065,B.Pinion
2024_11_ATL_DEN,REG,11,ATL,49.0,0.0,0.0,1.0,00-0032065,B.Pinion
2024_11_ATL_DEN,REG,11,DEN,37.0,0.0,1.0,1.0,00-0032943,R.Dixon
2024_11_ATL_DEN,REG,11,ATL,46.0,0.0,0.0,1.0,00-0032065,B.Pinion
2024_11_ATL_DEN,REG,11,ATL,51.0,0.0,0.0,1.0,00-0032065,B.Pinion
2024_11_ATL_DEN,REG,11,ATL,45.0,0.0,1.0,1.0,00-0032065,B.Pinion
2024_11_ATL_DEN,REG,11,DEN,47.0,0.0,0.0,1.0,00-0032943,R.Dixon
2024_11_BAL_PIT,REG,11,BAL,70.0,0.0,0.0,1.0,00-0038094,J.Stout
2024_11_BAL_PIT,REG,11,PIT,51.0,0.0,0.0,1.0,00-0035821,C.Waitman
2024_11_BAL_PIT,REG,11,PIT,52.0,0.0,0.0,1.0,00-0035821,C.Waitman
2024_11_BAL_PIT,REG,11,BAL,37.0,0.0,1.0,1.0,00-0038094,J.Stout
2024_11_BAL_PIT,REG,11,BAL,49.0,0.0,0.0,1.0,00-0038094,J.Stout
2024_11_BAL_PIT,REG,11,PIT,71.0,0.0,0.0,1.0,00-0035821,C.Waitman
2024_11_BAL_PIT,REG,11,PIT,52.0,0.0,1.0,1.0,00-0035821,C.Waitman
2024_11_BAL_PIT,REG,11,BAL,61.0,0.0,0.0,1.0,00-0038094,J.Stout
2024_11_CIN_LAC,REG,11,CIN,38.0,0.0,1.0,1.0,00-0039323,R.Rehkow
2024_11_CIN_LAC,REG,11,LAC,53.0,0.0,0.0,1.0,00-0034162,J.Scott
2024_11_CIN_LAC,REG,11,CIN,33.0,0.0,0.0,1.0,00-0039323,R.Rehkow
2024_11_CIN_LAC,REG,11,CIN,52.0,0.0,0.0,1.0,00-0039323,R.Rehkow
2024_11_CIN_LAC,REG,11,LAC,58.0,0.0,0.0,1.0,00-0034162,J.Scott
2024_11_CIN_LAC,REG,11,CIN,63.0,0.0,0.0,1.0,00-0039323,R.Rehkow
2024_11_CIN_LAC,REG,11,LAC,32.0,0.0,0.0,1.0,00-0034162,J.Scott
2024_11_CIN_LAC,REG,11,LAC,39.0,0.0,1.0,1.0,00-0034162,J.Scott
2024_11_CIN_LAC,REG,11,LAC,55.0,0.0,0.0,1.0,00-0034162,J.Scott
2024_11_CIN_LAC,REG,11,LAC,43.0,0.0,1.0,1.0,00-0034162,J.Scott
2024_11_CIN_LAC,REG,11,CIN,64.0,0.0,1.0,1.0,00-0039323,R.Rehkow
2024_11_CLE_NO,REG,11,CLE,40.0,0.0,1.0,1.0,00-0034721,C.Bojorquez
2024_11_CLE_NO,REG,11,NO,33.0,0.0,1.0,1.0,00-0039611,M.Hayball
2024_11_CLE_NO,REG,11,CLE,43.0,0.0,0.0,1.0,00-0034721,C.Bojorquez
2024_11_CLE_NO,REG,11,NO,34.0,0.0,1.0,1.0,00-0039611,M.Hayball
2024_11_CLE_NO,REG,11,NO,43.0,0.0,1.0,1.0,00-0039611,M.Hayball
2024_11_CLE_NO,REG,11,CLE,52.0,0.0,0.0,1.0,00-0034721,C.Bojorquez
2024_11_CLE_NO,REG,11,CLE,49.0,0.0,0.0,1.0,00-0034721,C.Bojorquez
2024_11_CLE_NO,REG,11,CLE,44.0,0.0,0.0,1.0,00-0034721,C.Bojorquez
2024_11_GB_CHI,REG,11,GB,47.0,0.0,1.0,1.0,00-0037547,D.Whelan
2024_11_GB_CHI,REG,11,CHI,35.0,0.0,1.0,1.0,00-0039745,T.Taylor
2024_11_GB_CHI,REG,11,CHI,48.0,0.0,0.0,1.0,00-0039745,T.Taylor
2024_11_HOU_DAL,REG,11,HOU,51.0,0.0,0.0,1.0,00-0035889,T.Townsend
2024_11_HOU_DAL,REG,11,HOU,52.0,0.0,1.0,1.0,00-0035889,T.Townsend
2024_11_HOU_DAL,REG,11,DAL,40.0,0.0,0.0,1.0,00-0029692,B.Anger
2024_11_HOU_DAL,REG,11,HOU,59.0,0.0,1.0,1.0,00-0035889,T.Townsend
2024_11_HOU_DAL,REG,11,DAL,42.0,0.0,1.0,1.0,00-0029692,B.Anger
2024_11_HOU_DAL,REG,11,HOU,48.0,0.0,1.0,1.0,00-0035889,T.Townsend
2024_11_IND_NYJ,REG,11,NYJ,63.0,0.0,0.0,1.0,00-0027114,T.Morstead
2024_11_IND_NYJ,REG,11,NYJ,54.0,0.0,0.0,1.0,00-0027114,T.Morstead
2024_11_IND_NYJ,REG,11,IND,53.0,0.0,0.0,1.0,00-0033269,R.Sanchez
2024_11_IND_NYJ,REG,11,NYJ,59.0,0.0,0.0,1.0,00-0027114,T.Morstead
2024_11_IND_NYJ,REG,11,NYJ,52.0,0.0,0.0,1.0,00-0027114,T.Morstead
2024_11_IND_NYJ,REG,11,IND,46.0,0.0,0.0,1.0,00-0033269,R.Sanchez
2024_11_IND_NYJ,REG,11,NYJ,49.0,0.0,1.0,1.0,00-0027114,T.Morstead
2024_11_IND_NYJ,REG,11,IND,43.0,0.0,0.0,1.0,00-0033269,R.Sanchez
2024_11_IND_NYJ,REG,11,IND,58.0,0.0,0.0,1.0,00-0033269,R.Sanchez
2024_11_JAX_DET,REG,11,JAX,55.0,0.0,1.0,1.0,00-0034437,L.Cooke
2024_11_JAX_DET,REG,11,JAX,56.0,0.0,0.0,1.0,00-0034437,L.Cooke
2024_11_JAX_DET,REG,11,JAX,43.0,0.0,1.0,1.0,00-0034437,L.Cooke
2024_11_JAX_DET,REG,11,JAX,52.0,0.0,1.0,1.0,00-0034437,L.Cooke
2024_11_JAX_DET,REG,11,JAX,61.0,0.0,0.0,1.0,00-0034437,L.Cooke
2024_11_KC_BUF,REG,11,KC,46.0,0.0,0.0,1.0,00-0037284,M.Araiza
2024_11_KC_BUF,REG,11,BUF,35.0,0.0,1.0,1.0,00-0030092,S.Martin
2024_11_KC_BUF,REG,11,KC,45.0,0.0,0.0,1.0,00-0037284,M.Araiza
2024_11_KC_BUF,REG,11,BUF,47.0,0.0,0.0,1.0,00-0030092,S.Martin
2024_11_KC_BUF,REG,11,KC,58.0,0.0,0.0,1.0,00-0037284,M.Araiza
2024_11_KC_BUF,REG,11,BUF,44.0,0.0,1.0,1.0,00-0030092,S.Martin
2024_11_KC_BUF,REG,11,KC,44.0,0.0,1.0,1.0,00-0037284,M.Araiza
2024_11_LA_NE,REG,11,NE,32.0,0.0,1.0,1.0,00-0038610,B.Baringer
2024_11_LA_NE,REG,11,LAR,20.0,0.0,0.0,1.0,00-0039059,E.Evans
2024_11_LA_NE,REG,11,LAR,38.0,0.0,1.0,1.0,00-0039059,E.Evans
2024_11_LA_NE,REG,11,NE,42.0,0.0,0.0,1.0,00-0038610,B.Baringer
2024_11_LA_NE,REG,11,LAR,50.0,0.0,1.0,1.0,00-0039059,E.Evans
2024_11_LA_NE,REG,11,LAR,30.0,0.0,1.0,1.0,00-0039059,E.Evans
2024_11_LV_MIA,REG,11,LV,54.0,0.0,1.0,1.0,00-0035190,A.Cole
2024_11_MIN_TEN,REG,11,TEN,32.0,0.0,0.0,1.0,00-0037607,R.Stonehouse
2024_11_MIN_TEN,REG,11,TEN,50.0,0.0,1.0,1.0,00-0037607,R.Stonehouse
2024_11_MIN_TEN,REG,11,TEN,51.0,0.0,0.0,1.0,00-0037607,R.Stonehouse
2024_11_MIN_TEN,REG,11,TEN,62.0,0.0,0.0,1.0,00-0037607,R.Stonehouse
2024_11_MIN_TEN,REG,11,MIN,66.0,0.0,0.0,1.0,00-0037500,R.Wright
2024_11_MIN_TEN,REG,11,TEN,46.0,0.0,0.0,1.0,00-0037607,R.Stonehouse
2024_11_MIN_TEN,REG,11,MIN,47.0,0.0,1.0,1.0,00-0037500,R.Wright
2024_11_MIN_TEN,REG,11,MIN,40.0,0.0,0.0,1.0,00-0037500,R.Wright
2024_11_MIN_TEN,REG,11,MIN,29.0,0.0,1.0,1.0,00-0037500,R.Wright
2024_11_MIN_TEN,REG,11,MIN,40.0,0.0,1.0,1.0,00-0037500,R.Wright
2024_11_SEA_SF,REG,11,SF,43.0,0.0,0.0,1.0,00-0031079,P.O'Donnell
2024_11_SEA_SF,REG,11,SEA,53.0,0.0,0.0,1.0,00-0034160,M.Dickson
2024_11_SEA_SF,REG,11,SF,38.0,0.0,1.0,1.0,00-0031079,P.O'Donnell
2024_11_SEA_SF,REG,11,SEA,44.0,0.0,0.0,1.0,00-0034160,M.Dickson
2024_11_SEA_SF,REG,11,SF,42.0,0.0,0.0,1.0,00-0031079,P.O'Donnell
2024_11_WAS_PHI,REG,11,WAS,51.0,0.0,1.0,1.0,00-0030140,T.Way
2024_11_WAS_PHI,REG,11,PHI,38.0,0.0,0.0,1.0,00-0036313,B.Mann
2024_11_WAS_PHI,REG,11,PHI,51.0,0.0,1.0,1.0,00-0036313,B.Mann
2024_11_WAS_PHI,REG,11,WAS,44.0,0.0,0.0,1.0,00-0030140,T.Way
2024_11_WAS_PHI,REG,11,WAS,39.0,0.0,0.0,1.0,00-0030140,T.Way
2024_11_WAS_PHI,REG,11,PHI,44.0,0.0,0.0,1.0,00-0036313,B.Mann
2024_11_WAS_PHI,REG,11,WAS,36.0,0.0,1.0,1.0,00-0030140,T.Way
2024_11_WAS_PHI,REG,11,WAS,51.0,0.0,0.0,1.0,00-0030140,T.Way
2024_12_ARI_SEA,REG,12,ARI,51.0,0.0,1.0,1.0,00-0035859,B.Gillikin
2024_12_ARI_SEA,REG,12,SEA,51.0,0.0,1.0,1.0,00-0034160,M.Dickson
2024_12_ARI_SEA,REG,12,ARI,58.0,0.0,1.0,1.0,00-0035859,B.Gillikin
2024_12_ARI_SEA,REG,12,SEA,52.0,0.0,0.0,1.0,00-0034160,M.Dickson
2024_12_ARI_SEA,REG,12,ARI,44.0,0.0,1.0,1.0,00-0035859,B.Gillikin
2024_12_ARI_SEA,REG,12,SEA,41.0,0.0,0.0,1.0,00-0034160,M.Dickson
2024_12_ARI_SEA,REG,12,SEA,36.0,0.0,1.0,1.0,00-0034160,M.Dickson
2024_12_ARI_SEA,REG,12,ARI,54.0,0.0,0.0,1.0,00-0035859,B.Gillikin
2024_12_ARI_SEA,REG,12,ARI,49.0,0.0,0.0,1.0,00-0035859,B.Gillikin
2024_12_ARI_SEA,REG,12,SEA,38.0,0.0,1.0,1.0,00-0034160,M.Dickson
2024_12_ARI_SEA,REG,12,ARI,54.0,0.0,1.0,1.0,00-0035859,B.Gillikin
2024_12_BAL_LAC,REG,12,BAL,57.0,0.0,1.0,1.0,00-0038094,J.Stout
2024_12_BAL_LAC,REG,12,LAC,43.0,0.0,0.0,1.0,00-0034162,J.Scott
2024_12_BAL_LAC,REG,12,BAL,62.0,0.0,0.0,1.0,00-0038094,J.Stout
2024_12_BAL_LAC,REG,12,LAC,45.0,0.0,1.0,1.0,00-0034162,J.Scott
2024_12_BAL_LAC,REG,12,LAC,38.0,0.0,0.0,1.0,00-0034162,J.Scott
2024_12_BAL_LAC,REG,12,LAC,39.0,0.0,1.0,1.0,00-0034162,J.Scott
2024_12_BAL_LAC,REG,12,BAL,44.0,0.0,0.0,1.0,00-0038094,J.Stout
2024_12_DAL_WAS,REG,12,WAS,38.0,0.0,1.0,1.0,00-0030140,T.Way
2024_12_DAL_WAS,REG,12,DAL,56.0,0.0,0.0,1.0,00-0029692,B.Anger
2024_12_DAL_WAS,REG,12,WAS,39.0,0.0,1.0,1.0,00-0030140,T.Way
2024_12_DAL_WAS,REG,12,DAL,23.0,0.0,0.0,1.0,00-0029692,B.Anger
2024_12_DAL_WAS,REG,12,DAL,32.0,0.0,1.0,1.0,00-0029692,B.Anger
2024_12_DAL_WAS,REG,12,WAS,41.0,0.0,1.0,1.0,00-0030140,T.Way
2024_12_DAL_WAS,REG,12,WAS,51.0,0.0,1.0,1.0,00-0030140,T.Way
2024_12_DAL_WAS,REG,12,DAL,43.0,0.0,0.0,1.0,00-0029692,B.Anger
2024_12_DAL_WAS,REG,12,WAS,39.0,0.0,1.0,1.0,00-0030140,T.Way
2024_12_DAL_WAS,REG,12,DAL,48.0,0.0,1.0,1.0,00-0029692,B.Anger
2024_12_DAL_WAS,REG,12,WAS,39.0,0.0,0.0,1.0,00-0030140,T.Way
2024_12_DAL_WAS,REG,12,DAL,36.0,0.0,1.0,1.0,00-0029692,B.Anger
2024_12_DEN_LV,REG,12,LV,31.0,0.0,1.0,1.0,00-0035190,A.Cole
2024_12_DEN_LV,REG,12,DEN,43.0,0.0,1.0,1.0,00-0032943,R.Dixon
2024_12_DEN_LV,REG,12,LV,60.0,0.0,0.0,1.0,00-0035190,A.Cole
2024_12_DEN_LV,REG,12,DEN,52.0,0.0,0.0,1.0,00-0032943,R.Dixon
2024_12_DEN_LV,REG,12,LV,42.0,0.0,1.0,1.0,00-0035190,A.Cole
2024_12_DEN_LV,REG,12,DEN,43.0,0.0,1.0,1.0,00-0032943,R.Dixon
2024_12_DEN_LV,REG,12,LV,57.0,0.0,0.0,1.0,00-0035190,A.Cole
2024_12_DEN_LV,REG,12,DEN,54.0,0.0,0.0,1.0,00-0032943,R.Dixon
2024_12_DET_IND,REG,12,DET,34.0,0.0,1.0,1.0,00-0035156,J.Fox
2024_12_DET_IND,REG,12,IND,62.0,0.0,0.0,1.0,00-0033269,R.Sanchez
2024_12_DET_IND,REG,12,IND,40.0,0.0,1.0,1.0,00-0033269,R.Sanchez
2024_12_DET_IND,REG,12,DET,58.0,0.0,1.0,1.0,00-0035156,J.Fox
2024_12_DET_IND,REG,12,IND,57.0,0.0,0.0,1.0,00-0033269,R.Sanchez
2024_12_DET_IND,REG,12,IND,49.0,0.0,1.0,1.0,00-0033269,R.Sanchez
2024_12_DET_IND,REG,12,DET,60.0,0.0,1.0,1.0,00-0035156,J.Fox
2024_12_DET_IND,REG,12,IND,52.0,0.0,0.0,1.0,00-0033269,R.Sanchez
2024_12_DET_IND,REG,12,DET,40.0,0.0,1.0,1.0,00-0035156,J.Fox
2024_12_DET_IND,REG,12,IND,57.0,0.0,0.0,1.0,00-0033269,R.Sanchez
2024_12_KC_CAR,REG,12,CAR,55.0,0.0,1.0,1.0,00-0028872,J.Hekker
2024_12_KC_CAR,REG,12,KC,46.0,0.0,1.0,1.0,00-0037284,M.Araiza
2024_12_KC_CAR,REG,12,CAR,48.0,0.0,0.0,1.0,00-0028872,J.Hekker
2024_12_KC_CAR,REG,12,KC,48.0,0.0,0.0,1.0,00-0037284,M.Araiza
2024_12_MIN_CHI,REG,12,CHI,52.0,0.0,0.0,1.0,00-0039745,T.Taylor
2024_12_MIN_CHI,REG,12,CHI,49.0,0.0,0.0,1.0,00-0039745,T.Taylor
2024_12_MIN_CHI,REG,12,MIN,46.0,0.0,0.0,1.0,00-0037500,R.Wright
2024_12_MIN_CHI,REG,12,CHI,54.0,0.0,0.0,1.0,00-0039745,T.Taylor
2024_12_MIN_CHI,REG,12,MIN,44.0,0.0,0.0,1.0,00-0037500,R.Wright
2024_12_MIN_CHI,REG,12,MIN,41.0,0.0,0.0,1.0,00-0037500,R.Wright
2024_12_MIN_CHI,REG,12,CHI,42.0,0.0,1.0,1.0,00-0039745,T.Taylor
2024_12_MIN_CHI,REG,12,MIN,36.0,0.0,1.0,1.0,00-0037500,R.Wright
2024_12_MIN_CHI,REG,12,CHI,41.0,0.0,0.0,1.0,00-0039745,T.Taylor
2024_12_MIN_CHI,REG,12,CHI,54.0,0.0,0.0,1.0,00-0039745,T.Taylor
2024_12_NE_MIA,REG,12,NE,57.0,0.0,1.0,1.0,00-0038610,B.Baringer
2024_12_NE_MIA,REG,12,MIA,51.0,0.0,1.0,1.0,00-0035280,J.Bailey
2024_12_NE_MIA,REG,12,NE,53.0,0.0,0.0,1.0,00-0038610,B.Baringer
2024_12_NE_MIA,REG,12,NE,69.0,0.0,0.0,1.0,00-0038610,B.Baringer
2024_12_NE_MIA,REG,12,NE,39.0,0.0,0.0,1.0,00-0038610,B.Baringer
2024_12_NE_MIA,REG,12,MIA,52.0,0.0,0.0,1.0,00-0035280,J.Bailey
2024_12_NE_MIA,REG,12,NE,41.0,0.0,1.0,1.0,00-0038610,B.Baringer
2024_12_NE_MIA,REG,12,MIA,39.0,0.0,1.0,1.0,00-0035280,J.Bailey
2024_12_NE_MIA,REG,12,MIA,53.0,0.0,0.0,1.0,00-0035280,J.Bailey
2024_12_NE_MIA,REG,12,MIA,45.0,0.0,0.0,1.0,00-0035280,J.Bailey
2024_12_PHI_LA,REG,12,PHI,54.0,0.0,0.0,1.0,00-0036313,B.Mann
2024_12_PHI_LA,REG,12,LAR,37.0,0.0,0.0,1.0,00-0039059,E.Evans
2024_12_PHI_LA,REG,12,LAR,48.0,0.0,0.0,1.0,00-0039059,E.Evans
2024_12_PHI_LA,REG,12,LAR,28.0,0.0,0.0,1.0,00-0039059,E.Evans
2024_12_PHI_LA,REG,12,LAR,46.0,0.0,1.0,1.0,00-0039059,E.Evans
2024_12_PIT_CLE,REG,12,CLE,12.0,0.0,0.0,1.0,00-0034721,C.Bojorquez
2024_12_PIT_CLE,REG,12,CLE,41.0,0.0,1.0,1.0,00-0034721,C.Bojorquez
2024_12_PIT_CLE,REG,12,CLE,39.0,0.0,0.0,1.0,00-0034721,C.Bojorquez
2024_12_PIT_CLE,REG,12,PIT,15.0,0.0,0.0,1.0,00-0035821,C.Waitman
2024_12_SF_GB,REG,12,SF,46.0,0.0,1.0,1.0,00-0031079,P.O'Donnell
2024_12_SF_GB,REG,12,SF,45.0,0.0,0.0,1.0,00-0031079,P.O'Donnell
2024_12_SF_GB,REG,12,GB,37.0,0.0,0.0,1.0,00-0037547,D.Whelan
2024_12_SF_GB,REG,12,GB,48.0,0.0,0.0,1.0,00-0037547,D.Whelan
2024_12_SF_GB,REG,12,GB,59.0,0.0,0.0,1.0,00-0037547,D.Whelan
2024_12_SF_GB,REG,12,SF,56.0,0.0,0.0,1.0,00-0031079,P.O'Donnell
2024_12_SF_GB,REG,12,GB,51.0,0.0,1.0,1.0,00-0037547,D.Whelan
2024_12_TB_NYG,REG,12,NYG,43.0,0.0,1.0,1.0,00-0035042,J.Gillan
2024_12_TB_NYG,REG,12,TB,47.0,0.0,0.0,1.0,00-0037097,T.Gill
2024_12_TB_NYG,REG,12,NYG,53.0,0.0,1.0,1.0,00-0035042,J.Gillan
2024_12_TB_NYG,REG,12,NYG,29.0,0.0,1.0,1.0,00-0035042,J.Gillan
2024_12_TB_NYG,REG,12,TB,33.0,0.0,1.0,1.0,00-0037097,T.Gill
2024_12_TB_NYG,REG,12,NYG,43.0,0.0,0.0,1.0,00-0035042,J.Gillan
2024_12_TEN_HOU,REG,12,HOU,47.0,0.0,1.0,1.0,00-0035889,T.Townsend
2024_12_TEN_HOU,REG,12,HOU,50.0,0.0,1.0,1.0,00-0035889,T.Townsend
2024_12_TEN_HOU,REG,12,TEN,38.0,0.0,1.0,1.0,00-0037607,R.Stonehouse
2024_12_TEN_HOU,REG,12,HOU,49.0,0.0,1.0,1.0,00-0035889,T.Townsend
2024_12_TEN_HOU,REG,12,TEN,52.0,0.0,0.0,1.0,00-0037607,R.Stonehouse
2024_12_TEN_HOU,REG,12,TEN,62.0,0.0,0.0,1.0,00-0037607,R.Stonehouse
2024_12_TEN_HOU,REG,12,HOU,42.0,0.0,0.0,1.0,00-0035889,T.Townsend
2024_12_TEN_HOU,REG,12,HOU,52.0,0.0,1.0,1.0,00-0035889,T.Townsend
2024_12_TEN_HOU,REG,12,TEN,37.0,0.0,0.0,1.0,00-0037607,R.Stonehouse
2024_12_TEN_HOU,REG,12,TEN,61.0,0.0,1.0,1.0,00-0037607,R.Stonehouse
2024_13_ARI_MIN,REG,13,ARI,42.0,0.0,1.0,1.0,00-0035859,B.Gillikin
2024_13_ARI_MIN,REG,13,MIN,59.0,0.0,1.0,1.0,00-0037500,R.Wright
2024_13_ARI_MIN,REG,13,MIN,51.0,0.0,0.0,1.0,00-0037500,R.Wright
2024_13_CHI_DET,REG,13,CHI,55.0,0.0,1.0,1.0,00-0039745,T.Taylor
2024_13_CHI_DET,REG,13,CHI,56.0,0.0,0.0,1.0,00-0039745,T.Taylor
2024_13_CHI_DET,REG,13,CHI,58.0,0.0,0.0,1.0,00-0039745,T.Taylor
2024_13_CHI_DET,REG,13,DET,39.0,0.0,1.0,1.0,00-0035156,J.Fox
2024_13_CHI_DET,REG,13,CHI,54.0,0.0,0.0,1.0,00-0039745,T.Taylor
2024_13_CHI_DET,REG,13,DET,61.0,0.0,1.0,1.0,00-0035156,J.Fox
2024_13_CLE_DEN,REG,13,DEN,61.0,0.0,1.0,1.0,00-0032943,R.Dixon
2024_13_CLE_DEN,REG,13,DEN,58.0,0.0,1.0,1.0,00-0032943,R.Dixon
2024_13_CLE_DEN,REG,13,CLE,39.0,0.0,0.0,1.0,00-0034721,C.Bojorquez
2024_13_CLE_DEN,REG,13,DEN,59.0,0.0,1.0,1.0,00-0032943,R.Dixon
2024_13_CLE_DEN,REG,13,CLE,63.0,0.0,0.0,1.0,00-0034721,C.Bojorquez
2024_13_CLE_DEN,REG,13,CLE,39.0,0.0,1.0,1.0,00-0034721,C.Bojorquez
2024_13_CLE_DEN,REG,13,DEN,37.0,0.0,0.0,1.0,00-0032943,R.Dixon
2024_13_CLE_DEN,REG,13,CLE,63.0,0.0,1.0,1.0,00-0034721,C.Bojorquez
2024_13_CLE_DEN,REG,13,DEN,41.0,0.0,0.0,1.0,00-0032943,R.Dixon
2024_13_CLE_DEN,REG,13,CLE,48.0,0.0,1.0,1.0,00-0034721,C.Bojorquez
2024_13_CLE_DEN,REG,13,CLE,60.0,0.0,0.0,1.0,00-0034721,C.Bojorquez
2024_13_HOU_JAX,REG,13,JAX,64.0,0.0,1.0,1.0,00-0034437,L.Cooke
2024_13_HOU_JAX,REG,13,HOU,39.0,0.0,1.0,1.0,00-0035889,T.Townsend
2024_13_HOU_JAX,REG,13,JAX,40.0,0.0,1.0,1.0,00-0034437,L.Cooke
2024_13_HOU_JAX,REG,13,HOU,46.0,0.0,0.0,1.0,00-0035889,T.Townsend
2024_13_HOU_JAX,REG,13,JAX,48.0,0.0,0.0,1.0,00-0034437,L.Cooke
2024_13_HOU_JAX,REG,13,HOU,63.0,0.0,0.0,1.0,00-0035889,T.Townsend
2024_13_HOU_JAX,REG,13,JAX,39.0,0.0,0.0,1.0,00-0034437,L.Cooke
2024_13_HOU_JAX,REG,13,HOU,54.0,0.0,1.0,1.0,00-0035889,T.Townsend
2024_13_IND_NE,REG,13,IND,49.0,0.0,0.0,1.0,00-0033269,R.Sanchez
2024_13_IND_NE,REG,13,IND,51.0,0.0,0.0,1.0,00-0033269,R.Sanchez
2024_13_IND_NE,REG,13,NE,38.0,0.0,0.0,1.0,00-0038610,B.Baringer
2024_13_LAC_ATL,REG,13,ATL,43.0,0.0,0.0,1.0,00-0032065,B.Pinion
2024_13_LAC_ATL,REG,13,ATL,39.0,0.0,1.0,1.0,00-0032065,B.Pinion
2024_13_LAC_ATL,REG,13,LAC,48.0,0.0,1.0,1.0,00-0034162,J.Scott
2024_13_LAC_ATL,REG,13,LAC,46.0,0.0,0.0,1.0,00-0034162,J.Scott
2024_13_LAC_ATL,REG,13,LAC,52.0,0.0,1.0,1.0,00-0034162,J.Scott
2024_13_LA_NO,REG,13,LAR,45.0,0.0,0.0,1.0,00-0039059,E.Evans
2024_13_LA_NO,REG,13,NO,46.0,0.0,1.0,1.0,00-0039611,M.Hayball
2024_13_LA_NO,REG,13,LAR,35.0,0.0,1.0,1.0,00-0039059,E.Evans
2024_13_LA_NO,REG,13,NO,49.0,0.0,0.0,1.0,00-0039611,M.Hayball
2024_13_LA_NO,REG,13,LAR,36.0,0.0,1.0,1.0,00-0039059,E.Evans
2024_13_LA_NO,REG,13,NO,33.0,0.0,1.0,1.0,00-0039611,M.Hayball
2024_13_LV_KC,REG,13,LV,46.0,0.0,0.0,1.0,00-0035190,A.Cole
2024_13_LV_KC,REG,13,KC,29.0,0.0,1.0,1.0,00-0037284,M.Araiza
2024_13_LV_KC,REG,13,KC,46.0,0.0,0.0,1.0,00-0037284,M.Araiza
2024_13_LV_KC,REG,13,LV,39.0,0.0,1.0,1.0,00-0035190,A.Cole
2024_13_LV_KC,REG,13,KC,52.0,0.0,0.0,1.0,00-0037284,M.Araiza
2024_13_LV_KC,REG,13,LV,55.0,0.0,0.0,1.0,00-0035190,A.Cole
2024_13_LV_KC,REG,13,KC,54.0,0.0,0.0,1.0,00-0037284,M.Araiza
2024_13_LV_KC,REG,13,KC,36.0,0.0,1.0,1.0,00-0037284,M.Araiza
2024_13_MIA_GB,REG,13,GB,49.0,0.0,1.0,1.0,00-0037547,D.Whelan
2024_13_MIA_GB,REG,13,MIA,49.0,0.0,0.0,1.0,00-0035280,J.Bailey
2024_13_MIA_GB,REG,13,GB,38.0,0.0,1.0,1.0,00-0037547,D.Whelan
2024_13_MIA_GB,REG,13,MIA,44.0,0.0,0.0,1.0,00-0035280,J.Bailey
2024_13_MIA_GB,REG,13,MIA,53.0,0.0,0.0,1.0,00-0035280,J.Bailey
2024_13_MIA_GB,REG,13,GB,35.0,0.0,1.0,1.0,00-0037547,D.Whelan
2024_13_MIA_GB,REG,13,GB,50.0,0.0,0.0,1.0,00-0037547,D.Whelan
2024_13_NYG_DAL,REG,13,NYG,46.0,0.0,1.0,1.0,00-0035042,J.Gillan
2024_13_NYG_DAL,REG,13,NYG,41.0,0.0,1.0,1.0,00-0035042,J.Gillan
2024_13_NYG_DAL,REG,13,DAL,49.0,0.0,0.0,1.0,00-0029692,B.Anger
2024_13_NYG_DAL,REG,13,DAL,55.0,0.0,1.0,1.0,00-0029692,B.Anger
2024_13_NYG_DAL,REG,13,NYG,54.0,0.0,0.0,1.0,00-0035042,J.Gillan
2024_13_NYG_DAL,REG,13,DAL,40.0,0.0,1.0,1.0,00-0029692,B.Anger
2024_13_NYG_DAL,REG,13,NYG,46.0,0.0,0.0,1.0,00-0035042,J.Gillan
2024_13_NYG_DAL,REG,13,DAL,47.0,0.0,0.0,1.0,00-0029692,B.Anger
2024_13_NYG_DAL,REG,13,NYG,41.0,0.0,0.0,1.0,00-0035042,J.Gillan
2024_13_NYG_DAL,REG,13,DAL,45.0,0.0,0.0,1.0,00-0029692,B.Anger
2024_13_PHI_BAL,REG,13,PHI,46.0,0.0,1.0,1.0,00-0036313,B.Mann
2024_13_PHI_BAL,REG,13,PHI,48.0,0.0,1.0,1.0,00-0036313,B.Mann
2024_13_PHI_BAL,REG,13,PHI,56.0,0.0,0.0,1.0,00-0036313,B.Mann
2024_13_PHI_BAL,REG,13,BAL,58.0,0.0,0.0,1.0,00-0038094,J.Stout
2024_13_PHI_BAL,REG,13,PHI,58.0,0.0,1.0,1.0,00-0036313,B.Mann
2024_13_PHI_BAL,REG,13,BAL,48.0,0.0,0.0,1.0,00-0038094,J.Stout
2024_13_PHI_BAL,REG,13,BAL,43.0,0.0,0.0,1.0,00-0038094,J.Stout
2024_13_PHI_BAL,REG,13,PHI,51.0,0.0,1.0,1.0,00-0036313,B.Mann
2024_13_PHI_BAL,REG,13,PHI,48.0,0.0,1.0,1.0,00-0036313,B.Mann
2024_13_PHI_BAL,REG,13,BAL,42.0,0.0,0.0,1.0,00-0038094,J.Stout
2024_13_PIT_CIN,REG,13,CIN,41.0,0.0,1.0,1.0,00-0039323,R.Rehkow
2024_13_PIT_CIN,REG,13,CIN,46.0,0.0,1.0,1.0,00-0039323,R.Rehkow
2024_13_PIT_CIN,REG,13,PIT,38.0,0.0,1.0,1.0,00-0035821,C.Waitman
2024_13_SEA_NYJ,REG,13,SEA,46.0,0.0,1.0,1.0,00-0034160,M.Dickson
2024_13_SEA_NYJ,REG,13,NYJ,51.0,0.0,0.0,1.0,00-0027114,T.Morstead
2024_13_SEA_NYJ,REG,13,SEA,52.0,0.0,0.0,1.0,00-0034160,M.Dickson
2024_13_SEA_NYJ,REG,13,NYJ,35.0,0.0,1.0,1.0,00-0027114,T.Morstead
2024_13_SEA_NYJ,REG,13,SEA,43.0,0.0,0.0,1.0,00-0034160,M.Dickson
2024_13_SEA_NYJ,REG,13,NYJ,42.0,0.0,0.0,1.0,00-0027114,T.Morstead
2024_13_SEA_NYJ,REG,13,NYJ,34.0,0.0,0.0,1.0,00-0027114,T.Morstead
2024_13_SF_BUF,REG,13,BUF,48.0,0.0,0.0,1.0,00-0030092,S.Martin
2024_13_SF_BUF,REG,13,SF,38.0,0.0,1.0,1.0,00-0031079,P.O'Donnell
2024_13_SF_BUF,REG,13,BUF,38.0,0.0,1.0,1.0,00-0030092,S.Martin
2024_13_SF_BUF,REG,13,SF,46.0,0.0,0.0,1.0,00-0031079,P.O'Donnell
2024_13_SF_BUF,REG,13,BUF,54.0,0.0,0.0,1.0,00-0030092,S.Martin
2024_13_SF_BUF,REG,13,SF,40.0,0.0,0.0,1.0,00-0031079,P.O'Donnell
2024_13_TB_CAR,REG,13,CAR,39.0,0.0,0.0,1.0,00-0028872,J.Hekker
2024_13_TB_CAR,REG,13,TB,54.0,0.0,0.0,1.0,00-0037097,T.Gill
2024_13_TB_CAR,REG,13,CAR,33.0,0.0,0.0,1.0,00-0028872,J.Hekker
2024_13_TB_CAR,REG,13,TB,52.0,0.0,0.0,1.0,00-0037097,T.Gill
2024_13_TB_CAR,REG,13,TB,22.0,0.0,0.0,1.0,00-0037097,T.Gill
2024_13_TB_CAR,REG,13,TB,47.0,0.0,1.0,1.0,00-0037097,T.Gill
2024_13_TB_CAR,REG,13,CAR,26.0,0.0,0.0,1.0,00-0028872,J.Hekker
2024_13_TB_CAR,REG,13,TB,53.0,0.0,1.0,1.0,00-0037097,T.Gill
2024_13_TB_CAR,REG,13,CAR,49.0,0.0,0.0,1.0,00-0028872,J.Hekker
2024_13_TB_CAR,REG,13,CAR,45.0,0.0,0.0,1.0,00-0028872,J.Hekker
2024_13_TEN_WAS,REG,13,TEN,50.0,0.0,0.0,1.0,00-0037607,R.Stonehouse
2024_13_TEN_WAS,REG,13,TEN,53.0,0.0,0.0,1.0,00-0037607,R.Stonehouse
2024_13_TEN_WAS,REG,13,TEN,58.0,0.0,0.0,1.0,00-0037607,R.Stonehouse
2024_13_TEN_WAS,REG,13,WAS,52.0,0.0,0.0,1.0,00-0030140,T.Way
2024_13_TEN_WAS,REG,13,TEN,52.0,0.0,0.0,1.0,00-0037607,R.Stonehouse
2024_14_ATL_MIN,REG,14,MIN,45.0,0.0,1.0,1.0,00-0037500,R.Wright
2024_14_ATL_MIN,REG,14,MIN,57.0,0.0,0.0,1.0,00-0037500,R.Wright
2024_14_ATL_MIN,REG,14,ATL,53.0,0.0,0.0,1.0,00-0032065,B.Pinion
2024_14_BUF_LA,REG,14,BUF,0.0,1.0,0.0,1.0,00-0030092,S.Martin
2024_14_BUF_LA,REG,14,BUF,46.0,0.0,1.0,1.0,00-0030092,S.Martin
2024_14_BUF_LA,REG,14,BUF,55.0,0.0,0.0,1.0,00-0030092,S.Martin
2024_14_BUF_LA,REG,14,LAR,53.0,0.0,1.0,1.0,00-0039059,E.Evans
2024_14_BUF_LA,REG,14,LAR,42.0,0.0,0.0,1.0,00-0039059,E.Evans
2024_14_CAR_PHI,REG,14,CAR,45.0,0.0,0.0,1.0,00-0028872,J.Hekker
2024_14_CAR_PHI,REG,14,PHI,43.0,0.0,0.0,1.0,00-0036313,B.Mann
2024_14_CAR_PHI,REG,14,CAR,45.0,0.0,1.0,1.0,00-0028872,J.Hekker
2024_14_CAR_PHI,REG,14,PHI,47.0,0.0,0.0,1.0,00-0036313,B.Mann
2024_14_CAR_PHI,REG,14,PHI,44.0,0.0,0.0,1.0,00-0036313,B.Mann
2024_14_CAR_PHI,REG,14,PHI,38.0,0.0,1.0,1.0,00-0036313,B.Mann
2024_14_CHI_SF,REG,14,CHI,58.0,0.0,1.0,1.0,00-0039745,T.Taylor
2024_14_CHI_SF,REG,14,SF,45.0,0.0,1.0,1.0,00-0031079,P.O'Donnell
2024_14_CHI_SF,REG,14,CHI,60.0,0.0,0.0,1.0,00-0039745,T.Taylor
2024_14_CHI_SF,REG,14,CHI,51.0,0.0,0.0,1.0,00-0039745,T.Taylor
2024_14_CHI_SF,REG,14,CHI,58.0,0.0,0.0,1.0,00-0039745,T.Taylor
2024_14_CHI_SF,REG,14,CHI,46.0,0.0,1.0,1.0,00-0039745,T.Taylor
2024_14_CHI_SF,REG,14,SF,47.0,0.0,0.0,1.0,00-0031079,P.O'Donnell
2024_14_CHI_SF,REG,14,CHI,43.0,0.0,0.0,1.0,00-0039745,T.Taylor
2024_14_CIN_DAL,REG,14,CIN,46.0,0.0,0.0,1.0,00-0039323,R.Rehkow
2024_14_CIN_DAL,REG,14,DAL,47.0,0.0,0.0,1.0,00-0029692,B.Anger
2024_14_CIN_DAL,REG,14,DAL,51.0,0.0,1.0,1.0,00-0029692,B.Anger
2024_14_CIN_DAL,REG,14,DAL,52.0,0.0,0.0,1.0,00-0029692,B.Anger
2024_14_CIN_DAL,REG,14,CIN,61.0,0.0,0.0,1.0,00-0039323,R.Rehkow
2024_14_CIN_DAL,REG,14,DAL,48.0,0.0,0.0,1.0,00-0029692,B.Anger
2024_14_CIN_DAL,REG,14,CIN,14.0,0.0,0.0,1.0,00-0039323,R.Rehkow
2024_14_CLE_PIT,REG,14,PIT,60.0,0.0,1.0,1.0,00-0035821,C.Waitman
2024_14_CLE_PIT,REG,14,CLE,42.0,0.0,0.0,1.0,00-0034721,C.Bojorquez
2024_14_CLE_PIT,REG,14,PIT,38.0,0.0,0.0,1.0,00-0035821,C.Waitman
2024_14_CLE_PIT,REG,14,CLE,31.0,0.0,1.0,1.0,00-0034721,C.Bojorquez
2024_14_CLE_PIT,REG,14,PIT,54.0,0.0,0.0,1.0,00-0035821,C.Waitman
2024_14_CLE_PIT,REG,14,CLE,63.0,0.0,0.0,1.0,00-0034721,C.Bojorquez
2024_14_CLE_PIT,REG,14,PIT,48.0,0.0,0.0,1.0,00-0035821,C.Waitman
2024_14_CLE_PIT,REG,14,CLE,55.0,0.0,1.0,1.0,00-0034721,C.Bojorquez
2024_14_CLE_PIT,REG,14,CLE,35.0,0.0,1.0,1.0,00-0034721,C.Bojorquez
2024_14_CLE_PIT,REG,14,PIT,55.0,0.0,0.0,1.0,00-0035821,C.Waitman
2024_14_CLE_PIT,REG,14,PIT,59.0,0.0,0.0,1.0,00-0035821,C.Waitman
2024_14_GB_DET,REG,14,GB,43.0,0.0,1.0,1.0,00-0037547,D.Whelan
2024_14_GB_DET,REG,14,DET,42.0,0.0,0.0,1.0,00-0035156,J.Fox
2024_14_GB_DET,REG,14,GB,41.0,0.0,1.0,1.0,00-0037547,D.Whelan
2024_14_GB_DET,REG,14,DET,50.0,0.0,0.0,1.0,00-0035156,J.Fox
2024_14_GB_DET,REG,14,GB,41.0,0.0,0.0,1.0,00-0037547,D.Whelan
2024_14_JAX_TEN,REG,14,TEN,46.0,0.0,1.0,1.0,00-0037607,R.Stonehouse
2024_14_JAX_TEN,REG,14,JAX,44.0,0.0,1.0,1.0,00-0034437,L.Cooke
2024_14_JAX_TEN,REG,14,JAX,49.0,0.0,0.0,1.0,00-0034437,L.Cooke
2024_14_JAX_TEN,REG,14,TEN,52.0,0.0,1.0,1.0,00-0037607,R.Stonehouse
2024_14_JAX_TEN,REG,14,JAX,53.0,0.0,0.0,1.0,00-0034437,L.Cooke
2024_14_JAX_TEN,REG,14,TEN,45.0,0.0,1.0,1.0,00-0037607,R.Stonehouse
2024_14_JAX_TEN,REG,14,JAX,52.0,0.0,0.0,1.0,00-0034437,L.Cooke
2024_14_LAC_KC,REG,14,LAC,32.0,0.0,1.0,1.0,00-0034162,J.Scott
2024_14_LAC_KC,REG,14,KC,59.0,0.0,1.0,1.0,00-0037284,M.Araiza
2024_14_LAC_KC,REG,14,LAC,33.0,0.0,1.0,1.0,00-0034162,J.Scott
2024_14_LAC_KC,REG,14,KC,50.0,0.0,1.0,1.0,00-0037284,M.Araiza
2024_14_LAC_KC,REG,14,LAC,58.0,0.0,0.0,1.0,00-0034162,J.Scott
2024_14_LAC_KC,REG,14,LAC,46.0,0.0,1.0,1.0,00-0034162,J.Scott
2024_14_LAC_KC,REG,14,KC,48.0,0.0,0.0,1.0,00-0037284,M.Araiza
2024_14_LAC_KC,REG,14,LAC,44.0,0.0,0.0,1.0,00-0034162,J.Scott
2024_14_LAC_KC,REG,14,KC,50.0,0.0,0.0,1.0,00-0037284,M.Araiza
2024_14_LV_TB,REG,14,LV,42.0,0.0,0.0,1.0,00-0035190,A.Cole
2024_14_LV_TB,REG,14,LV,40.0,0.0,0.0,1.0,00-0035190,A.Cole
2024_14_LV_TB,REG,14,TB,49.0,0.0,0.0,1.0,00-0039477,J.Browning
2024_14_LV_TB,REG,14,TB,39.0,0.0,0.0,1.0,00-0039477,J.Browning
2024_14_LV_TB,REG,14,LV,44.0,0.0,0.0,1.0,00-0035190,A.Cole
2024_14_LV_TB,REG,14,TB,40.0,0.0,0.0,1.0,00-0039477,J.Browning
2024_14_LV_TB,REG,14,LV,51.0,0.0,0.0,1.0,00-0035190,A.Cole
2024_14_NO_NYG,REG,14,NO,35.0,0.0,0.0,1.0,00-0039611,M.Hayball
2024_14_NO_NYG,REG,14,NYG,47.0,0.0,1.0,1.0,00-0035042,J.Gillan
2024_14_NO_NYG,REG,14,NYG,36.0,0.0,0.0,1.0,00-0035042,J.Gillan
2024_14_NO_NYG,REG,14,NO,46.0,0.0,0.0,1.0,00-0039611,M.Hayball
2024_14_NO_NYG,REG,14,NYG,34.0,0.0,1.0,1.0,00-0035042,J.Gillan
2024_14_NO_NYG,REG,14,NO,43.0,0.0,0.0,1.0,00-0039611,M.Hayball
2024_14_NO_NYG,REG,14,NYG,30.0,0.0,0.0,1.0,00-0035042,J.Gillan
2024_14_NO_NYG,REG,14,NO,38.0,0.0,0.0,1.0,00-0039611,M.Hayball
2024_14_NO_NYG,REG,14,NYG,33.0,0.0,1.0,1.0,00-0035042,J.Gillan
2024_14_NO_NYG,REG,14,NYG,41.0,0.0,0.0,1.0,00-0035042,J.Gillan
2024_14_NO_NYG,REG,14,NYG,44.0,0.0,0.0,1.0,00-0035042,J.Gillan
2024_14_NO_NYG,REG,14,NYG,34.0,0.0,1.0,1.0,00-0035042,J.Gillan
2024_14_NO_NYG,REG,14,NO,36.0,0.0,1.0,1.0,00-0039611,M.Hayball
2024_14_NO_NYG,REG,14,NO,51.0,0.0,1.0,1.0,00-0039611,M.Hayball
2024_14_NO_NYG,REG,14,NO,43.0,0.0,0.0,1.0,00-0039611,M.Hayball
2024_14_NYJ_MIA,REG,14,MIA,48.0,0.0,0.0,1.0,00-0035280,J.Bailey
2024_14_NYJ_MIA,REG,14,MIA,56.0,0.0,1.0,1.0,00-0035280,J.Bailey
2024_14_NYJ_MIA,REG,14,NYJ,44.0,0.0,0.0,1.0,00-0027114,T.Morstead
2024_14_NYJ_MIA,REG,14,NYJ,52.0,0.0,0.0,1.0,00-0027114,T.Morstead
2024_14_NYJ_MIA,REG,14,MIA,44.0,0.0,1.0,1.0,00-0035280,J.Bailey
2024_14_SEA_ARI,REG,14,SEA,51.0,0.0,1.0,1.0,00-0034160,M.Dickson
2024_14_SEA_ARI,REG,14,ARI,63.0,0.0,0.0,1.0,00-0035859,B.Gillikin
2024_14_SEA_ARI,REG,14,ARI,36.0,0.0,0.0,1.0,00-0038567,C.Ryland
2024_14_SEA_ARI,REG,14,SEA,47.0,0.0,1.0,1.0,00-0034160,M.Dickson
2024_14_SEA_ARI,REG,14,SEA,61.0,0.0,0.0,1.0,00-0034160,M.Dickson
2024_14_SEA_ARI,REG,14,ARI,44.0,0.0,0.0,1.0,00-0038567,C.Ryland
2024_14_SEA_ARI,REG,14,SEA,58.0,0.0,1.0,1.0,00-0034160,M.Dickson
2024_14_SEA_ARI,REG,14,ARI,37.0,0.0,0.0,1.0,00-0038567,C.Ryland
2024_14_SEA_ARI,REG,14,SEA,48.0,0.0,1.0,1.0,00-0034160,M.Dickson
2024_15_ATL_LV,REG,15,ATL,38.0,0.0,0.0,1.0,00-0032065,B.Pinion
2024_15_ATL_LV,REG,15,LV,30.0,0.0,0.0,1.0,00-0035190,A.Cole
2024_15_ATL_LV,REG,15,ATL,40.0,0.0,1.0,1.0,00-0032065,B.Pinion
2024_15_ATL_LV,REG,15,ATL,42.0,0.0,1.0,1.0,00-0032065,B.Pinion
2024_15_ATL_LV,REG,15,LV,0.0,1.0,0.0,1.0,00-0035190,A.Cole
2024_15_ATL_LV,REG,15,LV,47.0,0.0,1.0,1.0,00-0035190,A.Cole
2024_15_ATL_LV,REG,15,ATL,63.0,0.0,1.0,1.0,00-0032065,B.Pinion
2024_15_ATL_LV,REG,15,LV,37.0,0.0,0.0,1.0,00-0035190,A.Cole
2024_15_ATL_LV,REG,15,LV,45.0,0.0,0.0,1.0,00-0035190,A.Cole
2024_15_ATL_LV,REG,15,ATL,37.0,0.0,1.0,1.0,00-0032065,B.Pinion
2024_15_ATL_LV,REG,15,ATL,45.0,0.0,0.0,1.0,00-0032065,B.Pinion
2024_15_BAL_NYG,REG,15,NYG,51.0,0.0,0.0,1.0,00-0035042,J.Gillan
2024_15_BAL_NYG,REG,15,BAL,42.0,0.0,1.0,1.0,00-0038094,J.Stout
2024_15_BAL_NYG,REG,15,NYG,37.0,0.0,0.0,1.0,00-0035042,J.Gillan
2024_15_BAL_NYG,REG,15,NYG,30.0,0.0,1.0,1.0,00-0035042,J.Gillan
2024_15_BAL_NYG,REG,15,BAL,50.0,0.0,1.0,1.0,00-0038094,J.Stout
2024_15_BUF_DET,REG,15,DET,60.0,0.0,0.0,1.0,00-0035156,J.Fox
2024_15_BUF_DET,REG,15,DET,48.0,0.0,0.0,1.0,00-0035156,J.Fox
2024_15_BUF_DET,REG,15,DET,59.0,0.0,1.0,1.0,00-0035156,J.Fox
2024_15_BUF_DET,REG,15,BUF,51.0,0.0,1.0,1.0,00-0030092,S.Martin
2024_15_CHI_MIN,REG,15,CHI,48.0,0.0,1.0,1.0,00-0039745,T.Taylor
2024_15_CHI_MIN,REG,15,MIN,55.0,0.0,0.0,1.0,00-0037500,R.Wright
2024_15_CHI_MIN,REG,15,CHI,51.0,0.0,1.0,1.0,00-0039745,T.Taylor
2024_15_CHI_MIN,REG,15,MIN,49.0,0.0,0.0,1.0,00-0037500,R.Wright
2024_15_CHI_MIN,REG,15,CHI,43.0,0.0,0.0,1.0,00-0039745,T.Taylor
2024_15_CHI_MIN,REG,15,MIN,0.0,1.0,0.0,1.0,00-0037500,R.Wright
2024_15_CIN_TEN,REG,15,TEN,67.0,0.0,0.0,1.0,00-0037607,R.Stonehouse
2024_15_CIN_TEN,REG,15,CIN,36.0,0.0,1.0,1.0,00-0039323,R.Rehkow
2024_15_DAL_CAR,REG,15,DAL,56.0,0.0,1.0,1.0,00-0029692,B.Anger
2024_15_DAL_CAR,REG,15,DAL,57.0,0.0,0.0,1.0,00-0029692,B.Anger
2024_15_DAL_CAR,REG,15,CAR,52.0,0.0,0.0,1.0,00-0028872,J.Hekker
2024_15_DAL_CAR,REG,15,CAR,41.0,0.0,0.0,1.0,00-0028872,J.Hekker
2024_15_DAL_CAR,REG,15,CAR,44.0,0.0,0.0,1.0,00-0028872,J.Hekker
2024_15_DAL_CAR,REG,15,CAR,53.0,0.0,0.0,1.0,00-0028872,J.Hekker
2024_15_GB_SEA,REG,15,SEA,43.0,0.0,0.0,1.0,00-0034160,M.Dickson
2024_15_GB_SEA,REG,15,SEA,36.0,0.0,1.0,1.0,00-0034160,M.Dickson
2024_15_GB_SEA,REG,15,GB,33.0,0.0,0.0,1.0,00-0037547,D.Whelan
2024_15_GB_SEA,REG,15,SEA,47.0,0.0,0.0,1.0,00-0034160,M.Dickson
2024_15_GB_SEA,REG,15,GB,51.0,0.0,1.0,1.0,00-0037547,D.Whelan
2024_15_GB_SEA,REG,15,SEA,53.0,0.0,0.0,1.0,00-0034160,M.Dickson
2024_15_GB_SEA,REG,15,GB,42.0,0.0,0.0,1.0,00-0037547,D.Whelan
2024_15_GB_SEA,REG,15,SEA,47.0,0.0,1.0,1.0,00-0034160,M.Dickson
2024_15_GB_SEA,REG,15,SEA,53.0,0.0,1.0,1.0,00-0034160,M.Dickson
2024_15_GB_SEA,REG,15,GB,44.0,0.0,0.0,1.0,00-0037547,D.Whelan
2024_15_IND_DEN,REG,15,DEN,57.0,0.0,1.0,1.0,00-0032943,R.Dixon
2024_15_IND_DEN,REG,15,IND,47.0,0.0,0.0,1.0,00-0033269,R.Sanchez
2024_15_IND_DEN,REG,15,DEN,43.0,0.0,1.0,1.0,00-0032943,R.Dixon
2024_15_IND_DEN,REG,15,IND,54.0,0.0,0.0,1.0,00-0033269,R.Sanchez
2024_15_IND_DEN,REG,15,DEN,52.0,0.0,0.0,1.0,00-0032943,R.Dixon
2024_15_IND_DEN,REG,15,DEN,44.0,0.0,1.0,1.0,00-0032943,R.Dixon
2024_15_IND_DEN,REG,15,IND,53.0,0.0,0.0,1.0,00-0033269,R.Sanchez
2024_15_IND_DEN,REG,15,IND,51.0,0.0,0.0,1.0,00-0033269,R.Sanchez
2024_15_IND_DEN,REG,15,DEN,42.0,0.0,0.0,1.0,00-0032943,R.Dixon
2024_15_IND_DEN,REG,15,IND,54.0,0.0,0.0,1.0,00-0033269,R.Sanchez
2024_15_IND_DEN,REG,15,DEN,49.0,0.0,0.0,1.0,00-0032943,R.Dixon
2024_15_KC_CLE,REG,15,KC,38.0,0.0,0.0,1.0,00-0037284,M.Araiza
2024_15_KC_CLE,REG,15,CLE,36.0,0.0,1.0,1.0,00-0034721,C.Bojorquez
2024_15_KC_CLE,REG,15,KC,58.0,0.0,0.0,1.0,00-0037284,M.Araiza
2024_15_KC_CLE,REG,15,KC,41.0,0.0,0.0,1.0,00-0037284,M.Araiza
2024_15_KC_CLE,REG,15,CLE,68.0,0.0,1.0,1.0,00-0034721,C.Bojorquez
2024_15_KC_CLE,REG,15,KC,40.0,0.0,0.0,1.0,00-0037284,M.Araiza
2024_15_KC_CLE,REG,15,CLE,48.0,0.0,1.0,1.0,00-0034721,C.Bojorquez
2024_15_KC_CLE,REG,15,KC,37.0,0.0,1.0,1.0,00-0037284,M.Araiza
2024_15_KC_CLE,REG,15,CLE,40.0,0.0,1.0,1.0,00-0034721,C.Bojorquez
2024_15_KC_CLE,REG,15,KC,30.0,0.0,0.0,1.0,00-0037284,M.Araiza
2024_15_KC_CLE,REG,15,KC,56.0,0.0,0.0,1.0,00-0037284,M.Araiza
2024_15_KC_CLE,REG,15,CLE,56.0,0.0,0.0,1.0,00-0034721,C.Bojorquez
2024_15_KC_CLE,REG,15,KC,41.0,0.0,0.0,1.0,00-0037284,M.Araiza
2024_15_KC_CLE,REG,15,CLE,41.0,0.0,1.0,1.0,00-0034721,C.Bojorquez
2024_15_KC_CLE,REG,15,KC,58.0,0.0,1.0,1.0,00-0037284,M.Araiza
2024_15_LA_SF,REG,15,SF,40.0,0.0,0.0,1.0,00-0031079,P.O'Donnell
2024_15_LA_SF,REG,15,LAR,56.0,0.0,0.0,1.0,00-0039059,E.Evans
2024_15_LA_SF,REG,15,LAR,50.0,0.0,1.0,1.0,00-0039059,E.Evans
2024_15_LA_SF,REG,15,SF,55.0,0.0,0.0,1.0,00-0031079,P.O'Donnell
2024_15_LA_SF,REG,15,LAR,56.0,0.0,0.0,1.0,00-0039059,E.Evans
2024_15_LA_SF,REG,15,SF,38.0,0.0,1.0,1.0,00-0031079,P.O'Donnell
2024_15_LA_SF,REG,15,LAR,68.0,0.0,0.0,1.0,00-0039059,E.Evans
2024_15_LA_SF,REG,15,SF,47.0,0.0,1.0,1.0,00-0031079,P.O'Donnell
2024_15_LA_SF,REG,15,LAR,49.0,0.0,1.0,1.0,00-0039059,E.Evans
2024_15_LA_SF,REG,15,SF,48.0,0.0,0.0,1.0,00-0031079,P.O'Donnell
2024_15_LA_SF,REG,15,SF,42.0,0.0,0.0,1.0,00-0031079,P.O'Donnell
2024_15_LA_SF,REG,15,LAR,46.0,0.0,0.0,1.0,00-0039059,E.Evans
2024_15_LA_SF,REG,15,SF,46.0,0.0,0.0,1.0,00-0031079,P.O'Donnell
2024_15_MIA_HOU,REG,15,MIA,58.0,0.0,1.0,1.0,00-0035280,J.Bailey
2024_15_MIA_HOU,REG,15,MIA,59.0,0.0,0.0,1.0,00-0035280,J.Bailey
2024_15_MIA_HOU,REG,15,HOU,50.0,0.0,1.0,1.0,00-0035889,T.Townsend
2024_15_MIA_HOU,REG,15,HOU,57.0,0.0,0.0,1.0,00-0035889,T.Townsend
2024_15_MIA_HOU,REG,15,HOU,58.0,0.0,0.0,1.0,00-0035889,T.Townsend
2024_15_MIA_HOU,REG,15,HOU,34.0,0.0,0.0,1.0,00-0035889,T.Townsend
2024_15_MIA_HOU,REG,15,MIA,64.0,0.0,0.0,1.0,00-0035280,J.Bailey
2024_15_MIA_HOU,REG,15,HOU,51.0,0.0,0.0,1.0,00-0035889,T.Townsend
2024_15_NE_ARI,REG,15,NE,57.0,0.0,0.0,1.0,00-0038610,B.Baringer
2024_15_NE_ARI,REG,15,NE,53.0,0.0,1.0,1.0,00-0038610,B.Baringer
2024_15_NE_ARI,REG,15,ARI,54.0,0.0,0.0,1.0,00-0031363,M.Palardy
2024_15_NE_ARI,REG,15,ARI,43.0,0.0,0.0,1.0,00-0031363,M.Palardy
2024_15_NYJ_JAX,REG,15,NYJ,31.0,0.0,1.0,1.0,00-0027114,T.Morstead
2024_15_NYJ_JAX,REG,15,NYJ,54.0,0.0,0.0,1.0,00-0027114,T.Morstead
2024_15_NYJ_JAX,REG,15,JAX,57.0,0.0,1.0,1.0,00-0034437,L.Cooke
2024_15_NYJ_JAX,REG,15,NYJ,40.0,0.0,0.0,1.0,00-0027114,T.Morstead
2024_15_NYJ_JAX,REG,15,JAX,37.0,0.0,1.0,1.0,00-0034437,L.Cooke
2024_15_PIT_PHI,REG,15,PIT,36.0,0.0,0.0,1.0,00-0035821,C.Waitman
2024_15_PIT_PHI,REG,15,PIT,47.0,0.0,0.0,1.0,00-0035821,C.Waitman
2024_15_PIT_PHI,REG,15,PIT,49.0,0.0,1.0,1.0,00-0035821,C.Waitman
2024_15_PIT_PHI,REG,15,PIT,43.0,0.0,0.0,1.0,00-0035821,C.Waitman
2024_15_PIT_PHI,REG,15,PHI,29.0,0.0,0.0,1.0,00-0036313,B.Mann
2024_15_PIT_PHI,REG,15,PIT,40.0,0.0,1.0,1.0,00-0035821,C.Waitman
2024_15_TB_LAC,REG,15,LAC,42.0,0.0,0.0,1.0,00-0034162,J.Scott
2024_15_TB_LAC,REG,15,LAC,57.0,0.0,1.0,1.0,00-0034162,J.Scott
2024_15_TB_LAC,REG,15,LAC,42.0,0.0,1.0,1.0,00-0034162,J.Scott
2024_15_WAS_NO,REG,15,NO,46.0,0.0,0.0,1.0,00-0039611,M.Hayball
2024_15_WAS_NO,REG,15,NO,41.0,0.0,1.0,1.0,00-0039611,M.Hayball
2024_15_WAS_NO,REG,15,WAS,51.0,0.0,0.0,1.0,00-0030140,T.Way
2024_15_WAS_NO,REG,15,NO,47.0,0.0,0.0,1.0,00-0039611,M.Hayball
2024_15_WAS_NO,REG,15,WAS,50.0,0.0,0.0,1.0,00-0030140,T.Way
2024_15_WAS_NO,REG,15,NO,53.0,0.0,1.0,1.0,00-0039611,M.Hayball
2024_15_WAS_NO,REG,15,WAS,37.0,0.0,1.0,1.0,00-0030140,T.Way
2024_16_ARI_CAR,REG,16,ARI,34.0,0.0,0.0,1.0,00-0031363,M.Palardy
2024_16_ARI_CAR,REG,16,CAR,43.0,0.0,0.0,1.0,00-0028872,J.Hekker
2024_16_ARI_CAR,REG,16,CAR,43.0,0.0,0.0,1.0,00-0028872,J.Hekker
2024_16_ARI_CAR,REG,16,ARI,37.0,0.0,0.0,1.0,00-0031363,M.Palardy
2024_16_ARI_CAR,REG,16,CAR,37.0,0.0,0.0,1.0,00-0028872,J.Hekker
2024_16_ARI_CAR,REG,16,CAR,43.0,0.0,0.0,1.0,00-0028872,J.Hekker
2024_16_ARI_CAR,REG,16,CAR,57.0,0.0,1.0,1.0,00-0028872,J.Hekker
2024_16_ARI_CAR,REG,16,ARI,47.0,0.0,0.0,1.0,00-0031363,M.Palardy
2024_16_CLE_CIN,REG,16,CLE,44.0,0.0,0.0,1.0,00-0034721,C.Bojorquez
2024_16_CLE_CIN,REG,16,CLE,40.0,0.0,0.0,1.0,00-0034721,C.Bojorquez
2024_16_CLE_CIN,REG,16,CIN,43.0,0.0,0.0,1.0,00-0039323,R.Rehkow
2024_16_CLE_CIN,REG,16,CLE,43.0,0.0,0.0,1.0,00-0034721,C.Bojorquez
2024_16_CLE_CIN,REG,16,CLE,47.0,0.0,0.0,1.0,00-0034721,C.Bojorquez
2024_16_CLE_CIN,REG,16,CIN,45.0,0.0,0.0,1.0,00-0039323,R.Rehkow
2024_16_CLE_CIN,REG,16,CIN,62.0,0.0,0.0,1.0,00-0039323,R.Rehkow
2024_16_CLE_CIN,REG,16,CIN,56.0,0.0,1.0,1.0,00-0039323,R.Rehkow
2024_16_DEN_LAC,REG,16,LAC,38.0,0.0,0.0,1.0,00-0034162,J.Scott
2024_16_DEN_LAC,REG,16,LAC,41.0,0.0,0.0,1.0,00-0034162,J.Scott
2024_16_DEN_LAC,REG,16,DEN,51.0,0.0,0.0,1.0,00-0032943,R.Dixon
2024_16_DEN_LAC,REG,16,DEN,46.0,0.0,0.0,1.0,00-0032943,R.Dixon
2024_16_DEN_LAC,REG,16,DEN,45.0,0.0,0.0,1.0,00-0032943,R.Dixon
2024_16_DEN_LAC,REG,16,DEN,45.0,0.0,1.0,1.0,00-0032943,R.Dixon
2024_16_DEN_LAC,REG,16,LAC,46.0,0.0,0.0,1.0,00-0034162,J.Scott
2024_16_DEN_LAC,REG,16,DEN,41.0,0.0,1.0,1.0,00-0032943,R.Dixon
2024_16_DET_CHI,REG,16,CHI,49.0,0.0,0.0,1.0,00-0039745,T.Taylor
2024_16_DET_CHI,REG,16,CHI,42.0,0.0,1.0,1.0,00-0039745,T.Taylor
2024_16_DET_CHI,REG,16,CHI,30.0,0.0,1.0,1.0,00-0039745,T.Taylor
2024_16_DET_CHI,REG,16,DET,47.0,0.0,0.0,1.0,00-0035156,J.Fox
2024_16_HOU_KC,REG,16,KC,49.0,0.0,1.0,1.0,00-0037284,M.Araiza
2024_16_HOU_KC,REG,16,KC,41.0,0.0,0.0,1.0,00-0037284,M.Araiza
2024_16_HOU_KC,REG,16,HOU,48.0,0.0,0.0,1.0,00-0035889,T.Townsend
2024_16_HOU_KC,REG,16,HOU,57.0,0.0,0.0,1.0,00-0035889,T.Townsend
2024_16_JAX_LV,REG,16,JAX,45.0,0.0,1.0,1.0,00-0034437,L.Cooke
2024_16_JAX_LV,REG,16,LV,51.0,0.0,0.0,1.0,00-0035190,A.Cole
2024_16_JAX_LV,REG,16,JAX,31.0,0.0,1.0,1.0,00-0034437,L.Cooke
2024_16_JAX_LV,REG,16,LV,54.0,0.0,0.0,1.0,00-0035190,A.Cole
2024_16_JAX_LV,REG,16,JAX,44.0,0.0,0.0,1.0,00-0034437,L.Cooke
2024_16_JAX_LV,REG,16,JAX,55.0,0.0,0.0,1.0,00-0034437,L.Cooke
2024_16_JAX_LV,REG,16,LV,31.0,0.0,1.0,1.0,00-0035190,A.Cole
2024_16_JAX_LV,REG,16,LV,48.0,0.0,0.0,1.0,00-0035190,A.Cole
2024_16_JAX_LV,REG,16,JAX,36.0,0.0,0.0,1.0,00-0034437,L.Cooke
2024_16_JAX_LV,REG,16,LV,60.0,0.0,1.0,1.0,00-0035190,A.Cole
2024_16_JAX_LV,REG,16,JAX,20.0,0.0,0.0,1.0,00-0034437,L.Cooke
2024_16_JAX_LV,REG,16,JAX,44.0,0.0,0.0,1.0,00-0034437,L.Cooke
2024_16_JAX_LV,REG,16,LV,41.0,0.0,1.0,1.0,00-0035190,A.Cole
2024_16_LA_NYJ,REG,16,LAR,36.0,0.0,1.0,1.0,00-0039059,E.Evans
2024_16_LA_NYJ,REG,16,LAR,43.0,0.0,1.0,1.0,00-0039059,E.Evans
2024_16_MIN_SEA,REG,16,SEA,56.0,0.0,1.0,1.0,00-0034160,M.Dickson
2024_16_MIN_SEA,REG,16,MIN,51.0,0.0,1.0,1.0,00-0037500,R.Wright
2024_16_MIN_SEA,REG,16,MIN,54.0,0.0,0.0,1.0,00-0037500,R.Wright
2024_16_MIN_SEA,REG,16,SEA,46.0,0.0,0.0,1.0,00-0034160,M.Dickson
2024_16_MIN_SEA,REG,16,SEA,50.0,0.0,0.0,1.0,00-0034160,M.Dickson
2024_16_MIN_SEA,REG,16,MIN,63.0,0.0,1.0,1.0,00-0037500,R.Wright
2024_16_MIN_SEA,REG,16,SEA,51.0,0.0,1.0,1.0,00-0034160,M.Dickson
2024_16_MIN_SEA,REG,16,MIN,38.0,0.0,1.0,1.0,00-0037500,R.Wright
2024_16_MIN_SEA,REG,16,SEA,59.0,0.0,0.0,1.0,00-0034160,M.Dickson
2024_16_MIN_SEA,REG,16,MIN,56.0,0.0,0.0,1.0,00-0037500,R.Wright
2024_16_MIN_SEA,REG,16,MIN,38.0,0.0,1.0,1.0,00-0037500,R.Wright
2024_16_NE_BUF,REG,16,BUF,48.0,0.0,1.0,1.0,00-0030092,S.Martin
2024_16_NE_BUF,REG,16,NE,42.0,0.0,0.0,1.0,00-0038610,B.Baringer
2024_16_NE_BUF,REG,16,NE,46.0,0.0,0.0,1.0,00-0038610,B.Baringer
2024_16_NE_BUF,REG,16,BUF,56.0,0.0,0.0,1.0,00-0030092,S.Martin
2024_16_NE_BUF,REG,16,BUF,30.0,0.0,1.0,1.0,00-0030092,S.Martin
2024_16_NE_BUF,REG,16,NE,45.0,0.0,1.0,1.0,00-0038610,B.Baringer
2024_16_NE_BUF,REG,16,BUF,37.0,0.0,0.0,1.0,00-0030092,S.Martin
2024_16_NO_GB,REG,16,NO,37.0,0.0,1.0,1.0,00-0039611,M.Hayball
2024_16_NO_GB,REG,16,NO,37.0,0.0,0.0,1.0,00-0039611,M.Hayball
2024_16_NO_GB,REG,16,GB,60.0,0.0,0.0,1.0,00-0037547,D.Whelan
2024_16_NO_GB,REG,16,NO,48.0,0.0,1.0,1.0,00-0039611,M.Hayball
2024_16_NO_GB,REG,16,GB,33.0,0.0,0.0,1.0,00-0037547,D.Whelan
2024_16_NO_GB,REG,16,NO,37.0,0.0,1.0,1.0,00-0039611,M.Hayball
2024_16_NYG_ATL,REG,16,NYG,51.0,0.0,1.0,1.0,00-0035042,J.Gillan
2024_16_NYG_ATL,REG,16,ATL,46.0,0.0,0.0,1.0,00-0032065,B.Pinion
2024_16_NYG_ATL,REG,16,NYG,46.0,0.0,1.0,1.0,00-0035042,J.Gillan
2024_16_NYG_ATL,REG,16,NYG,41.0,0.0,0.0,1.0,00-0035042,J.Gillan
2024_16_NYG_ATL,REG,16,NYG,51.0,0.0,1.0,1.0,00-0035042,J.Gillan
2024_16_NYG_ATL,REG,16,NYG,21.0,0.0,0.0,1.0,00-0035042,J.Gillan
2024_16_NYG_ATL,REG,16,ATL,42.0,0.0,1.0,1.0,00-0032065,B.Pinion
2024_16_PHI_WAS,REG,16,WAS,49.0,0.0,0.0,1.0,00-0030140,T.Way
2024_16_PHI_WAS,REG,16,PHI,39.0,0.0,1.0,1.0,00-0036313,B.Mann
2024_16_PHI_WAS,REG,16,PHI,42.0,0.0,0.0,1.0,00-0036313,B.Mann
2024_16_PHI_WAS,REG,16,WAS,43.0,0.0,0.0,1.0,00-0030140,T.Way
2024_16_PHI_WAS,REG,16,PHI,36.0,0.0,0.0,1.0,00-0036313,B.Mann
2024_16_PHI_WAS,REG,16,PHI,43.0,0.0,1.0,1.0,00-0036313,B.Mann
2024_16_PIT_BAL,REG,16,BAL,41.0,0.0,1.0,1.0,00-0038094,J.Stout
2024_16_PIT_BAL,REG,16,PIT,58.0,0.0,0.0,1.0,00-0035821,C.Waitman
2024_16_PIT_BAL,REG,16,BAL,14.0,0.0,0.0,1.0,00-0038094,J.Stout
2024_16_PIT_BAL,REG,16,PIT,42.0,0.0,0.0,1.0,00-0035821,C.Waitman
2024_16_PIT_BAL,REG,16,PIT,56.0,0.0,1.0,1.0,00-0035821,C.Waitman
2024_16_PIT_BAL,REG,16,BAL,50.0,0.0,1.0,1.0,00-0038094,J.Stout
2024_16_PIT_BAL,REG,16,PIT,42.0,0.0,1.0,1.0,00-0035821,C.Waitman
2024_16_PIT_BAL,REG,16,PIT,49.0,0.0,1.0,1.0,00-0035821,C.Waitman
2024_16_SF_MIA,REG,16,SF,51.0,0.0,1.0,1.0,00-0031079,P.O'Donnell
2024_16_SF_MIA,REG,16,MIA,58.0,0.0,0.0,1.0,00-0035280,J.Bailey
2024_16_SF_MIA,REG,16,SF,45.0,0.0,0.0,1.0,00-0031079,P.O'Donnell
2024_16_SF_MIA,REG,16,SF,45.0,0.0,0.0,1.0,00-0031079,P.O'Donnell
2024_16_SF_MIA,REG,16,MIA,40.0,0.0,1.0,1.0,00-0035280,J.Bailey
2024_16_SF_MIA,REG,16,SF,39.0,0.0,0.0,1.0,00-0031079,P.O'Donnell
2024_16_TB_DAL,REG,16,TB,41.0,0.0,0.0,1.0,00-0039477,J.Browning
2024_16_TB_DAL,REG,16,DAL,47.0,0.0,0.0,1.0,00-0029692,B.Anger
2024_16_TB_DAL,REG,16,TB,45.0,0.0,0.0,1.0,00-0039477,J.Browning
2024_16_TB_DAL,REG,16,TB,39.0,0.0,0.0,1.0,00-0039477,J.Browning
2024_16_TB_DAL,REG,16,DAL,51.0,0.0,1.0,1.0,00-0029692,B.Anger
2024_16_TB_DAL,REG,16,TB,54.0,0.0,0.0,1.0,00-0039477,J.Browning
2024_16_TB_DAL,REG,16,DAL,39.0,0.0,1.0,1.0,00-0029692,B.Anger
2024_16_TB_DAL,REG,16,DAL,57.0,0.0,0.0,1.0,00-0029692,B.Anger
2024_16_TB_DAL,REG,16,DAL,52.0,0.0,0.0,1.0,00-0029692,B.Anger
2024_16_TEN_IND,REG,16,TEN,60.0,0.0,1.0,1.0,00-0037607,R.Stonehouse
2024_16_TEN_IND,REG,16,IND,49.0,0.0,0.0,1.0,00-0033269,R.Sanchez
2024_16_TEN_IND,REG,16,TEN,61.0,0.0,0.0,1.0,00-0037607,R.Stonehouse
2024_16_TEN_IND,REG,16,TEN,46.0,0.0,0.0,1.0,00-0037607,R.Stonehouse
2024_16_TEN_IND,REG,16,TEN,54.0,0.0,0.0,1.0,00-0037607,R.Stonehouse
2024_16_TEN_IND,REG,16,IND,49.0,0.0,0.0,1.0,00-0033269,R.Sanchez
2024_16_TEN_IND,REG,16,IND,57.0,0.0,0.0,1.0,00-0033269,R.Sanchez
2024_16_TEN_IND,REG,16,IND,34.0,0.0,1.0,1.0,00-0033269,R.Sanchez
2024_17_ARI_LA,REG,17,LAR,45.0,0.0,1.0,1.0,00-0039059,E.Evans
2024_17_ARI_LA,REG,17,ARI,50.0,0.0,0.0,1.0,00-0031363,M.Palardy
2024_17_ARI_LA,REG,17,LAR,57.0,0.0,1.0,1.0,00-0039059,E.Evans
2024_17_ARI_LA,REG,17,ARI,47.0,0.0,0.0,1.0,00-0031363,M.Palardy
2024_17_ARI_LA,REG,17,LAR,53.0,0.0,1.0,1.0,00-0039059,E.Evans
2024_17_ARI_LA,REG,17,LAR,46.0,0.0,0.0,1.0,00-0039059,E.Evans
2024_17_ARI_LA,REG,17,ARI,39.0,0.0,0.0,1.0,00-0031363,M.Palardy
2024_17_ARI_LA,REG,17,ARI,28.0,0.0,0.0,1.0,00-0031363,M.Palardy
2024_17_ARI_LA,REG,17,LAR,51.0,0.0,1.0,1.0,00-0039059,E.Evans
2024_17_ARI_LA,REG,17,LAR,47.0,0.0,0.0,1.0,00-0039059,E.Evans
2024_17_ATL_WAS,REG,17,WAS,55.0,0.0,0.0,1.0,00-0030140,T.Way
2024_17_ATL_WAS,REG,17,ATL,61.0,0.0,0.0,1.0,00-0032065,B.Pinion
2024_17_ATL_WAS,REG,17,WAS,37.0,0.0,1.0,1.0,00-0030140,T.Way
2024_17_ATL_WAS,REG,17,ATL,42.0,0.0,0.0,1.0,00-0032065,B.Pinion
2024_17_ATL_WAS,REG,17,ATL,38.0,0.0,0.0,1.0,00-0032065,B.Pinion
2024_17_ATL_WAS,REG,17,WAS,61.0,0.0,1.0,1.0,00-0030140,T.Way
2024_17_BAL_HOU,REG,17,HOU,29.0,0.0,0.0,1.0,00-0035889,T.Townsend
2024_17_BAL_HOU,REG,17,HOU,46.0,0.0,1.0,1.0,00-0035889,T.Townsend
2024_17_BAL_HOU,REG,17,BAL,37.0,0.0,1.0,1.0,00-0038094,J.Stout
2024_17_BAL_HOU,REG,17,HOU,69.0,0.0,1.0,1.0,00-0035889,T.Townsend
2024_17_BAL_HOU,REG,17,HOU,43.0,0.0,0.0,1.0,00-0035889,T.Townsend
2024_17_BAL_HOU,REG,17,BAL,37.0,0.0,1.0,1.0,00-0038094,J.Stout
2024_17_BAL_HOU,REG,17,HOU,41.0,0.0,0.0,1.0,00-0035889,T.Townsend
2024_17_BAL_HOU,REG,17,BAL,41.0,0.0,0.0,1.0,00-0038094,J.Stout
2024_17_BAL_HOU,REG,17,HOU,61.0,0.0,1.0,1.0,00-0035889,T.Townsend
2024_17_BAL_HOU,REG,17,BAL,50.0,0.0,0.0,1.0,00-0038094,J.Stout
2024_17_CAR_TB,REG,17,CAR,40.0,0.0,0.0,1.0,00-0028872,J.Hekker
2024_17_CAR_TB,REG,17,CAR,51.0,0.0,1.0,1.0,00-0028872,J.Hekker
2024_17_CAR_TB,REG,17,CAR,36.0,0.0,0.0,1.0,00-0028872,J.Hekker
2024_17_CAR_TB,REG,17,TB,52.0,0.0,0.0,1.0,00-0039477,J.Browning
2024_17_CAR_TB,REG,17,CAR,51.0,0.0,1.0,1.0,00-0028872,J.Hekker
2024_17_CAR_TB,REG,17,CAR,0.0,1.0,0.0,1.0,00-0028872,J.Hekker
2024_17_CAR_TB,REG,17,CAR,48.0,0.0,1.0,1.0,00-0028872,J.Hekker
2024_17_DAL_PHI,REG,17,PHI,52.0,0.0,1.0,1.0,00-0036313,B.Mann
2024_17_DAL_PHI,REG,17,DAL,47.0,0.0,0.0,1.0,00-0029692,B.Anger
2024_17_DAL_PHI,REG,17,PHI,54.0,0.0,0.0,1.0,00-0036313,B.Mann
2024_17_DAL_PHI,REG,17,DAL,40.0,0.0,1.0,1.0,00-0029692,B.Anger
2024_17_DAL_PHI,REG,17,DAL,49.0,0.0,0.0,1.0,00-0029692,B.Anger
2024_17_DAL_PHI,REG,17,PHI,42.0,0.0,0.0,1.0,00-0036313,B.Mann
2024_17_DAL_PHI,REG,17,DAL,62.0,0.0,1.0,1.0,00-0029692,B.Anger
2024_17_DEN_CIN,REG,17,DEN,40.0,0.0,0.0,1.0,00-0032943,R.Dixon
2024_17_DEN_CIN,REG,17,DEN,48.0,0.0,0.0,1.0,00-0032943,R.Dixon
2024_17_DEN_CIN,REG,17,CIN,47.0,0.0,1.0,1.0,00-0039323,R.Rehkow
2024_17_DEN_CIN,REG,17,DEN,40.0,0.0,0.0,1.0,00-0032943,R.Dixon
2024_17_DEN_CIN,REG,17,DEN,38.0,0.0,0.0,1.0,00-0032943,R.Dixon
2024_17_GB_MIN,REG,17,MIN,30.0,0.0,1.0,1.0,00-0037500,R.Wright
2024_17_GB_MIN,REG,17,GB,50.0,0.0,0.0,1.0,00-0037547,D.Whelan
2024_17_GB_MIN,REG,17,GB,49.0,0.0,1.0,1.0,00-0037547,D.Whelan
2024_17_GB_MIN,REG,17,GB,29.0,0.0,0.0,1.0,00-0037547,D.Whelan
2024_17_GB_MIN,REG,17,GB,41.0,0.0,0.0,1.0,00-0037547,D.Whelan
2024_17_GB_MIN,REG,17,MIN,41.0,0.0,0.0,1.0,00-0037500,R.Wright
2024_17_IND_NYG,REG,17,NYG,48.0,0.0,0.0,1.0,00-0035042,J.Gillan
2024_17_IND_NYG,REG,17,NYG,51.0,0.0,0.0,1.0,00-0035042,J.Gillan
2024_17_IND_NYG,REG,17,IND,32.0,0.0,1.0,1.0,00-0033269,R.Sanchez
2024_17_IND_NYG,REG,17,NYG,47.0,0.0,0.0,1.0,00-0035042,J.Gillan
2024_17_KC_PIT,REG,17,PIT,40.0,0.0,0.0,1.0,00-0035821,C.Waitman
2024_17_KC_PIT,REG,17,PIT,58.0,0.0,0.0,1.0,00-0035821,C.Waitman
2024_17_KC_PIT,REG,17,KC,58.0,0.0,0.0,1.0,00-0037284,M.Araiza
2024_17_KC_PIT,REG,17,KC,40.0,0.0,0.0,1.0,00-0037284,M.Araiza
2024_17_KC_PIT,REG,17,PIT,31.0,0.0,0.0,1.0,00-0035821,C.Waitman
2024_17_KC_PIT,REG,17,KC,72.0,0.0,0.0,1.0,00-0037284,M.Araiza
2024_17_KC_PIT,REG,17,KC,44.0,0.0,1.0,1.0,00-0037284,M.Araiza
2024_17_KC_PIT,REG,17,PIT,49.0,0.0,0.0,1.0,00-0035821,C.Waitman
2024_17_KC_PIT,REG,17,KC,55.0,0.0,1.0,1.0,00-0037284,M.Araiza
2024_17_LAC_NE,REG,17,LAC,53.0,0.0,0.0,1.0,00-0034162,J.Scott
2024_17_LAC_NE,REG,17,NE,50.0,0.0,1.0,1.0,00-0038610,B.Baringer
2024_17_LAC_NE,REG,17,NE,44.0,0.0,0.0,1.0,00-0038610,B.Baringer
2024_17_LAC_NE,REG,17,NE,62.0,0.0,1.0,1.0,00-0038610,B.Baringer
2024_17_LAC_NE,REG,17,NE,64.0,0.0,0.0,1.0,00-0038610,B.Baringer
2024_17_LAC_NE,REG,17,LAC,39.0,0.0,1.0,1.0,00-0034162,J.Scott
2024_17_LV_NO,REG,17,NO,37.0,0.0,1.0,1.0,00-0039611,M.Hayball
2024_17_LV_NO,REG,17,LV,56.0,0.0,0.0,1.0,00-0035190,A.Cole
2024_17_LV_NO,REG,17,NO,41.0,0.0,1.0,1.0,00-0039611,M.Hayball
2024_17_LV_NO,REG,17,NO,40.0,0.0,1.0,1.0,00-0039611,M.Hayball
2024_17_LV_NO,REG,17,NO,38.0,0.0,0.0,1.0,00-0039611,M.Hayball
2024_17_LV_NO,REG,17,LV,71.0,0.0,0.0,1.0,00-0035190,A.Cole
2024_17_LV_NO,REG,17,NO,55.0,0.0,0.0,1.0,00-0039611,M.Hayball
2024_17_LV_NO,REG,17,NO,55.0,0.0,0.0,1.0,00-0039611,M.Hayball
2024_17_LV_NO,REG,17,LV,38.0,0.0,1.0,1.0,00-0035190,A.Cole
2024_17_LV_NO,REG,17,NO,64.0,0.0,0.0,1.0,00-0039611,M.Hayball
2024_17_LV_NO,REG,17,LV,33.0,0.0,1.0,1.0,00-0035190,A.Cole
2024_17_MIA_CLE,REG,17,MIA,35.0,0.0,1.0,1.0,00-0035280,J.Bailey
2024_17_MIA_CLE,REG,17,CLE,43.0,0.0,0.0,1.0,00-0034721,C.Bojorquez
2024_17_MIA_CLE,REG,17,MIA,44.0,0.0,0.0,1.0,00-0035280,J.Bailey
2024_17_MIA_CLE,REG,17,CLE,68.0,0.0,0.0,1.0,00-0034721,C.Bojorquez
2024_17_MIA_CLE,REG,17,MIA,53.0,0.0,0.0,1.0,00-0035280,J.Bailey
2024_17_MIA_CLE,REG,17,MIA,41.0,0.0,0.0,1.0,00-0035280,J.Bailey
2024_17_MIA_CLE,REG,17,CLE,38.0,0.0,0.0,1.0,00-0034721,C.Bojorquez
2024_17_MIA_CLE,REG,17,CLE,55.0,0.0,0.0,1.0,00-0034721,C.Bojorquez
2024_17_MIA_CLE,REG,17,MIA,40.0,0.0,0.0,1.0,00-0035280,J.Bailey
2024_17_MIA_CLE,REG,17,MIA,42.0,0.0,0.0,1.0,00-0035280,J.Bailey
2024_17_MIA_CLE,REG,17,CLE,46.0,0.0,0.0,1.0,00-0034721,C.Bojorquez
2024_17_MIA_CLE,REG,17,MIA,52.0,0.0,1.0,1.0,00-0035280,J.Bailey
2024_17_NYJ_BUF,REG,17,BUF,47.0,0.0,0.0,1.0,00-0030092,S.Martin
2024_17_NYJ_BUF,REG,17,BUF,39.0,0.0,1.0,1.0,00-0030092,S.Martin
2024_17_NYJ_BUF,REG,17,NYJ,41.0,0.0,1.0,1.0,00-0027114,T.Morstead
2024_17_NYJ_BUF,REG,17,BUF,51.0,0.0,0.0,1.0,00-0030092,S.Martin
2024_17_NYJ_BUF,REG,17,NYJ,56.0,0.0,0.0,1.0,00-0027114,T.Morstead
2024_17_NYJ_BUF,REG,17,NYJ,46.0,0.0,0.0,1.0,00-0027114,T.Morstead
2024_17_SEA_CHI,REG,17,CHI,48.0,0.0,1.0,1.0,00-0039745,T.Taylor
2024_17_SEA_CHI,REG,17,SEA,58.0,0.0,0.0,1.0,00-0034160,M.Dickson
2024_17_SEA_CHI,REG,17,CHI,50.0,0.0,1.0,1.0,00-0039745,T.Taylor
2024_17_SEA_CHI,REG,17,SEA,56.0,0.0,0.0,1.0,00-0034160,M.Dickson
2024_17_SEA_CHI,REG,17,CHI,49.0,0.0,1.0,1.0,00-0039745,T.Taylor
2024_17_SEA_CHI,REG,17,SEA,32.0,0.0,1.0,1.0,00-0034160,M.Dickson
2024_17_SEA_CHI,REG,17,CHI,49.0,0.0,0.0,1.0,00-0039745,T.Taylor
2024_17_SEA_CHI,REG,17,SEA,43.0,0.0,1.0,1.0,00-0034160,M.Dickson
2024_17_SEA_CHI,REG,17,CHI,39.0,0.0,0.0,1.0,00-0039745,T.Taylor
2024_17_SEA_CHI,REG,17,CHI,47.0,0.0,1.0,1.0,00-0039745,T.Taylor
2024_17_SEA_CHI,REG,17,SEA,56.0,0.0,0.0,1.0,00-0034160,M.Dickson
2024_17_SEA_CHI,REG,17,CHI,45.0,0.0,1.0,1.0,00-0039745,T.Taylor
2024_17_SEA_CHI,REG,17,SEA,43.0,0.0,1.0,1.0,00-0034160,M.Dickson
2024_17_TEN_JAX,REG,17,TEN,38.0,0.0,1.0,1.0,00-0037607,R.Stonehouse
2024_17_TEN_JAX,REG,17,JAX,48.0,0.0,1.0,1.0,00-0034437,L.Cooke
2024_17_TEN_JAX,REG,17,TEN,61.0,0.0,0.0,1.0,00-0037607,R.Stonehouse
2024_17_TEN_JAX,REG,17,JAX,38.0,0.0,0.0,1.0,00-0034437,L.Cooke
2024_17_TEN_JAX,REG,17,TEN,50.0,0.0,0.0,1.0,00-0037607,R.Stonehouse
2024_17_TEN_JAX,REG,17,JAX,44.0,0.0,0.0,1.0,00-0034437,L.Cooke
2024_18_BUF_NE,REG,18,NE,36.0,0.0,0.0,1.0,00-0038610,B.Baringer
2024_18_BUF_NE,REG,18,NE,36.0,0.0,1.0,1.0,00-0038610,B.Baringer
2024_18_BUF_NE,REG,18,BUF,34.0,0.0,0.0,1.0,00-0030092,S.Martin
2024_18_BUF_NE,REG,18,BUF,34.0,0.0,1.0,1.0,00-0030092,S.Martin
2024_18_BUF_NE,REG,18,BUF,42.0,0.0,0.0,1.0,00-0030092,S.Martin
2024_18_BUF_NE,REG,18,NE,39.0,0.0,1.0,1.0,00-0038610,B.Baringer
2024_18_BUF_NE,REG,18,BUF,53.0,0.0,0.0,1.0,00-0030092,S.Martin
2024_18_CAR_ATL,REG,18,CAR,45.0,0.0,1.0,1.0,00-0028872,J.Hekker
2024_18_CAR_ATL,REG,18,CAR,53.0,0.0,1.0,1.0,00-0028872,J.Hekker
2024_18_CAR_ATL,REG,18,CAR,57.0,0.0,0.0,1.0,00-0028872,J.Hekker
2024_18_CHI_GB,REG,18,GB,35.0,0.0,0.0,1.0,00-0037547,D.Whelan
2024_18_CHI_GB,REG,18,CHI,55.0,0.0,0.0,1.0,00-0039745,T.Taylor
2024_18_CHI_GB,REG,18,GB,38.0,0.0,0.0,1.0,00-0037547,D.Whelan
2024_18_CHI_GB,REG,18,CHI,49.0,0.0,0.0,1.0,00-0039745,T.Taylor
2024_18_CHI_GB,REG,18,CHI,53.0,0.0,0.0,1.0,00-0039745,T.Taylor
2024_18_CHI_GB,REG,18,CHI,34.0,0.0,1.0,1.0,00-0039745,T.Taylor
2024_18_CHI_GB,REG,18,CHI,27.0,0.0,1.0,1.0,00-0039745,T.Taylor
2024_18_CHI_GB,REG,18,GB,60.0,0.0,0.0,1.0,00-0037547,D.Whelan
2024_18_CHI_GB,REG,18,CHI,36.0,0.0,0.0,1.0,00-0039745,T.Taylor
2024_18_CIN_PIT,REG,18,PIT,39.0,0.0,0.0,1.0,00-0035821,C.Waitman
2024_18_CIN_PIT,REG,18,PIT,39.0,0.0,1.0,1.0,00-0035821,C.Waitman
2024_18_CIN_PIT,REG,18,CIN,57.0,0.0,0.0,1.0,00-0039323,R.Rehkow
2024_18_CIN_PIT,REG,18,PIT,50.0,0.0,0.0,1.0,00-0035821,C.Waitman
2024_18_CIN_PIT,REG,18,PIT,43.0,0.0,1.0,1.0,00-0035821,C.Waitman
2024_18_CIN_PIT,REG,18,CIN,47.0,0.0,1.0,1.0,00-0039323,R.Rehkow
2024_18_CIN_PIT,REG,18,PIT,42.0,0.0,0.0,1.0,00-0035821,C.Waitman
2024_18_CIN_PIT,REG,18,CIN,42.0,0.0,0.0,1.0,00-0039323,R.Rehkow
2024_18_CLE_BAL,REG,18,CLE,43.0,0.0,0.0,1.0,00-0034721,C.Bojorquez
2024_18_CLE_BAL,REG,18,BAL,47.0,0.0,0.0,1.0,00-0038094,J.Stout
2024_18_CLE_BAL,REG,18,CLE,26.0,0.0,0.0,1.0,00-0034721,C.Bojorquez
2024_18_CLE_BAL,REG,18,CLE,62.0,0.0,0.0,1.0,00-0034721,C.Bojorquez
2024_18_CLE_BAL,REG,18,CLE,44.0,0.0,0.0,1.0,00-0034721,C.Bojorquez
2024_18_CLE_BAL,REG,18,BAL,33.0,0.0,1.0,1.0,00-0038094,J.Stout
2024_18_CLE_BAL,REG,18,CLE,41.0,0.0,0.0,1.0,00-0034721,C.Bojorquez
2024_18_CLE_BAL,REG,18,BAL,29.0,0.0,0.0,1.0,00-0038094,J.Stout
2024_18_CLE_BAL,REG,18,BAL,70.0,0.0,0.0,1.0,00-0038094,J.Stout
2024_18_HOU_TEN,REG,18,TEN,48.0,0.0,1.0,1.0,00-0037607,R.Stonehouse
2024_18_HOU_TEN,REG,18,HOU,39.0,0.0,0.0,1.0,00-0035889,T.Townsend
2024_18_HOU_TEN,REG,18,TEN,50.0,0.0,1.0,1.0,00-0037607,R.Stonehouse
2024_18_HOU_TEN,REG,18,TEN,31.0,0.0,0.0,1.0,00-0037607,R.Stonehouse
2024_18_HOU_TEN,REG,18,HOU,53.0,0.0,1.0,1.0,00-0035889,T.Townsend
2024_18_HOU_TEN,REG,18,TEN,45.0,0.0,0.0,1.0,00-0037607,R.Stonehouse
2024_18_HOU_TEN,REG,18,HOU,53.0,0.0,0.0,1.0,00-0035889,T.Townsend
2024_18_HOU_TEN,REG,18,TEN,45.0,0.0,0.0,1.0,00-0037607,R.Stonehouse
2024_18_HOU_TEN,REG,18,HOU,46.0,0.0,1.0,1.0,00-0035889,T.Townsend
2024_18_JAX_IND,REG,18,IND,44.0,0.0,1.0,1.0,00-0033269,R.Sanchez
2024_18_JAX_IND,REG,18,JAX,62.0,0.0,0.0,1.0,00-0034437,L.Cooke
2024_18_JAX_IND,REG,18,JAX,47.0,0.0,0.0,1.0,00-0034437,L.Cooke
2024_18_JAX_IND,REG,18,JAX,46.0,0.0,1.0,1.0,00-0034437,L.Cooke
2024_18_JAX_IND,REG,18,IND,61.0,0.0,0.0,1.0,00-0033269,R.Sanchez
2024_18_JAX_IND,REG,18,JAX,45.0,0.0,1.0,1.0,00-0034437,L.Cooke
2024_18_JAX_IND,REG,18,IND,56.0,0.0,1.0,1.0,00-0033269,R.Sanchez
2024_18_JAX_IND,REG,18,IND,39.0,0.0,1.0,1.0,00-0033269,R.Sanchez
2024_18_KC_DEN,REG,18,KC,48.0,0.0,1.0,1.0,00-0037284,M.Araiza
2024_18_KC_DEN,REG,18,KC,47.0,0.0,1.0,1.0,00-0037284,M.Araiza
2024_18_KC_DEN,REG,18,KC,60.0,0.0,0.0,1.0,00-0037284,M.Araiza
2024_18_KC_DEN,REG,18,DEN,44.0,0.0,0.0,1.0,00-0032943,R.Dixon
2024_18_KC_DEN,REG,18,KC,42.0,0.0,0.0,1.0,00-0037284,M.Araiza
2024_18_KC_DEN,REG,18,KC,48.0,0.0,1.0,1.0,00-0037284,M.Araiza
2024_18_KC_DEN,REG,18,DEN,44.0,0.0,1.0,1.0,00-0032943,R.Dixon
2024_18_LAC_LV,REG,18,LV,62.0,0.0,0.0,1.0,00-0035190,A.Cole
2024_18_LAC_LV,REG,18,LAC,47.0,0.0,0.0,1.0,00-0034162,J.Scott
2024_18_LAC_LV,REG,18,LV,58.0,0.0,1.0,1.0,00-0035190,A.Cole
2024_18_LAC_LV,REG,18,LV,60.0,0.0,1.0,1.0,00-0035190,A.Cole
2024_18_MIA_NYJ,REG,18,MIA,49.0,0.0,1.0,1.0,00-0035280,J.Bailey
2024_18_MIA_NYJ,REG,18,NYJ,34.0,0.0,0.0,1.0,00-0027114,T.Morstead
2024_18_MIA_NYJ,REG,18,MIA,19.0,0.0,0.0,1.0,00-0035280,J.Bailey
2024_18_MIA_NYJ,REG,18,NYJ,49.0,0.0,1.0,1.0,00-0027114,T.Morstead
2024_18_MIA_NYJ,REG,18,NYJ,36.0,0.0,0.0,1.0,00-0027114,T.Morstead
2024_18_MIA_NYJ,REG,18,MIA,53.0,0.0,0.0,1.0,00-0035280,J.Bailey
2024_18_MIA_NYJ,REG,18,NYJ,38.0,0.0,0.0,1.0,00-0027114,T.Morstead
2024_18_MIN_DET,REG,18,DET,56.0,0.0,1.0,1.0,00-0035156,J.Fox
2024_18_MIN_DET,REG,18,MIN,49.0,0.0,0.0,1.0,00-0037500,R.Wright
2024_18_MIN_DET,REG,18,MIN,57.0,0.0,0.0,1.0,00-0037500,R.Wright
2024_18_MIN_DET,REG,18,DET,46.0,0.0,0.0,1.0,00-0035156,J.Fox
2024_18_MIN_DET,REG,18,MIN,49.0,0.0,0.0,1.0,00-0037500,R.Wright
2024_18_NO_TB,REG,18,TB,52.0,0.0,0.0,1.0,00-0039477,J.Browning
2024_18_NO_TB,REG,18,NO,44.0,0.0,0.0,1.0,00-0039611,M.Hayball
2024_18_NO_TB,REG,18,TB,14.0,0.0,0.0,1.0,00-0039477,J.Browning
2024_18_NO_TB,REG,18,NO,36.0,0.0,1.0,1.0,00-0039611,M.Hayball
2024_18_NO_TB,REG,18,NO,51.0,0.0,1.0,1.0,00-0039611,M.Hayball
2024_18_NYG_PHI,REG,18,NYG,43.0,0.0,1.0,1.0,00-0035042,J.Gillan
2024_18_NYG_PHI,REG,18,NYG,35.0,0.0,0.0,1.0,00-0035042,J.Gillan
2024_18_NYG_PHI,REG,18,PHI,33.0,0.0,1.0,1.0,00-0036313,B.Mann
2024_18_NYG_PHI,REG,18,PHI,59.0,0.0,1.0,1.0,00-0036313,B.Mann
2024_18_NYG_PHI,REG,18,NYG,42.0,0.0,0.0,1.0,00-0035042,J.Gillan
2024_18_NYG_PHI,REG,18,PHI,48.0,0.0,0.0,1.0,00-0036313,B.Mann
2024_18_SEA_LA,REG,18,LAR,52.0,0.0,1.0,1.0,00-0039059,E.Evans
2024_18_SEA_LA,REG,18,SEA,59.0,0.0,1.0,1.0,00-0034160,M.Dickson
2024_18_SEA_LA,REG,18,LAR,51.0,0.0,0.0,1.0,00-0039059,E.Evans
2024_18_SEA_LA,REG,18,SEA,51.0,0.0,0.0,1.0,00-0034160,M.Dickson
2024_18_SEA_LA,REG,18,SEA,62.0,0.0,0.0,1.0,00-0034160,M.Dickson
2024_18_SEA_LA,REG,18,SEA,56.0,0.0,0.0,1.0,00-0034160,M.Dickson
2024_18_SF_ARI,REG,18,ARI,47.0,0.0,1.0,1.0,00-0031363,M.Palardy
2024_18_SF_ARI,REG,18,SF,50.0,0.0,1.0,1.0,00-0031079,P.O'Donnell
2024_18_SF_ARI,REG,18,ARI,47.0,0.0,0.0,1.0,00-0031363,M.Palardy
2024_18_SF_ARI,REG,18,ARI,38.0,0.0,0.0,1.0,00-0031363,M.Palardy
2024_18_SF_ARI,REG,18,SF,50.0,0.0,0.0,1.0,00-0031079,P.O'Donnell
2024_18_SF_ARI,REG,18,ARI,48.0,0.0,0.0,1.0,00-0031363,M.Palardy
2024_18_WAS_DAL,REG,18,WAS,56.0,0.0,1.0,1.0,00-0030140,T.Way
2024_18_WAS_DAL,REG,18,WAS,53.0,0.0,1.0,1.0,00-0030140,T.Way
2024_18_WAS_DAL,REG,18,DAL,55.0,0.0,0.0,1.0,00-0029692,B.Anger
2024_18_WAS_DAL,REG,18,WAS,48.0,0.0,1.0,1.0,00-0030140,T.Way
2024_18_WAS_DAL,REG,18,DAL,42.0,0.0,0.0,1.0,00-0029692,B.Anger
2024_18_WAS_DAL,REG,18,WAS,39.0,0.0,0.0,1.0,00-0030140,T.Way
2024_18_WAS_DAL,REG,18,DAL,58.0,0.0,0.0,1.0,00-0029692,B.Anger
2024_18_WAS_DAL,REG,18,WAS,42.0,0.0,0.0,1.0,00-0030140,T.Way
2024_18_WAS_DAL,REG,18,DAL,43.0,0.0,1.0,1.0,00-0029692,B.Anger
