year,player_id,player,team,position,games,targets,receptions,receiving_yards,receiving_tds,receiving_air_yards,target_share
2021,00-0033908,Cooper Kupp,LAR,WR,17,191,145,1947,16,1641,0.3173
2021,00-0036322,Justin Jefferson,MIN,WR,17,167,108,1616,10,2063,0.2889
2021,00-0031381,Davante Adams,GB,WR,16,169,123,1553,11,1614,0.2965
2021,00-0036900,Ja'Marr Chase,CIN,WR,17,128,81,1455,13,1617,0.237
2021,00-0035719,Deebo Samuel Sr.,SF,WR,16,121,77,1405,6,1029,0.2435
2021,00-0034753,Mark Andrews,BAL,TE,17,153,107,1361,9,1574,0.2589
2021,00-0033040,Tyreek Hill,KC,WR,17,159,111,1239,9,1647,0.2496
2021,00-0031588,Stefon Diggs,BUF,WR,17,164,103,1225,10,1827,0.2632
2021,00-0032211,Tyler Lockett,SEA,WR,16,107,73,1175,8,1562,0.2257
2021,00-0035216,Diontae Johnson,PIT,WR,16,169,107,1161,8,1440,0.2588
2021,00-0034827,DJ Moore,CAR,WR,17,163,93,1157,4,1734,0.2835
2021,00-0033536,Mike Williams,LAC,WR,16,129,76,1146,9,1497,0.1958
2021,00-0030279,Keenan Allen,LAC,WR,16,157,106,1138,6,1306,0.2382
2021,00-0030506,Travis Kelce,KC,TE,16,134,92,1125,9,994,0.2104
2021,00-0033921,Chris Godwin Jr.,TB,WR,14,127,98,1103,5,931,0.1774
2021,00-0036358,CeeDee Lamb,DAL,WR,16,120,79,1102,6,1233,0.1884
2021,00-0036410,Tee Higgins,CIN,WR,14,110,74,1091,6,1323,0.2037
2021,00-0036252,Michael Pittman,IND,WR,17,129,88,1082,6,1253,0.257
2021,00-0036309,Darnell Mooney,CHI,WR,17,140,81,1055,4,1556,0.2672
2021,00-0035659,Terry McLaurin,WAS,WR,17,130,77,1053,5,1707,0.2434
2021,00-0034983,Hunter Renfrow,LV,WR,17,128,103,1038,9,828,0.2123
2021,00-0031236,Brandin Cooks,HOU,WR,16,134,90,1037,6,1423,0.2562
2021,00-0031408,Mike Evans,TB,WR,16,114,74,1035,14,1497,0.1592
2021,00-0036970,Kyle Pitts,ATL,TE,17,110,68,1026,1,1193,0.1986
2021,00-0036613,Jaylen Waddle,MIA,WR,16,140,104,1015,6,993,0.2337
2021,00-0035662,Marquise Brown,BAL,WR,16,146,91,1008,6,1622,0.247
2021,00-0034775,Christian Kirk,ARI,WR,17,103,77,982,5,1201,0.1807
2021,00-0035640,DK Metcalf,SEA,WR,17,129,75,967,12,1636,0.2722
2021,00-0036912,DeVonta Smith,PHI,WR,17,104,64,916,5,1476,0.2222
2021,00-0036963,Amon-Ra St. Brown,DET,WR,16,119,90,912,5,831,0.2106
2021,00-0033288,George Kittle,SF,TE,14,94,71,910,6,777,0.1891
2021,00-0035676,A.J. Brown,TEN,WR,13,105,63,869,5,1218,0.2011
2021,00-0034960,Jakobi Meyers,NE,WR,16,126,83,866,2,1221,0.2405
2021,00-0031544,Amari Cooper,DAL,WR,15,104,68,865,8,1152,0.1633
2021,00-0036326,Chase Claypool,PIT,WR,15,105,59,860,2,1202,0.1608
2021,00-0027942,A.J. Green,ARI,WR,16,92,54,848,3,1109,0.1614
2021,00-0029293,Marvin Jones,JAX,WR,17,120,73,832,4,1438,0.2058
2021,00-0034351,Dallas Goedert,PHI,TE,15,76,56,830,4,643,0.1624
2021,00-0033009,Tyler Boyd,CIN,WR,16,94,67,828,5,744,0.1741
2021,00-0036261,Brandon Aiyuk,SF,WR,17,84,56,826,5,813,0.169
2021,00-0034383,Dalton Schultz,DAL,TE,17,104,78,808,8,741,0.1633
2021,00-0027656,Rob Gronkowski,TB,TE,12,89,55,802,6,897,0.1243
2021,00-0036415,Van Jefferson,LAR,WR,17,89,50,802,6,1195,0.1478
2021,00-0033307,Kendrick Bourne,NE,WR,17,70,55,800,5,592,0.1336
2021,00-0034829,Mike Gesicki,MIA,TE,17,112,73,780,2,1048,0.187
2021,00-0034348,Courtland Sutton,DEN,WR,17,98,58,776,2,1509,0.1896
2021,00-0034411,Russell Gage,ATL,WR,13,94,66,770,4,882,0.1697
2021,00-0030061,Zach Ertz,ARI,TE,17,112,74,763,5,844,0.2393
2021,00-0033375,Tim Patrick,DEN,WR,16,85,53,734,5,995,0.1644
2021,00-0030035,Adam Thielen,MIN,WR,13,95,67,726,10,903,0.1644
2021,00-0036219,Marquez Callaway,NO,WR,17,84,46,698,6,1060,0.1772
2021,00-0029000,Cole Beasley,BUF,WR,16,112,82,693,1,630,0.1798
2021,00-0035140,Mecole Hardman,KC,WR,17,83,59,693,2,612,0.1303
2021,00-0035644,Noah Fant,DEN,TE,16,90,68,670,4,540,0.1741
2021,00-0031610,Darren Waller,LV,TE,11,93,55,665,2,918,0.1542
2021,00-0036345,K.J. Osborn,MIN,WR,17,82,50,655,7,861,0.1419
2021,00-0033699,Austin Ekeler,LAC,RB,16,94,70,647,8,171,0.1426
2021,00-0036271,Quez Watkins,PHI,WR,17,62,43,647,1,746,0.1325
2021,00-0027685,Emmanuel Sanders,BUF,WR,14,72,42,626,4,1077,0.1156
2021,00-0036268,Laviska Shenault Jr.,JAX,WR,16,100,63,619,0,550,0.1715
2021,00-0036290,Cole Kmet,CHI,TE,17,93,60,612,0,721,0.1775
2021,00-0033090,Hunter Henry,NE,TE,16,75,50,603,9,726,0.1431
2021,00-0034418,Cedrick Wilson Jr.,DAL,WR,14,61,45,602,6,595,0.0958
2021,00-0036233,Donovan Peoples-Jones,CLE,WR,13,58,34,597,3,904,0.1162
2021,00-0034270,Tyler Conklin,MIN,TE,17,87,61,593,3,464,0.1505
2021,00-0035689,Dawson Knox,BUF,TE,15,71,49,587,9,524,0.114
2021,00-0035229,T.J. Hockenson,DET,TE,12,84,61,583,4,616,0.1487
2021,00-0032464,Kalif Raymond,DET,WR,16,71,48,576,4,725,0.1257
2021,00-0030564,DeAndre Hopkins,ARI,WR,10,64,42,572,8,788,0.1123
2021,00-0036365,Bryan Edwards,LV,WR,16,59,34,571,3,827,0.0978
2021,00-0031382,Jarvis Landry,CLE,WR,12,87,52,570,2,696,0.1743
2021,00-0035215,Deonte Harty,NO,WR,13,59,36,570,3,585,0.1245
2021,00-0034297,Byron Pringle,KC,WR,16,60,42,568,5,641,0.0942
2021,00-0027061,Jared Cook,LAC,TE,16,83,48,564,4,685,0.1259
2021,00-0033110,Tyler Higbee,LAR,TE,15,85,61,560,5,458,0.1412
2021,00-0030431,Robert Woods,LAR,WR,9,69,45,556,4,563,0.1146
2021,00-0036196,Gabe Davis,BUF,WR,15,63,35,549,6,846,0.1011
2021,00-0030578,Cordarrelle Patterson,ATL,RB,16,69,52,548,5,214,0.1245
2021,00-0033891,Zay Jones,LV,WR,15,70,47,546,1,979,0.1161
2021,00-0027793,Antonio Brown,TB,WR,7,62,42,545,4,734,0.0866
2021,00-0036980,Elijah Moore,NYJ,WR,11,77,43,538,5,899,0.1325
2021,00-0031235,Odell Beckham Jr.,LAR,WR,14,82,44,537,5,1092,0.1643
2021,00-0033932,Kenny Golladay,NYG,WR,14,76,37,521,0,1050,0.1348
2021,00-0032688,Robbie Chosen,CAR,WR,17,110,53,519,5,1156,0.1913
2021,00-0031547,DeVante Parker,MIA,WR,9,73,40,515,2,856,0.1219
2021,00-0036550,Rashod Bateman,BAL,WR,12,68,46,515,1,606,0.1151
2021,00-0034521,Allen Lazard,GB,WR,14,60,40,513,8,647,0.1053
2021,00-0036894,Pat Freiermuth,PIT,TE,16,79,60,497,7,432,0.121
2021,00-0032134,C.J. Uzomah,CIN,TE,16,63,49,493,5,274,0.1167
2021,00-0033871,Corey Davis,NYJ,WR,9,59,34,492,4,765,0.1015
2021,00-0033895,Gerald Everett,SEA,TE,15,63,48,478,4,330,0.1329
2021,00-0036182,Nick Westbrook-Ikhine,TEN,WR,15,57,38,476,4,606,0.1092
2021,00-0033885,David Njoku,CLE,TE,15,53,36,475,4,432,0.1062
2021,00-0031549,Nelson Agholor,NE,WR,14,64,37,473,3,914,0.1221
2021,00-0036357,Henry Ruggs III,LV,WR,7,36,24,469,2,608,0.0597
2021,00-0036407,Jerry Jeudy,DEN,WR,10,56,38,467,0,595,0.1083
2021,00-0036893,Najee Harris,PIT,RB,17,94,74,467,3,-13,0.144
2021,00-0026189,DeSean Jackson,LV,WR,14,34,20,454,2,647,0.0565
2021,00-0033856,Leonard Fournette,TB,RB,14,84,69,454,2,57,0.1173
2021,00-0034301,Darrel Williams,KC,RB,17,57,47,452,2,82,0.0895
2021,00-0036275,D'Andre Swift,DET,RB,13,78,62,452,2,-1,0.1381
2021,00-0033681,Keelan Cole,NYJ,WR,14,51,28,449,1,686,0.0878
2021,00-0035414,Jalen Guyton,LAC,WR,16,48,31,448,3,503,0.0728
2021,00-0031941,Jamison Crowder,NYJ,WR,12,71,51,447,2,448,0.1222
2021,00-0036554,Nico Collins,HOU,WR,14,60,33,446,1,637,0.1147
2021,00-0034764,Michael Gallup,DAL,WR,9,62,35,445,2,722,0.0973
2021,00-0033906,Alvin Kamara,NO,RB,13,67,47,439,5,77,0.1414
2021,00-0036936,Rondale Moore,ARI,WR,14,64,54,435,1,92,0.1123
2021,00-0027944,Julio Jones,TEN,WR,10,48,31,434,1,579,0.092
2021,00-0032951,Laquon Treadwell,JAX,WR,12,51,33,434,1,613,0.0875
2021,00-0034419,Braxton Berrios,NYJ,WR,16,65,46,431,2,332,0.1119
2021,00-0034272,Marquez Valdes-Scantling,GB,WR,11,55,26,430,3,985,0.0965
2021,00-0036913,Kadarius Toney,NYG,WR,9,57,39,420,0,367,0.1011
2021,00-0031428,Allen Robinson,CHI,WR,12,66,38,410,1,755,0.126
2021,00-0033881,Evan Engram,NYG,TE,15,73,46,408,3,366,0.1294
2021,00-0034011,Dan Arnold,JAX,TE,11,52,35,408,0,340,0.0904
2021,00-0035208,Olamide Zaccheaus,ATL,WR,15,53,31,406,3,477,0.0957
2021,00-0029239,Brandon Bolden,NE,RB,16,49,41,405,2,14,0.0935
2021,00-0032602,J.D. McKissic,WAS,RB,11,53,43,397,2,31,0.0993
2021,00-0033943,Josh Reynolds,DET,WR,11,49,29,396,2,668,0.0939
2021,00-0031325,Sammy Watkins,BAL,WR,11,49,27,394,1,630,0.0829
2021,00-0033293,Aaron Jones,GB,RB,15,65,52,391,6,56,0.114
2021,00-0033251,Zach Pascal,IND,WR,16,69,38,384,3,608,0.1375
2021,00-0032009,Adam Humphries,WAS,WR,17,62,41,383,0,411,0.1161
2021,00-0034765,Tre'Quan Smith,NO,WR,10,50,32,377,3,480,0.1055
2021,00-0028002,Randall Cobb,GB,WR,11,39,28,375,5,307,0.0684
2021,00-0033553,James Conner,ARI,RB,15,39,37,375,3,11,0.0684
2021,00-0034981,Foster Moreau,LV,TE,15,44,30,373,3,325,0.073
2021,00-0035537,Ty Johnson,NYJ,RB,15,55,34,372,2,131,0.0947
2021,00-0032385,Sterling Shepard,NYG,WR,7,53,36,366,1,404,0.094
2021,00-0036223,Jonathan Taylor,IND,RB,17,51,40,360,2,-45,0.1016
2021,00-0036427,Tyler Johnson,TB,WR,16,55,36,360,0,432,0.0768
2021,00-0034798,Durham Smythe,MIA,TE,16,41,34,357,0,260,0.0684
2021,00-0036988,Josh Palmer,LAC,WR,15,49,33,353,4,489,0.0744
2021,00-0035700,Josh Jacobs,LV,RB,15,64,54,348,0,-27,0.1061
2021,00-0032392,Austin Hooper,CLE,TE,15,61,38,345,3,328,0.1222
2021,00-0033280,Christian McCaffrey,CAR,RB,7,41,37,343,1,91,0.0713
2021,00-0036247,Freddie Swain,SEA,WR,17,40,25,343,4,324,0.0844
2021,00-0035535,Darius Slayton,NYG,WR,13,58,26,339,2,773,0.1028
2021,00-0035261,Tony Pollard,DAL,RB,15,46,39,337,0,8,0.0722
2021,00-0029608,T.Y. Hilton,IND,WR,10,37,23,331,3,476,0.0737
2021,00-0036423,Albert Okwuegbunam,DEN,TE,14,40,33,330,2,226,0.0774
2021,00-0031868,Damiere Byrd,CHI,WR,11,38,26,329,1,325,0.0725
2021,00-0036924,Michael Carter,NYJ,RB,14,55,36,325,0,33,0.0947
2021,00-0032128,Chris Conley,HOU,WR,14,37,22,323,2,340,0.0707
2021,00-0033217,Mo Alie-Cox,IND,TE,17,45,24,316,4,442,0.0896
2021,00-0036997,Javonte Williams,DEN,RB,17,53,43,316,3,-12,0.1025
2021,00-0033897,Joe Mixon,CIN,RB,16,48,42,314,3,-8,0.0889
2021,00-0030068,Marquise Goodwin,CHI,WR,14,40,20,313,1,475,0.0763
2021,00-0036265,AJ Dillon,GB,RB,17,37,34,313,2,14,0.0649
2021,00-0034681,Chase Edmonds,ARI,RB,12,53,43,311,0,23,0.093
2021,00-0034367,Nyheim Hines,IND,RB,17,57,40,310,1,113,0.1135
2021,00-0030181,Jack Doyle,IND,TE,15,43,29,302,3,285,0.0857
2021,00-0032355,Chester Rogers,TEN,WR,16,43,30,301,1,323,0.0824
2021,00-0035685,David Montgomery,CHI,RB,13,51,42,301,0,45,0.0973
2021,00-0036387,Jalen Reagor,PHI,WR,17,57,33,299,2,549,0.1218
2021,00-0029892,Kyle Juszczyk,SF,FB,15,38,30,296,1,272,0.0765
2021,00-0031763,DeAndre Carter,WAS,WR,17,44,24,296,3,485,0.0824
2021,00-0033858,Jonnu Smith,NE,TE,16,45,28,294,1,249,0.0859
2021,00-0036328,Antonio Gibson,WAS,RB,16,52,42,294,3,-9,0.0974
2021,00-0033118,Kenyan Drake,LV,RB,12,40,30,291,1,71,0.0663
2021,00-0033455,Anthony Firkser,TEN,TE,15,43,34,291,2,250,0.0824
2021,00-0032104,Ameer Abdullah,CAR,RB,17,53,38,289,1,43,0.0917
2021,00-0033045,Ezekiel Elliott,DAL,RB,17,65,47,287,2,22,0.102
2021,00-0034676,James Washington,PIT,WR,15,44,24,285,2,514,0.0674
2021,00-0036259,Jauan Jennings,SF,WR,13,38,24,282,5,355,0.0765
2021,00-0034837,Calvin Ridley,ATL,WR,5,52,31,281,2,521,0.0939
2021,00-0034407,Ray-Ray McCloud,PIT,WR,16,66,39,277,0,421,0.1011
2021,00-0032977,Rashard Higgins,CLE,WR,12,47,24,275,1,546,0.0942
2021,00-0036331,Devin Duvernay,BAL,WR,16,47,33,272,2,284,0.0795
2021,00-0033611,Ricky Seals-Jones,WAS,TE,11,49,30,271,2,268,0.0918
2021,00-0032972,Devontae Booker,NYG,RB,16,45,40,268,1,-12,0.0798
2021,00-0032775,Demarcus Robinson,KC,WR,14,41,25,264,3,427,0.0644
2021,00-0034844,Saquon Barkley,NYG,RB,13,57,41,263,2,30,0.1011
2021,00-0036422,Adam Trautman,NO,TE,11,43,27,263,2,245,0.0907
2021,00-0030108,Ryan Griffin,NYJ,TE,14,42,27,261,2,223,0.0723
2021,00-0032063,Mike Davis,ATL,RB,17,58,44,259,1,-52,0.1047
2021,00-0027981,Kyle Rudolph,NYG,TE,15,39,26,257,1,240,0.0691
2021,00-0036919,Kenny Gainwell,PHI,RB,16,50,33,253,1,93,0.1068
2021,00-0034052,Brandon Zylstra,CAR,WR,12,25,18,250,1,262,0.0435
2021,00-0035406,Lil'Jordan Humphrey,NO,WR,8,18,13,249,2,192,0.038
2021,00-0036628,John Bates,WAS,TE,12,25,20,249,1,149,0.0468
2021,00-0026035,Danny Amendola,HOU,WR,8,38,24,248,3,321,0.0727
2021,00-0031273,Cameron Brate,TB,TE,16,57,30,245,4,434,0.0796
2021,00-0036332,Josiah Deguara,GB,TE,14,33,25,245,2,114,0.0579
2021,00-0031951,James O'Shaughnessy,JAX,TE,7,34,24,244,0,226,0.0583
2021,00-0033955,Jeremy McNichols,TEN,RB,13,38,28,240,1,-2,0.0728
2021,00-0035311,Myles Gaskin,MIA,RB,17,63,49,234,4,32,0.1052
2021,00-0036232,Harrison Bryant,CLE,TE,15,28,21,233,3,258,0.0561
2021,00-0034159,Will Dissly,SEA,TE,13,26,21,231,1,112,0.0549
2021,00-0032778,Tajae Sharpe,ATL,WR,14,37,25,230,0,347,0.0668
2021,00-0033572,Jamal Agnew,JAX,WR,10,39,24,229,1,291,0.0669
2021,00-0034972,Alexander Mattison,MIN,RB,16,39,32,228,1,3,0.0675
2021,00-0035250,Devin Singletary,BUF,RB,17,50,40,228,1,4,0.0803
2021,00-0032398,Chris Moore,HOU,WR,10,22,21,227,2,90,0.0421
2021,00-0032187,David Johnson,HOU,RB,13,42,32,225,1,87,0.0803
2021,00-0033460,John Ross,NYG,WR,9,20,11,224,1,314,0.0355
2021,00-0033893,Dalvin Cook,MIN,RB,13,49,34,224,0,-79,0.0848
2021,00-0033555,Mack Hollins,MIA,WR,15,28,14,223,4,425,0.0467
2021,00-0035831,James Robinson,JAX,RB,14,46,31,222,0,40,0.0789
2021,00-0034830,Hayden Hurst,ATL,TE,12,31,26,221,3,205,0.056
2021,00-0024243,Marcedes Lewis,GB,TE,13,28,23,214,0,103,0.0491
2021,00-0034364,Jordan Akins,HOU,TE,12,33,24,214,0,207,0.0631
2021,00-0030525,Tavon Austin,JAX,WR,11,37,24,213,1,320,0.0635
2021,00-0030669,Albert Wilson,MIA,WR,10,39,25,213,0,210,0.0651
2021,00-0032144,Melvin Gordon,DEN,RB,16,38,28,213,2,12,0.0735
2021,00-0033215,Cyril Grayson,TB,WR,3,12,10,212,2,185,0.0168
2021,00-0034104,Cam Sims,WAS,WR,12,23,15,211,2,267,0.0431
2021,00-0032141,Geoff Swaim,TEN,TE,16,40,31,210,3,146,0.0766
2021,00-0035126,Antoine Wesley,ARI,WR,8,32,19,208,3,317,0.0561
2021,00-0033757,Robert Tonyan,GB,TE,8,29,18,204,2,262,0.0509
2021,00-0036277,Quintez Cephus,DET,WR,5,22,15,204,2,251,0.0389
2021,00-0036133,James Proche,BAL,WR,7,20,16,202,0,192,0.0338
2021,00-0036251,Zack Moss,BUF,RB,13,32,23,197,1,26,0.0514
2021,00-0031260,Logan Thomas,WAS,TE,5,25,18,196,3,249,0.0468
2021,00-0033526,Samaje Perine,CIN,RB,15,31,27,196,1,7,0.0574
2021,00-0031558,Maxx Williams,ARI,TE,5,17,16,193,1,90,0.0298
2021,00-0031285,Devonta Freeman,BAL,RB,16,42,34,190,1,36,0.0711
2021,00-0035329,Donald Parham,LAC,TE,13,27,20,190,3,121,0.041
2021,00-0034365,Ian Thomas,CAR,TE,14,30,18,188,0,183,0.0522
2021,00-0030288,Rex Burkhead,HOU,RB,15,32,25,186,0,50,0.0612
2021,00-0033591,Noah Brown,DAL,WR,9,25,16,184,0,227,0.0392
2021,00-0035624,N'Keal Harry,NE,TE,10,22,12,184,0,327,0.042
2021,00-0036654,Demetric Felton,CLE,RB,15,21,18,181,2,9,0.0421
2021,00-0037005,Tommy Tremble,CAR,TE,15,35,20,180,1,287,0.0609
2021,00-0033466,Isaiah McKenzie,BUF,WR,15,26,20,178,1,157,0.0417
2021,00-0034440,Justin Jackson,LAC,RB,14,25,22,178,0,20,0.0379
2021,00-0036556,Brevin Jordan,HOU,TE,8,28,20,178,3,159,0.0535
2021,00-0029632,Mohamed Sanu,SF,WR,8,24,15,177,0,227,0.0483
2021,00-0035664,Darrell Henderson,LAR,RB,12,40,29,176,3,37,0.0664
2021,00-0035864,Kendall Hinton,DEN,WR,11,23,15,175,1,185,0.0445
2021,00-0033923,Kareem Hunt,CLE,RB,8,27,22,174,0,4,0.0541
2021,00-0034791,Nick Chubb,CLE,RB,14,25,20,174,1,14,0.0501
2021,00-0036555,Chuba Hubbard,CAR,RB,16,37,25,174,1,2,0.0643
2021,00-0032214,Tyler Kroft,NYJ,TE,9,25,16,173,1,144,0.043
2021,00-0035021,Ashton Dulin,IND,WR,16,22,13,173,2,304,0.0438
2021,00-0033439,Pharaoh Brown,HOU,TE,13,34,23,171,0,146,0.065
2021,00-0027696,Jimmy Graham,CHI,TE,11,23,14,167,3,184,0.0439
2021,00-0032054,Breshad Perriman,TB,WR,5,18,11,167,1,169,0.0251
2021,00-0035222,Zach Gentry,PIT,TE,10,25,19,167,0,75,0.0383
2021,00-0032725,Stephen Anderson,LAC,TE,14,19,16,165,1,67,0.0288
2021,00-0036626,Dyami Brown,WAS,WR,10,25,12,165,0,381,0.0468
2021,00-0027966,Mark Ingram,NO,RB,14,35,27,162,0,-1,0.0669
2021,00-0035639,Parris Campbell,IND,WR,6,20,10,162,1,334,0.0398
2021,00-0033471,Isaiah Ford,MIA,WR,10,17,12,161,2,144,0.0284
2021,00-0035594,Travis Homer,SEA,RB,14,20,16,161,0,48,0.0422
2021,00-0032980,Marcus Johnson,TEN,WR,7,19,9,160,0,171,0.0364
2021,00-0036040,Juwan Johnson,NO,TE,13,22,13,159,4,240,0.0464
2021,00-0035243,Miles Sanders,PHI,RB,12,34,26,158,0,-18,0.0726
2021,00-0033948,Jamaal Williams,DET,RB,13,28,26,157,0,10,0.0496
2021,00-0034854,KhaDarel Hodge,DET,WR,12,27,13,157,0,304,0.0478
2021,00-0035806,JaMycal Hasty,SF,RB,11,29,23,157,0,70,0.0584
2021,00-0032764,Derrick Henry,TEN,RB,8,20,18,154,0,-3,0.0383
2021,00-0034777,DJ Chark,JAX,WR,3,22,7,154,2,359,0.0377
2021,00-0036857,Chris Evans,CIN,RB,9,17,15,151,2,50,0.0315
2021,00-0034867,Malik Turner,DAL,WR,7,16,12,149,3,149,0.0251
2021,00-0031585,MyCole Pruitt,TEN,TE,10,18,14,145,3,118,0.0345
2021,00-0036955,Terrace Marshall Jr.,CAR,WR,12,30,17,138,0,211,0.0522
2021,00-0035628,D'Ernest Johnson,CLE,RB,13,25,19,137,0,6,0.0501
2021,00-0036567,Elijah Mitchell,SF,RB,11,20,19,137,1,-12,0.0402
2021,00-0033879,O.J. Howard,TB,TE,10,21,14,135,1,136,0.0293
2021,00-0036999,Anthony Schwartz,CLE,WR,13,23,10,135,1,396,0.0461
2021,00-0032394,Nick Vannett,NO,TE,7,15,9,133,1,83,0.0316
2021,00-0036255,Denzel Mims,NYJ,WR,10,23,8,133,0,268,0.0396
2021,00-0036425,DeeJay Dallas,SEA,RB,17,23,21,133,0,39,0.0485
2021,00-0036862,Ben Skowronek,LAR,WR,12,20,11,133,0,210,0.0332
2021,00-0032791,Jakeem Grant,CHI,WR,15,17,11,132,2,80,0.0284
2021,00-0035657,Damien Harris,NE,RB,15,21,18,132,0,-7,0.0401
2021,00-0033857,JuJu Smith-Schuster,PIT,WR,5,28,15,129,0,183,0.0429
2021,00-0036360,Clyde Edwards-Helaire,KC,RB,10,23,19,129,2,-53,0.0361
2021,00-0034845,Sony Michel,LAR,RB,17,33,21,128,1,-14,0.0548
2021,00-0032918,C.J. Ham,MIN,FB,15,18,17,125,0,67,0.0311
2021,00-0030456,Giovani Bernard,TB,RB,10,29,23,123,3,30,0.0405
2021,00-0033925,D'Onta Foreman,TEN,RB,9,11,9,123,0,-1,0.0211
2021,00-0036875,Rhamondre Stevenson,NE,RB,12,18,14,123,0,-5,0.0344
2021,00-0036020,Salvon Ahmed,MIA,RB,11,19,12,117,0,41,0.0317
2021,00-0036754,Brock Wright,DET,TE,8,17,12,117,2,70,0.0301
2021,00-0036635,Ihmir Smith-Marsette,MIN,WR,6,6,5,116,2,128,0.0104
2021,00-0033854,Dare Ogunbowale,JAX,RB,13,21,13,114,1,31,0.036
2021,00-0035510,Jeff Smith,NYJ,WR,9,17,8,113,0,192,0.0293
2021,00-0032208,Phillip Dorsett,HOU,WR,5,14,7,110,0,210,0.024
2021,00-0033896,Adam Shaheen,MIA,TE,7,16,12,110,0,92,0.0267
2021,00-0031376,Jerick McKinnon,KC,RB,9,20,13,107,1,-9,0.0314
2021,00-0036876,Kylen Granson,IND,TE,10,15,11,106,0,59,0.0299
2021,00-0035715,Derrick Gore,KC,RB,8,9,8,105,0,11,0.0141
2021,00-0036254,Collin Johnson,NYG,WR,8,21,11,105,0,178,0.0372
2021,00-0036572,Shi Smith,CAR,WR,5,11,6,104,0,74,0.0191
2021,00-0030874,Damien Williams,CHI,RB,12,23,16,103,1,41,0.0439
2021,00-0034930,Trinity Benson,DET,WR,7,22,10,103,0,175,0.0389
2021,00-0034279,Equanimeous St. Brown,GB,WR,12,17,9,98,0,175,0.0298
2021,00-0033658,Blake Jarwin,DAL,TE,8,17,11,96,2,128,0.0267
2021,00-0036906,Khalil Herbert,CHI,RB,16,16,14,96,0,-5,0.0305
2021,00-0032200,Ty Montgomery,NO,WR,14,26,16,95,0,46,0.0549
2021,00-0033733,Greg Ward,PHI,WR,10,11,7,95,3,85,0.0235
2021,00-0031062,James White,NE,RB,3,14,12,94,0,51,0.0267
2021,00-0032062,Blake Bell,KC,TE,11,13,9,87,0,31,0.0204
2021,00-0032426,Alex Collins,SEA,RB,11,10,9,87,0,2,0.0211
2021,00-0034253,Dontrell Hilliard,TEN,RB,8,26,19,87,0,-23,0.0498
2021,00-0034487,Trent Sherfield,SF,WR,12,20,9,87,1,174,0.0402
2021,00-0034860,Dante Pettis,NYG,WR,3,16,10,87,1,103,0.0284
2021,00-0035125,Alec Ingold,LV,FB,7,12,10,85,1,56,0.0199
2021,00-0031387,Eric Ebron,PIT,TE,8,18,12,84,1,116,0.0276
2021,00-0036457,Ty'Son Williams,BAL,RB,7,12,9,84,0,30,0.0203
2021,00-0034414,Boston Scott,PHI,RB,11,16,13,83,0,-9,0.0342
2021,00-0036671,Dax Milne,WAS,WR,9,14,9,83,0,102,0.0262
2021,00-0035631,Drew Sample,CIN,TE,10,15,11,81,0,35,0.0278
2021,00-0034838,Royce Freeman,HOU,RB,12,16,10,77,0,-6,0.0278
2021,00-0030513,Latavius Murray,BAL,RB,14,13,10,75,0,1,0.022
2021,00-0036412,KJ Hamler,DEN,WR,3,10,5,74,0,201,0.0193
2021,00-0036755,Jaret Patterson,WAS,RB,15,11,10,73,0,-3,0.0206
2021,00-0033025,Jalen Richard,LV,RB,9,14,12,72,0,7,0.0232
2021,00-0033308,Matt Breida,BUF,RB,7,9,7,72,2,8,0.0144
2021,00-0031484,Chris Manhertz,JAX,TE,10,9,6,71,1,68,0.0154
2021,00-0035350,Preston Williams,MIA,WR,6,16,6,71,0,137,0.0267
2021,00-0030085,Kenny Stills,NO,WR,7,23,6,68,1,430,0.0485
2021,00-0033839,Dede Westbrook,MIN,WR,15,15,10,68,0,110,0.026
2021,00-0032741,Peyton Barber,LV,RB,9,13,10,67,0,20,0.0216
2021,00-0035249,Josh Oliver,BAL,TE,11,15,9,66,0,126,0.0254
2021,00-0028097,Lee Smith,ATL,TE,10,11,9,65,1,38,0.0199
2021,00-0031045,Carlos Hyde,JAX,RB,11,21,12,65,0,31,0.036
2021,00-0034816,Ronald Jones,TB,RB,15,13,10,64,0,-15,0.0182
2021,00-0036110,Ja'Marcus Bradley,CLE,WR,4,4,4,64,0,48,0.008
2021,00-0036620,Dee Eskridge,SEA,WR,8,20,10,64,1,252,0.0422
2021,00-0033376,Patrick Ricard,BAL,RB,8,13,8,63,1,14,0.022
2021,00-0032135,Jesse James,CHI,TE,5,8,7,62,1,54,0.0153
2021,00-0034614,Godwin Igwebuike,DET,RB,15,10,7,60,0,15,0.0177
2021,00-0035022,Penny Hart,SEA,WR,11,12,7,59,0,108,0.0253
2021,00-0035593,Juwann Winfree,GB,WR,5,13,8,58,0,75,0.0228
2021,00-0030968,Keith Smith,ATL,FB,13,10,9,56,0,21,0.0181
2021,00-0035432,Jason Moore,LAC,WR,1,4,3,56,0,60,0.0061
2021,00-0036887,Luke Farrell,JAX,TE,8,11,7,56,0,73,0.0189
2021,00-0032543,Alex Erickson,CAR,WR,17,4,3,55,0,33,0.007
2021,00-0033387,Jacob Hollister,JAX,TE,7,14,9,55,1,66,0.024
2021,00-0035544,Tom Kennedy,DET,WR,6,10,6,54,0,77,0.0177
2021,00-0033114,Mike Thomas,CIN,WR,7,11,5,52,0,109,0.0204
2021,00-0033357,Taysom Hill,NO,TE,12,6,4,52,0,19,0.0127
2021,00-0035567,Craig Reynolds,DET,RB,5,8,7,52,0,5,0.0142
2021,00-0036429,Charlie Woerner,SF,TE,8,6,5,52,0,52,0.0121
2021,00-0033367,C.J. Board,NYG,WR,6,6,4,51,0,102,0.0106
2021,00-0034073,Ross Dwelley,SF,TE,4,5,4,51,1,59,0.0101
2021,00-0032058,Tevin Coleman,NYJ,RB,11,16,11,49,0,-23,0.0275
2021,00-0036627,Dez Fitzpatrick,TEN,WR,3,8,5,49,1,109,0.0153
2021,00-0034750,Rashaad Penny,SEA,RB,10,8,6,48,0,-16,0.0169
2021,00-0035957,Rodney Smith,CAR,RB,1,5,5,48,0,16,0.0087
2021,00-0033421,Antony Auclair,HOU,TE,4,5,5,47,1,22,0.0096
2021,00-0033576,Eric Saubert,DEN,TE,10,12,8,47,1,40,0.0232
2021,00-0035547,Joseph Fortson,KC,TE,4,5,5,47,2,38,0.0078
2021,00-0034109,Phillip Lindsay,MIA,RB,14,5,4,45,1,-11,0.0096
2021,00-0036991,Amari Rodgers,GB,WR,16,8,4,45,0,40,0.014
2021,00-0037011,Tre' McKitty,LAC,TE,6,8,6,45,0,18,0.0121
2021,00-0035308,Tommy Sweeney,BUF,TE,7,12,9,44,1,69,0.0193
2021,00-0029738,Darren Fells,DET,TE,3,5,4,43,0,24,0.0088
2021,00-0035572,Parker Hesse,ATL,TE,4,6,5,43,0,22,0.0108
2021,00-0035726,Jakob Johnson,NE,RB,6,5,4,43,0,10,0.0095
2021,00-0036877,Jaelon Darden,TB,WR,9,12,6,43,0,156,0.0168
2021,00-0036183,Kristian Wilkerson,NE,WR,1,8,4,42,2,132,0.0153
2021,00-0036383,Eno Benjamin,ARI,RB,8,7,6,42,0,-1,0.0123
2021,00-0028237,Chris Hogan,NO,WR,5,8,4,41,1,49,0.0169
2021,00-0032257,Duke Johnson,MIA,RB,5,5,4,41,0,-8,0.0083
2021,00-0033292,Trent Taylor,CIN,WR,4,3,2,41,0,39,0.0056
2021,00-0034766,Chris Herndon,MIN,TE,6,7,4,40,1,29,0.0121
2021,00-0033095,Garrett Griffin,NO,TE,5,4,4,39,0,12,0.0084
2021,00-0034686,Auden Tate,CIN,WR,4,4,3,39,1,45,0.0074
2021,00-0030663,Willie Snead,CAR,WR,7,8,4,38,0,67,0.0133
2021,00-0031545,Kevin White,NO,WR,4,5,1,38,0,158,0.0105
2021,00-0035298,Scott Miller,TB,WR,6,9,5,38,0,117,0.0126
2021,00-0036370,Joshua Kelley,LAC,RB,8,6,5,38,0,13,0.0091
2021,00-0035603,Kendall Blanton,LAR,TE,4,7,4,37,0,43,0.0116
2021,00-0035045,D.J. Montgomery,NYJ,WR,2,6,3,36,0,39,0.0103
2021,00-0035246,J.J. Arcega-Whiteside,PHI,WR,7,5,2,36,0,41,0.0107
2021,00-0036510,Kenny Yeboah,NYJ,TE,3,3,2,36,0,48,0.0052
2021,00-0036637,Noah Gray,KC,TE,7,10,7,36,1,23,0.0157
2021,00-0027691,Andre Roberts,LAC,WR,16,2,1,35,0,29,0.0038
2021,00-0035259,Trevon Wesco,NYJ,TE,8,5,3,35,0,3,0.0086
2021,00-0036250,Tyler Davis,GB,TE,8,5,4,35,0,38,0.0088
2021,00-0035341,Trenton Irwin,CIN,WR,5,5,2,34,0,86,0.0093
2021,00-0035924,Jonathan Ward,ARI,RB,9,4,3,34,0,13,0.007
2021,00-0036456,Dominique Dafney,GB,TE,6,4,2,34,0,10,0.007
2021,00-0036534,Shane Zylstra,DET,TE,3,7,3,34,0,38,0.0124
2021,00-0036657,Seth Williams,DEN,WR,1,1,1,34,0,30,0.0019
2021,00-0033111,Pharoh Cooper,NYG,WR,8,11,4,33,0,79,0.0195
2021,00-0033386,Cody Hollister,TEN,WR,3,7,4,33,0,72,0.0134
2021,00-0034988,Kaden Smith,NYG,TE,4,3,3,33,0,22,0.0053
2021,00-0035891,Cody White,PIT,WR,6,6,5,33,0,38,0.0092
2021,00-0036244,Colby Parkinson,SEA,TE,5,8,5,33,0,47,0.0169
2021,00-0029664,Josh Gordon,KC,WR,9,14,5,32,1,153,0.022
2021,00-0031595,Michael Burton,KC,FB,10,3,3,31,0,-5,0.0047
2021,00-0033528,Jeremy Sprinkle,DAL,TE,6,3,3,31,0,12,0.0047
2021,00-0034115,Jeff Wilson,SF,RB,8,8,7,31,0,-10,0.0161
2021,00-0035645,Gunner Olszewski,NE,WR,16,3,2,31,0,29,0.0057
2021,00-0036173,Tommy Hudson,TEN,TE,4,6,3,31,0,30,0.0115
2021,00-0030496,Le'Veon Bell,TB,RB,8,7,5,30,1,5,0.0118
2021,00-0032813,Elijhaa Penny,NYG,FB,13,13,9,30,1,-4,0.023
2021,00-0036382,K.J. Hill,LAC,WR,6,3,3,30,0,18,0.0046
2021,00-0032098,Daniel Brown,NYJ,TE,3,2,2,29,0,7,0.0034
2021,00-0033594,Chris Carson,SEA,RB,4,6,6,29,0,-13,0.0127
2021,00-0033725,Corey Clement,DAL,RB,11,7,6,29,1,12,0.011
2021,00-0035860,Tony Jones,NO,RB,10,8,5,29,0,1,0.0169
2021,00-0031787,Jake Kumerow,BUF,WR,7,6,2,28,0,86,0.0096
2021,00-0032975,Jonathan Williams,WAS,RB,5,6,4,28,0,-14,0.0112
2021,00-0033282,Curtis Samuel,WAS,WR,5,9,6,27,0,21,0.0169
2021,00-0036032,Sean McKeon,DAL,TE,5,6,4,27,1,27,0.0094
2021,00-0033127,Will Fuller,MIA,WR,2,8,4,26,0,131,0.0134
2021,00-0036450,Ke'Shawn Vaughn,TB,RB,6,8,4,26,0,13,0.0112
2021,00-0036482,Mike Strachan,IND,WR,2,3,2,26,0,54,0.006
2021,00-0036984,Trey Sermon,SF,RB,6,4,3,26,0,10,0.008
2021,00-0034132,Christian Blake,ATL,WR,9,9,4,25,0,58,0.0162
2021,00-0034353,Anthony Miller,PIT,WR,3,12,6,25,1,76,0.0229
2021,00-0033481,Marcus Kemp,KC,WR,12,5,2,24,0,62,0.0078
2021,00-0036187,Reggie Gilliam,BUF,RB,8,5,3,23,0,21,0.008
2021,00-0036630,Tylan Wallace,BAL,WR,10,6,2,23,0,38,0.0102
2021,00-0036670,Jermar Jefferson,DET,RB,4,5,4,23,0,1,0.0088
2021,00-0036907,Dazz Newsome,CHI,WR,3,5,2,23,0,36,0.0095
2021,00-0032782,Wendell Smallwood,WAS,RB,2,5,4,22,0,3,0.0094
2021,00-0034208,Mike Boone,DEN,RB,3,2,2,22,0,-2,0.0039
2021,00-0035356,Tyree Jackson,PHI,TE,3,7,3,22,1,69,0.015
2021,00-0036741,Jack Stoll,PHI,TE,6,5,4,22,0,14,0.0107
2021,00-0033950,Wayne Gallman,MIN,RB,7,3,1,21,0,5,0.0054
2021,00-0035562,Jesper Horsted,CHI,TE,4,3,2,21,2,31,0.0057
2021,00-0035588,Garrett Bradbury,MIN,C,7,1,1,21,0,-3,0.0017
2021,00-0036228,Dezmon Patmon,IND,WR,4,4,2,21,1,36,0.008
2021,00-0034433,Nick Bawden,NYJ,RB,1,1,1,20,0,9,0.0017
2021,00-0032780,Jordan Howard,PHI,RB,7,5,2,19,0,9,0.0107
2021,00-0034317,Keith Kirkwood,CAR,WR,3,7,3,17,0,55,0.0122
2021,00-0035101,Davion Davis,HOU,WR,2,3,1,17,0,14,0.0057
2021,00-0035342,Patrick Laird,MIA,RB,3,3,3,17,0,-3,0.005
2021,00-0035345,Chris Myarick,NYG,TE,4,6,3,17,1,13,0.0106
2021,00-0035359,David Sills,NYG,WR,4,6,2,17,0,58,0.0106
2021,00-0035908,Gabe Nabers,LAC,FB,7,3,3,17,0,5,0.0046
2021,00-0036011,Bobby Price,DET,DB,9,1,1,17,0,9,0.0018
2021,00-0033338,Cethan Carter,MIA,TE,8,2,2,16,0,8,0.0033
2021,00-0034171,Jason Cabinda,DET,FB,9,7,4,16,1,6,0.0124
2021,00-0035268,Ryquell Armstead,JAX,RB,2,4,3,16,0,0,0.0069
2021,00-0035457,Tyron Johnson,LV,WR,7,5,2,16,0,102,0.0086
2021,00-0035710,Daniel Jones,NYG,QB,11,1,1,16,0,13,0.0018
2021,00-0035771,Mitchell Wilcox,CIN,TE,4,5,3,16,0,19,0.0093
2021,00-0036727,Adam Prentice,NO,FB,5,3,3,16,0,1,0.0063
2021,00-0032897,Derek Watt,PIT,FB,11,3,3,15,0,-1,0.0046
2021,00-0034652,Cameron Batson,TEN,WR,4,5,2,15,1,84,0.0096
2021,00-0035500,Greg Dortch,ARI,WR,5,3,3,15,0,-16,0.0053
2021,00-0032160,Tyrell Williams,DET,WR,1,3,2,14,0,13,0.0053
2021,00-0034331,Jaylen Samuels,HOU,RB,3,4,3,14,0,-4,0.0076
2021,00-0035480,Malik Taylor,GB,WR,7,3,2,14,0,30,0.0053
2021,00-0036951,Frank Darby,ATL,WR,4,4,1,14,0,83,0.0072
2021,00-0029119,Derek Carrier,LV,TE,2,2,2,13,0,7,0.0033
2021,00-0035217,Benny Snell,PIT,RB,16,4,2,13,0,-4,0.0061
2021,00-0035527,Andy Isabella,ARI,WR,3,1,1,13,0,6,0.0018
2021,00-0035844,Kirk Merritt,MIA,WR,1,3,1,13,0,56,0.005
2021,00-0028042,Luke Stocker,MIN,TE,6,2,2,12,0,6,0.0035
2021,00-0032450,Dwayne Washington,NO,RB,8,2,2,12,0,2,0.0042
2021,00-0034578,Reggie Bonnafon,CAR,RB,1,2,2,12,0,3,0.0035
2021,00-0035273,Qadree Ollison,ATL,RB,6,6,4,12,0,0,0.0108
2021,00-0031384,Richard Rodgers,PHI,TE,1,2,2,11,0,1,0.0043
2021,00-0035399,Stanley Morgan,CIN,WR,11,4,2,11,0,32,0.0074
2021,00-0036297,Darrynton Evans,TEN,RB,1,2,2,11,0,-4,0.0038
2021,00-0036336,Anthony McFarland,PIT,RB,2,1,1,11,0,0,0.0015
2021,00-0036910,C.J. Saunders,CAR,WR,1,2,2,11,0,11,0.0035
2021,00-0030155,Demetrius Harris,ARI,TE,10,6,3,10,0,22,0.0105
2021,00-0031806,Malcolm Brown,MIA,RB,6,5,3,10,0,-2,0.0083
2021,00-0033006,Jaydon Mickens,JAX,WR,11,3,2,10,0,58,0.0042
2021,00-0033094,Marvin Hall,ATL,WR,1,1,1,10,0,5,0.0018
2021,00-0036414,Cam Akers,LAR,RB,1,3,3,10,0,6,0.005
2021,00-0036491,Tarik Black,NYJ,WR,1,2,1,10,0,18,0.0034
2021,00-0032956,Andy Janovich,CLE,FB,6,4,3,9,0,9,0.008
2021,00-0033246,Johnny Mundt,LAR,TE,3,1,1,9,0,7,0.0017
2021,00-0035187,Austin Walter,NYJ,RB,4,3,2,9,0,-9,0.0052
2021,00-0036069,Scottie Phillips,HOU,RB,2,3,2,9,0,2,0.0057
2021,00-0036424,Brycen Hopkins,LAR,TE,1,1,1,9,0,3,0.0017
2021,00-0036842,Kene Nwangwu,MIN,RB,9,5,4,9,0,-6,0.0087
2021,00-0025394,Adrian Peterson,SEA,RB,4,4,4,8,0,-11,0.0077
2021,00-0033951,Marlon Mack,IND,RB,5,5,2,8,0,16,0.01
2021,00-0034193,Kevin Rader,PIT,TE,3,3,2,8,0,8,0.0046
2021,00-0034672,Ethan Wolf,NO,TE,1,2,2,8,0,2,0.0042
2021,00-0034799,Kalen Ballage,PIT,RB,8,7,2,8,0,2,0.0107
2021,00-0036096,J.J. Taylor,NE,RB,5,4,4,8,0,-2,0.0076
2021,00-0036652,Racey McMath,TEN,WR,6,6,2,8,0,67,0.0115
2021,00-0037004,Hunter Long,MIA,TE,3,3,1,8,0,10,0.005
2021,00-0031690,Eric Tomlinson,BAL,TE,7,1,1,7,0,3,0.0017
2021,00-0032881,Tommylee Lewis,MIA,WR,2,2,1,7,0,6,0.0033
2021,00-0034311,Johnny Stanton,CLE,RB,3,2,2,7,1,3,0.004
2021,00-0035184,Devine Ozigbo,NO,RB,1,1,1,7,0,4,0.0021
2021,00-0035632,Amani Hooker,TEN,SAF,12,1,1,6,0,4,0.0019
2021,00-0035703,Miles Boykin,BAL,WR,1,1,1,6,0,6,0.0017
2021,00-0036523,Trey Ragas,LV,RB,1,2,2,6,0,-7,0.0033
2021,00-0036569,Gary Brightwell,NYG,RB,7,1,1,6,0,1,0.0018
2021,00-0030561,Lane Johnson,PHI,OT,4,1,1,5,1,5,0.0021
2021,00-0034366,Keke Coutee,IND,WR,1,1,1,5,0,5,0.002
2021,00-0036080,Easop Winston,NO,WR,3,1,1,5,0,-4,0.0021
2021,00-0036669,Kylin Hill,GB,RB,8,2,1,5,0,-3,0.0035
2021,00-0028292,Nick Bellore,SEA,LB,10,1,1,4,0,0,0.0021
2021,00-0032381,Taylor Decker,DET,OT,6,2,2,4,1,3,0.0035
2021,00-0034597,Ryan Nall,CHI,RB,5,1,1,4,0,4,0.0019
2021,00-0035099,Khari Blasingame,TEN,FB,5,2,2,4,0,0,0.0038
2021,00-0035291,Trayveon Williams,CIN,RB,4,2,1,4,0,-7,0.0037
2021,00-0035973,Patrick Taylor,GB,RB,5,2,2,3,0,-2,0.0035
2021,00-0031598,Nick Boyle,BAL,TE,2,2,1,2,0,3,0.0034
2021,00-0036215,Danny Pinter,IND,G,3,1,1,2,1,2,0.002
2021,00-0036386,Andrew Thomas,NYG,OT,7,1,1,2,1,2,0.0018
2021,00-0033296,Alex Armah,WAS,RB,9,1,1,1,1,0,0.0021
2021,00-0033300,Conor McDermott,NYJ,OT,2,1,1,1,1,1,0.0017
2021,00-0035231,Christian Wilkins,MIA,DT,17,1,1,1,1,1,0.0017
2021,00-0035704,Drew Lock,DEN,QB,6,1,1,1,0,-5,0.0019
2021,00-0036036,Terence Steele,DAL,OT,8,1,1,1,1,1,0.0016
2021,00-0027857,Trent Williams,SF,OT,6,1,0,0,0,1,0.002
2021,00-0029269,Travis Benjamin,SF,WR,5,5,0,0,0,141,0.0101
2021,00-0031051,John Brown,JAX,WR,3,3,0,0,0,93,0.0058
2021,00-0031934,Devin Smith,JAX,WR,1,1,0,0,0,19,0.0017
2021,00-0032626,Geronimo Allison,DET,WR,1,2,0,0,0,20,0.0035
2021,00-0033258,Darrell Daniels,ARI,TE,10,4,1,0,0,22,0.007
2021,00-0033589,David Moore,GB,WR,2,2,0,0,0,28,0.0039
2021,00-0033720,Colin Thompson,CAR,TE,3,1,0,0,0,5,0.0017
2021,00-0033904,Dion Dawkins,BUF,OT,7,1,0,0,0,1,0.0016
2021,00-0033957,Rodney Adams,CHI,WR,1,1,0,0,0,15,0.0019
2021,00-0034319,Deon Yelder,TB,TE,1,1,1,0,0,-2,0.0014
2021,00-0034435,Keion Crossen,NYG,DB,13,1,0,0,0,13,0.0018
2021,00-0034631,Vyncint Smith,NYJ,WR,1,1,0,0,0,18,0.0017
2021,00-0034735,Codey McElroy,TB,TE,1,1,0,0,0,11,0.0014
2021,00-0034903,Tevaughn Campbell,LAC,DB,12,1,0,0,0,10,0.0015
2021,00-0035328,Matt Nelson,DET,OT,1,1,0,0,0,6,0.0018
2021,00-0035823,Ben Ellefson,MIN,TE,3,1,0,0,0,7,0.0017
2021,00-0035898,Darius Bradwell,LAC,RB,1,1,0,0,0,1,0.0015
2021,00-0035956,Giovanni Ricci,CAR,TE,8,2,0,0,0,23,0.0035
2021,00-0036278,Jason Huntley,PHI,RB,1,1,0,0,0,0,0.0021
2021,00-0036308,Isaiah Coulter,CHI,WR,1,1,0,0,0,22,0.0019
2021,00-0036389,Jalen Hurts,PHI,QB,15,1,0,0,0,3,0.0021
2021,00-0036438,Stephen Sullivan,CAR,TE,1,1,0,0,0,-2,0.0017
2021,00-0036439,Tyrie Cleveland,DEN,WR,4,1,0,0,0,5,0.0019
2021,00-0036698,Mekhi Sargent,JAX,RB,4,1,0,0,0,-4,0.0019
2021,00-0037013,Zach Wilson,NYJ,QB,13,1,0,0,0,8,0.0017
2021,00-0035428,Daniel Helm,LV,TE,3,2,1,-1,0,1,0.0033
2021,00-0036650,Larry Rountree III,LAC,RB,9,2,1,-1,0,-1,0.003
2021,00-0029164,Mike Remmers,KC,G,2,1,1,-2,0,0,0.0016
2021,00-0031800,Taylor Heinicke,WAS,QB,16,1,1,-2,0,-4,0.0019
2021,00-0031319,Diontae Spencer,DEN,WR,15,4,1,-3,0,9,0.0077
2021,00-0023459,Aaron Rodgers,GB,QB,16,1,1,-4,0,-4,0.0018
2022,00-0036322,Justin Jefferson,MIN,WR,17,184,128,1809,8,1867,0.2871
2022,00-0033040,Tyreek Hill,MIA,WR,17,170,119,1710,7,2107,0.3025
2022,00-0031381,Davante Adams,LV,WR,17,180,100,1516,14,2129,0.3226
2022,00-0035676,A.J. Brown,PHI,WR,17,145,88,1496,11,1750,0.2871
2022,00-0031588,Stefon Diggs,BUF,WR,16,154,108,1429,11,1729,0.2795
2022,00-0036358,CeeDee Lamb,DAL,WR,17,156,107,1359,9,1565,0.2862
2022,00-0036613,Jaylen Waddle,MIA,WR,17,117,75,1356,8,1415,0.2082
2022,00-0030506,Travis Kelce,KC,TE,17,152,110,1338,12,1074,0.2476
2022,00-0036912,DeVonta Smith,PHI,WR,17,136,95,1196,7,1315,0.2693
2022,00-0035659,Terry McLaurin,WAS,WR,17,120,77,1191,5,1549,0.226
2022,00-0036963,Amon-Ra St. Brown,DET,WR,16,146,106,1161,6,933,0.2593
2022,00-0031544,Amari Cooper,CLE,WR,17,132,78,1160,9,1642,0.2604
2022,00-0031408,Mike Evans,TB,WR,15,127,77,1124,6,1677,0.1754
2022,00-0034775,Christian Kirk,JAX,WR,17,133,84,1108,8,1216,0.2317
2022,00-0037740,Garrett Wilson,NYJ,WR,17,147,83,1103,4,1548,0.25
2022,00-0035640,DK Metcalf,SEA,WR,17,141,90,1048,6,1581,0.255
2022,00-0036900,Ja'Marr Chase,CIN,WR,12,134,87,1046,9,1220,0.2256
2022,00-0037239,Chris Olave,NO,WR,15,119,72,1042,4,1686,0.2414
2022,00-0032211,Tyler Lockett,SEA,WR,16,117,84,1033,9,1242,0.2116
2022,00-0036410,Tee Higgins,CIN,WR,14,109,74,1029,7,1185,0.1835
2022,00-0033921,Chris Godwin Jr.,TB,WR,15,142,104,1023,3,820,0.1961
2022,00-0036261,Brandon Aiyuk,SF,WR,17,114,78,1015,8,1143,0.2262
2022,00-0036407,Jerry Jeudy,DEN,WR,15,100,67,972,6,1146,0.1848
2022,00-0033857,JuJu Smith-Schuster,KC,WR,16,101,78,933,3,750,0.1645
2022,00-0036252,Michael Pittman,IND,WR,16,141,99,925,4,985,0.2435
2022,00-0035229,T.J. Hockenson,MIN,TE,17,129,86,914,6,981,0.2291
2022,00-0033536,Mike Williams,LAC,WR,13,93,63,895,4,1111,0.1354
2022,00-0034827,DJ Moore,CAR,WR,17,118,63,888,7,1526,0.2763
2022,00-0035216,Diontae Johnson,PIT,WR,17,147,86,882,0,1499,0.2682
2022,00-0037238,Drake London,ATL,WR,17,117,72,866,4,1219,0.2925
2022,00-0034753,Mark Andrews,BAL,TE,15,113,73,847,5,1105,0.243
2022,00-0036233,Donovan Peoples-Jones,CLE,WR,17,96,61,839,3,1107,0.1893
2022,00-0036196,Gabe Davis,BUF,WR,15,93,48,836,7,1428,0.1688
2022,00-0034348,Courtland Sutton,DEN,WR,15,109,64,829,2,1343,0.2015
2022,00-0033891,Zay Jones,JAX,WR,16,121,82,823,5,1018,0.2108
2022,00-0033908,Cooper Kupp,LAR,WR,9,98,75,812,6,713,0.1896
2022,00-0034960,Jakobi Meyers,NE,WR,14,96,67,804,6,950,0.1853
2022,00-0037247,George Pickens,PIT,WR,17,84,52,801,4,1240,0.1533
2022,00-0034521,Allen Lazard,GB,WR,15,100,60,788,6,1249,0.1852
2022,00-0036988,Josh Palmer,LAC,WR,16,107,72,769,3,929,0.1557
2022,00-0033881,Evan Engram,JAX,TE,17,98,73,766,4,614,0.1707
2022,00-0033288,George Kittle,SF,TE,15,86,60,765,11,550,0.1706
2022,00-0033009,Tyler Boyd,CIN,WR,16,82,58,762,5,755,0.138
2022,00-0030279,Keenan Allen,LAC,WR,10,89,66,752,4,770,0.1295
2022,00-0033280,Christian McCaffrey,SF,RB,17,108,85,741,5,133,0.2529
2022,00-0036894,Pat Freiermuth,PIT,TE,15,98,63,732,2,821,0.1788
2022,00-0035535,Darius Slayton,NYG,WR,13,71,46,724,2,884,0.1452
2022,00-0033699,Austin Ekeler,LAC,RB,17,127,107,722,5,-101,0.1849
2022,00-0030564,DeAndre Hopkins,ARI,WR,9,96,64,717,3,976,0.1512
2022,00-0030035,Adam Thielen,MIN,WR,17,107,70,716,6,1036,0.1669
2022,00-0035662,Marquise Brown,ARI,WR,12,107,67,709,3,1205,0.1685
2022,00-0034351,Dallas Goedert,PHI,TE,12,69,55,702,3,424,0.1366
2022,00-0031236,Brandin Cooks,HOU,WR,13,93,57,699,3,1013,0.1667
2022,00-0033555,Mack Hollins,LV,WR,17,94,57,690,4,1196,0.1685
2022,00-0034272,Marquez Valdes-Scantling,KC,WR,17,81,42,687,2,1153,0.1319
2022,00-0033282,Curtis Samuel,WAS,WR,17,92,64,656,4,615,0.1733
2022,00-0036345,K.J. Osborn,MIN,WR,17,90,60,650,5,753,0.1404
2022,00-0035719,Deebo Samuel Sr.,SF,WR,13,94,56,632,2,396,0.1865
2022,00-0033885,David Njoku,CLE,TE,14,80,58,628,4,535,0.1578
2022,00-0035639,Parris Campbell,IND,WR,17,91,63,623,3,582,0.1572
2022,00-0033110,Tyler Higbee,LAR,TE,16,108,72,620,3,327,0.2089
2022,00-0032464,Kalif Raymond,DET,WR,17,64,47,616,0,638,0.1137
2022,00-0038124,Christian Watson,GB,WR,14,66,41,611,7,923,0.1222
2022,00-0037664,Alec Pierce,IND,WR,16,78,41,593,2,914,0.1347
2022,00-0034383,Dalton Schultz,DAL,TE,15,89,57,577,5,640,0.1633
2022,00-0034286,Richie James,NYG,WR,16,70,57,569,4,509,0.1431
2022,00-0033591,Noah Brown,DAL,WR,16,74,43,555,3,800,0.1358
2022,00-0033895,Gerald Everett,LAC,TE,15,87,58,555,4,491,0.1266
2022,00-0034270,Tyler Conklin,NYJ,TE,17,87,58,552,3,617,0.148
2022,00-0032398,Chris Moore,HOU,WR,15,74,48,548,2,639,0.1326
2022,00-0036290,Cole Kmet,CHI,TE,17,69,50,544,7,463,0.1922
2022,00-0031547,DeVante Parker,NE,WR,12,47,31,539,3,745,0.0907
2022,00-0031763,DeAndre Carter,LAC,WR,17,65,46,538,3,576,0.0946
2022,00-0033871,Corey Davis,NYJ,WR,13,64,32,536,2,861,0.1088
2022,00-0035208,Olamide Zaccheaus,ATL,WR,16,61,40,533,3,718,0.1525
2022,00-0029293,Marvin Jones,JAX,WR,16,81,46,529,3,1071,0.1411
2022,00-0030431,Robert Woods,TEN,WR,17,91,53,527,2,716,0.2087
2022,00-0033856,Leonard Fournette,TB,RB,16,83,73,523,3,-49,0.1146
2022,00-0037741,Jahan Dotson,WAS,WR,12,61,35,523,7,853,0.1149
2022,00-0035689,Dawson Knox,BUF,TE,15,65,48,517,6,507,0.118
2022,00-0031376,Jerick McKinnon,KC,RB,17,71,56,512,9,48,0.1156
2022,00-0033090,Hunter Henry,NE,TE,16,59,41,509,2,454,0.1139
2022,00-0036040,Juwan Johnson,NO,TE,16,65,42,508,7,600,0.1318
2022,00-0034777,DJ Chark,DET,WR,11,52,30,502,3,799,0.0924
2022,00-0034364,Jordan Akins,HOU,TE,15,54,37,495,5,332,0.0968
2022,00-0036309,Darnell Mooney,CHI,WR,11,61,40,493,2,727,0.1699
2022,00-0033906,Alvin Kamara,NO,RB,15,77,57,490,2,73,0.1562
2022,00-0036955,Terrace Marshall Jr.,CAR,WR,13,47,28,490,1,586,0.1101
2022,00-0037545,Rashid Shaheed,NO,WR,12,34,28,488,2,397,0.069
2022,00-0035644,Noah Fant,SEA,TE,17,63,50,486,4,406,0.1139
2022,00-0036554,Nico Collins,HOU,WR,10,66,37,481,2,775,0.1183
2022,00-0033943,Josh Reynolds,DET,WR,12,59,38,479,3,704,0.1048
2022,00-0033757,Robert Tonyan,GB,TE,17,67,53,470,2,390,0.1241
2022,00-0035500,Greg Dortch,ARI,WR,16,64,52,467,2,316,0.1008
2022,00-0032775,Demarcus Robinson,BAL,WR,16,75,48,458,2,676,0.1613
2022,00-0036326,Chase Claypool,CHI,WR,15,79,46,451,1,817,0.1442
2022,00-0037809,Chig Okonkwo,TEN,TE,16,46,32,450,3,353,0.1055
2022,00-0036980,Elijah Moore,NYJ,WR,14,65,37,446,1,785,0.1105
2022,00-0032392,Austin Hooper,TEN,TE,17,60,41,444,2,480,0.1376
2022,00-0037742,Treylon Burks,TEN,WR,11,54,33,444,1,624,0.1239
2022,00-0033897,Joe Mixon,CIN,RB,14,75,60,441,2,-15,0.1263
2022,00-0033307,Kendrick Bourne,NE,WR,16,48,35,434,1,493,0.0927
2022,00-0034411,Russell Gage,TB,WR,13,70,51,426,5,383,0.0967
2022,00-0037816,Romeo Doubs,GB,WR,13,67,42,425,3,637,0.1241
2022,00-0034764,Michael Gallup,DAL,WR,14,74,39,424,4,819,0.1358
2022,00-0033466,Isaiah McKenzie,BUF,WR,15,65,42,423,4,564,0.118
2022,00-0036875,Rhamondre Stevenson,NE,RB,17,88,69,421,1,-14,0.1699
2022,00-0034981,Foster Moreau,LV,TE,14,54,33,420,2,451,0.0968
2022,00-0028002,Randall Cobb,GB,WR,13,50,34,417,1,475,0.0926
2022,00-0034487,Trent Sherfield,MIA,WR,16,51,30,417,2,561,0.0907
2022,00-0036259,Jauan Jennings,SF,WR,16,56,35,416,1,468,0.1111
2022,00-0034830,Hayden Hurst,CIN,TE,13,68,52,414,2,340,0.1145
2022,00-0036936,Rondale Moore,ARI,WR,8,56,41,414,1,309,0.0882
2022,00-0037252,Greg Dulcich,DEN,TE,10,55,33,411,2,624,0.1017
2022,00-0036331,Devin Duvernay,BAL,WR,14,49,37,407,3,437,0.1054
2022,00-0030061,Zach Ertz,ARI,TE,10,69,47,406,4,548,0.1087
2022,00-0035700,Josh Jacobs,LV,RB,17,64,53,400,0,35,0.1147
2022,00-0032764,Derrick Henry,TEN,RB,16,41,33,398,0,-7,0.094
2022,00-0036182,Nick Westbrook-Ikhine,TEN,WR,16,50,25,397,3,662,0.1147
2022,00-0033293,Aaron Jones,GB,RB,17,72,59,395,5,-16,0.1333
2022,00-0036165,Isaiah Hodgins,NYG,WR,9,48,37,392,4,435,0.0871
2022,00-0038129,Cade Otton,TB,TE,16,65,42,391,2,384,0.0898
2022,00-0036275,D'Andre Swift,DET,RB,14,70,48,389,3,32,0.1243
2022,00-0031610,Darren Waller,LV,TE,8,43,28,388,3,577,0.0771
2022,00-0030068,Marquise Goodwin,SEA,WR,13,42,27,387,4,442,0.0759
2022,00-0036862,Ben Skowronek,LAR,WR,14,61,39,376,0,475,0.118
2022,00-0037838,Isaiah Likely,BAL,TE,14,60,36,373,3,405,0.129
2022,00-0035261,Tony Pollard,DAL,RB,16,55,39,371,3,75,0.1009
2022,00-0036415,Van Jefferson,LAR,WR,10,44,24,369,3,695,0.0851
2022,00-0031549,Nelson Agholor,NE,WR,14,53,31,362,2,653,0.1023
2022,00-0034829,Mike Gesicki,MIA,TE,17,52,32,362,5,490,0.0925
2022,00-0036970,Kyle Pitts,ATL,TE,10,59,28,356,2,812,0.1475
2022,00-0036271,Quez Watkins,PHI,WR,17,51,33,354,3,476,0.101
2022,00-0036328,Antonio Gibson,WAS,RB,15,58,46,353,2,69,0.1092
2022,00-0034159,Will Dissly,SEA,TE,15,38,34,349,3,206,0.0687
2022,00-0031428,Allen Robinson,LAR,WR,10,52,33,339,3,502,0.1006
2022,00-0034844,Saquon Barkley,NYG,RB,16,76,57,338,0,-16,0.1554
2022,00-0034983,Hunter Renfrow,LV,WR,10,50,36,330,2,339,0.0896
2022,00-0031325,Sammy Watkins,BAL,WR,9,27,16,325,0,354,0.05
2022,00-0031260,Logan Thomas,WAS,TE,13,61,39,323,1,430,0.1149
2022,00-0034279,Equanimeous St. Brown,CHI,WR,16,38,21,323,1,495,0.1058
2022,00-0036244,Colby Parkinson,SEA,TE,14,34,25,322,2,278,0.0615
2022,00-0035685,David Montgomery,CHI,RB,16,40,34,316,1,51,0.1114
2022,00-0036973,Travis Etienne,JAX,RB,17,45,35,316,0,4,0.0784
2022,00-0034386,Justin Watson,KC,WR,17,34,15,315,2,637,0.0554
2022,00-0037755,Jelani Woods,IND,TE,12,40,25,312,3,398,0.0691
2022,00-0035864,Kendall Hinton,DEN,WR,11,33,24,311,0,303,0.061
2022,00-0036876,Kylen Granson,IND,TE,13,40,31,302,0,259,0.0691
2022,00-0033553,James Conner,ARI,RB,13,58,46,300,1,-47,0.0913
2022,00-0027944,Julio Jones,TB,WR,10,43,24,299,2,603,0.0594
2022,00-0036637,Noah Gray,KC,TE,17,34,28,299,1,170,0.0554
2022,00-0036849,Tutu Atwell,LAR,WR,12,35,18,298,1,622,0.0677
2022,00-0035140,Mecole Hardman,KC,WR,8,34,25,297,4,275,0.0554
2022,00-0036572,Shi Smith,CAR,WR,17,41,22,296,2,351,0.096
2022,00-0033893,Dalvin Cook,MIN,RB,17,56,39,295,2,-34,0.0874
2022,00-0037256,Rachaad White,TB,RB,17,58,50,290,2,-18,0.0801
2022,00-0036924,Michael Carter,NYJ,RB,16,54,41,288,0,31,0.0918
2022,00-0033526,Samaje Perine,CIN,RB,16,51,38,287,4,12,0.0859
2022,00-0036550,Rashod Bateman,BAL,WR,6,28,15,285,2,374,0.0602
2022,00-0032688,Robbie Chosen,ARI,WR,12,44,20,282,1,625,0.103
2022,00-0035250,Devin Singletary,BUF,RB,16,52,38,280,1,8,0.0944
2022,00-0034765,Tre'Quan Smith,NO,WR,10,27,19,278,1,331,0.0548
2022,00-0031382,Jarvis Landry,NO,WR,9,39,25,272,1,374,0.0791
2022,00-0036268,Laviska Shenault Jr.,CAR,WR,13,32,27,272,1,-22,0.0749
2022,00-0031868,Damiere Byrd,ATL,WR,12,23,13,268,2,468,0.0575
2022,00-0038115,Daniel Bellinger,NYG,TE,11,35,30,268,2,140,0.0716
2022,00-0037744,Trey McBride,ARI,TE,12,39,29,265,1,241,0.0614
2022,00-0032208,Phillip Dorsett,HOU,WR,15,40,20,257,1,445,0.0717
2022,00-0038090,Skyy Moore,KC,WR,16,33,22,250,0,258,0.0537
2022,00-0038104,Tyquan Thornton,NE,WR,12,45,22,247,2,646,0.0869
2022,00-0033858,Jonnu Smith,NE,TE,12,38,27,245,0,116,0.0734
2022,00-0034860,Dante Pettis,CHI,WR,17,41,19,245,3,371,0.1142
2022,00-0034407,Ray-Ray McCloud,SF,WR,17,25,14,243,1,295,0.0496
2022,00-0034367,Nyheim Hines,BUF,RB,16,37,30,241,1,116,0.0639
2022,00-0034791,Nick Chubb,CLE,RB,17,37,27,239,1,0,0.073
2022,00-0036232,Harrison Bryant,CLE,TE,14,42,31,239,1,238,0.0828
2022,00-0027942,A.J. Green,ARI,WR,13,47,24,236,2,515,0.074
2022,00-0032134,C.J. Uzomah,NYJ,TE,14,27,21,232,2,196,0.0459
2022,00-0035341,Trenton Irwin,CIN,WR,9,23,15,231,4,259,0.0387
2022,00-0036893,Najee Harris,PIT,RB,17,53,41,229,3,95,0.0967
2022,00-0038117,Wan'Dale Robinson,NYG,WR,6,31,23,227,1,192,0.0634
2022,00-0032144,Melvin Gordon,DEN,RB,10,32,25,223,0,23,0.0591
2022,00-0038120,Breece Hall,NYJ,RB,7,31,19,218,1,152,0.0527
2022,00-0036754,Brock Wright,DET,TE,14,24,18,216,4,72,0.0426
2022,00-0037228,Jaylen Warren,PIT,RB,16,33,28,214,0,-16,0.0602
2022,00-0037257,David Bell,CLE,WR,15,35,24,214,0,256,0.069
2022,00-0032104,Ameer Abdullah,LV,RB,16,32,25,211,1,95,0.0573
2022,00-0033923,Kareem Hunt,CLE,RB,17,44,35,210,1,-12,0.0868
2022,00-0036493,Deon Jackson,IND,RB,12,34,30,209,1,-17,0.0587
2022,00-0035021,Ashton Dulin,IND,WR,10,22,15,207,1,252,0.038
2022,00-0036422,Adam Trautman,NO,TE,12,22,18,207,1,118,0.0446
2022,00-0036265,AJ Dillon,GB,RB,17,43,28,206,0,17,0.0796
2022,00-0030288,Rex Burkhead,HOU,RB,15,51,37,204,1,75,0.0914
2022,00-0036991,Amari Rodgers,HOU,WR,15,25,16,204,1,240,0.0463
2022,00-0031687,Raheem Mostert,MIA,RB,16,42,31,202,2,48,0.0747
2022,00-0034854,KhaDarel Hodge,ATL,WR,13,20,13,202,1,268,0.05
2022,00-0029892,Kyle Juszczyk,SF,FB,13,23,19,200,1,63,0.0456
2022,00-0034365,Ian Thomas,CAR,TE,13,30,21,197,0,69,0.0703
2022,00-0036383,Eno Benjamin,NO,RB,13,34,25,193,0,-42,0.0535
2022,00-0033217,Mo Alie-Cox,IND,TE,14,28,19,189,3,151,0.0484
2022,00-0033572,Jamal Agnew,JAX,WR,15,30,23,187,3,178,0.0523
2022,00-0036255,Denzel Mims,NYJ,WR,9,25,11,186,0,313,0.0425
2022,00-0034115,Jeff Wilson,MIA,RB,16,37,22,185,1,92,0.0734
2022,00-0035298,Scott Miller,TB,WR,12,40,23,185,0,512,0.0552
2022,00-0034970,Irv Smith,MIN,TE,8,36,25,182,2,164,0.0562
2022,00-0037248,James Cook,BUF,RB,16,32,21,180,1,82,0.0581
2022,00-0037291,Jalen Nailor,MIN,WR,8,13,9,179,1,151,0.0203
2022,00-0034253,Dontrell Hilliard,TEN,RB,12,26,21,177,4,39,0.0596
2022,00-0031273,Cameron Brate,TB,TE,9,38,20,174,0,251,0.0525
2022,00-0037005,Tommy Tremble,CAR,TE,15,32,19,174,3,245,0.0749
2022,00-0038041,Jake Ferguson,DAL,TE,11,22,19,174,2,77,0.0404
2022,00-0032602,J.D. McKissic,WAS,RB,8,40,27,173,0,50,0.0753
2022,00-0032765,Michael Thomas,NO,WR,3,22,16,171,3,237,0.0446
2022,00-0036555,Chuba Hubbard,CAR,RB,14,17,14,171,0,9,0.0398
2022,00-0036913,Kadarius Toney,KC,WR,9,20,16,171,2,75,0.0409
2022,00-0036919,Kenny Gainwell,PHI,RB,17,29,23,169,0,35,0.0574
2022,00-0036412,KJ Hamler,DEN,WR,6,14,7,165,0,367,0.0259
2022,00-0037258,Dameon Pierce,HOU,RB,13,39,30,165,1,-11,0.0699
2022,00-0038134,Kenneth Walker III,SEA,RB,15,35,27,165,0,-75,0.0633
2022,00-0037261,Khalil Shakir,BUF,WR,10,20,10,161,1,204,0.0363
2022,00-0036219,Marquez Callaway,NO,WR,10,32,16,158,1,389,0.0649
2022,00-0034681,Chase Edmonds,DEN,RB,13,24,16,157,1,50,0.0427
2022,00-0035594,Travis Homer,SEA,RB,10,18,16,157,1,31,0.0325
2022,00-0034646,Brandon Powell,LAR,WR,17,32,24,156,0,48,0.0619
2022,00-0032385,Sterling Shepard,NYG,WR,3,24,13,154,1,225,0.0491
2022,00-0026189,DeSean Jackson,BAL,WR,7,17,9,153,0,302,0.0366
2022,00-0036360,Clyde Edwards-Helaire,KC,RB,10,23,17,151,3,10,0.0375
2022,00-0037304,Connor Heyward,PIT,FB,15,17,12,151,1,92,0.031
2022,00-0031585,MyCole Pruitt,ATL,TE,10,21,16,150,4,118,0.0525
2022,00-0033251,Zach Pascal,PHI,WR,15,19,15,150,1,115,0.0376
2022,00-0035249,Josh Oliver,BAL,TE,12,25,14,149,2,213,0.0538
2022,00-0033576,Eric Saubert,DEN,TE,14,24,15,148,1,202,0.0444
2022,00-0033879,O.J. Howard,HOU,TE,11,23,10,145,2,253,0.0412
2022,00-0034419,Braxton Berrios,NYJ,WR,17,32,18,145,0,218,0.0544
2022,00-0036223,Jonathan Taylor,IND,RB,11,40,28,143,0,-73,0.0691
2022,00-0036626,Dyami Brown,WAS,WR,9,14,5,143,2,361,0.0264
2022,00-0033681,Keelan Cole,LV,WR,12,21,10,141,1,345,0.0376
2022,00-0035544,Tom Kennedy,DET,WR,5,15,8,141,0,134,0.0266
2022,00-0033246,Johnny Mundt,MIN,TE,13,21,19,140,1,29,0.0328
2022,00-0035771,Mitchell Wilcox,CIN,TE,9,18,17,139,1,81,0.0303
2022,00-0037263,Tyler Allgeier,ATL,RB,16,17,16,139,1,-32,0.0425
2022,00-0034418,Cedrick Wilson Jr.,MIA,WR,13,18,12,136,0,189,0.032
2022,00-0034011,Dan Arnold,JAX,TE,11,13,9,135,0,87,0.0226
2022,00-0034297,Byron Pringle,CHI,WR,10,16,10,135,2,225,0.0446
2022,00-0035510,Jeff Smith,NYJ,WR,7,11,8,134,0,144,0.0187
2022,00-0030513,Latavius Murray,DEN,RB,13,35,27,132,0,-63,0.071
2022,00-0034613,Tanner Hudson,NYG,TE,6,15,10,132,0,110,0.0307
2022,00-0035222,Zach Gentry,PIT,TE,14,23,19,132,0,64,0.042
2022,00-0035329,Donald Parham,LAC,TE,6,12,10,130,1,124,0.0175
2022,00-0037197,Isiah Pacheco,KC,RB,17,14,13,130,0,-9,0.0228
2022,00-0034798,Durham Smythe,MIA,TE,13,20,15,129,1,79,0.0356
2022,00-0036556,Brevin Jordan,HOU,TE,9,28,14,128,0,205,0.0502
2022,00-0035806,JaMycal Hasty,JAX,RB,14,26,20,126,1,-34,0.0453
2022,00-0036425,DeeJay Dallas,SEA,RB,15,19,17,126,0,10,0.0344
2022,00-0036741,Jack Stoll,PHI,TE,9,14,11,123,0,90,0.0277
2022,00-0030578,Cordarrelle Patterson,ATL,RB,13,31,21,122,0,75,0.0775
2022,00-0029608,T.Y. Hilton,DAL,WR,3,10,7,121,0,175,0.0183
2022,00-0033308,Matt Breida,NYG,RB,17,25,20,118,0,47,0.0511
2022,00-0036145,Lawrence Cager,NYG,TE,6,19,13,118,1,110,0.0323
2022,00-0033439,Pharaoh Brown,CLE,TE,8,20,12,117,0,128,0.0358
2022,00-0036414,Cam Akers,LAR,RB,15,18,13,117,0,34,0.0348
2022,00-0035567,Craig Reynolds,DET,RB,6,10,9,116,0,12,0.0178
2022,00-0035624,N'Keal Harry,CHI,TE,6,9,7,116,1,153,0.0251
2022,00-0036332,Josiah Deguara,GB,TE,9,15,13,114,0,49,0.0278
2022,00-0037277,Teagan Quitoriano,HOU,TE,7,14,7,113,2,175,0.0251
2022,00-0037282,James Mitchell,DET,TE,8,11,11,113,1,51,0.0195
2022,00-0032054,Breshad Perriman,TB,WR,8,19,9,110,1,269,0.0262
2022,00-0036424,Brycen Hopkins,LAR,TE,7,11,7,109,0,113,0.0213
2022,00-0035547,Joseph Fortson,KC,TE,10,13,9,108,2,88,0.0212
2022,00-0036628,John Bates,WAS,TE,9,22,14,108,1,114,0.0414
2022,00-0037745,Velus Jones Jr.,CHI,WR,11,14,7,107,1,234,0.039
2022,00-0035359,David Sills,NYG,WR,7,17,11,106,0,133,0.0348
2022,00-0034073,Ross Dwelley,SF,TE,5,5,3,105,1,69,0.0099
2022,00-0035125,Alec Ingold,MIA,FB,12,23,15,105,1,54,0.0409
2022,00-0033854,Dare Ogunbowale,HOU,RB,15,26,20,104,0,-11,0.0466
2022,00-0034928,Steven Sims,PIT,WR,12,23,14,104,0,129,0.042
2022,00-0036387,Jalen Reagor,MIN,WR,17,13,8,104,1,176,0.0203
2022,00-0037569,Peyton Hendershot,DAL,TE,12,16,11,103,2,109,0.0294
2022,00-0034054,River Cracraft,MIA,WR,8,14,9,102,2,122,0.0249
2022,00-0035664,Darrell Henderson,LAR,RB,10,22,17,102,0,28,0.0426
2022,00-0034440,Justin Jackson,DET,RB,15,19,12,101,1,19,0.0337
2022,00-0036370,Joshua Kelley,LAC,RB,12,25,14,101,0,48,0.0364
2022,00-0033455,Anthony Firkser,ATL,TE,8,13,9,100,0,108,0.0325
2022,00-0035956,Giovanni Ricci,CAR,TE,11,9,8,100,0,55,0.0211
2022,00-0037157,Bam Knight,NYJ,RB,7,14,13,100,0,-30,0.0238
2022,00-0032980,Marcus Johnson,NYG,WR,8,22,9,99,0,233,0.045
2022,00-0033951,Marlon Mack,DEN,RB,7,10,8,99,1,-16,0.0198
2022,00-0035657,Damien Harris,NE,RB,11,23,17,97,0,25,0.0444
2022,00-0034208,Mike Boone,DEN,RB,8,15,9,96,0,45,0.0277
2022,00-0036423,Albert Okwuegbunam,DEN,TE,6,18,10,95,1,99,0.0333
2022,00-0037429,Raheem Blackshear,CAR,RB,13,12,10,93,0,-22,0.0281
2022,00-0033045,Ezekiel Elliott,DAL,RB,15,23,17,92,0,0,0.0422
2022,00-0034972,Alexander Mattison,MIN,RB,17,18,15,91,1,-33,0.0281
2022,00-0033118,Kenyan Drake,BAL,RB,12,26,17,89,1,-16,0.0559
2022,00-0034104,Cam Sims,WAS,WR,13,18,8,89,0,232,0.0339
2022,00-0035572,Parker Hesse,ATL,TE,12,11,9,89,0,65,0.0275
2022,00-0036959,Michael Bandy,LAC,WR,8,21,10,89,0,184,0.0306
2022,00-0035537,Ty Johnson,NYJ,RB,12,24,12,88,0,48,0.0408
2022,00-0032918,C.J. Ham,MIN,FB,11,12,10,86,0,63,0.0187
2022,00-0036590,Quintin Morris,BUF,TE,9,11,8,84,1,77,0.02
2022,00-0037098,Samori Toure,GB,WR,4,10,5,82,1,174,0.0185
2022,00-0033932,Kenny Golladay,NYG,WR,6,17,6,81,1,164,0.0348
2022,00-0037086,Grant Calcaterra,PHI,TE,6,9,5,81,0,81,0.0178
2022,00-0037311,Ko Kieft,TB,TE,13,10,7,80,1,57,0.0138
2022,00-0031690,Eric Tomlinson,DEN,TE,9,13,9,79,2,59,0.024
2022,00-0035243,Miles Sanders,PHI,RB,17,26,20,78,0,23,0.0515
2022,00-0037253,Marcus Jones,NE,CB,14,4,4,78,1,-17,0.0077
2022,00-0037273,Kyle Philips,TEN,WR,4,13,8,78,0,100,0.0298
2022,00-0033357,Taysom Hill,NO,TE,16,13,9,77,2,75,0.0264
2022,00-0036997,Javonte Williams,DEN,RB,4,22,16,76,0,-24,0.0407
2022,00-0037840,Kyren Williams,LAR,RB,8,12,9,76,0,17,0.0232
2022,00-0037387,Jalen Virgil,DEN,WR,7,5,2,75,1,70,0.0092
2022,00-0031545,Kevin White,NO,WR,6,5,2,74,0,91,0.0101
2022,00-0033376,Patrick Ricard,BAL,RB,13,13,11,74,0,2,0.028
2022,00-0036247,Freddie Swain,DEN,WR,3,6,4,74,0,62,0.0111
2022,00-0033948,Jamaal Williams,DET,RB,17,16,12,73,0,29,0.0284
2022,00-0037011,Tre' McKitty,LAC,TE,13,18,10,72,0,57,0.0262
2022,00-0034959,Andrew Beck,DEN,FB,9,11,5,69,0,46,0.0203
2022,00-0036187,Reggie Gilliam,BUF,RB,7,10,8,69,1,58,0.0181
2022,00-0027966,Mark Ingram,NO,RB,10,18,16,68,0,-17,0.0365
2022,00-0024243,Marcedes Lewis,GB,TE,6,7,6,66,2,58,0.013
2022,00-0035345,Chris Myarick,NYG,TE,10,8,7,65,1,23,0.0164
2022,00-0031787,Jake Kumerow,BUF,WR,5,7,4,64,0,90,0.0127
2022,00-0035414,Jalen Guyton,LAC,WR,2,4,2,64,0,115,0.0058
2022,00-0037168,Armani Rogers,WAS,TE,9,6,5,64,0,13,0.0113
2022,00-0037563,Malik Davis,DAL,RB,6,7,6,63,0,-7,0.0128
2022,00-0033292,Trent Taylor,CIN,WR,16,10,6,62,0,45,0.0168
2022,00-0036133,James Proche,BAL,WR,11,17,8,62,0,155,0.0366
2022,00-0036950,Avery Williams,ATL,RB,17,14,13,61,0,-27,0.035
2022,00-0031941,Jamison Crowder,BUF,WR,4,13,6,60,0,121,0.0236
2022,00-0036534,Shane Zylstra,DET,TE,8,15,11,60,4,78,0.0266
2022,00-0037746,Brian Robinson,WAS,RB,12,12,9,60,1,-11,0.0226
2022,00-0036482,Mike Strachan,IND,WR,5,9,3,59,0,129,0.0155
2022,00-0032141,Geoff Swaim,TEN,TE,12,16,12,58,1,34,0.0367
2022,00-0034975,Justice Hill,BAL,RB,15,12,12,58,0,-25,0.0258
2022,00-0036620,Dee Eskridge,SEA,WR,9,13,7,58,0,54,0.0235
2022,00-0029239,Brandon Bolden,LV,RB,13,9,9,57,1,30,0.0161
2022,00-0032214,Tyler Kroft,SF,TE,6,5,4,57,0,70,0.0099
2022,00-0036906,Khalil Herbert,CHI,RB,13,12,9,57,1,-29,0.0334
2022,00-0037617,Hassan Haskins,TEN,RB,14,12,11,57,0,-6,0.0275
2022,00-0032394,Nick Vannett,NYG,TE,5,9,6,55,0,31,0.0183
2022,00-0033386,Cody Hollister,TEN,WR,6,5,3,54,0,78,0.0115
2022,00-0033725,Corey Clement,ARI,RB,5,7,5,54,0,-4,0.011
2022,00-0034845,Sony Michel,LAC,RB,10,13,9,53,0,22,0.0189
2022,00-0035645,Gunner Olszewski,PIT,WR,15,7,5,53,0,57,0.0128
2022,00-0035831,James Robinson,NYJ,RB,11,14,11,51,2,1,0.0244
2022,00-0036999,Anthony Schwartz,CLE,WR,7,10,4,51,0,142,0.0197
2022,00-0038046,Charlie Kolar,BAL,TE,1,6,4,49,0,49,0.0129
2022,00-0032187,David Johnson,NO,RB,4,4,4,47,0,1,0.0081
2022,00-0032128,Chris Conley,TEN,WR,4,7,4,46,0,87,0.0125
2022,00-0036438,Stephen Sullivan,CAR,TE,8,6,2,46,0,87,0.0141
2022,00-0035876,Andre Baccellia,ARI,WR,5,10,7,45,0,91,0.0157
2022,00-0037300,Mike Woods,CLE,WR,7,10,5,45,0,159,0.0197
2022,00-0032058,Tevin Coleman,SF,RB,2,3,3,44,1,24,0.006
2022,00-0031051,John Brown,BUF,WR,2,2,1,42,1,86,0.0036
2022,00-0031484,Chris Manhertz,JAX,TE,7,8,6,42,0,21,0.0139
2022,00-0032951,Laquon Treadwell,SEA,WR,3,10,6,42,0,52,0.0181
2022,00-0036158,J.K. Dobbins,BAL,RB,8,8,7,42,1,4,0.0172
2022,00-0037382,Brandon Johnson,DEN,WR,5,14,6,42,1,180,0.0259
2022,00-0038098,Pierre Strong,NE,RB,10,7,7,42,0,4,0.0135
2022,00-0037240,Jameson Williams,DET,WR,6,9,1,41,1,148,0.016
2022,00-0037594,Julius Chestnut,TEN,RB,6,3,3,41,0,2,0.0069
2022,00-0032975,Jonathan Williams,WAS,RB,9,10,7,40,0,-1,0.0188
2022,00-0036652,Racey McMath,TEN,WR,4,8,2,40,0,176,0.0183
2022,00-0036887,Luke Farrell,JAX,TE,4,4,4,40,0,4,0.007
2022,00-0036251,Zack Moss,IND,RB,13,13,11,39,0,-5,0.0236
2022,00-0036569,Gary Brightwell,NYG,RB,15,8,5,39,0,7,0.0164
2022,00-0033114,Mike Thomas,CIN,WR,5,10,2,38,0,122,0.0168
2022,00-0036857,Chris Evans,CIN,RB,10,4,3,38,1,55,0.0067
2022,00-0031806,Malcolm Brown,LAR,RB,7,6,5,37,0,-2,0.0116
2022,00-0036671,Dax Milne,WAS,WR,15,7,6,37,1,38,0.0132
2022,00-0029000,Cole Beasley,BUF,WR,4,7,6,35,0,26,0.0097
2022,00-0035603,Kendall Blanton,LAR,TE,2,2,2,35,0,12,0.0039
2022,00-0034838,Royce Freeman,HOU,RB,4,8,6,33,0,-6,0.0143
2022,00-0036297,Darrynton Evans,CHI,RB,3,1,1,33,0,2,0.0028
2022,00-0036630,Tylan Wallace,BAL,WR,5,7,4,33,0,94,0.0151
2022,00-0037487,Deven Thompkins,TB,WR,5,10,5,32,0,79,0.0138
2022,00-0035291,Trayveon Williams,CIN,RB,7,3,2,30,0,20,0.0051
2022,00-0035860,Tony Jones,SEA,RB,3,8,5,30,0,-22,0.0162
2022,00-0036497,Tim Jones,JAX,WR,7,4,3,30,0,7,0.007
2022,00-0034400,Jordan Wilkins,IND,RB,4,8,6,29,0,-18,0.0138
2022,00-0037557,Ronnie Rivers,LAR,RB,2,5,5,29,0,-26,0.0097
2022,00-0027981,Kyle Rudolph,TB,TE,5,5,3,28,1,44,0.0069
2022,00-0035311,Myles Gaskin,MIA,RB,2,6,4,28,0,17,0.0107
2022,00-0036439,Tyrie Cleveland,DEN,WR,5,7,2,28,0,99,0.0129
2022,00-0030108,Ryan Griffin,CHI,TE,10,8,4,26,0,53,0.0223
2022,00-0033925,D'Onta Foreman,CAR,RB,16,9,5,26,0,-3,0.0211
2022,00-0035259,Trevon Wesco,CHI,TE,6,4,2,26,0,23,0.0111
2022,00-0035823,Ben Ellefson,MIN,TE,2,3,3,26,0,15,0.0047
2022,00-0036250,Tyler Davis,GB,TE,11,7,4,26,0,27,0.013
2022,00-0036877,Jaelon Darden,CLE,WR,14,2,2,26,0,10,0.0028
2022,00-0038147,Daylen Baldwin,CLE,WR,1,2,2,25,0,25,0.0039
2022,00-0036228,Dezmon Patmon,IND,WR,1,6,2,24,0,73,0.0104
2022,00-0036646,Simi Fehoko,DAL,WR,3,4,3,24,0,51,0.0073
2022,00-0037085,Tyler Badie,DEN,RB,1,1,1,24,1,-7,0.0018
2022,00-0037093,Dareke Young,SEA,WR,6,2,2,24,0,1,0.0036
2022,00-0037078,Cole Turner,WAS,TE,7,9,2,23,0,68,0.0169
2022,00-0034816,Ronald Jones,KC,RB,5,1,1,22,0,-1,0.0016
2022,00-0035527,Andy Isabella,BAL,WR,4,5,2,21,0,70,0.0079
2022,00-0036810,Cade Johnson,SEA,WR,2,4,2,21,0,36,0.0072
2022,00-0036842,Kene Nwangwu,MIN,RB,14,2,2,21,0,0,0.0031
2022,00-0037299,Keaontay Ingram,ARI,RB,11,5,4,21,0,-11,0.0079
2022,00-0032062,Blake Bell,KC,TE,2,2,2,20,1,12,0.0033
2022,00-0034366,Keke Coutee,IND,WR,7,1,1,20,0,12,0.0017
2022,00-0035022,Penny Hart,SEA,WR,4,4,3,20,0,31,0.0072
2022,00-0035406,Lil'Jordan Humphrey,NE,WR,4,4,2,20,0,27,0.0077
2022,00-0034109,Phillip Lindsay,IND,RB,3,8,6,19,0,17,0.0138
2022,00-0035562,Jesper Horsted,LV,TE,5,4,3,19,0,26,0.0072
2022,00-0036450,Ke'Shawn Vaughn,TB,RB,6,4,3,19,0,-11,0.0055
2022,00-0037456,Troy Hairston,HOU,RB,12,8,5,19,0,8,0.0143
2022,00-0031558,Maxx Williams,ARI,TE,3,3,3,18,0,12,0.0047
2022,00-0034317,Keith Kirkwood,NO,WR,3,4,2,18,0,55,0.0081
2022,00-0035217,Benny Snell,PIT,RB,9,2,2,17,0,-1,0.0036
2022,00-0035593,Juwann Winfree,GB,WR,3,4,1,17,0,52,0.0074
2022,00-0035973,Patrick Taylor,GB,RB,6,1,1,17,0,0,0.0019
2022,00-0037355,Braylon Sanders,MIA,WR,2,3,2,17,0,42,0.0053
2022,00-0037475,Stone Smartt,LAC,TE,3,5,4,17,0,23,0.0073
2022,00-0034750,Rashaad Penny,SEA,RB,5,5,4,16,0,-12,0.009
2022,00-0037570,Dennis Houston,DAL,WR,2,6,2,16,0,79,0.011
2022,00-0032200,Ty Montgomery,NE,WR,1,4,3,15,1,13,0.0077
2022,00-0034414,Boston Scott,PHI,RB,15,6,5,15,0,-10,0.0119
2022,00-0036277,Quintez Cephus,DET,WR,3,3,2,15,0,14,0.0053
2022,00-0036365,Bryan Edwards,ATL,WR,4,5,3,15,0,39,0.0125
2022,00-0036635,Ihmir Smith-Marsette,CHI,WR,4,4,1,15,0,28,0.0111
2022,00-0036951,Frank Darby,ATL,WR,1,1,1,15,0,14,0.0025
2022,00-0035621,Nsimba Webster,CHI,WR,1,3,2,14,0,22,0.0084
2022,00-0036650,Larry Rountree III,LAC,RB,2,2,2,14,0,-17,0.0029
2022,00-0035215,Deonte Harty,NO,WR,4,2,2,13,0,5,0.0041
2022,00-0036841,Austin Trammell,LAR,WR,2,4,2,13,0,30,0.0077
2022,00-0038045,Isaiah Spiller,LAC,RB,5,3,3,13,0,-10,0.0044
2022,00-0035609,Jake Gervase,LAR,LB,7,1,1,12,0,6,0.0019
2022,00-0037666,Jalen Tolbert,DAL,WR,3,3,2,12,0,45,0.0055
2022,00-0031595,Michael Burton,KC,FB,12,3,2,11,0,-2,0.0049
2022,00-0032897,Derek Watt,PIT,FB,12,5,5,11,1,7,0.0091
2022,00-0035703,Miles Boykin,PIT,WR,10,3,2,11,0,46,0.0055
2022,00-0036032,Sean McKeon,DAL,TE,3,3,2,11,0,1,0.0055
2022,00-0036336,Anthony McFarland,PIT,RB,1,2,2,11,0,-4,0.0036
2022,00-0035726,Jakob Johnson,LV,RB,11,6,5,10,0,7,0.0108
2022,00-0036543,Spencer Brown,CAR,RB,2,4,2,10,0,-1,0.0094
2022,00-0037828,Danny Gray,SF,WR,7,7,1,10,0,160,0.0139
2022,00-0032725,Stephen Anderson,ARI,TE,9,7,3,9,0,36,0.011
2022,00-0034301,Darrel Williams,ARI,RB,5,8,4,9,0,-24,0.0126
2022,00-0036727,Adam Prentice,NO,FB,6,3,3,9,0,-9,0.0061
2022,00-0036880,Penei Sewell,DET,OT,7,1,1,9,0,3,0.0018
2022,00-0037801,KaVontae Turpin,DAL,WR,17,2,1,9,0,13,0.0037
2022,00-0030968,Keith Smith,ATL,FB,9,2,1,8,0,2,0.005
2022,00-0035457,Tyron Johnson,HOU,WR,2,1,1,8,0,-2,0.0018
2022,00-0036020,Salvon Ahmed,MIA,RB,6,1,1,8,0,1,0.0018
2022,00-0036096,J.J. Taylor,NE,RB,1,1,1,8,0,3,0.0019
2022,00-0036654,Demetric Felton,CLE,RB,6,4,2,8,0,16,0.0079
2022,00-0037087,Trestan Ebner,CHI,RB,11,8,2,8,0,8,0.0223
2022,00-0037331,Zander Horvath,LAC,RB,8,8,5,8,2,6,0.0116
2022,00-0037805,Jeremy Ruckert,NYJ,TE,2,2,1,8,0,7,0.0034
2022,00-0032450,Dwayne Washington,NO,RB,7,1,1,7,0,1,0.002
2022,00-0035308,Tommy Sweeney,BUF,TE,2,1,1,7,0,-1,0.0018
2022,00-0035628,D'Ernest Johnson,CLE,RB,9,3,3,7,0,-1,0.0059
2022,00-0035924,Jonathan Ward,TEN,RB,4,3,2,7,0,4,0.0047
2022,00-0036059,Tyler Mabry,SEA,TE,1,1,1,7,1,6,0.0018
2022,00-0036567,Elijah Mitchell,SF,RB,5,4,3,7,0,-7,0.0079
2022,00-0036858,Jalen Camp,HOU,WR,1,1,1,7,0,7,0.0018
2022,00-0037708,Maurice Alexander,DET,WR,3,1,1,7,0,3,0.0018
2022,00-0033111,Pharoh Cooper,ARI,WR,5,2,2,6,0,-6,0.0031
2022,00-0033367,C.J. Board,TEN,WR,4,1,1,6,0,6,0.0023
2022,00-0033798,Mason Schreck,HOU,TE,2,2,2,6,0,6,0.0036
2022,00-0033873,Patrick Mahomes,KC,QB,17,1,1,6,0,-9,0.0016
2022,00-0036918,Jacob Harris,LAR,WR,3,1,1,6,0,4,0.0019
2022,00-0033106,Jared Goff,DET,QB,17,1,1,5,0,-4,0.0018
2022,00-0034171,Jason Cabinda,DET,FB,6,4,1,5,0,13,0.0071
2022,00-0035432,Jason Moore,LAC,WR,1,2,1,5,0,24,0.0029
2022,00-0036194,Devin Asiasi,CIN,TE,5,4,2,5,0,59,0.0067
2022,00-0036457,Ty'Son Williams,ARI,RB,1,1,1,5,0,-1,0.0016
2022,00-0031384,Richard Rodgers,LAC,TE,3,4,1,4,0,-4,0.0058
2022,00-0032063,Mike Davis,BAL,RB,5,2,2,4,0,-7,0.0043
2022,00-0032436,Jeff Driskel,HOU,QB,7,1,1,4,0,-3,0.0018
2022,00-0032437,Kamu Grugier-Hill,ARI,OLB,12,1,1,4,0,0,0.0018
2022,00-0034614,Godwin Igwebuike,SEA,RB,5,1,1,3,0,3,0.0018
2022,00-0035184,Devine Ozigbo,DEN,RB,3,1,1,3,0,-4,0.0018
2022,00-0036176,Mason Kinsey,TEN,WR,2,1,1,3,0,3,0.0023
2022,00-0036829,Caleb Huntley,ATL,RB,12,2,2,3,0,-6,0.005
2022,00-0038092,Erik Ezukanma,MIA,WR,1,1,1,3,0,-4,0.0018
2022,00-0035891,Cody White,PIT,WR,1,1,1,2,0,0,0.0018
2022,00-0037013,Zach Wilson,NYJ,QB,9,1,1,2,1,2,0.0017
2022,00-0037272,Montrell Washington,DEN,WR,15,9,4,2,0,153,0.0166
2022,00-0029263,Russell Wilson,DEN,QB,15,1,1,1,0,-1,0.0018
2022,00-0019596,Tom Brady,TB,QB,17,1,0,0,0,16,0.0014
2022,00-0029664,Josh Gordon,TEN,WR,1,1,0,0,0,12,0.0023
2022,00-0030074,David Bakhtiari,GB,OT,4,1,0,0,0,1,0.0019
2022,00-0033057,Jack Conklin,CLE,OT,7,1,0,0,0,-9,0.002
2022,00-0033633,Tanner Gentry,BUF,WR,1,1,0,0,0,7,0.0018
2022,00-0034184,Gus Edwards,BAL,RB,9,2,0,0,0,6,0.0043
2022,00-0034676,James Washington,DAL,WR,1,1,0,0,0,6,0.0018
2022,00-0035099,Khari Blasingame,CHI,FB,5,1,0,0,0,-4,0.0028
2022,00-0035399,Stanley Morgan,CIN,WR,9,1,0,0,0,0,0.0017
2022,00-0036005,Noah Togiai,PHI,TE,1,1,0,0,0,4,0.002
2022,00-0036429,Charlie Woerner,SF,TE,5,2,0,0,0,43,0.004
2022,00-0036527,DJ Turner,LV,WR,5,1,0,0,0,-3,0.0018
2022,00-0036692,Miller Forristall,CLE,TE,1,1,0,0,0,5,0.002
2022,00-0036755,Jaret Patterson,WAS,RB,2,1,0,0,0,4,0.0019
2022,00-0036825,Feleipe Franks,ATL,TE,5,2,0,0,0,56,0.005
2022,00-0037055,Lance McCutcheon,LAR,WR,4,5,0,0,0,71,0.0097
2022,00-0037112,Jake Tonges,CHI,TE,1,1,0,0,0,13,0.0028
2022,00-0037348,Tanner Conner,MIA,TE,2,3,0,0,0,20,0.0053
2022,00-0037827,Tyrion Davis-Price,SF,RB,5,2,0,0,0,0,0.004
2022,00-0038149,Josh Ali,ATL,WR,1,1,0,0,0,45,0.0025
2022,00-0030456,Giovani Bernard,TB,RB,4,2,2,-1,0,-8,0.0028
2022,00-0035631,Drew Sample,CIN,TE,2,2,2,-2,0,-2,0.0034
2022,00-0038108,Bailey Zappe,NE,QB,4,1,1,-6,0,-8,0.0019
2022,00-0036355,Justin Herbert,LAC,QB,17,2,2,-10,0,-15,0.0029
2023,00-0033040,Tyreek Hill,MIA,WR,16,171,119,1799,13,1847,0.3115
2023,00-0036358,CeeDee Lamb,DAL,WR,17,181,135,1749,12,1722,0.2992
2023,00-0036963,Amon-Ra St. Brown,DET,WR,16,164,119,1515,10,1271,0.2857
2023,00-0039075,Puka Nacua,LAR,WR,17,160,105,1486,6,1453,0.2883
2023,00-0035676,A.J. Brown,PHI,WR,17,158,106,1456,7,1853,0.301
2023,00-0034827,DJ Moore,CHI,WR,17,136,96,1364,8,1476,0.2851
2023,00-0036261,Brandon Aiyuk,SF,WR,16,105,75,1342,7,1467,0.2229
2023,00-0036554,Nico Collins,HOU,WR,15,109,80,1297,8,1186,0.1926
2023,00-0031408,Mike Evans,TB,WR,17,136,79,1255,13,1906,0.2473
2023,00-0031544,Amari Cooper,CLE,WR,15,128,72,1250,5,1834,0.2144
2023,00-0030279,Keenan Allen,LAC,WR,13,150,108,1243,7,1452,0.2443
2023,00-0036900,Ja'Marr Chase,CIN,WR,16,145,100,1216,7,1254,0.2449
2023,00-0031588,Stefon Diggs,BUF,WR,17,160,107,1183,8,1658,0.2936
2023,00-0036252,Michael Pittman,IND,WR,16,156,109,1152,4,1227,0.2857
2023,00-0031381,Davante Adams,LV,WR,17,175,103,1144,8,1896,0.3296
2023,00-0037247,George Pickens,PIT,WR,17,106,63,1140,5,1428,0.219
2023,00-0037239,Chris Olave,NO,WR,16,138,87,1123,5,1834,0.2383
2023,00-0035640,DK Metcalf,SEA,WR,16,119,66,1114,8,1529,0.2176
2023,00-0036322,Justin Jefferson,MIN,WR,10,100,68,1074,5,1258,0.165
2023,00-0036912,DeVonta Smith,PHI,WR,16,112,81,1066,7,1350,0.2133
2023,00-0030564,DeAndre Hopkins,TEN,WR,17,137,75,1057,7,1934,0.2866
2023,00-0037740,Garrett Wilson,NYJ,WR,17,168,95,1042,3,1707,0.2984
2023,00-0033921,Chris Godwin Jr.,TB,WR,17,130,83,1024,2,1180,0.2364
2023,00-0033288,George Kittle,SF,TE,16,90,65,1020,6,852,0.1911
2023,00-0034837,Calvin Ridley,JAX,WR,17,136,76,1016,8,1771,0.2241
2023,00-0030035,Adam Thielen,CAR,WR,17,137,103,1014,4,1058,0.2566
2023,00-0036613,Jaylen Waddle,MIA,WR,14,104,72,1014,4,1051,0.1894
2023,00-0035659,Terry McLaurin,WAS,WR,17,132,79,1002,4,1514,0.2196
2023,00-0030506,Travis Kelce,KC,TE,15,121,93,984,5,807,0.202
2023,00-0033881,Evan Engram,JAX,TE,17,143,114,963,4,716,0.2356
2023,00-0035229,T.J. Hockenson,MIN,TE,15,127,95,960,5,976,0.2096
2023,00-0039067,Rashee Rice,KC,WR,16,102,79,938,7,491,0.1703
2023,00-0038994,Jordan Addison,MIN,WR,17,108,70,911,10,1347,0.1782
2023,00-0037238,Drake London,ATL,WR,16,110,69,905,2,1264,0.2165
2023,00-0032211,Tyler Lockett,SEA,WR,17,122,79,894,5,1322,0.223
2023,00-0035719,Deebo Samuel Sr.,SF,WR,15,89,60,892,7,586,0.189
2023,00-0039065,Sam LaPorta,DET,TE,17,120,86,889,10,851,0.2091
2023,00-0033885,David Njoku,CLE,TE,16,123,81,882,6,566,0.206
2023,00-0039064,Zay Flowers,BAL,WR,16,108,77,858,5,921,0.2269
2023,00-0037744,Trey McBride,ARI,TE,17,106,81,825,3,652,0.1963
2023,00-0034960,Jakobi Meyers,LV,WR,16,106,71,807,8,1028,0.1996
2023,00-0039146,Jayden Reed,GB,WR,16,94,64,793,8,970,0.1676
2023,00-0034775,Christian Kirk,JAX,WR,12,85,57,787,3,842,0.14
2023,00-0034348,Courtland Sutton,DEN,WR,16,90,59,772,10,1060,0.1887
2023,00-0038997,Josh Downs,IND,WR,17,98,68,771,2,707,0.1795
2023,00-0035535,Darius Slayton,NYG,WR,17,79,50,770,4,967,0.1629
2023,00-0038041,Jake Ferguson,DAL,TE,17,102,71,761,5,514,0.1686
2023,00-0036407,Jerry Jeudy,DEN,WR,16,87,54,758,2,1109,0.1824
2023,00-0036196,Gabe Davis,BUF,WR,16,81,45,746,7,1223,0.1486
2023,00-0033908,Cooper Kupp,LAR,WR,12,95,59,737,5,781,0.1712
2023,00-0036290,Cole Kmet,CHI,TE,16,90,73,719,6,557,0.1887
2023,00-0037545,Rashid Shaheed,NO,WR,15,75,46,719,5,1094,0.1295
2023,00-0035216,Diontae Johnson,PIT,WR,13,87,51,717,5,1106,0.1798
2023,00-0038977,Tank Dell,HOU,WR,10,75,47,709,7,1070,0.1325
2023,00-0037816,Romeo Doubs,GB,WR,17,96,59,674,8,1126,0.1711
2023,00-0038933,Dalton Kincaid,BUF,TE,16,91,73,673,2,538,0.167
2023,00-0033009,Tyler Boyd,CIN,WR,17,98,67,667,2,629,0.1655
2023,00-0036970,Kyle Pitts,ATL,TE,17,90,53,667,3,1029,0.1772
2023,00-0031236,Brandin Cooks,DAL,WR,16,81,54,657,8,1069,0.1339
2023,00-0036410,Tee Higgins,CIN,WR,12,76,42,656,5,973,0.1284
2023,00-0036980,Elijah Moore,CLE,WR,16,104,59,640,2,1155,0.1742
2023,00-0034383,Dalton Schultz,HOU,TE,15,88,59,635,5,669,0.1555
2023,00-0038543,Jaxon Smith-Njigba,SEA,WR,17,93,63,628,4,569,0.17
2023,00-0034270,Tyler Conklin,NYJ,TE,17,87,61,621,0,595,0.1545
2023,00-0033282,Curtis Samuel,WAS,WR,16,91,62,613,4,598,0.1514
2023,00-0037261,Khalil Shakir,BUF,WR,16,45,39,611,2,402,0.0826
2023,00-0033943,Josh Reynolds,DET,WR,16,64,40,608,5,645,0.1115
2023,00-0034351,Dallas Goedert,PHI,TE,14,83,59,592,3,445,0.1581
2023,00-0038120,Breece Hall,NYJ,RB,17,95,76,591,4,-48,0.1687
2023,00-0033858,Jonnu Smith,ATL,TE,17,70,50,582,3,458,0.1378
2023,00-0036988,Josh Palmer,LAC,WR,10,61,38,581,2,693,0.0993
2023,00-0038393,Dontayvion Wicks,GB,WR,15,58,39,581,4,591,0.1034
2023,00-0035662,Marquise Brown,ARI,WR,13,101,51,574,4,1186,0.187
2023,00-0033591,Noah Brown,HOU,WR,10,55,33,567,2,658,0.0972
2023,00-0031235,Odell Beckham Jr.,BAL,WR,14,64,35,565,3,888,0.1345
2023,00-0038559,Michael Wilson,ARI,WR,13,58,38,565,3,720,0.1074
2023,00-0033280,Christian McCaffrey,SF,RB,16,83,67,564,7,153,0.1762
2023,00-0038621,DeMario Douglas,NE,WR,14,79,49,561,0,648,0.146
2023,00-0031610,Darren Waller,NYG,TE,12,74,52,552,1,592,0.1526
2023,00-0037256,Rachaad White,TB,RB,17,70,64,549,3,-33,0.1273
2023,00-0034753,Mark Andrews,BAL,TE,10,61,45,544,6,443,0.1282
2023,00-0036345,K.J. Osborn,MIN,WR,15,75,48,540,3,659,0.1238
2023,00-0037809,Chig Okonkwo,TEN,TE,17,77,54,528,1,525,0.1611
2023,00-0034777,DJ Chark,CAR,WR,14,66,35,525,5,1016,0.1236
2023,00-0038117,Wan'Dale Robinson,NYG,WR,15,78,60,525,1,410,0.1608
2023,00-0037741,Jahan Dotson,WAS,WR,17,83,49,518,4,768,0.1381
2023,00-0037664,Alec Pierce,IND,WR,17,65,32,514,2,977,0.119
2023,00-0031260,Logan Thomas,WAS,TE,16,78,55,496,4,471,0.1298
2023,00-0033110,Tyler Higbee,LAR,TE,15,70,47,495,2,406,0.1261
2023,00-0032464,Kalif Raymond,DET,WR,17,44,35,489,1,388,0.0767
2023,00-0038542,Bijan Robinson,ATL,RB,17,86,58,487,4,24,0.1693
2023,00-0036849,Tutu Atwell,LAR,WR,14,67,39,483,3,767,0.1207
2023,00-0036973,Travis Etienne,JAX,RB,17,73,58,476,1,-67,0.1203
2023,00-0033906,Alvin Kamara,NO,RB,13,86,75,466,1,5,0.1485
2023,00-0034386,Justin Watson,KC,WR,15,53,27,460,3,928,0.0885
2023,00-0033526,Samaje Perine,DEN,RB,17,56,50,455,0,-10,0.1174
2023,00-0038129,Cade Otton,TB,TE,17,67,47,455,4,452,0.1218
2023,00-0032765,Michael Thomas,NO,WR,10,64,39,448,1,650,0.1105
2023,00-0037248,James Cook,BUF,RB,17,54,44,445,4,137,0.0991
2023,00-0033699,Austin Ekeler,LAC,RB,14,74,51,436,1,-82,0.1205
2023,00-0038544,Quentin Johnston,LAC,WR,17,67,38,431,2,861,0.1091
2023,00-0030431,Robert Woods,HOU,WR,14,75,40,426,1,732,0.1325
2023,00-0032398,Chris Moore,TEN,WR,15,35,22,424,0,641,0.0732
2023,00-0038124,Christian Watson,GB,WR,9,53,28,422,5,817,0.0945
2023,00-0033090,Hunter Henry,NE,TE,13,61,42,419,6,538,0.1128
2023,00-0034764,Michael Gallup,DAL,WR,16,57,34,418,2,624,0.0942
2023,00-0039062,Jonathan Mingo,CAR,WR,15,85,43,418,0,921,0.1592
2023,00-0035644,Noah Fant,SEA,TE,15,43,32,414,0,298,0.0786
2023,00-0036309,Darnell Mooney,CHI,WR,14,61,31,414,1,630,0.1279
2023,00-0033895,Gerald Everett,LAC,TE,15,70,51,411,3,282,0.114
2023,00-0037838,Isaiah Likely,BAL,TE,14,40,30,411,5,249,0.084
2023,00-0033307,Kendrick Bourne,NE,WR,8,55,37,406,4,574,0.1017
2023,00-0031547,DeVante Parker,NE,WR,13,55,33,394,0,640,0.1017
2023,00-0036328,Antonio Gibson,WAS,RB,16,59,48,389,2,-2,0.0982
2023,00-0039032,Tyjae Spears,TEN,RB,17,70,52,385,1,-12,0.1464
2023,00-0039052,Trey Palmer,TB,WR,17,68,39,385,3,736,0.1236
2023,00-0031549,Nelson Agholor,BAL,WR,16,45,35,381,4,418,0.0945
2023,00-0038976,Marvin Mims Jr.,DEN,WR,16,33,22,377,1,497,0.0692
2023,00-0033897,Joe Mixon,CIN,RB,17,64,52,376,3,-114,0.1081
2023,00-0038938,Jalin Hyatt,NYG,WR,13,40,23,373,0,841,0.0825
2023,00-0032775,Demarcus Robinson,LAR,WR,8,39,26,371,4,478,0.0703
2023,00-0036182,Nick Westbrook-Ikhine,TEN,WR,13,45,28,370,3,552,0.0941
2023,00-0037228,Jaylen Warren,PIT,RB,17,74,61,370,0,-115,0.1529
2023,00-0036040,Juwan Johnson,NO,TE,13,59,37,368,4,444,0.1019
2023,00-0036876,Kylen Granson,IND,TE,15,50,30,368,1,402,0.0916
2023,00-0037746,Brian Robinson,WAS,RB,15,43,36,368,4,-55,0.0715
2023,00-0036550,Rashod Bateman,BAL,WR,15,56,32,367,1,811,0.1176
2023,00-0034798,Durham Smythe,MIA,TE,13,43,35,366,0,284,0.0783
2023,00-0038996,Tucker Kraft,GB,TE,14,40,31,355,2,156,0.0713
2023,00-0037240,Jameson Williams,DET,WR,12,42,24,354,2,665,0.0732
2023,00-0034613,Tanner Hudson,CIN,TE,12,50,39,352,1,269,0.0845
2023,00-0036936,Rondale Moore,ARI,WR,17,62,40,352,1,322,0.1148
2023,00-0039144,Luke Musgrave,GB,TE,11,46,34,352,1,344,0.082
2023,00-0038563,Tre Tucker,LV,WR,13,34,19,331,2,624,0.064
2023,00-0034646,Brandon Powell,MIN,WR,17,44,29,324,1,332,0.0726
2023,00-0033891,Zay Jones,JAX,WR,9,64,34,321,2,871,0.1054
2023,00-0037267,Jerome Ford,CLE,RB,17,63,44,319,5,30,0.1055
2023,00-0035341,Trenton Irwin,CIN,WR,12,32,25,316,1,337,0.0541
2023,00-0039139,Jahmyr Gibbs,DET,RB,15,71,52,316,1,8,0.1237
2023,00-0034272,Marquez Valdes-Scantling,KC,WR,16,42,21,315,1,742,0.0701
2023,00-0033045,Ezekiel Elliott,NE,RB,17,65,51,313,2,-42,0.1201
2023,00-0034521,Allen Lazard,NYJ,WR,14,49,23,311,1,597,0.087
2023,00-0035261,Tony Pollard,DAL,RB,17,67,55,311,0,27,0.1107
2023,00-0036894,Pat Freiermuth,PIT,TE,11,47,32,308,2,311,0.0971
2023,00-0036637,Noah Gray,KC,TE,16,41,28,305,2,270,0.0684
2023,00-0039066,Michael Mayer,LV,TE,13,40,27,304,2,227,0.0753
2023,00-0034418,Cedrick Wilson Jr.,MIA,WR,11,38,22,296,3,429,0.0692
2023,00-0035700,Josh Jacobs,LV,RB,13,54,37,296,0,38,0.1017
2023,00-0033357,Taysom Hill,NO,TE,16,40,33,291,2,209,0.0691
2023,00-0035329,Donald Parham,LAC,TE,14,41,27,285,4,306,0.0668
2023,00-0037382,Brandon Johnson,DEN,WR,10,30,19,284,4,328,0.0629
2023,00-0031428,Allen Robinson,PIT,WR,15,49,34,280,0,370,0.1012
2023,00-0034844,Saquon Barkley,NYG,RB,14,60,41,280,4,134,0.1237
2023,00-0035500,Greg Dortch,ARI,WR,16,41,24,280,2,383,0.0759
2023,00-0037666,Jalen Tolbert,DAL,WR,14,36,22,268,2,474,0.0595
2023,00-0036259,Jauan Jennings,SF,WR,13,33,19,265,1,340,0.0701
2023,00-0033857,JuJu Smith-Schuster,NE,WR,11,47,29,260,1,338,0.0869
2023,00-0038134,Kenneth Walker III,SEA,RB,15,37,29,259,1,-79,0.0676
2023,00-0034983,Hunter Renfrow,LV,WR,14,37,25,255,0,207,0.0697
2023,00-0038115,Daniel Bellinger,NYG,TE,14,28,25,255,0,130,0.0577
2023,00-0033555,Mack Hollins,ATL,WR,12,30,18,251,0,375,0.0591
2023,00-0033536,Mike Williams,LAC,WR,3,26,19,249,1,307,0.0423
2023,00-0036244,Colby Parkinson,SEA,TE,15,34,25,247,2,218,0.0622
2023,00-0038612,A.T. Perry,NO,WR,8,18,12,246,4,293,0.0311
2023,00-0034829,Mike Gesicki,NE,TE,15,45,29,244,2,383,0.0832
2023,00-0037197,Isiah Pacheco,KC,RB,14,49,44,244,2,-113,0.0818
2023,00-0038090,Skyy Moore,KC,WR,13,38,21,244,1,339,0.0634
2023,00-0034419,Braxton Berrios,MIA,WR,16,33,27,238,1,229,0.0601
2023,00-0036875,Rhamondre Stevenson,NE,RB,12,51,38,238,0,13,0.0943
2023,00-0032392,Austin Hooper,LV,TE,16,31,25,234,0,130,0.0584
2023,00-0033293,Aaron Jones,GB,RB,11,43,30,233,1,-48,0.0766
2023,00-0036555,Chuba Hubbard,CAR,RB,17,44,39,233,0,-34,0.0824
2023,00-0032543,Alex Erickson,LAC,WR,8,29,16,232,1,295,0.0472
2023,00-0034854,KhaDarel Hodge,ATL,WR,14,23,14,232,0,330,0.0453
2023,00-0036165,Isaiah Hodgins,NYG,WR,14,33,21,230,3,269,0.068
2023,00-0038496,Xavier Gipson,NYJ,WR,17,38,21,229,0,358,0.0675
2023,00-0036997,Javonte Williams,DEN,RB,16,58,47,228,2,-99,0.1216
2023,00-0033572,Jamal Agnew,JAX,WR,11,21,14,225,1,253,0.0346
2023,00-0038979,Cedric Tillman,CLE,WR,11,44,21,224,0,468,0.0737
2023,00-0036265,AJ Dillon,GB,RB,15,28,22,223,0,1,0.0499
2023,00-0037742,Treylon Burks,TEN,WR,9,30,16,221,0,547,0.0628
2023,00-0036556,Brevin Jordan,HOU,TE,10,21,17,219,2,115,0.0371
2023,00-0037091,Bo Melton,GB,WR,4,24,16,218,1,267,0.0428
2023,00-0032764,Derrick Henry,TEN,RB,17,36,28,214,0,-100,0.0753
2023,00-0036275,D'Andre Swift,PHI,RB,16,49,39,214,1,27,0.0933
2023,00-0035249,Josh Oliver,MIN,TE,13,28,22,213,2,72,0.0462
2023,00-0036415,Van Jefferson,ATL,WR,14,43,20,209,0,686,0.0775
2023,00-0039021,Roschon Johnson,CHI,RB,15,40,34,209,0,-33,0.0839
2023,00-0039165,Zach Charbonnet,SEA,RB,16,40,33,209,0,-41,0.0731
2023,00-0033439,Pharaoh Brown,NE,TE,11,15,13,208,1,104,0.0277
2023,00-0038394,Will Mallory,IND,TE,11,26,18,207,0,203,0.0476
2023,00-0034975,Justice Hill,BAL,RB,16,39,28,206,1,23,0.0819
2023,00-0037840,Kyren Williams,LAR,RB,12,48,32,206,3,10,0.0865
2023,00-0036422,Adam Trautman,DEN,TE,16,35,22,204,3,226,0.0734
2023,00-0039040,De'Von Achane,MIA,RB,11,37,27,197,3,26,0.0674
2023,00-0038752,Jake Bobo,SEA,WR,14,25,19,196,2,150,0.0457
2023,00-0037005,Tommy Tremble,CAR,TE,15,32,23,194,3,204,0.0599
2023,00-0034981,Foster Moreau,NO,TE,13,25,21,193,1,122,0.0432
2023,00-0035250,Devin Singletary,HOU,RB,17,38,30,193,0,5,0.0671
2023,00-0037263,Tyler Allgeier,ATL,RB,17,23,18,193,1,-23,0.0453
2023,00-0031376,Jerick McKinnon,KC,RB,12,32,25,192,4,8,0.0534
2023,00-0034972,Alexander Mattison,MIN,RB,16,44,30,192,3,24,0.0726
2023,00-0036251,Zack Moss,IND,RB,14,37,27,192,2,-14,0.0678
2023,00-0036360,Clyde Edwards-Helaire,KC,RB,15,22,17,188,1,-54,0.0367
2023,00-0030061,Zach Ertz,ARI,TE,7,43,27,187,1,332,0.0796
2023,00-0035689,Dawson Knox,BUF,TE,10,36,22,186,2,253,0.0661
2023,00-0034830,Hayden Hurst,CAR,TE,9,32,18,184,1,242,0.0599
2023,00-0036919,Kenny Gainwell,PHI,RB,16,37,30,183,0,71,0.0705
2023,00-0037273,Kyle Philips,TEN,WR,8,22,15,181,0,197,0.046
2023,00-0034184,Gus Edwards,BAL,RB,17,13,12,180,0,32,0.0273
2023,00-0037837,Calvin Austin III,PIT,WR,16,30,17,180,1,378,0.062
2023,00-0031687,Raheem Mostert,MIA,RB,15,32,25,175,3,-20,0.0583
2023,00-0033246,Johnny Mundt,MIN,TE,10,23,17,172,1,114,0.038
2023,00-0034159,Will Dissly,SEA,TE,13,22,17,172,1,62,0.0402
2023,00-0036893,Najee Harris,PIT,RB,17,38,29,170,0,9,0.0785
2023,00-0036913,Kadarius Toney,KC,WR,13,38,27,169,1,112,0.0634
2023,00-0036626,Dyami Brown,WAS,WR,16,23,12,168,1,387,0.0383
2023,00-0038941,Tyler Scott,CHI,WR,13,32,17,168,0,370,0.0671
2023,00-0037257,David Bell,CLE,WR,9,23,14,167,3,142,0.0385
2023,00-0037304,Connor Heyward,PIT,FB,14,34,23,167,0,175,0.0702
2023,00-0033553,James Conner,ARI,RB,13,33,27,165,2,-23,0.0611
2023,00-0035208,Olamide Zaccheaus,PHI,WR,11,20,10,164,2,207,0.0381
2023,00-0035631,Drew Sample,CIN,TE,14,27,22,163,2,29,0.0456
2023,00-0039041,Elijah Higgins,ARI,TE,11,19,14,163,1,128,0.0352
2023,00-0035406,Lil'Jordan Humphrey,DEN,WR,11,19,13,162,3,186,0.0398
2023,00-0033217,Mo Alie-Cox,IND,TE,14,22,13,161,3,222,0.0403
2023,00-0034297,Byron Pringle,WAS,WR,13,22,14,161,0,297,0.0366
2023,00-0035298,Scott Miller,ATL,WR,11,16,11,161,2,195,0.0315
2023,00-0038794,Jaleel McLaughlin,DEN,RB,17,36,31,160,2,-140,0.0755
2023,00-0031941,Jamison Crowder,WAS,WR,16,20,16,159,1,122,0.0333
2023,00-0037276,Ty Chandler,MIN,RB,16,25,21,159,0,-47,0.0413
2023,00-0037614,John Metchie III,HOU,WR,14,30,16,158,0,266,0.053
2023,00-0038597,Chase Brown,CIN,RB,12,15,14,156,1,-45,0.0253
2023,00-0036233,Donovan Peoples-Jones,DET,WR,14,25,13,155,0,273,0.0419
2023,00-0036887,Luke Farrell,JAX,TE,10,15,13,155,0,71,0.0247
2023,00-0037475,Stone Smartt,LAC,TE,12,21,11,155,1,180,0.0342
2023,00-0035243,Miles Sanders,CAR,RB,16,41,27,154,0,23,0.0768
2023,00-0036223,Jonathan Taylor,IND,RB,10,23,19,153,1,-21,0.0421
2023,00-0036628,John Bates,WAS,TE,15,28,19,151,0,175,0.0466
2023,00-0037805,Jeremy Ruckert,NYJ,TE,10,22,16,151,0,139,0.0391
2023,00-0035215,Deonte Harty,BUF,WR,16,21,15,150,1,227,0.0385
2023,00-0037292,Andrew Ogletree,IND,TE,11,21,9,147,2,209,0.0385
2023,00-0036139,Rico Dowdle,DAL,RB,16,22,17,144,2,-11,0.0364
2023,00-0036271,Quez Watkins,PHI,WR,5,21,15,142,1,245,0.04
2023,00-0035628,D'Ernest Johnson,JAX,RB,16,12,10,140,0,10,0.0198
2023,00-0036955,Terrace Marshall Jr.,CAR,WR,8,33,19,139,0,238,0.0618
2023,00-0036387,Jalen Reagor,NE,WR,9,23,7,138,0,359,0.0425
2023,00-0034407,Ray-Ray McCloud,SF,WR,12,15,12,135,0,94,0.0318
2023,00-0036906,Khalil Herbert,CHI,RB,12,31,20,134,1,17,0.065
2023,00-0034364,Jordan Akins,CLE,TE,13,23,15,132,0,109,0.0385
2023,00-0038606,Parker Washington,JAX,WR,8,21,16,132,2,155,0.0346
2023,00-0032104,Ameer Abdullah,LV,RB,16,24,19,131,0,46,0.0452
2023,00-0037801,KaVontae Turpin,DAL,WR,16,18,12,127,3,163,0.0298
2023,00-0032688,Robbie Chosen,MIA,WR,6,6,4,126,1,141,0.0109
2023,00-0036438,Stephen Sullivan,CAR,TE,10,24,12,125,0,255,0.0449
2023,00-0038465,Malik Heath,GB,WR,12,24,15,125,1,210,0.0428
2023,00-0035140,Mecole Hardman,KC,WR,7,24,15,124,0,137,0.0426
2023,00-0034054,River Cracraft,MIA,WR,6,12,9,121,1,92,0.0219
2023,00-0037078,Cole Turner,WAS,TE,8,15,11,120,0,102,0.025
2023,00-0029892,Kyle Juszczyk,SF,FB,11,17,14,119,2,73,0.0361
2023,00-0030513,Latavius Murray,BUF,RB,15,22,17,119,0,34,0.0404
2023,00-0035125,Alec Ingold,MIA,FB,11,16,13,119,0,30,0.0291
2023,00-0038705,Emari Demercado,ARI,RB,11,30,21,119,0,27,0.0556
2023,00-0035685,David Montgomery,DET,RB,14,24,16,117,0,-19,0.0418
2023,00-0038551,Kendre Miller,NO,RB,7,11,10,117,0,-8,0.019
2023,00-0038619,Andrei Iosivas,CIN,WR,11,25,15,116,4,215,0.0422
2023,00-0034970,Irv Smith,CIN,TE,10,26,18,115,1,105,0.0439
2023,00-0034286,Richie James,KC,WR,9,14,10,114,0,129,0.0234
2023,00-0033757,Robert Tonyan,CHI,TE,12,17,11,112,0,145,0.0356
2023,00-0031585,MyCole Pruitt,ATL,TE,10,12,9,110,1,62,0.0236
2023,00-0035639,Parris Campbell,NYG,WR,10,27,20,104,0,91,0.0557
2023,00-0035664,Darrell Henderson,LAR,RB,4,14,10,103,0,-9,0.0252
2023,00-0036924,Michael Carter,ARI,RB,15,31,24,101,1,34,0.0551
2023,00-0037258,Dameon Pierce,HOU,RB,14,17,13,101,0,14,0.03
2023,00-0038040,Zamir White,LV,RB,13,19,15,98,0,4,0.0358
2023,00-0037539,Lucas Krull,DEN,TE,7,14,8,95,1,133,0.0294
2023,00-0039074,Davis Allen,LAR,TE,7,11,10,95,1,24,0.0198
2023,00-0032141,Geoff Swaim,ARI,TE,8,11,10,94,0,60,0.0204
2023,00-0033589,David Moore,TB,WR,6,7,5,94,1,49,0.0127
2023,00-0038589,Josh Whyle,TEN,TE,9,15,9,94,1,146,0.0314
2023,00-0038454,Keaton Mitchell,BAL,RB,7,11,9,93,0,-2,0.0231
2023,00-0036754,Brock Wright,DET,TE,9,14,13,91,1,40,0.0244
2023,00-0038104,Tyquan Thornton,NE,WR,9,23,13,91,0,230,0.0425
2023,00-0038618,Xavier Hutchinson,HOU,WR,12,19,8,90,0,216,0.0336
2023,00-0035414,Jalen Guyton,LAC,WR,7,21,10,89,1,218,0.0342
2023,00-0033308,Matt Breida,NYG,RB,15,21,17,88,0,1,0.0433
2023,00-0036020,Salvon Ahmed,MIA,RB,7,23,16,88,1,14,0.0419
2023,00-0038046,Charlie Kolar,BAL,TE,9,9,7,87,1,88,0.0189
2023,00-0034487,Trent Sherfield,BUF,WR,11,22,11,86,1,190,0.0404
2023,00-0034115,Jeff Wilson,MIA,RB,9,17,14,85,0,46,0.031
2023,00-0033923,Kareem Hunt,CLE,RB,15,21,15,84,0,-6,0.0352
2023,00-0036364,Lynn Bowden,NO,WR,8,16,11,83,0,80,0.0276
2023,00-0036497,Tim Jones,JAX,WR,10,18,11,83,0,152,0.0297
2023,00-0037487,Deven Thompkins,TB,WR,17,25,17,83,1,163,0.0455
2023,00-0033466,Isaiah McKenzie,IND,WR,13,14,11,82,0,35,0.0256
2023,00-0034681,Chase Edmonds,TB,RB,13,17,14,81,0,-25,0.0309
2023,00-0036232,Harrison Bryant,CLE,TE,14,20,13,81,3,81,0.0335
2023,00-0033893,Dalvin Cook,NYJ,RB,14,20,15,78,0,-23,0.0355
2023,00-0036424,Brycen Hopkins,LAR,TE,5,7,5,78,0,66,0.0126
2023,00-0037098,Samori Toure,GB,WR,8,18,8,78,0,316,0.0321
2023,00-0033925,D'Onta Foreman,CHI,RB,9,16,11,77,1,21,0.0335
2023,00-0036326,Chase Claypool,MIA,WR,11,21,8,77,1,230,0.044
2023,00-0027944,Julio Jones,PHI,WR,8,19,11,74,3,131,0.0362
2023,00-0036414,Cam Akers,MIN,RB,7,12,11,70,0,-13,0.0216
2023,00-0032128,Chris Conley,SF,WR,1,6,3,69,0,74,0.0127
2023,00-0038647,Ronnie Bell,SF,WR,13,13,6,68,3,160,0.0276
2023,00-0030068,Marquise Goodwin,CLE,WR,10,13,4,67,0,391,0.0218
2023,00-0036862,Ben Skowronek,LAR,WR,13,12,8,66,1,88,0.0216
2023,00-0038573,Derius Davis,LAC,WR,17,17,15,66,0,-38,0.0277
2023,00-0036332,Josiah Deguara,GB,TE,9,8,8,65,0,26,0.0143
2023,00-0038547,Luke Schoonmaker,DAL,TE,12,15,8,65,2,81,0.0248
2023,00-0038576,Charlie Jones,CIN,WR,11,9,7,64,0,79,0.0152
2023,00-0038640,Jalen Brooks,DAL,WR,3,6,6,64,0,36,0.0099
2023,00-0033948,Jamaal Williams,NO,RB,13,20,18,62,0,-27,0.0345
2023,00-0034279,Equanimeous St. Brown,CHI,WR,5,6,5,62,0,53,0.0126
2023,00-0035537,Ty Johnson,BUF,RB,9,7,7,62,1,2,0.0128
2023,00-0038558,Darnell Washington,PIT,TE,8,10,7,61,0,11,0.0207
2023,00-0036268,Laviska Shenault Jr.,CAR,WR,8,10,10,60,0,-25,0.0187
2023,00-0038821,Rakim Jarrett,TB,WR,7,9,4,60,0,142,0.0164
2023,00-0032134,C.J. Uzomah,NYJ,TE,8,12,8,58,1,64,0.0213
2023,00-0037286,Kevin Harris,NE,RB,4,3,3,58,0,-1,0.0055
2023,00-0039050,Payne Durham,TB,TE,6,7,5,58,0,69,0.0127
2023,00-0032385,Sterling Shepard,NYG,WR,10,22,10,57,1,160,0.0454
2023,00-0034365,Ian Thomas,CAR,TE,8,9,5,56,0,78,0.0169
2023,00-0035045,D.J. Montgomery,IND,WR,2,8,3,56,1,97,0.0147
2023,00-0035771,Mitchell Wilcox,CIN,TE,12,12,9,56,0,12,0.0203
2023,00-0038492,Jason Brownlee,NYJ,WR,4,8,5,56,1,62,0.0142
2023,00-0034959,Andrew Beck,HOU,FB,12,13,11,55,2,22,0.023
2023,00-0037216,Justyn Ross,KC,WR,6,11,6,53,0,117,0.0184
2023,00-0033376,Patrick Ricard,BAL,RB,7,7,5,52,1,19,0.0147
2023,00-0034414,Boston Scott,PHI,RB,12,6,4,52,0,31,0.0114
2023,00-0036635,Ihmir Smith-Marsette,CAR,WR,17,10,8,51,0,9,0.0187
2023,00-0035973,Patrick Taylor,GB,RB,11,17,11,49,0,-8,0.0303
2023,00-0036297,Darrynton Evans,MIA,RB,6,12,7,49,0,-14,0.0252
2023,00-0038720,Julian Hill,MIA,TE,10,9,6,48,0,29,0.0164
2023,00-0035567,Craig Reynolds,DET,RB,12,5,5,47,0,-12,0.0087
2023,00-0036569,Gary Brightwell,NYG,RB,4,7,5,47,0,-6,0.0144
2023,00-0038098,Pierre Strong,CLE,RB,16,8,5,47,0,-5,0.0134
2023,00-0032144,Melvin Gordon,BAL,RB,4,3,3,46,0,18,0.0063
2023,00-0036482,Mike Strachan,CAR,WR,2,3,1,45,0,73,0.0056
2023,00-0037429,Raheem Blackshear,CAR,RB,9,7,6,45,0,13,0.0131
2023,00-0038389,Israel Abanikanda,NYJ,RB,6,11,7,43,0,6,0.0195
2023,00-0037132,Britain Covey,PHI,WR,15,6,4,42,0,52,0.0114
2023,00-0032200,Ty Montgomery,NE,WR,11,12,5,40,0,90,0.0222
2023,00-0034208,Mike Boone,HOU,RB,9,9,7,40,0,9,0.0159
2023,00-0038622,Deuce Vaughn,DAL,RB,6,7,7,40,0,-6,0.0116
2023,00-0027696,Jimmy Graham,NO,TE,6,7,6,39,4,42,0.0121
2023,00-0028002,Randall Cobb,NYJ,WR,9,17,5,39,1,165,0.0302
2023,00-0031763,DeAndre Carter,LV,WR,17,7,4,39,0,4,0.0132
2023,00-0037086,Grant Calcaterra,PHI,TE,3,4,4,39,0,7,0.0076
2023,00-0030578,Cordarrelle Patterson,ATL,RB,12,12,9,38,1,10,0.0236
2023,00-0036741,Jack Stoll,PHI,TE,6,8,5,38,0,25,0.0152
2023,00-0037569,Peyton Hendershot,DAL,TE,8,7,4,38,0,27,0.0116
2023,00-0038667,Elijah Cooks,JAX,WR,4,4,3,38,0,33,0.0066
2023,00-0034317,Keith Kirkwood,NO,WR,7,9,5,37,1,91,0.0155
2023,00-0035860,Tony Jones,ARI,RB,6,10,7,37,0,-18,0.0173
2023,00-0036145,Lawrence Cager,NYG,TE,5,5,4,36,1,21,0.0103
2023,00-0029293,Marvin Jones,DET,WR,4,10,5,35,0,80,0.0174
2023,00-0038935,Brenton Strange,JAX,TE,7,9,5,35,1,68,0.0148
2023,00-0037120,Tyler Goodson,IND,RB,6,9,6,34,0,-4,0.0165
2023,00-0038045,Isaiah Spiller,LAC,RB,9,6,6,34,0,-5,0.0098
2023,00-0030968,Keith Smith,ATL,FB,11,3,3,33,0,18,0.0059
2023,00-0035120,Keelan Doss,LAC,WR,2,13,6,33,0,97,0.0212
2023,00-0036269,La'Mical Perine,KC,RB,2,5,3,33,0,2,0.0083
2023,00-0037277,Teagan Quitoriano,HOU,TE,3,3,2,33,0,15,0.0053
2023,00-0036370,Joshua Kelley,LAC,RB,17,12,8,32,0,15,0.0195
2023,00-0036429,Charlie Woerner,SF,TE,10,3,3,32,0,12,0.0064
2023,00-0033118,Kenyan Drake,GB,RB,2,3,2,31,0,-4,0.0063
2023,00-0036124,Khalil Dorsey,DET,CB,11,1,1,31,0,22,0.0017
2023,00-0037525,Jordan Mason,SF,RB,16,4,3,31,0,12,0.0085
2023,00-0024243,Marcedes Lewis,CHI,TE,6,5,4,29,1,9,0.0105
2023,00-0036841,Austin Trammell,LAR,WR,15,7,4,29,0,25,0.0126
2023,00-0037291,Jalen Nailor,MIN,WR,3,6,3,29,0,54,0.0099
2023,00-0036510,Kenny Yeboah,NYJ,TE,3,4,2,28,0,19,0.0071
2023,00-0037282,James Mitchell,DET,TE,2,2,2,28,0,16,0.0035
2023,00-0032062,Blake Bell,KC,TE,7,9,5,26,1,30,0.015
2023,00-0036425,DeeJay Dallas,SEA,RB,17,9,6,26,0,-15,0.0165
2023,00-0036590,Quintin Morris,BUF,TE,2,3,2,26,1,33,0.0055
2023,00-0037299,Keaontay Ingram,ARI,RB,7,4,4,26,0,-5,0.0074
2023,00-0032918,C.J. Ham,MIN,FB,9,9,7,25,0,10,0.0149
2023,00-0034928,Steven Sims,HOU,WR,3,3,3,25,0,-2,0.0053
2023,00-0037252,Greg Dulcich,DEN,TE,2,4,3,25,0,23,0.0084
2023,00-0038797,Emanuel Wilson,GB,RB,5,5,4,23,0,-4,0.0089
2023,00-0037317,Nick Muse,MIN,TE,1,1,1,22,0,12,0.0017
2023,00-0037557,Ronnie Rivers,LAR,RB,9,5,5,22,0,-19,0.009
2023,00-0038396,Eric Gray,NYG,RB,10,7,6,22,0,-8,0.0144
2023,00-0038783,Nate Adkins,DEN,TE,5,5,4,22,0,-5,0.0105
2023,00-0034433,Nick Bawden,NYJ,RB,6,3,3,21,0,-1,0.0053
2023,00-0034791,Nick Chubb,CLE,RB,2,4,4,21,0,1,0.0067
2023,00-0035259,Trevon Wesco,TEN,TE,6,3,1,21,0,13,0.0063
2023,00-0038809,Ben Sims,GB,TE,6,6,4,21,1,30,0.0107
2023,00-0037745,Velus Jones Jr.,CHI,WR,13,7,4,20,0,87,0.0147
2023,00-0033251,Zach Pascal,ARI,WR,10,15,4,19,0,160,0.0278
2023,00-0038608,Kayshon Boutte,NE,WR,3,7,2,19,0,125,0.0129
2023,00-0033854,Dare Ogunbowale,HOU,RB,9,7,2,18,0,31,0.0124
2023,00-0036331,Devin Duvernay,BAL,WR,13,9,4,18,0,81,0.0189
2023,00-0036504,Brandin Echols,NYJ,CB,6,1,1,18,0,10,0.0018
2023,00-0038738,Hunter Luepke,DAL,RB,10,4,3,18,0,-2,0.0066
2023,00-0035703,Miles Boykin,PIT,WR,8,4,3,17,0,19,0.0083
2023,00-0031484,Chris Manhertz,DEN,TE,7,4,2,16,0,12,0.0084
2023,00-0032951,Laquon Treadwell,BAL,WR,3,3,1,16,0,36,0.0063
2023,00-0035657,Damien Harris,BUF,RB,6,2,2,16,0,0,0.0037
2023,00-0036158,J.K. Dobbins,BAL,RB,1,3,2,15,0,3,0.0063
2023,00-0030663,Willie Snead,SF,WR,2,3,2,14,0,18,0.0064
2023,00-0036493,Deon Jackson,NYG,RB,2,6,5,14,0,-6,0.011
2023,00-0036567,Elijah Mitchell,SF,RB,11,8,6,14,0,-22,0.017
2023,00-0033296,Alex Armah,WAS,RB,4,3,3,13,0,-14,0.005
2023,00-0034838,Royce Freeman,LAR,RB,11,2,1,13,0,0,0.0036
2023,00-0035480,Malik Taylor,NYJ,WR,2,4,2,13,0,89,0.0071
2023,00-0036984,Trey Sermon,IND,RB,8,6,3,13,0,11,0.011
2023,00-0038862,Elijah Dotson,LAC,RB,1,2,2,13,0,-1,0.0033
2023,00-0030874,Damien Williams,ARI,RB,3,2,2,12,0,1,0.0037
2023,00-0033576,Eric Saubert,HOU,TE,3,3,3,12,0,6,0.0053
2023,00-0034073,Ross Dwelley,SF,TE,2,2,1,12,0,17,0.0042
2023,00-0035726,Jakob Johnson,LV,RB,8,2,1,12,0,6,0.0038
2023,00-0036727,Adam Prentice,NO,FB,6,3,2,12,0,11,0.0052
2023,00-0036860,Jake Funk,IND,RB,1,1,1,12,0,0,0.0018
2023,00-0037306,John FitzPatrick,ATL,TE,3,1,1,12,0,2,0.002
2023,00-0037410,Jashaun Corbin,NYG,RB,3,3,3,12,0,-1,0.0062
2023,00-0038611,Chris Rodriguez Jr.,WAS,RB,9,2,2,12,0,-7,0.0033
2023,00-0036254,Collin Johnson,CHI,WR,1,1,1,11,0,7,0.0021
2023,00-0036336,Anthony McFarland,PIT,RB,3,2,2,11,0,4,0.0041
2023,00-0036630,Tylan Wallace,BAL,WR,6,2,1,11,0,23,0.0042
2023,00-0035164,Cody Thompson,SEA,WR,2,1,1,10,0,6,0.0018
2023,00-0035291,Trayveon Williams,CIN,RB,16,9,7,10,0,-28,0.0152
2023,00-0036355,Justin Herbert,LAC,QB,13,1,1,10,0,-7,0.0016
2023,00-0035934,Trishton Jackson,MIN,WR,2,4,2,9,0,16,0.0066
2023,00-0036646,Simi Fehoko,LAC,WR,2,2,1,9,1,18,0.0033
2023,00-0037654,Tucker Fisk,ATL,TE,2,1,1,9,0,3,0.002
2023,00-0038951,Sean Tucker,TB,RB,3,2,2,9,0,-3,0.0036
2023,00-0031595,Michael Burton,DEN,FB,11,3,3,8,0,2,0.0063
2023,00-0035184,Devine Ozigbo,DET,RB,1,1,1,8,0,3,0.0017
2023,00-0036427,Tyler Johnson,LAR,WR,1,3,2,8,1,16,0.0054
2023,00-0037157,Bam Knight,DET,RB,2,1,1,8,0,-5,0.0017
2023,00-0034193,Kevin Rader,TEN,TE,7,3,1,6,0,32,0.0063
2023,00-0036176,Mason Kinsey,TEN,WR,6,1,1,6,0,-2,0.0021
2023,00-0037289,Malcolm Rodriguez,DET,LB,11,1,1,6,0,6,0.0017
2023,00-0037506,Cole Fotheringham,LV,TE,1,1,1,6,0,1,0.0019
2023,00-0038397,Evan Hull,IND,RB,1,1,1,6,0,3,0.0018
2023,00-0038555,Tank Bigsby,JAX,RB,13,4,1,6,0,6,0.0066
2023,00-0034750,Rashaad Penny,PHI,RB,3,1,1,5,0,-1,0.0019
2023,00-0033863,Dan Skipper,DET,OT,2,1,1,4,0,-1,0.0017
2023,00-0035562,Jesper Horsted,LV,TE,5,1,1,4,0,2,0.0019
2023,00-0037077,Sam Howell,WAS,QB,17,1,1,4,0,1,0.0017
2023,00-0032394,Nick Vannett,LAC,TE,1,1,1,3,0,3,0.0016
2023,00-0036187,Reggie Gilliam,BUF,RB,5,1,1,3,0,1,0.0018
2023,00-0038632,Colton Dowell,TEN,WR,4,2,1,3,0,40,0.0042
2023,00-0035099,Khari Blasingame,CHI,FB,8,6,3,2,0,11,0.0126
2023,00-0035643,Jeffery Simmons,TEN,DT,12,1,1,2,1,2,0.0021
2023,00-0035956,Giovanni Ricci,CAR,TE,2,1,1,2,0,-1,0.0019
2023,00-0036450,Ke'Shawn Vaughn,TB,RB,5,5,2,2,0,-2,0.0091
2023,00-0037311,Ko Kieft,TB,TE,10,5,1,2,1,61,0.0091
2023,00-0037420,Kwamie Lassiter II,CIN,WR,1,1,1,2,0,-1,0.0017
2023,00-0038627,Antoine Green,DET,WR,2,2,1,2,0,11,0.0035
2023,00-0029701,Ryan Tannehill,TEN,QB,9,1,0,0,0,-1,0.0021
2023,00-0031868,Damiere Byrd,ATL,WR,1,2,0,0,0,45,0.0039
2023,00-0032208,Phillip Dorsett,DEN,WR,2,3,0,0,0,78,0.0063
2023,00-0032217,Donovan Smith,KC,OT,4,1,1,0,0,0,0.0017
2023,00-0032975,Jonathan Williams,WAS,RB,1,1,0,0,0,-1,0.0017
2023,00-0033292,Trent Taylor,CHI,WR,15,2,0,0,0,0,0.0042
2023,00-0035593,Juwann Winfree,IND,WR,1,1,0,0,0,26,0.0018
2023,00-0035594,Travis Homer,CHI,RB,7,1,0,0,0,-5,0.0021
2023,00-0035645,Gunner Olszewski,NYG,WR,12,1,1,0,0,-1,0.0021
2023,00-0035806,JaMycal Hasty,JAX,RB,1,2,0,0,0,24,0.0033
2023,00-0036032,Sean McKeon,DAL,TE,8,2,0,0,0,13,0.0033
2023,00-0036132,Ben Bredeson,NYG,G,4,1,1,0,0,-2,0.0021
2023,00-0036133,James Proche,CLE,WR,10,5,0,0,0,86,0.0084
2023,00-0036423,Albert Okwuegbunam,PHI,TE,1,1,0,0,0,10,0.0019
2023,00-0036620,Dee Eskridge,SEA,WR,4,1,0,0,0,17,0.0018
2023,00-0036991,Amari Rodgers,IND,WR,1,2,0,0,0,30,0.0037
2023,00-0037156,Irvin Charles,NYJ,WR,6,1,0,0,0,4,0.0018
2023,00-0037451,Rod Williams,PIT,TE,6,2,0,0,0,8,0.0041
2023,00-0038092,Erik Ezukanma,MIA,WR,2,1,0,0,0,8,0.0018
2023,00-0038678,Jordan Mims,NO,RB,2,2,0,0,0,10,0.0035
2023,00-0038891,Shedrick Jackson,CIN,WR,2,1,0,0,0,30,0.0017
2023,00-0039163,C.J. Stroud,HOU,QB,15,1,1,0,0,-1,0.0018
2023,00-0036857,Chris Evans,CIN,RB,3,1,1,-1,0,-1,0.0017
2023,00-0030565,Geno Smith,SEA,QB,15,1,1,-2,0,-8,0.0018
2023,00-0035831,James Robinson,GB,RB,1,1,1,-2,0,-3,0.0018
2023,00-0038122,Desmond Ridder,ATL,QB,15,1,1,-6,0,-6,0.002
2023,00-0035100,Jake Browning,CIN,QB,9,1,1,-7,0,-7,0.0017
2023,00-0034575,David Wells,TB,TE,1,2,2,-10,0,0,0.0036
2024,00-0036900,Ja'Marr Chase,CIN,WR,17,175,127,1708,17,1526,0.2787
2024,00-0036322,Justin Jefferson,MIN,WR,17,154,103,1533,10,1682,0.2979
2024,00-0039893,Brian Thomas Jr.,JAX,WR,17,133,87,1282,10,1542,0.2548
2024,00-0037238,Drake London,ATL,WR,17,158,100,1271,9,1723,0.2931
2024,00-0036963,Amon-Ra St. Brown,DET,WR,17,141,115,1263,12,1081,0.2701
2024,00-0036407,Jerry Jeudy,CLE,WR,17,145,90,1229,4,1611,0.2287
2024,00-0039337,Malik Nabers,NYG,WR,15,170,109,1204,7,1609,0.3069
2024,00-0036358,CeeDee Lamb,DAL,WR,15,152,101,1194,6,1190,0.2444
2024,00-0039338,Brock Bowers,LV,TE,17,153,112,1194,5,923,0.2584
2024,00-0039915,Ladd McConkey,LAC,WR,16,112,82,1149,7,1114,0.2281
2024,00-0037744,Trey McBride,ARI,TE,16,147,111,1146,2,902,0.2811
2024,00-0038543,Jaxon Smith-Njigba,SEA,WR,17,137,100,1130,6,1186,0.2408
2024,00-0033288,George Kittle,SF,TE,15,94,78,1106,8,800,0.1832
2024,00-0037740,Garrett Wilson,NYJ,WR,17,154,101,1104,7,1408,0.2615
2024,00-0035659,Terry McLaurin,WAS,WR,17,117,82,1096,13,1561,0.2321
2024,00-0034348,Courtland Sutton,DEN,WR,16,135,81,1081,8,1787,0.2459
2024,00-0035676,A.J. Brown,PHI,WR,13,97,67,1079,7,1168,0.2321
2024,00-0031381,Davante Adams,NYJ,WR,14,141,85,1063,8,1172,0.2382
2024,00-0039064,Zay Flowers,BAL,WR,17,116,74,1059,4,1207,0.2538
2024,00-0034960,Jakobi Meyers,LV,WR,15,129,87,1027,4,1281,0.2179
2024,00-0034837,Calvin Ridley,TEN,WR,17,120,64,1017,4,1883,0.2367
2024,00-0036554,Nico Collins,HOU,WR,12,99,68,1006,7,1083,0.181
2024,00-0031408,Mike Evans,TB,WR,14,110,74,1004,11,1274,0.1954
2024,00-0037240,Jameson Williams,DET,WR,15,91,58,1001,7,1037,0.1743
2024,00-0035640,DK Metcalf,SEA,WR,15,108,66,992,5,1481,0.1898
2024,00-0036309,Darnell Mooney,ATL,WR,16,106,64,992,5,1294,0.1967
2024,00-0039075,Puka Nacua,LAR,WR,11,106,79,990,3,839,0.1959
2024,00-0036259,Jauan Jennings,SF,WR,15,113,77,975,6,1119,0.2203
2024,00-0034827,DJ Moore,CHI,WR,17,140,98,966,6,1049,0.2662
2024,00-0033040,Tyreek Hill,MIA,WR,17,123,81,959,6,1397,0.2165
2024,00-0036410,Tee Higgins,CIN,WR,12,109,73,911,10,1067,0.1736
2024,00-0037247,George Pickens,PIT,WR,14,103,59,900,3,1411,0.2239
2024,00-0039849,Marvin Harrison Jr.,ARI,WR,17,116,62,885,8,1566,0.2218
2024,00-0033858,Jonnu Smith,MIA,TE,17,111,88,884,8,542,0.1954
2024,00-0038994,Jordan Addison,MIN,WR,15,99,63,875,9,1284,0.1915
2024,00-0039146,Jayden Reed,GB,WR,17,75,55,857,6,680,0.1616
2024,00-0036912,DeVonta Smith,PHI,WR,13,89,68,833,8,809,0.2129
2024,00-0037664,Alec Pierce,IND,WR,16,69,37,824,7,1500,0.1402
2024,00-0030506,Travis Kelce,KC,TE,16,133,97,823,3,883,0.2325
2024,00-0037261,Khalil Shakir,BUF,WR,15,100,76,821,4,548,0.202
2024,00-0036252,Michael Pittman,IND,WR,16,111,69,808,3,1234,0.2256
2024,00-0038997,Josh Downs,IND,WR,14,107,72,803,5,734,0.2175
2024,00-0036550,Rashod Bateman,BAL,WR,16,72,45,756,9,973,0.1575
2024,00-0030279,Keenan Allen,CHI,WR,15,121,70,744,7,1115,0.23
2024,00-0036613,Jaylen Waddle,MIA,WR,15,83,58,744,2,827,0.1461
2024,00-0039919,Rome Odunze,CHI,WR,17,101,54,734,3,1398,0.192
2024,00-0039065,Sam LaPorta,DET,TE,16,83,60,726,7,580,0.159
2024,00-0038544,Quentin Johnston,LAC,WR,15,91,55,711,8,986,0.1853
2024,00-0033908,Cooper Kupp,LAR,WR,12,100,67,710,6,758,0.1848
2024,00-0038996,Tucker Kraft,GB,TE,17,70,50,707,7,374,0.1509
2024,00-0038117,Wan'Dale Robinson,NYG,WR,17,140,93,699,3,656,0.2527
2024,00-0034407,Ray-Ray McCloud,ATL,WR,17,87,62,686,1,589,0.1614
2024,00-0033090,Hunter Henry,NE,TE,16,97,66,674,2,682,0.194
2024,00-0034753,Mark Andrews,BAL,TE,17,69,55,673,11,731,0.151
2024,00-0035719,Deebo Samuel Sr.,SF,WR,15,81,51,670,3,551,0.1579
2024,00-0038977,Tank Dell,HOU,WR,14,81,51,667,3,1016,0.1481
2024,00-0034829,Mike Gesicki,CIN,TE,16,83,65,665,2,615,0.1322
2024,00-0030061,Zach Ertz,WAS,TE,17,91,66,654,7,686,0.1806
2024,00-0036894,Pat Freiermuth,PIT,TE,17,78,65,653,7,477,0.1696
2024,00-0039894,Xavier Worthy,KC,WR,16,98,59,638,6,904,0.1713
2024,00-0038621,DeMario Douglas,NE,WR,16,87,66,621,3,524,0.174
2024,00-0038124,Christian Watson,GB,WR,14,53,29,620,2,944,0.1142
2024,00-0030035,Adam Thielen,CAR,WR,10,62,48,615,5,692,0.1197
2024,00-0030564,DeAndre Hopkins,KC,WR,16,80,56,610,5,896,0.1578
2024,00-0037666,Jalen Tolbert,DAL,WR,17,79,49,610,7,906,0.127
2024,00-0036970,Kyle Pitts,ATL,TE,17,74,47,602,4,623,0.1373
2024,00-0037816,Romeo Doubs,GB,WR,13,72,46,601,4,886,0.1552
2024,00-0032211,Tyler Lockett,SEA,WR,17,74,49,600,2,783,0.1301
2024,00-0038129,Cade Otton,TB,TE,14,87,59,600,4,471,0.1545
2024,00-0039040,De'Von Achane,MIA,RB,17,87,78,592,6,-35,0.1532
2024,00-0038608,Kayshon Boutte,NE,WR,15,68,43,589,3,1011,0.136
2024,00-0036988,Josh Palmer,LAC,WR,15,65,39,584,1,991,0.1324
2024,00-0033921,Chris Godwin Jr.,TB,WR,7,62,50,576,5,356,0.1101
2024,00-0035535,Darius Slayton,NYG,WR,16,71,39,573,2,928,0.1282
2024,00-0036849,Tutu Atwell,LAR,WR,15,62,42,562,0,741,0.1146
2024,00-0039901,Keon Coleman,BUF,WR,13,57,29,556,4,864,0.1152
2024,00-0036040,Juwan Johnson,NO,TE,15,66,50,548,3,547,0.1277
2024,00-0037837,Calvin Austin III,PIT,WR,17,58,36,548,4,718,0.1261
2024,00-0038559,Michael Wilson,ARI,WR,16,71,47,548,4,805,0.1358
2024,00-0031544,Amari Cooper,BUF,WR,13,85,44,547,4,1161,0.1341
2024,00-0033906,Alvin Kamara,NO,RB,14,89,68,543,2,79,0.1721
2024,00-0038563,Tre Tucker,LV,WR,17,81,47,539,3,1017,0.1368
2024,00-0036980,Elijah Moore,CLE,WR,17,102,61,538,1,950,0.1609
2024,00-0034383,Dalton Schultz,HOU,TE,17,85,53,532,2,684,0.1554
2024,00-0034521,Allen Lazard,NYJ,WR,12,60,37,530,6,664,0.1019
2024,00-0039139,Jahmyr Gibbs,DET,RB,17,63,52,517,4,-11,0.1207
2024,00-0035208,Olamide Zaccheaus,WAS,WR,16,64,45,506,3,406,0.127
2024,00-0032775,Demarcus Robinson,LAR,WR,17,64,31,505,7,983,0.1183
2024,00-0033885,David Njoku,CLE,TE,11,97,64,505,5,510,0.153
2024,00-0038976,Marvin Mims Jr.,DEN,WR,17,52,39,503,6,384,0.0947
2024,00-0035644,Noah Fant,SEA,TE,14,64,48,500,1,339,0.1125
2024,00-0036182,Nick Westbrook-Ikhine,TEN,WR,14,60,32,497,9,700,0.1183
2024,00-0039342,Xavier Legette,CAR,WR,15,84,49,497,4,1030,0.1622
2024,00-0031588,Stefon Diggs,HOU,WR,8,64,47,496,3,556,0.117
2024,00-0034351,Dallas Goedert,PHI,TE,10,52,42,496,2,343,0.1244
2024,00-0038041,Jake Ferguson,DAL,TE,14,86,59,494,0,360,0.1383
2024,00-0038120,Breece Hall,NYJ,RB,16,76,57,483,3,19,0.129
2024,00-0034159,Will Dissly,LAC,TE,15,64,50,481,2,295,0.1303
2024,00-0037809,Chig Okonkwo,TEN,TE,16,70,52,479,2,415,0.1381
2024,00-0038619,Andrei Iosivas,CIN,WR,17,61,36,479,6,692,0.0971
2024,00-0039491,Jalen Coker,CAR,WR,11,46,32,478,2,516,0.0888
2024,00-0037838,Isaiah Likely,BAL,TE,15,58,42,477,6,467,0.1269
2024,00-0032392,Austin Hooper,NE,TE,17,59,45,476,3,386,0.118
2024,00-0039424,Devaughn Vele,DEN,WR,13,55,41,475,3,461,0.1002
2024,00-0036290,Cole Kmet,CHI,TE,16,55,47,474,4,393,0.1046
2024,00-0039855,Jalen McMillan,TB,WR,13,58,37,461,8,704,0.103
2024,00-0035229,T.J. Hockenson,MIN,TE,10,62,41,455,0,520,0.1199
2024,00-0033591,Noah Brown,WAS,WR,11,56,35,453,1,637,0.1111
2024,00-0034270,Tyler Conklin,NYJ,TE,16,72,51,449,4,358,0.1222
2024,00-0038933,Dalton Kincaid,BUF,TE,13,75,44,448,2,573,0.1515
2024,00-0036637,Noah Gray,KC,TE,16,49,40,437,5,309,0.0857
2024,00-0038542,Bijan Robinson,ATL,RB,17,72,61,431,1,-21,0.1336
2024,00-0037801,KaVontae Turpin,DAL,WR,17,52,31,420,2,439,0.0836
2024,00-0038393,Dontayvion Wicks,GB,WR,17,76,39,415,5,880,0.1638
2024,00-0033553,James Conner,ARI,RB,16,55,47,414,1,-103,0.1052
2024,00-0037291,Jalen Nailor,MIN,WR,15,42,28,414,6,487,0.0812
2024,00-0034981,Foster Moreau,NO,TE,16,43,32,413,5,397,0.0832
2024,00-0034272,Marquez Valdes-Scantling,NO,WR,13,44,19,411,4,765,0.0889
2024,00-0038935,Brenton Strange,JAX,TE,14,53,40,411,2,341,0.1015
2024,00-0033293,Aaron Jones,MIN,RB,17,62,51,408,2,54,0.1199
2024,00-0037239,Chris Olave,NO,WR,8,44,32,400,1,455,0.0851
2024,00-0039916,Ricky Pearsall,SF,WR,11,46,31,400,3,528,0.0897
2024,00-0033375,Tim Patrick,DET,WR,15,44,33,394,3,439,0.0843
2024,00-0037256,Rachaad White,TB,RB,15,57,51,393,6,-109,0.1012
2024,00-0039361,Bucky Irving,TB,RB,17,52,47,392,0,-159,0.0924
2024,00-0033009,Tyler Boyd,TEN,WR,15,57,39,390,0,420,0.1124
2024,00-0034364,Jordan Akins,CLE,TE,16,58,40,390,2,349,0.0915
2024,00-0038606,Parker Washington,JAX,WR,14,51,32,390,3,601,0.0977
2024,00-0036275,D'Andre Swift,CHI,RB,17,52,42,386,0,2,0.0989
2024,00-0034975,Justice Hill,BAL,RB,15,51,42,383,3,-34,0.1116
2024,00-0034775,Christian Kirk,JAX,WR,8,47,27,379,1,644,0.09
2024,00-0033555,Mack Hollins,BUF,WR,17,50,31,378,5,649,0.101
2024,00-0035216,Diontae Johnson,HOU,WR,11,67,33,375,3,731,0.1293
2024,00-0036261,Brandon Aiyuk,SF,WR,7,47,25,374,0,556,0.0916
2024,00-0033699,Austin Ekeler,WAS,RB,12,41,35,366,0,-59,0.0813
2024,00-0033881,Evan Engram,JAX,TE,9,64,47,365,1,360,0.1226
2024,00-0038597,Chase Brown,CIN,RB,16,65,54,360,4,53,0.1035
2024,00-0033589,David Moore,CAR,WR,15,57,32,351,3,631,0.11
2024,00-0037545,Rashid Shaheed,NO,WR,6,41,20,349,3,721,0.0793
2024,00-0036997,Javonte Williams,DEN,RB,17,70,52,346,0,-29,0.1275
2024,00-0035500,Greg Dortch,ARI,WR,17,50,37,342,3,207,0.0956
2024,00-0035700,Josh Jacobs,GB,RB,17,43,36,342,1,-41,0.0927
2024,00-0039356,Ja'Tavion Sanders,CAR,TE,15,43,33,342,1,268,0.083
2024,00-0035685,David Montgomery,DET,RB,14,38,36,341,0,-18,0.0728
2024,00-0039165,Zach Charbonnet,SEA,RB,17,52,42,340,1,-54,0.0914
2024,00-0038979,Cedric Tillman,CLE,WR,9,49,29,339,3,552,0.0773
2024,00-0032385,Sterling Shepard,TB,WR,13,51,32,334,1,473,0.0906
2024,00-0039847,Theo Johnson,NYG,TE,11,43,29,331,1,288,0.0776
2024,00-0033526,Samaje Perine,KC,RB,17,35,28,322,1,11,0.0612
2024,00-0039890,Adonai Mitchell,IND,WR,17,55,23,312,0,775,0.1118
2024,00-0035689,Dawson Knox,BUF,TE,14,33,22,311,1,316,0.0667
2024,00-0037228,Jaylen Warren,PIT,RB,15,47,38,310,0,-4,0.1022
2024,00-0033897,Joe Mixon,HOU,RB,14,52,36,309,1,-27,0.0951
2024,00-0036626,Dyami Brown,WAS,WR,15,40,30,308,1,293,0.0794
2024,00-0033307,Kendrick Bourne,NE,WR,12,38,28,305,1,353,0.076
2024,00-0038134,Kenneth Walker III,SEA,RB,11,53,46,299,1,-63,0.0931
2024,00-0033536,Mike Williams,PIT,WR,14,34,21,298,1,518,0.0577
2024,00-0037086,Grant Calcaterra,PHI,TE,15,30,24,298,1,220,0.0718
2024,00-0034972,Alexander Mattison,LV,RB,14,48,36,294,1,-4,0.0811
2024,00-0036244,Colby Parkinson,LAR,TE,16,49,30,294,1,263,0.0906
2024,00-0035406,Lil'Jordan Humphrey,DEN,WR,14,45,31,293,1,293,0.082
2024,00-0039751,Jordan Whittington,LAR,WR,14,28,22,293,0,151,0.0518
2024,00-0036427,Tyler Johnson,LAR,WR,11,41,26,291,1,229,0.0758
2024,00-0034386,Justin Watson,KC,WR,15,32,22,289,2,486,0.0559
2024,00-0039067,Rashee Rice,KC,WR,4,29,24,288,2,151,0.0507
2024,00-0035537,Ty Johnson,BUF,RB,17,25,18,284,3,204,0.0505
2024,00-0039384,Tyrone Tracy Jr.,NYG,RB,17,53,38,284,1,18,0.0957
2024,00-0036893,Najee Harris,PIT,RB,17,48,36,283,0,-70,0.1043
2024,00-0034844,Saquon Barkley,PHI,RB,16,43,33,278,2,98,0.1029
2024,00-0036415,Van Jefferson,PIT,WR,15,40,24,276,2,465,0.087
2024,00-0039868,Troy Franklin,DEN,WR,16,53,28,263,2,690,0.0965
2024,00-0032104,Ameer Abdullah,LV,RB,15,47,40,261,3,31,0.0794
2024,00-0031236,Brandin Cooks,DAL,WR,10,54,26,259,3,634,0.0868
2024,00-0035249,Josh Oliver,MIN,TE,12,28,22,258,3,218,0.0542
2024,00-0037248,James Cook,BUF,RB,16,38,32,258,2,37,0.0768
2024,00-0036973,Travis Etienne,JAX,RB,15,52,39,254,0,4,0.0996
2024,00-0037614,John Metchie III,HOU,WR,10,37,24,254,1,333,0.0676
2024,00-0033282,Curtis Samuel,BUF,WR,14,46,31,253,1,212,0.0929
2024,00-0036139,Rico Dowdle,DAL,RB,16,49,39,249,3,1,0.0788
2024,00-0038589,Josh Whyle,TEN,TE,15,37,28,248,1,209,0.073
2024,00-0039793,AJ Barner,SEA,TE,15,38,30,245,4,136,0.0668
2024,00-0038547,Luke Schoonmaker,DAL,TE,12,36,27,241,1,199,0.0579
2024,00-0036196,Gabe Davis,JAX,WR,10,42,20,239,2,565,0.0805
2024,00-0035261,Tony Pollard,TEN,RB,16,57,41,238,0,8,0.1124
2024,00-0037005,Tommy Tremble,CAR,TE,10,32,23,234,2,182,0.0618
2024,00-0031549,Nelson Agholor,BAL,WR,13,29,14,231,2,387,0.0635
2024,00-0033857,JuJu Smith-Schuster,KC,WR,11,26,18,231,2,143,0.0455
2024,00-0037267,Jerome Ford,CLE,RB,14,43,37,225,0,-15,0.0678
2024,00-0039032,Tyjae Spears,TEN,RB,12,35,30,224,1,-31,0.069
2024,00-0039880,Malik Washington,MIA,WR,14,36,26,223,0,195,0.0634
2024,00-0037741,Jahan Dotson,PHI,WR,14,33,19,216,0,327,0.0789
2024,00-0032464,Kalif Raymond,DET,WR,12,22,17,215,2,176,0.0421
2024,00-0034418,Cedrick Wilson Jr.,NO,WR,13,27,20,211,1,196,0.0522
2024,00-0037475,Stone Smartt,LAC,TE,9,19,16,208,0,192,0.0387
2024,00-0036328,Antonio Gibson,NE,RB,17,29,23,206,0,53,0.058
2024,00-0030431,Robert Woods,HOU,WR,14,30,20,203,0,284,0.0548
2024,00-0029892,Kyle Juszczyk,SF,FB,14,31,19,200,2,193,0.0604
2024,00-0038558,Darnell Washington,PIT,TE,13,25,19,200,1,108,0.0543
2024,00-0033854,Dare Ogunbowale,HOU,RB,16,28,19,198,1,48,0.0512
2024,00-0033943,Josh Reynolds,JAX,WR,8,24,13,194,1,270,0.0437
2024,00-0032764,Derrick Henry,BAL,RB,17,22,19,193,2,-25,0.0481
2024,00-0036630,Tylan Wallace,BAL,WR,12,12,11,193,1,74,0.0263
2024,00-0039875,Ray Davis,BUF,RB,17,19,17,189,3,16,0.0384
2024,00-0036422,Adam Trautman,DEN,TE,13,22,13,188,2,125,0.0401
2024,00-0033357,Taysom Hill,NO,TE,8,31,23,187,0,108,0.06
2024,00-0036251,Zack Moss,CIN,RB,8,27,23,187,1,3,0.043
2024,00-0036876,Kylen Granson,IND,TE,16,31,14,182,0,352,0.063
2024,00-0037840,Kyren Williams,LAR,RB,16,40,34,182,2,-32,0.0739
2024,00-0038640,Jalen Brooks,DAL,WR,12,30,12,177,1,409,0.0482
2024,00-0033923,Kareem Hunt,KC,RB,13,32,23,176,0,-58,0.0559
2024,00-0039041,Elijah Higgins,ARI,TE,15,24,20,172,2,108,0.0459
2024,00-0039052,Trey Palmer,TB,WR,15,22,12,172,1,315,0.0391
2024,00-0036555,Chuba Hubbard,CAR,RB,15,54,43,171,1,-65,0.1042
2024,00-0036875,Rhamondre Stevenson,NE,RB,15,41,33,168,1,-41,0.082
2024,00-0039355,Luke McCaffrey,WAS,WR,13,24,18,168,0,170,0.0476
2024,00-0039062,Jonathan Mingo,DAL,WR,14,42,17,167,0,462,0.0811
2024,00-0031687,Raheem Mostert,MIA,RB,13,23,19,161,0,14,0.0405
2024,00-0037746,Brian Robinson,WAS,RB,14,25,20,159,0,-23,0.0496
2024,00-0036527,DJ Turner,LV,WR,12,29,16,158,1,255,0.049
2024,00-0039814,Erick All,CIN,TE,8,22,20,158,0,72,0.035
2024,00-0039066,Michael Mayer,LV,TE,11,32,21,156,0,197,0.0541
2024,00-0034613,Tanner Hudson,CIN,TE,9,23,19,154,1,98,0.0366
2024,00-0036158,J.K. Dobbins,LAC,RB,13,38,32,153,0,-44,0.0774
2024,00-0037539,Lucas Krull,DEN,TE,10,23,19,152,0,118,0.0419
2024,00-0039363,Isaac Guerendo,SF,RB,16,16,15,152,0,50,0.0312
2024,00-0037231,Kevin Austin Jr.,NO,WR,8,22,11,151,0,259,0.0426
2024,00-0035243,Miles Sanders,CAR,RB,11,30,24,148,1,41,0.0579
2024,00-0039794,Braelon Allen,NYJ,RB,17,27,19,148,1,-5,0.0458
2024,00-0033217,Mo Alie-Cox,IND,TE,12,22,12,147,1,211,0.0447
2024,00-0033280,Christian McCaffrey,SF,RB,4,19,15,146,0,60,0.037
2024,00-0033246,Johnny Mundt,MIN,TE,14,27,19,142,2,115,0.0522
2024,00-0036223,Jonathan Taylor,IND,RB,14,31,18,136,1,-10,0.063
2024,00-0032394,Nick Vannett,TEN,TE,12,20,17,135,3,22,0.0394
2024,00-0039359,Cade Stover,HOU,TE,14,22,15,133,1,118,0.0402
2024,00-0034854,KhaDarel Hodge,ATL,WR,11,12,7,131,1,126,0.0223
2024,00-0038046,Charlie Kolar,BAL,TE,10,11,9,131,1,66,0.0241
2024,00-0038824,Ryan Miller,TB,WR,9,20,12,128,2,195,0.0355
2024,00-0038115,Daniel Bellinger,NYG,TE,12,17,14,125,0,69,0.0307
2024,00-0038821,Rakim Jarrett,TB,WR,8,11,9,124,0,127,0.0195
2024,00-0034860,Dante Pettis,NO,WR,8,28,12,120,1,282,0.0542
2024,00-0035250,Devin Singletary,NYG,RB,15,24,21,119,0,-68,0.0433
2024,00-0039386,Bub Means,NO,WR,4,15,9,118,1,170,0.029
2024,00-0038618,Xavier Hutchinson,HOU,WR,14,26,12,117,0,264,0.0475
2024,00-0036919,Kenny Gainwell,PHI,RB,17,22,16,116,0,23,0.0526
2024,00-0038783,Nate Adkins,DEN,TE,15,15,14,115,3,62,0.0273
2024,00-0039050,Payne Durham,TB,TE,8,14,11,115,2,124,0.0249
2024,00-0038573,Derius Davis,LAC,WR,15,17,13,112,2,65,0.0346
2024,00-0038738,Hunter Luepke,DAL,RB,14,16,12,111,0,39,0.0257
2024,00-0035631,Drew Sample,CIN,TE,11,22,20,109,1,34,0.035
2024,00-0037292,Andrew Ogletree,IND,TE,12,14,9,109,1,150,0.0285
2024,00-0038951,Sean Tucker,TB,RB,17,12,9,109,1,12,0.0213
2024,00-0038752,Jake Bobo,SEA,WR,12,17,13,107,1,138,0.0299
2024,00-0039810,Jermaine Burton,CIN,WR,8,14,4,107,0,296,0.0223
2024,00-0036646,Simi Fehoko,LAC,WR,6,16,6,106,0,236,0.0326
2024,00-0037805,Jeremy Ruckert,NYJ,TE,14,28,18,105,0,96,0.0475
2024,00-0038098,Pierre Strong,CLE,RB,13,22,14,104,0,6,0.0347
2024,00-0038705,Emari Demercado,ARI,RB,13,20,16,104,0,26,0.0382
2024,00-0039021,Roschon Johnson,CHI,RB,13,20,16,104,0,11,0.038
2024,00-0039410,Ryan Flournoy,DAL,WR,9,14,10,102,0,115,0.0225
2024,00-0036387,Jalen Reagor,LAC,WR,7,12,7,100,0,123,0.0244
2024,00-0036754,Brock Wright,DET,TE,11,16,13,100,2,81,0.0307
2024,00-0038720,Julian Hill,MIA,TE,14,19,12,100,0,120,0.0335
2024,00-0036984,Trey Sermon,IND,RB,15,19,16,99,0,6,0.0386
2024,00-0039623,Mason Tipton,NO,WR,9,26,14,99,0,326,0.0503
2024,00-0033576,Eric Saubert,SF,TE,12,14,11,97,1,94,0.0273
2024,00-0038465,Malik Heath,GB,WR,5,13,10,97,2,84,0.028
2024,00-0035125,Alec Ingold,MIA,FB,10,12,11,96,0,15,0.0211
2024,00-0035628,D'Ernest Johnson,JAX,RB,12,19,12,96,0,7,0.0364
2024,00-0039650,Bryce Oliver,TEN,WR,8,9,6,95,0,95,0.0178
2024,00-0035662,Marquise Brown,KC,WR,2,15,9,91,0,123,0.0262
2024,00-0037091,Bo Melton,GB,WR,13,17,8,91,0,303,0.0366
2024,00-0037525,Jordan Mason,SF,RB,12,14,11,91,0,52,0.0273
2024,00-0035140,Mecole Hardman,KC,WR,12,14,12,90,0,-14,0.0245
2024,00-0037263,Tyler Allgeier,ATL,RB,17,13,13,88,0,-5,0.0241
2024,00-0039530,Brevyn Spann-Ford,DAL,TE,11,14,9,88,0,82,0.0225
2024,00-0039754,Devin Culp,TB,TE,2,6,5,88,0,73,0.0107
2024,00-0039907,Ja'Lynn Polk,NE,WR,14,33,12,87,2,395,0.066
2024,00-0036232,Harrison Bryant,LV,TE,6,12,9,86,0,41,0.0203
2024,00-0033891,Zay Jones,ARI,WR,6,11,8,84,0,119,0.021
2024,00-0036628,John Bates,WAS,TE,13,13,8,84,0,63,0.0258
2024,00-0034487,Trent Sherfield,MIN,WR,13,9,8,83,1,54,0.0174
2024,00-0038396,Eric Gray,NYG,RB,14,11,10,82,0,-22,0.0199
2024,00-0030578,Cordarrelle Patterson,PIT,RB,13,14,12,80,1,42,0.0304
2024,00-0039365,Jacob Cowing,SF,WR,15,6,4,80,0,86,0.0117
2024,00-0036331,Devin Duvernay,JAX,WR,13,16,11,79,0,183,0.0307
2024,00-0037197,Isiah Pacheco,KC,RB,7,16,12,79,0,-22,0.028
2024,00-0032128,Chris Conley,SF,WR,9,12,6,76,0,207,0.0234
2024,00-0038794,Jaleel McLaughlin,DEN,RB,16,27,24,76,2,-109,0.0492
2024,00-0039798,Isaiah Davis,NYJ,RB,13,12,9,75,1,16,0.0204
2024,00-0034830,Hayden Hurst,LAC,TE,7,13,8,73,0,62,0.0265
2024,00-0031763,DeAndre Carter,CHI,WR,13,14,9,72,0,155,0.0266
2024,00-0031941,Jamison Crowder,WAS,WR,5,13,9,72,2,108,0.0258
2024,00-0034646,Brandon Powell,MIN,WR,16,10,7,71,0,102,0.0193
2024,00-0038678,Jordan Mims,NO,RB,8,18,12,71,0,3,0.0348
2024,00-0033045,Ezekiel Elliott,DAL,RB,15,15,12,69,0,-27,0.0241
2024,00-0035298,Scott Miller,PIT,WR,6,9,5,69,0,106,0.0196
2024,00-0036862,Ben Skowronek,PIT,WR,9,5,5,69,0,40,0.0109
2024,00-0038679,Tyrell Shavers,BUF,WR,1,1,1,69,1,-2,0.002
2024,00-0038685,Chris Brooks,GB,RB,11,13,11,69,0,-22,0.028
2024,00-0036414,Cam Akers,MIN,RB,16,18,14,68,3,-27,0.0329
2024,00-0035021,Ashton Dulin,IND,WR,13,8,2,67,1,154,0.0163
2024,00-0036887,Luke Farrell,JAX,TE,12,17,12,67,0,82,0.0326
2024,00-0033110,Tyler Higbee,LAR,TE,3,12,8,66,2,26,0.0222
2024,00-0034054,River Cracraft,MIA,WR,5,9,7,66,0,71,0.0158
2024,00-0031595,Michael Burton,DEN,FB,12,10,10,65,1,24,0.0182
2024,00-0033439,Pharaoh Brown,SEA,TE,10,12,8,65,0,51,0.0211
2024,00-0037300,Mike Woods,CLE,WR,5,17,7,65,0,187,0.0268
2024,00-0038938,Jalin Hyatt,NYG,WR,10,19,8,62,0,363,0.0343
2024,00-0039391,Kimani Vidal,LAC,RB,9,9,5,62,1,48,0.0183
2024,00-0037120,Tyler Goodson,IND,RB,14,15,11,61,1,19,0.0305
2024,00-0037004,Hunter Long,LAR,TE,11,9,7,60,0,31,0.0166
2024,00-0035806,JaMycal Hasty,NE,RB,12,12,10,59,1,-2,0.024
2024,00-0039921,Trey Benson,ARI,RB,12,6,6,59,0,-19,0.0115
2024,00-0039738,Blake Corum,LAR,RB,15,8,7,58,0,-5,0.0148
2024,00-0033948,Jamaal Williams,NO,RB,14,11,9,57,0,-14,0.0213
2024,00-0036345,K.J. Osborn,WAS,WR,7,18,7,57,1,107,0.036
2024,00-0036924,Michael Carter,ARI,RB,3,11,11,57,0,-16,0.021
2024,00-0031235,Odell Beckham Jr.,MIA,WR,8,18,9,55,0,136,0.0317
2024,00-0033925,D'Onta Foreman,CLE,RB,10,8,6,54,0,1,0.0126
2024,00-0038555,Tank Bigsby,JAX,RB,16,12,7,54,0,-13,0.023
2024,00-0034798,Durham Smythe,MIA,TE,14,17,9,53,0,94,0.0299
2024,00-0037569,Peyton Hendershot,KC,TE,5,5,5,51,0,19,0.0087
2024,00-0038710,Blake Whiteheart,CLE,TE,7,9,6,51,1,81,0.0142
2024,00-0037524,Tay Martin,TEN,WR,1,2,1,49,1,63,0.0039
2024,00-0037617,Hassan Haskins,LAC,RB,12,3,3,49,1,7,0.0061
2024,00-0038519,Nikko Remigio,KC,WR,5,6,2,48,0,64,0.0105
2024,00-0038797,Emanuel Wilson,GB,RB,17,14,11,48,1,-63,0.0302
2024,00-0036510,Kenny Yeboah,NYJ,TE,7,8,5,47,1,37,0.0136
2024,00-0038104,Tyquan Thornton,NE,WR,4,8,4,47,0,126,0.016
2024,00-0036429,Charlie Woerner,ATL,TE,12,12,7,46,0,35,0.0223
2024,00-0039144,Luke Musgrave,GB,TE,7,10,7,45,0,66,0.0216
2024,00-0035891,Cody White,SEA,WR,2,3,2,44,0,40,0.0053
2024,00-0036620,Dee Eskridge,MIA,WR,5,3,3,44,0,15,0.0053
2024,00-0037276,Ty Chandler,MIN,RB,14,6,6,42,0,-11,0.0116
2024,00-0038809,Ben Sims,GB,TE,4,5,4,42,0,40,0.0108
2024,00-0036497,Tim Jones,JAX,WR,8,5,3,41,0,40,0.0096
2024,00-0036955,Terrace Marshall Jr.,LV,WR,5,6,3,41,0,52,0.0101
2024,00-0039747,Ainias Smith,PHI,WR,3,9,7,41,1,38,0.0215
2024,00-0031585,MyCole Pruitt,PIT,TE,7,10,6,40,1,33,0.0217
2024,00-0035567,Craig Reynolds,DET,RB,8,5,3,40,0,-10,0.0096
2024,00-0036841,Austin Trammell,JAX,WR,1,3,2,40,0,44,0.0057
2024,00-0037304,Connor Heyward,PIT,FB,12,8,6,40,1,67,0.0174
2024,00-0037654,Tucker Fisk,LAC,TE,7,8,7,39,0,20,0.0163
2024,00-0038496,Xavier Gipson,NYJ,WR,17,10,6,39,1,112,0.017
2024,00-0039074,Davis Allen,LAR,TE,7,13,6,39,0,50,0.024
2024,00-0039236,Johnny Wilson,PHI,WR,10,15,5,38,1,147,0.0359
2024,00-0035976,Dan Chisena,CAR,WR,4,4,3,37,0,30,0.0077
2024,00-0039364,Sione Vaki,DET,RB,9,3,3,37,0,17,0.0057
2024,00-0039737,Tip Reiman,ARI,TE,8,7,6,37,0,12,0.0134
2024,00-0033895,Gerald Everett,CHI,TE,10,13,8,36,0,35,0.0247
2024,00-0036268,Laviska Shenault Jr.,SEA,WR,10,5,5,36,0,-10,0.0088
2024,00-0036590,Quintin Morris,BUF,TE,10,8,5,36,1,74,0.0162
2024,00-0032918,C.J. Ham,MIN,FB,10,6,5,35,0,1,0.0116
2024,00-0039746,Will Shipley,PHI,RB,13,4,4,35,0,7,0.0096
2024,00-0036990,Divine Deablo,LV,LB,13,1,1,34,0,4,0.0017
2024,00-0037132,Britain Covey,PHI,WR,5,8,7,34,0,9,0.0191
2024,00-0037557,Ronnie Rivers,LAR,RB,6,6,5,34,0,-26,0.0111
2024,00-0037742,Treylon Burks,TEN,WR,5,8,4,34,0,135,0.0158
2024,00-0038551,Kendre Miller,NO,RB,6,8,5,33,0,3,0.0155
2024,00-0034777,DJ Chark,LAC,WR,4,10,4,31,1,115,0.0204
2024,00-0034791,Nick Chubb,CLE,RB,8,11,5,31,1,-5,0.0174
2024,00-0035602,Alex Bachman,LV,WR,5,3,3,31,0,21,0.0051
2024,00-0031428,Allen Robinson,DET,WR,6,7,3,30,0,51,0.0134
2024,00-0031484,Chris Manhertz,NYG,TE,8,4,3,30,1,15,0.0072
2024,00-0035639,Parris Campbell,PHI,WR,4,8,6,30,1,34,0.0191
2024,00-0038040,Zamir White,LV,RB,8,8,6,30,0,-25,0.0135
2024,00-0037509,Sincere McCormick,LV,RB,4,7,6,29,0,3,0.0118
2024,00-0038394,Will Mallory,IND,TE,7,8,4,29,0,83,0.0163
2024,00-0037252,Greg Dulcich,NYG,TE,4,12,5,28,0,71,0.0219
2024,00-0038454,Keaton Mitchell,BAL,RB,4,1,1,28,0,-5,0.0022
2024,00-0038614,Scott Matlock,LAC,DT,12,5,4,28,0,7,0.0102
2024,00-0039631,Cam Grandy,CIN,TE,4,5,5,28,0,12,0.008
2024,00-0039912,Ben Sinnott,WAS,TE,7,5,5,28,1,9,0.0099
2024,00-0033955,Jeremy McNichols,WAS,RB,15,12,9,27,0,20,0.0238
2024,00-0037257,David Bell,CLE,WR,1,3,3,27,0,19,0.0047
2024,00-0039373,Audric Estimé,DEN,RB,13,5,5,27,0,-10,0.0091
2024,00-0039325,Carson Steele,KC,RB,13,11,7,26,0,-17,0.0192
2024,00-0035973,Patrick Taylor,SF,RB,7,11,3,25,0,39,0.0214
2024,00-0036906,Khalil Herbert,CIN,RB,11,11,10,25,0,-23,0.0209
2024,00-0036360,Clyde Edwards-Helaire,NO,RB,2,5,3,24,0,-4,0.0097
2024,00-0039344,Jonathon Brooks,CAR,RB,3,3,3,23,0,-8,0.0058
2024,00-0039816,Anthony Gould,IND,WR,8,1,1,23,0,18,0.002
2024,00-0033376,Patrick Ricard,BAL,RB,10,5,3,22,1,6,0.0109
2024,00-0036534,Shane Zylstra,DET,TE,2,1,1,22,0,9,0.0019
2024,00-0038636,Kenny McIntosh,SEA,RB,11,4,3,22,0,5,0.007
2024,00-0038647,Ronnie Bell,SF,WR,4,6,2,22,0,65,0.0117
2024,00-0039379,Jamari Thrash,CLE,WR,6,7,3,22,0,51,0.011
2024,00-0036133,James Proche,CLE,WR,9,3,3,21,0,17,0.0047
2024,00-0039613,Dallin Holker,NO,TE,3,4,3,21,0,36,0.0077
2024,00-0039792,Devontez Walker,BAL,WR,3,3,1,21,1,84,0.0066
2024,00-0037487,Deven Thompkins,CAR,WR,5,4,4,20,0,-8,0.0077
2024,00-0039420,Jaheim Bell,NE,TE,4,3,2,20,0,23,0.006
2024,00-0034115,Jeff Wilson,MIA,RB,7,3,3,19,0,0,0.0053
2024,00-0036183,Kristian Wilkerson,LV,WR,1,3,2,18,1,16,0.0051
2024,00-0037253,Marcus Jones,NE,CB,14,1,1,18,0,-7,0.002
2024,00-0038622,Deuce Vaughn,DAL,RB,5,5,3,18,0,0,0.008
2024,00-0036176,Mason Kinsey,TEN,WR,6,2,2,17,0,17,0.0039
2024,00-0036463,Chris Blair,ATL,WR,2,2,1,17,0,37,0.0037
2024,00-0034353,Anthony Miller,BAL,WR,1,1,1,16,0,15,0.0022
2024,00-0037348,Tanner Conner,MIA,TE,4,4,3,16,0,46,0.007
2024,00-0039920,Malachi Corley,NYJ,WR,5,6,3,16,0,50,0.0102
2024,00-0035341,Trenton Irwin,CIN,WR,6,10,3,15,0,62,0.0159
2024,00-0039617,Jacob Kibodi,CLE,RB,1,3,1,15,0,9,0.0047
2024,00-0036332,Josiah Deguara,JAX,TE,7,3,3,14,0,2,0.0057
2024,00-0039394,Casey Washington,ATL,WR,2,2,1,14,0,36,0.0037
2024,00-0039573,Blake Watson,DEN,RB,1,2,1,13,0,-4,0.0036
2024,00-0036165,Isaiah Hodgins,NYG,WR,2,2,2,12,0,11,0.0036
2024,00-0036825,Feleipe Franks,CAR,TE,9,3,1,12,0,49,0.0058
2024,00-0038611,Chris Rodriguez Jr.,WAS,RB,7,1,1,12,0,1,0.002
2024,00-0039853,Javon Baker,NE,WR,6,4,1,12,0,50,0.008
2024,00-0033292,Trent Taylor,SF,WR,2,1,1,11,0,9,0.0019
2024,00-0035311,Myles Gaskin,MIN,RB,4,1,1,11,0,-2,0.0019
2024,00-0035594,Travis Homer,CHI,RB,8,3,3,11,0,1,0.0057
2024,00-0036425,DeeJay Dallas,ARI,RB,16,3,3,11,1,-9,0.0057
2024,00-0037594,Julius Chestnut,TEN,RB,12,3,2,11,0,1,0.0059
2024,00-0038507,Grant DuBose,MIA,WR,2,4,2,11,0,47,0.007
2024,00-0033893,Dalvin Cook,DAL,RB,2,1,1,10,0,3,0.0016
2024,00-0036670,Jermar Jefferson,DET,RB,2,1,1,10,0,0,0.0019
2024,00-0036741,Jack Stoll,PHI,TE,5,3,2,10,0,12,0.0072
2024,00-0031690,Eric Tomlinson,LAC,TE,5,4,2,9,0,8,0.0081
2024,00-0033863,Dan Skipper,DET,OT,2,1,1,9,1,1,0.0019
2024,00-0037382,Brandon Johnson,PIT,WR,1,1,1,9,0,5,0.0022
2024,00-0037422,Kendric Pryor,CIN,WR,1,1,1,9,0,9,0.0016
2024,00-0037745,Velus Jones Jr.,CAR,WR,2,1,1,8,0,-5,0.0019
2024,00-0039392,Jha'Quan Jackson,TEN,WR,12,3,1,8,0,78,0.0059
2024,00-0039874,Jaylen Wright,MIA,RB,13,6,3,8,0,-6,0.0106
2024,00-0032141,Geoff Swaim,CLE,TE,3,1,1,7,0,2,0.0016
2024,00-0033106,Jared Goff,DET,QB,17,1,1,7,1,5,0.0019
2024,00-0034365,Ian Thomas,CAR,TE,3,6,3,7,0,24,0.0116
2024,00-0036556,Brevin Jordan,HOU,TE,2,3,2,7,0,1,0.0055
2024,00-0038498,E.J. Jenkins,PHI,TE,2,2,1,7,1,9,0.0048
2024,00-0038920,John Shenker,LV,TE,3,1,1,7,0,4,0.0017
2024,00-0039543,Ramel Keyton,LV,WR,3,3,1,7,0,30,0.0051
2024,00-0039824,Jared Wiley,KC,TE,1,1,1,7,0,4,0.0017
2024,00-0033460,John Ross,PHI,WR,1,2,1,6,0,47,0.0048
2024,00-0034184,Gus Edwards,LAC,RB,11,5,3,6,0,-15,0.0102
2024,00-0036254,Collin Johnson,CHI,WR,6,2,1,6,0,16,0.0038
2024,00-0036877,Jaelon Darden,SEA,WR,11,1,1,6,0,-3,0.0016
2024,00-0038359,Xavier Smith,LAR,WR,14,2,2,6,0,1,0.0037
2024,00-0039451,Isaiah Williams,CIN,WR,8,3,2,6,0,15,0.0057
2024,00-0039648,David Martin-Robinson,TEN,TE,4,2,1,6,0,0,0.0039
2024,00-0039703,Cody Schrader,LAR,RB,1,1,1,6,0,0,0.0018
2024,00-0032688,Robbie Chosen,MIA,WR,1,4,1,5,0,47,0.007
2024,00-0034073,Ross Dwelley,ATL,TE,4,1,1,5,0,1,0.0019
2024,00-0035547,Joseph Fortson,KC,TE,3,3,1,5,0,4,0.0052
2024,00-0036640,Zach Davidson,BUF,TE,2,2,1,5,0,10,0.004
2024,00-0037207,Mike Caliendo,KC,G,1,1,1,5,0,2,0.0017
2024,00-0038576,Charlie Jones,CIN,WR,7,1,1,5,0,5,0.0016
2024,00-0038941,Tyler Scott,CHI,WR,4,1,1,5,0,-2,0.0019
2024,00-0037287,Vederian Lowe,NE,OT,8,1,1,4,1,4,0.002
2024,00-0037578,Juanyeh Thomas,DAL,SAF,9,1,1,4,0,4,0.0016
2024,00-0039811,MarShawn Lloyd,GB,RB,1,1,1,3,0,-5,0.0022
2024,00-0024243,Marcedes Lewis,CHI,TE,5,1,1,2,0,1,0.0019
2024,00-0033873,Patrick Mahomes,KC,QB,16,1,1,2,0,-1,0.0017
2024,00-0034834,Sam Hubbard,CIN,DE,13,1,1,2,1,2,0.0016
2024,00-0037258,Dameon Pierce,HOU,RB,10,4,2,2,0,-5,0.0073
2024,00-0037306,John FitzPatrick,GB,TE,1,1,1,2,0,2,0.0022
2024,00-0039732,Bo Nix,DEN,QB,17,1,1,2,1,2,0.0018
2024,00-0034571,Trent Scott,WAS,OT,2,1,1,1,1,1,0.002
2024,00-0038981,Wanya Morris,KC,OT,6,1,1,1,1,1,0.0017
2024,00-0031299,Jordan Matthews,CAR,TE,2,1,0,0,0,16,0.0019
2024,00-0031357,C.J. Goodwin,DAL,CB,11,1,0,0,0,7,0.0016
2024,00-0032381,Taylor Decker,DET,OT,3,1,0,0,0,2,0.0019
2024,00-0034419,Braxton Berrios,MIA,WR,6,4,0,0,0,26,0.007
2024,00-0034959,Andrew Beck,HOU,FB,2,2,0,0,0,21,0.0043
2024,00-0035544,Tom Kennedy,DET,WR,3,1,0,0,0,11,0.0019
2024,00-0035795,James Pierre,PIT,CB,9,1,0,0,0,14,0.0022
2024,00-0036037,Sam Franklin Jr.,CAR,SAF,8,1,0,0,0,11,0.0019
2024,00-0036096,J.J. Taylor,HOU,RB,3,3,2,0,0,-6,0.0055
2024,00-0036438,Stephen Sullivan,CAR,TE,1,1,0,0,0,16,0.0019
2024,00-0036727,Adam Prentice,NO,FB,9,4,0,0,0,4,0.0077
2024,00-0036913,Kadarius Toney,CLE,WR,3,1,0,0,0,-5,0.0016
2024,00-0037093,Dareke Young,SEA,WR,7,1,0,0,0,9,0.0018
2024,00-0037156,Irvin Charles,NYJ,WR,8,1,0,0,0,3,0.0017
2024,00-0037216,Justyn Ross,KC,WR,1,1,0,0,0,10,0.0017
2024,00-0037243,Tyler Smith,DAL,OT,4,1,1,0,0,-6,0.0016
2024,00-0038090,Skyy Moore,KC,WR,3,3,0,0,0,18,0.0052
2024,00-0038092,Erik Ezukanma,MIA,WR,1,2,0,0,0,59,0.0035
2024,00-0038489,Ben VanSumeren,PHI,RB,3,1,1,0,0,0,0.0024
2024,00-0038643,Brayden Willis,SF,TE,5,2,0,0,0,11,0.0039
2024,00-0039163,C.J. Stroud,HOU,QB,17,1,0,0,0,10,0.0018
2024,00-0039316,Baylor Cupp,KC,TE,1,1,0,0,0,0,0.0017
2024,00-0039458,Brenden Bates,CLE,TE,1,1,0,0,0,-2,0.0016
2024,00-0039521,Xavier Weaver,ARI,WR,2,2,0,0,0,39,0.0038
2024,00-0039589,Kameron Johnson,TB,WR,4,1,0,0,0,3,0.0018
2024,00-0039731,JC Latham,TEN,OT,9,1,1,0,0,-4,0.002
2024,00-0039757,Terrell Jennings,NE,RB,2,1,0,0,0,29,0.002
2024,00-0039796,Rasheen Ali,BAL,RB,5,2,0,0,0,-5,0.0044
2024,00-0039164,Anthony Richardson,IND,QB,11,1,1,-1,0,-8,0.002
2024,00-0039299,George Holani,SEA,RB,3,1,1,-1,0,-1,0.0018
2024,00-0034208,Mike Boone,CAR,RB,5,3,1,-2,0,-14,0.0058
2024,00-0037085,Tyler Badie,DEN,RB,3,3,3,-2,0,-6,0.0055
2024,00-0038840,Brycen Tremayne,WAS,WR,2,1,1,-2,0,-2,0.002
2024,00-0039244,Chris Collier,LV,RB,6,2,1,-4,0,-5,0.0044
2025,00-0038543,Jaxon Smith-Njigba,SEA,WR,17,163,119,1793,10,1833,0.3582
2025,00-0039075,Puka Nacua,LAR,WR,16,166,129,1715,10,1566,0.2857
2025,00-0037247,George Pickens,DAL,WR,17,137,93,1429,9,1547,0.2257
2025,00-0036900,Ja'Marr Chase,CIN,WR,16,185,125,1412,8,1570,0.3043
2025,00-0036963,Amon-Ra St. Brown,DET,WR,17,172,117,1401,11,1390,0.3127
2025,00-0037744,Trey McBride,ARI,TE,17,169,126,1239,11,1126,0.2739
2025,00-0039064,Zay Flowers,BAL,WR,17,118,86,1211,5,1204,0.2899
2025,00-0037239,Chris Olave,NO,WR,16,156,100,1163,9,1841,0.2761
2025,00-0036554,Nico Collins,HOU,WR,15,120,71,1117,6,1529,0.217
2025,00-0037240,Jameson Williams,DET,WR,17,102,65,1117,7,1289,0.1855
2025,00-0036358,CeeDee Lamb,DAL,WR,13,117,75,1077,3,1403,0.1928
2025,00-0036322,Justin Jefferson,MIN,WR,17,141,84,1048,2,1438,0.3013
2025,00-0034348,Courtland Sutton,DEN,WR,17,124,74,1017,7,1542,0.2123
2025,00-0038117,Wan'Dale Robinson,NYG,WR,16,140,92,1014,4,1187,0.2783
2025,00-0040124,Tetairoa McMillan,CAR,WR,17,122,70,1014,7,1410,0.2542
2025,00-0031588,Stefon Diggs,NE,WR,17,102,85,1013,4,871,0.2116
2025,00-0036912,DeVonta Smith,PHI,WR,17,113,77,1008,4,1355,0.2435
2025,00-0038559,Michael Wilson,ARI,WR,17,126,78,1006,7,1502,0.2042
2025,00-0035676,A.J. Brown,PHI,WR,15,121,78,1003,7,1425,0.2608
2025,00-0037664,Alec Pierce,IND,WR,15,84,47,1003,6,1593,0.1585
2025,00-0040129,Emeka Egbuka,TB,WR,17,127,63,938,6,1572,0.2348
2025,00-0036970,Kyle Pitts,ATL,TE,17,118,88,928,5,869,0.2274
2025,00-0033280,Christian McCaffrey,SF,RB,17,129,102,924,7,335,0.2345
2025,00-0037238,Drake London,ATL,WR,12,112,68,919,7,1221,0.2158
2025,00-0036613,Jaylen Waddle,MIA,WR,16,100,64,910,6,1306,0.2165
2025,00-0036040,Juwan Johnson,NO,TE,17,102,77,889,3,773,0.1805
2025,00-0030506,Travis Kelce,KC,TE,17,108,76,851,5,735,0.1967
2025,00-0035640,DK Metcalf,PIT,WR,15,99,59,850,6,1044,0.1897
2025,00-0038606,Parker Washington,JAX,WR,16,95,58,847,5,1187,0.1737
2025,00-0036410,Tee Higgins,CIN,WR,15,98,59,846,11,1314,0.1612
2025,00-0034960,Jakobi Meyers,JAX,WR,16,110,75,835,3,1008,0.2227
2025,00-0038542,Bijan Robinson,ATL,RB,17,103,79,820,4,101,0.1985
2025,00-0040128,Tyler Warren,IND,TE,17,112,76,817,4,602,0.2113
2025,00-0031381,Davante Adams,LAR,WR,14,114,60,789,14,1444,0.1962
2025,00-0039915,Ladd McConkey,LAC,WR,16,106,66,789,6,1046,0.1949
2025,00-0036252,Michael Pittman,IND,WR,17,111,80,784,7,907,0.2094
2025,00-0030279,Keenan Allen,LAC,WR,17,122,81,777,4,1027,0.2243
2025,00-0034383,Dalton Schultz,HOU,TE,17,106,82,777,3,659,0.1917
2025,00-0033090,Hunter Henry,NE,TE,17,87,60,768,7,710,0.1805
2025,00-0038544,Quentin Johnston,LAC,WR,13,84,51,735,8,989,0.1544
2025,00-0040663,Harold Fannin Jr.,CLE,TE,16,107,72,731,6,646,0.205
2025,00-0035719,Deebo Samuel Sr.,WAS,WR,16,99,72,727,5,527,0.2292
2025,00-0037816,Romeo Doubs,GB,WR,16,85,55,724,6,1085,0.1848
2025,00-0037261,Khalil Shakir,BUF,WR,16,95,72,719,4,349,0.1983
2025,00-0040126,Colston Loveland,CHI,TE,16,82,58,713,6,746,0.1541
2025,00-0039868,Troy Franklin,DEN,WR,17,104,65,709,6,1321,0.1781
2025,00-0039893,Brian Thomas Jr.,JAX,WR,14,91,48,707,2,1315,0.1664
2025,00-0038563,Tre Tucker,LV,WR,17,92,57,696,5,935,0.1862
2025,00-0037545,Rashid Shaheed,SEA,WR,18,92,59,687,2,1053,0.1628
2025,00-0034827,DJ Moore,CHI,WR,17,85,50,682,6,988,0.1598
2025,00-0039338,Brock Bowers,LV,TE,12,86,64,680,7,560,0.1741
2025,00-0040189,Oronde Gadsden II,LAC,TE,15,69,49,664,3,624,0.1268
2025,00-0039919,Rome Odunze,CHI,WR,12,90,44,661,6,1252,0.1692
2025,00-0040735,Luther Burden III,CHI,WR,15,60,47,652,2,460,0.1128
2025,00-0036259,Jauan Jennings,SF,WR,15,90,55,643,9,905,0.1636
2025,00-0033288,George Kittle,SF,TE,11,69,57,628,7,460,0.1255
2025,00-0039139,Jahmyr Gibbs,DET,RB,17,94,77,616,5,54,0.1709
2025,00-0038124,Christian Watson,GB,WR,10,55,35,611,6,977,0.1196
2025,00-0038994,Jordan Addison,MIN,WR,14,79,42,610,3,1083,0.1688
2025,00-0039849,Marvin Harrison Jr.,ARI,WR,12,73,41,608,4,946,0.1183
2025,00-0036407,Jerry Jeudy,CLE,WR,17,106,50,602,2,1288,0.2031
2025,00-0038041,Jake Ferguson,DAL,TE,17,102,82,600,8,475,0.168
2025,00-0033908,Cooper Kupp,SEA,WR,16,70,47,593,2,532,0.1538
2025,00-0034351,Dallas Goedert,PHI,TE,15,82,60,591,11,583,0.1767
2025,00-0035662,Marquise Brown,KC,WR,16,74,49,587,5,836,0.1348
2025,00-0035659,Terry McLaurin,WAS,WR,10,60,38,582,3,839,0.1389
2025,00-0038129,Cade Otton,TB,TE,15,81,59,572,1,419,0.1497
2025,00-0038933,Dalton Kincaid,BUF,TE,12,49,39,571,5,465,0.1023
2025,00-0039067,Rashee Rice,KC,WR,8,78,53,571,5,338,0.1421
2025,00-0038997,Josh Downs,IND,WR,16,88,58,566,4,659,0.166
2025,00-0037809,Chig Okonkwo,TEN,TE,17,79,56,560,2,366,0.1491
2025,00-0033307,Kendrick Bourne,SF,WR,14,53,37,551,0,584,0.0964
2025,00-0038608,Kayshon Boutte,NE,WR,14,46,33,551,6,781,0.0954
2025,00-0033555,Mack Hollins,NE,WR,14,65,46,550,2,851,0.1349
2025,00-0038935,Brenton Strange,JAX,TE,12,60,46,540,3,414,0.1097
2025,00-0035535,Darius Slayton,NYG,WR,14,63,37,538,1,843,0.1252
2025,00-0039894,Xavier Worthy,KC,WR,14,73,42,532,1,944,0.133
2025,00-0039847,Theo Johnson,NYG,TE,15,74,45,528,5,616,0.1471
2025,00-0039916,Ricky Pearsall,SF,WR,9,53,36,528,0,748,0.0964
2025,00-0040130,Jayden Higgins,HOU,WR,17,68,41,525,6,839,0.123
2025,00-0039793,AJ Barner,SEA,TE,17,68,52,519,6,297,0.1495
2025,00-0040170,Elic Ayomanor,TEN,WR,16,89,41,515,4,1126,0.1679
2025,00-0030061,Zach Ertz,WAS,TE,13,72,50,504,4,656,0.1667
2025,00-0038996,Tucker Kraft,GB,TE,8,44,32,489,6,201,0.0957
2025,00-0039065,Sam LaPorta,DET,TE,9,49,40,489,3,277,0.0891
2025,00-0039040,De'Von Achane,MIA,RB,16,85,67,488,4,35,0.184
2025,00-0036894,Pat Freiermuth,PIT,TE,15,54,41,486,4,323,0.1034
2025,00-0036919,Kenny Gainwell,PIT,RB,17,85,73,486,3,-17,0.1628
2025,00-0039410,Ryan Flournoy,DAL,WR,15,56,40,475,4,466,0.0923
2025,00-0033881,Evan Engram,DEN,TE,16,76,50,461,1,331,0.1301
2025,00-0039890,Adonai Mitchell,NYJ,WR,16,74,33,453,2,1102,0.1396
2025,00-0038621,DeMario Douglas,NE,WR,16,46,31,447,3,445,0.0954
2025,00-0037291,Jalen Nailor,MIN,WR,17,53,29,444,4,656,0.1132
2025,00-0036309,Darnell Mooney,ATL,WR,15,72,32,443,1,1019,0.1387
2025,00-0035229,T.J. Hockenson,MIN,TE,15,66,51,438,3,329,0.141
2025,00-0038104,Tyquan Thornton,KC,WR,12,37,19,438,3,995,0.0674
2025,00-0038597,Chase Brown,CIN,RB,17,88,69,437,5,46,0.1447
2025,00-0038619,Andrei Iosivas,CIN,WR,15,58,33,435,2,606,0.0954
2025,00-0038618,Xavier Hutchinson,HOU,WR,16,57,35,428,3,584,0.1031
2025,00-0040705,Chimere Dike,TEN,WR,17,74,48,423,4,599,0.1396
2025,00-0034753,Mark Andrews,BAL,TE,17,70,48,422,5,508,0.172
2025,00-0035689,Dawson Knox,BUF,TE,16,49,36,417,4,329,0.1023
2025,00-0036244,Colby Parkinson,LAR,TE,14,56,43,408,8,248,0.0964
2025,00-0039901,Keon Coleman,BUF,WR,12,59,38,404,4,659,0.1232
2025,00-0037801,KaVontae Turpin,DAL,WR,15,38,26,396,2,339,0.0626
2025,00-0037740,Garrett Wilson,NYJ,WR,7,59,36,395,4,535,0.125
2025,00-0039491,Jalen Coker,CAR,WR,11,43,33,394,3,435,0.0896
2025,00-0036223,Jonathan Taylor,IND,RB,17,55,46,378,2,-45,0.1038
2025,00-0040134,Pat Bryant,DEN,WR,13,49,31,378,1,410,0.0839
2025,00-0037837,Calvin Austin III,PIT,WR,14,55,31,372,3,605,0.1054
2025,00-0032385,Sterling Shepard,TB,WR,13,53,39,371,1,453,0.098
2025,00-0040736,Mason Taylor,NYJ,TE,13,65,44,369,1,375,0.1377
2025,00-0031408,Mike Evans,TB,WR,8,62,30,368,3,824,0.1146
2025,00-0038558,Darnell Washington,PIT,TE,13,43,31,364,1,242,0.0824
2025,00-0039342,Xavier Legette,CAR,WR,15,64,35,363,3,633,0.1333
2025,00-0040667,Matthew Golden,GB,WR,14,44,29,361,0,552,0.0957
2025,00-0033921,Chris Godwin Jr.,TB,WR,9,51,33,360,2,361,0.0943
2025,00-0040584,Gunnar Helm,TEN,TE,16,55,44,357,2,303,0.1038
2025,00-0040730,RJ Harvey,DEN,RB,17,58,47,356,5,28,0.0993
2025,00-0036415,Van Jefferson,TEN,WR,14,52,29,350,1,623,0.0981
2025,00-0038120,Breece Hall,NYJ,RB,16,48,36,350,1,14,0.1017
2025,00-0036290,Cole Kmet,CHI,TE,16,48,30,347,2,421,0.0902
2025,00-0040122,Ashton Jeanty,LV,RB,17,73,55,346,5,-104,0.1478
2025,00-0033857,JuJu Smith-Schuster,KC,WR,17,45,33,345,1,244,0.082
2025,00-0036875,Rhamondre Stevenson,NE,RB,14,37,32,345,2,159,0.0768
2025,00-0040782,Isaiah Bond,CLE,WR,15,44,18,338,0,751,0.0843
2025,00-0037252,Greg Dulcich,MIA,TE,9,33,26,335,1,155,0.0714
2025,00-0037228,Jaylen Warren,PIT,RB,16,45,40,333,2,-113,0.0862
2025,00-0038393,Dontayvion Wicks,GB,WR,13,46,30,332,2,517,0.1
2025,00-0030564,DeAndre Hopkins,BAL,WR,17,39,22,330,2,513,0.0958
2025,00-0039066,Michael Mayer,LV,TE,13,50,35,328,1,240,0.1012
2025,00-0040727,Tre Harris,LAC,WR,16,43,30,324,1,398,0.079
2025,00-0038976,Marvin Mims Jr.,DEN,WR,15,51,37,322,1,478,0.0873
2025,00-0040237,Tez Johnson,TB,WR,15,44,28,322,5,516,0.0813
2025,00-0039880,Malik Washington,MIA,WR,17,65,46,317,3,337,0.1407
2025,00-0035208,Olamide Zaccheaus,CHI,WR,14,65,39,313,2,462,0.1222
2025,00-0034829,Mike Gesicki,CIN,TE,12,42,28,307,2,418,0.0691
2025,00-0037838,Isaiah Likely,BAL,TE,12,36,27,307,1,287,0.0885
2025,00-0034837,Calvin Ridley,TEN,WR,7,36,17,303,0,453,0.0679
2025,00-0036988,Josh Palmer,BUF,WR,12,37,22,303,0,424,0.0772
2025,00-0038359,Xavier Smith,LAR,WR,16,24,18,303,0,405,0.0413
2025,00-0039041,Elijah Higgins,ARI,TE,17,37,30,301,0,148,0.06
2025,00-0036275,D'Andre Swift,CHI,RB,16,48,34,299,1,-25,0.0902
2025,00-0040718,Travis Hunter,JAX,CB,7,45,28,298,1,354,0.0823
2025,00-0036139,Rico Dowdle,CAR,RB,17,50,39,297,1,-52,0.1042
2025,00-0033885,David Njoku,CLE,TE,11,48,33,293,4,253,0.092
2025,00-0037112,Jake Tonges,SF,TE,10,46,34,293,5,233,0.0836
2025,00-0039424,Devaughn Vele,NO,WR,9,39,25,293,2,432,0.069
2025,00-0036973,Travis Etienne,JAX,RB,17,52,36,292,6,-76,0.0951
2025,00-0040138,Jaylin Noel,HOU,WR,17,35,26,292,2,327,0.0633
2025,00-0032211,Tyler Lockett,LV,WR,17,55,32,291,1,426,0.1038
2025,00-0037248,James Cook,BUF,RB,17,40,33,291,2,56,0.0835
2025,00-0032464,Kalif Raymond,DET,WR,15,30,24,289,1,169,0.0545
2025,00-0035644,Noah Fant,CIN,TE,13,41,34,288,3,137,0.0674
2025,00-0039384,Tyrone Tracy Jr.,NYG,RB,15,48,36,288,2,19,0.0954
2025,00-0038115,Daniel Bellinger,NYG,TE,13,26,19,286,2,244,0.0517
2025,00-0031610,Darren Waller,MIA,TE,9,34,24,283,6,359,0.0736
2025,00-0035700,Josh Jacobs,GB,RB,15,44,36,282,1,-39,0.0957
2025,00-0038134,Kenneth Walker III,SEA,RB,17,36,31,282,0,-41,0.0791
2025,00-0033110,Tyler Higbee,LAR,TE,10,36,25,281,3,218,0.062
2025,00-0037840,Kyren Williams,LAR,RB,17,50,36,281,3,125,0.0861
2025,00-0031236,Brandin Cooks,BUF,WR,13,36,24,279,0,516,0.0637
2025,00-0039361,Bucky Irving,TB,RB,10,35,30,277,3,-56,0.0647
2025,00-0032775,Demarcus Robinson,SF,WR,14,35,22,276,1,472,0.0636
2025,00-0037614,John Metchie III,NYJ,WR,13,48,33,274,2,268,0.1034
2025,00-0034844,Saquon Barkley,PHI,RB,16,50,37,273,2,31,0.1078
2025,00-0039337,Malik Nabers,NYG,WR,4,35,18,271,2,555,0.0696
2025,00-0040162,Dylan Sampson,CLE,RB,15,40,33,271,2,-62,0.0766
2025,00-0038979,Cedric Tillman,CLE,WR,12,39,21,270,2,463,0.0747
2025,00-0036924,Michael Carter,ARI,RB,13,45,33,267,0,75,0.0729
2025,00-0033040,Tyreek Hill,MIA,WR,4,29,21,265,1,399,0.0628
2025,00-0039032,Tyjae Spears,TEN,RB,13,50,45,264,0,-115,0.0943
2025,00-0032392,Austin Hooper,NE,TE,13,26,21,263,2,234,0.0539
2025,00-0035537,Ty Johnson,BUF,RB,17,33,24,263,2,-39,0.0689
2025,00-0037741,Jahan Dotson,PHI,WR,15,36,18,262,1,555,0.0776
2025,00-0039144,Luke Musgrave,GB,TE,13,31,24,252,0,266,0.0674
2025,00-0037005,Tommy Tremble,CAR,TE,15,37,27,249,2,163,0.0771
2025,00-0038679,Tyrell Shavers,BUF,WR,11,23,15,245,1,298,0.048
2025,00-0034775,Christian Kirk,HOU,WR,11,52,28,239,1,365,0.094
2025,00-0040669,Isaac TeSlaa,DET,WR,14,27,16,239,6,352,0.0491
2025,00-0040737,Terrance Ferguson,LAR,TE,11,25,11,231,3,466,0.043
2025,00-0036626,Dyami Brown,JAX,WR,11,37,20,227,1,518,0.0676
2025,00-0040164,Jaylin Lane,WAS,WR,15,32,16,225,0,427,0.0741
2025,00-0036550,Rashod Bateman,BAL,WR,13,38,19,224,2,468,0.0934
2025,00-0040729,Jack Bech,LV,WR,14,29,20,224,0,240,0.0587
2025,00-0036555,Chuba Hubbard,CAR,RB,15,39,30,223,3,-40,0.0813
2025,00-0033858,Jonnu Smith,PIT,TE,17,54,38,222,2,234,0.1034
2025,00-0040734,TreVeyon Henderson,NE,RB,17,42,35,221,1,-1,0.0871
2025,00-0037256,Rachaad White,TB,RB,17,45,40,218,0,-102,0.0832
2025,00-0029892,Kyle Juszczyk,SF,FB,16,28,24,213,2,120,0.0509
2025,00-0040131,Kyle Williams,NE,WR,14,21,10,209,3,400,0.0436
2025,00-0039074,Davis Allen,LAR,TE,15,33,24,208,3,130,0.0568
2025,00-0040583,Woody Marks,HOU,RB,16,36,24,208,3,77,0.0651
2025,00-0032398,Chris Moore,WAS,WR,10,23,11,207,1,332,0.0532
2025,00-0039146,Jayden Reed,GB,WR,5,22,19,207,1,179,0.0478
2025,00-0040715,Cam Skattebo,NYG,RB,8,32,24,207,2,-5,0.0636
2025,00-0035261,Tony Pollard,TEN,RB,17,41,33,206,0,12,0.0774
2025,00-0035500,Greg Dortch,ARI,WR,12,33,29,206,3,58,0.0535
2025,00-0037666,Jalen Tolbert,DAL,WR,12,34,18,203,1,408,0.056
2025,00-0039355,Luke McCaffrey,WAS,WR,9,15,11,203,3,218,0.0347
2025,00-0033293,Aaron Jones,MIN,RB,12,41,28,199,1,-25,0.0876
2025,00-0036427,Tyler Johnson,NYJ,WR,9,18,12,197,1,210,0.0381
2025,00-0033955,Jeremy McNichols,WAS,RB,16,31,25,196,0,-23,0.0718
2025,00-0036422,Adam Trautman,DEN,TE,13,23,20,195,1,106,0.0394
2025,00-0039451,Isaiah Williams,NYJ,WR,15,36,26,193,0,122,0.0763
2025,00-0035685,David Montgomery,DET,RB,17,29,24,192,0,12,0.0527
2025,00-0036849,Tutu Atwell,LAR,WR,8,15,6,192,1,302,0.0258
2025,00-0040666,Omarion Hampton,LAC,RB,9,35,32,192,1,-54,0.0643
2025,00-0035359,David Sills,ATL,WR,12,36,18,191,2,404,0.0694
2025,00-0039356,Ja'Tavion Sanders,CAR,TE,12,34,29,190,1,164,0.0708
2025,00-0033375,Tim Patrick,JAX,WR,13,24,15,187,3,258,0.0439
2025,00-0040194,Jackson Hawes,BUF,TE,13,19,16,187,3,139,0.0397
2025,00-0030035,Adam Thielen,PIT,WR,14,35,19,186,0,306,0.0748
2025,00-0033906,Alvin Kamara,NO,RB,11,39,33,186,0,33,0.069
2025,00-0039798,Isaiah Davis,NYJ,RB,16,28,21,186,0,32,0.0593
2025,00-0033891,Zay Jones,ARI,WR,6,18,12,183,0,241,0.0292
2025,00-0037805,Jeremy Ruckert,NYJ,TE,14,29,23,179,1,102,0.0614
2025,00-0040739,Elijah Arroyo,SEA,TE,13,26,15,179,1,220,0.0571
2025,00-0036637,Noah Gray,KC,TE,14,37,21,178,0,239,0.0674
2025,00-0039855,Jalen McMillan,TB,WR,4,15,12,178,0,179,0.0277
2025,00-0040078,Brashard Smith,KC,RB,17,35,25,172,1,-56,0.0638
2025,00-0039751,Jordan Whittington,LAR,WR,15,25,18,171,0,171,0.043
2025,00-0040187,Mitchell Evans,CAR,TE,14,25,19,171,2,91,0.0521
2025,00-0040784,Quinshon Judkins,CLE,RB,14,36,26,171,0,-15,0.069
2025,00-0034975,Justice Hill,BAL,RB,10,27,21,169,1,-6,0.0663
2025,00-0034613,Tanner Hudson,CIN,TE,10,24,19,168,2,119,0.0395
2025,00-0039739,Roman Wilson,PIT,WR,9,21,12,166,2,277,0.0402
2025,00-0040236,Kyle Monangai,CHI,RB,17,30,18,164,0,2,0.0564
2025,00-0040648,Tory Horton,SEA,WR,8,22,13,161,5,337,0.0484
2025,00-0035249,Josh Oliver,MIN,TE,12,19,15,160,4,64,0.0406
2025,00-0037157,Bam Knight,ARI,RB,12,31,22,160,1,37,0.0502
2025,00-0038840,Brycen Tremayne,CAR,WR,15,18,14,160,0,157,0.0375
2025,00-0035406,Lil'Jordan Humphrey,DEN,WR,7,25,13,156,1,277,0.0497
2025,00-0035250,Devin Singletary,NYG,RB,17,19,18,151,0,-12,0.0378
2025,00-0032764,Derrick Henry,BAL,RB,17,21,15,150,0,12,0.0516
2025,00-0035645,Gunner Olszewski,NYG,WR,16,13,10,145,1,130,0.0258
2025,00-0039165,Zach Charbonnet,SEA,RB,16,24,20,144,0,40,0.0527
2025,00-0033923,Kareem Hunt,KC,RB,17,25,18,143,1,0,0.0455
2025,00-0038046,Charlie Kolar,BAL,TE,13,15,10,142,2,106,0.0369
2025,00-0037085,Tyler Badie,DEN,RB,16,31,19,141,0,-44,0.0531
2025,00-0037231,Kevin Austin Jr.,NO,WR,5,23,13,140,1,191,0.0407
2025,00-0038720,Julian Hill,MIA,TE,11,20,15,140,0,66,0.0433
2025,00-0040311,Theo Wease Jr.,MIA,WR,3,10,6,139,1,137,0.0216
2025,00-0036997,Javonte Williams,DAL,RB,16,51,35,137,2,-67,0.084
2025,00-0039391,Kimani Vidal,LAC,RB,13,22,16,136,1,-14,0.0404
2025,00-0039792,Devontez Walker,BAL,WR,8,8,6,136,3,196,0.0197
2025,00-0040581,Dont'e Thornton Jr.,LV,WR,11,30,10,135,0,497,0.0607
2025,00-0038547,Luke Schoonmaker,DAL,TE,14,23,14,132,0,165,0.0379
2025,00-0037742,Treylon Burks,WAS,WR,8,22,10,130,1,296,0.0509
2025,00-0036196,Gabe Davis,BUF,WR,6,18,12,129,1,159,0.0376
2025,00-0034860,Dante Pettis,NO,WR,8,11,9,127,0,105,0.0195
2025,00-0034272,Marquez Valdes-Scantling,PIT,WR,9,29,14,120,1,354,0.0527
2025,00-0033217,Mo Alie-Cox,IND,TE,11,20,13,117,1,93,0.0377
2025,00-0038839,Mitchell Tinsley,CIN,WR,8,24,8,116,2,354,0.0395
2025,00-0036165,Isaiah Hodgins,NYG,WR,6,19,10,115,1,207,0.0378
2025,00-0034365,Ian Thomas,LV,TE,9,13,13,114,0,42,0.0263
2025,00-0039912,Ben Sinnott,WAS,TE,9,13,11,114,1,106,0.0301
2025,00-0036980,Elijah Moore,BUF,WR,9,17,9,112,0,142,0.0355
2025,00-0033246,Johnny Mundt,JAX,TE,12,19,9,111,0,100,0.0347
2025,00-0038738,Hunter Luepke,DAL,RB,14,15,13,109,1,-3,0.0247
2025,00-0036754,Brock Wright,DET,TE,8,22,14,108,2,22,0.04
2025,00-0040218,Jimmy Horn Jr.,CAR,WR,10,15,11,108,0,90,0.0312
2025,00-0037091,Bo Melton,GB,WR,13,13,4,107,1,222,0.0283
2025,00-0039379,Jamari Thrash,CLE,WR,8,15,10,107,0,102,0.0287
2025,00-0035021,Ashton Dulin,IND,WR,12,10,5,106,0,158,0.0189
2025,00-0035631,Drew Sample,CIN,TE,12,20,15,106,1,-7,0.0329
2025,00-0040202,Devin Neal,NO,RB,9,19,17,104,0,-38,0.0336
2025,00-0036628,John Bates,WAS,TE,10,16,11,103,1,48,0.037
2025,00-0037267,Jerome Ford,CLE,RB,13,32,26,103,0,-49,0.0613
2025,00-0039373,Audric Estimé,NO,RB,5,13,12,103,0,-2,0.023
2025,00-0033943,Josh Reynolds,NYJ,WR,5,21,11,101,0,276,0.0445
2025,00-0034270,Tyler Conklin,LAC,TE,6,10,7,101,0,45,0.0184
2025,00-0037197,Isiah Pacheco,KC,RB,13,26,19,101,1,-27,0.0474
2025,00-0038705,Emari Demercado,ARI,RB,12,20,13,101,1,12,0.0324
2025,00-0032104,Ameer Abdullah,IND,RB,13,17,16,99,0,-3,0.0321
2025,00-0038797,Emanuel Wilson,GB,RB,17,17,15,99,0,-32,0.037
2025,00-0038440,Zavier Scott,MIN,RB,11,16,14,98,1,17,0.0342
2025,00-0034159,Will Dissly,LAC,TE,8,16,11,97,0,72,0.0294
2025,00-0037263,Tyler Allgeier,ATL,RB,17,16,14,96,0,-26,0.0308
2025,00-0039394,Casey Washington,ATL,WR,5,14,6,94,0,262,0.027
2025,00-0040024,Darius Cooper,PHI,WR,6,11,9,92,0,109,0.0237
2025,00-0040590,Konata Mumpfield,LAR,WR,10,23,10,92,1,296,0.0396
2025,00-0033357,Taysom Hill,NO,TE,13,16,11,91,0,54,0.0283
2025,00-0037348,Tanner Conner,MIA,TE,8,15,9,91,0,119,0.0325
2025,00-0038685,Chris Brooks,GB,RB,17,17,13,91,0,6,0.037
2025,00-0035891,Cody White,SEA,WR,8,4,3,90,1,39,0.0088
2025,00-0039530,Brevyn Spann-Ford,DAL,TE,16,13,9,90,1,107,0.0214
2025,00-0034983,Hunter Renfrow,CAR,WR,6,26,15,89,2,194,0.0542
2025,00-0036182,Nick Westbrook-Ikhine,MIA,WR,13,20,11,89,0,110,0.0433
2025,00-0033526,Samaje Perine,CIN,RB,15,21,17,87,0,-32,0.0345
2025,00-0038090,Skyy Moore,SF,WR,17,7,5,87,0,110,0.0127
2025,00-0040277,Jahdae Walker,CHI,WR,6,10,6,87,2,130,0.0188
2025,00-0038465,Malik Heath,GB,WR,7,7,6,86,0,65,0.0152
2025,00-0039875,Ray Davis,BUF,RB,17,13,10,86,2,1,0.0271
2025,00-0036887,Luke Farrell,SF,TE,13,14,11,85,2,41,0.0255
2025,00-0037004,Hunter Long,JAX,TE,7,17,12,85,2,66,0.0311
2025,00-0033591,Noah Brown,WAS,WR,4,10,5,83,0,145,0.0231
2025,00-0033282,Curtis Samuel,BUF,WR,6,9,7,81,1,145,0.0188
2025,00-0039920,Malachi Corley,CLE,WR,12,14,11,79,0,-7,0.0268
2025,00-0040719,Bhayshul Tuten,JAX,RB,15,14,10,79,2,8,0.0256
2025,00-0040009,Savion Williams,GB,WR,12,10,10,78,1,17,0.0217
2025,00-0033854,Dare Ogunbowale,HOU,RB,14,13,10,76,0,24,0.0235
2025,00-0037086,Grant Calcaterra,PHI,TE,9,13,9,76,1,85,0.028
2025,00-0039359,Cade Stover,HOU,TE,6,16,12,76,0,31,0.0289
2025,00-0039623,Mason Tipton,NO,WR,8,17,11,76,0,149,0.0301
2025,00-0040563,Efton Chism III,NE,WR,8,3,3,75,1,35,0.0062
2025,00-0037306,John FitzPatrick,GB,TE,11,15,12,72,1,24,0.0326
2025,00-0040259,Gage Larvadain,CLE,WR,13,14,7,71,0,125,0.0268
2025,00-0031687,Raheem Mostert,LV,RB,12,12,12,70,0,-16,0.0243
2025,00-0034521,Allen Lazard,NYJ,WR,9,18,10,70,1,142,0.0381
2025,00-0034407,Ray-Ray McCloud,NYG,WR,6,15,7,69,0,84,0.0289
2025,00-0036862,Ben Skowronek,PIT,WR,16,6,4,69,1,61,0.0115
2025,00-0039796,Rasheen Ali,BAL,RB,15,11,9,68,1,-1,0.027
2025,00-0040242,Jacory Croskey-Merritt,WAS,RB,17,13,9,68,0,-19,0.0301
2025,00-0034791,Nick Chubb,HOU,RB,15,20,13,67,0,15,0.0362
2025,00-0039521,Xavier Weaver,ARI,WR,7,13,7,67,0,192,0.0211
2025,00-0036133,James Proche,TEN,WR,6,12,6,65,0,175,0.0226
2025,00-0039589,Kameron Johnson,TB,WR,17,7,4,64,1,88,0.0129
2025,00-0039921,Trey Benson,ARI,RB,4,16,13,64,0,-22,0.0259
2025,00-0038454,Keaton Mitchell,BAL,RB,13,12,9,63,0,-28,0.0295
2025,00-0035298,Scott Miller,PIT,WR,5,14,9,62,0,74,0.0268
2025,00-0036620,Dee Eskridge,MIA,WR,11,7,4,62,0,98,0.0152
2025,00-0034981,Foster Moreau,NO,TE,7,10,7,59,0,10,0.0177
2025,00-0038891,Shedrick Jackson,LV,WR,3,5,4,56,1,81,0.0101
2025,00-0039746,Will Shipley,PHI,RB,14,12,9,56,0,-10,0.0259
2025,00-0035291,Trayveon Williams,CLE,RB,6,9,8,55,0,-34,0.0165
2025,00-0036590,Quintin Morris,JAX,TE,11,9,6,55,1,45,0.0165
2025,00-0040238,LeQuint Allen Jr.,JAX,RB,16,11,10,54,0,-15,0.0201
2025,00-0032688,Robbie Chosen,WAS,WR,3,9,5,53,0,131,0.0208
2025,00-0033455,Anthony Firkser,DET,TE,5,10,8,53,0,35,0.0182
2025,00-0036727,Adam Prentice,DEN,FB,13,8,6,53,0,9,0.0137
2025,00-0035125,Alec Ingold,MIA,FB,9,11,8,52,0,41,0.0238
2025,00-0037475,Stone Smartt,NYJ,TE,6,9,7,52,0,42,0.0191
2025,00-0040582,Arian Smith,NYJ,WR,13,16,7,52,0,216,0.0339
2025,00-0037525,Jordan Mason,MIN,RB,16,16,14,51,0,-52,0.0342
2025,00-0038640,Jalen Brooks,ARI,WR,5,6,3,51,0,68,0.0099
2025,00-0040184,KeAndre Lambert-Smith,LAC,WR,10,12,5,51,1,211,0.0221
2025,00-0036959,Michael Bandy,DEN,WR,4,4,4,50,1,24,0.0068
2025,00-0036176,Mason Kinsey,TEN,WR,6,4,2,48,0,92,0.0075
2025,00-0036429,Charlie Woerner,ATL,TE,7,9,8,48,0,12,0.0173
2025,00-0037093,Dareke Young,SEA,WR,8,3,2,48,0,57,0.0066
2025,00-0038783,Nate Adkins,DEN,TE,6,11,6,48,1,35,0.0188
2025,00-0039458,Brenden Bates,CLE,TE,5,5,4,48,0,39,0.009
2025,00-0036741,Jack Stoll,NO,TE,9,11,6,46,1,34,0.0195
2025,00-0036841,Austin Trammell,JAX,WR,6,10,3,46,0,130,0.0183
2025,00-0034959,Andrew Beck,NYJ,FB,11,9,6,45,2,38,0.0191
2025,00-0036630,Tylan Wallace,BAL,WR,11,8,4,45,1,107,0.0197
2025,00-0034418,Cedrick Wilson Jr.,MIA,WR,6,9,5,44,0,79,0.0195
2025,00-0039874,Jaylen Wright,MIA,RB,9,9,5,44,0,-34,0.0195
2025,00-0038953,Dylan Drummond,ATL,WR,6,11,7,42,0,85,0.0212
2025,00-0040522,Xavier Restrepo,TEN,WR,2,7,3,41,0,77,0.0132
2025,00-0036876,Kylen Granson,PHI,TE,12,9,7,40,0,68,0.0194
2025,00-0033553,James Conner,ARI,RB,3,9,8,38,1,-9,0.0146
2025,00-0033699,Austin Ekeler,WAS,RB,2,7,5,38,0,12,0.0162
2025,00-0034419,Braxton Berrios,HOU,WR,4,8,6,37,0,24,0.0145
2025,00-0036158,J.K. Dobbins,DEN,RB,10,14,11,37,0,-30,0.024
2025,00-0039884,Tahj Washington,MIA,WR,2,5,3,37,0,124,0.0108
2025,00-0035544,Tom Kennedy,DET,WR,6,4,4,36,0,32,0.0073
2025,00-0036423,Albert Okwuegbunam,LV,TE,1,6,5,36,0,18,0.0121
2025,00-0038589,Josh Whyle,GB,TE,6,6,5,36,1,23,0.013
2025,00-0039738,Blake Corum,LAR,RB,17,14,8,36,0,25,0.0241
2025,00-0038938,Jalin Hyatt,NYG,WR,6,14,5,35,0,280,0.0278
2025,00-0040363,Keleki Latu,BUF,TE,3,4,4,35,0,12,0.0084
2025,00-0038824,Ryan Miller,TB,WR,9,4,2,34,1,70,0.0074
2025,00-0038951,Sean Tucker,TB,RB,17,11,8,34,1,-10,0.0203
2025,00-0039405,Jawhar Jordan,HOU,RB,4,7,7,34,0,-6,0.0127
2025,00-0031503,Jameis Winston,NYG,QB,3,1,1,33,1,13,0.002
2025,00-0038555,Tank Bigsby,PHI,RB,15,4,3,32,0,-6,0.0073
2025,00-0040198,Ollie Gordon II,MIA,RB,17,9,7,32,1,-25,0.0195
2025,00-0033576,Eric Saubert,SEA,TE,9,7,4,31,0,28,0.0154
2025,00-0034854,KhaDarel Hodge,ATL,WR,8,10,3,31,0,150,0.0193
2025,00-0034386,Justin Watson,HOU,WR,3,4,3,30,0,33,0.0072
2025,00-0035243,Miles Sanders,DAL,RB,4,8,8,30,0,-14,0.0132
2025,00-0038551,Kendre Miller,NO,RB,7,5,5,30,0,-5,0.0088
2025,00-0038611,Chris Rodriguez Jr.,WAS,RB,12,4,3,30,0,16,0.0093
2025,00-0038809,Ben Sims,MIN,TE,3,6,3,30,0,73,0.0128
2025,00-0039648,David Martin-Robinson,TEN,TE,11,6,4,30,1,23,0.0113
2025,00-0037282,James Mitchell,CAR,TE,2,3,3,28,0,7,0.0063
2025,00-0037292,Andrew Ogletree,IND,TE,11,6,4,27,1,42,0.0113
2025,00-0037487,Deven Thompkins,ATL,WR,7,3,3,27,0,7,0.0058
2025,00-0038794,Jaleel McLaughlin,DEN,RB,8,6,4,27,0,-23,0.0103
2025,00-0036331,Devin Duvernay,CHI,WR,17,5,2,26,0,75,0.0094
2025,00-0040172,Jordan Watkins,SF,WR,2,3,2,26,0,43,0.0055
2025,00-0034798,Durham Smythe,CHI,TE,7,6,4,25,0,24,0.0113
2025,00-0036893,Najee Harris,LAC,RB,3,3,3,25,0,10,0.0055
2025,00-0037746,Brian Robinson,SF,RB,17,12,8,25,0,0,0.0218
2025,00-0039062,Jonathan Mingo,DAL,WR,5,5,1,25,0,97,0.0082
2025,00-0040154,Tai Felton,MIN,WR,12,3,3,25,0,11,0.0064
2025,00-0040317,Jacoby Jones,WAS,WR,1,1,1,25,0,3,0.0023
2025,00-0040432,Beaux Collins,NYG,WR,4,6,2,25,0,73,0.0119
2025,00-0036187,Reggie Gilliam,BUF,RB,11,2,2,24,0,22,0.0042
2025,00-0038040,Zamir White,LV,RB,5,6,4,24,0,-3,0.0121
2025,00-0037524,Tay Martin,WAS,WR,2,2,2,23,0,18,0.0046
2025,00-0038647,Ronnie Bell,NO,WR,2,4,2,23,1,78,0.0071
2025,00-0039918,Caleb Williams,CHI,QB,17,2,2,22,1,-3,0.0038
2025,00-0034487,Trent Sherfield,ARI,WR,4,5,3,21,0,45,0.0086
2025,00-0035238,Cody Ford,CIN,OT,1,1,1,21,0,4,0.0016
2025,00-0036265,AJ Dillon,PHI,RB,6,3,3,21,0,12,0.0065
2025,00-0036332,Josiah Deguara,ARI,TE,7,5,3,21,1,23,0.0081
2025,00-0037304,Connor Heyward,PIT,FB,14,4,3,21,1,26,0.0077
2025,00-0038519,Nikko Remigio,KC,WR,14,1,1,21,0,18,0.0018
2025,00-0040466,Raheim Sanders,CLE,RB,4,4,3,21,0,14,0.0077
2025,00-0036534,Shane Zylstra,DET,TE,1,5,3,20,0,37,0.0091
2025,00-0037132,Britain Covey,PHI,WR,6,4,2,20,0,8,0.0086
2025,00-0038728,Jared Wayne,HOU,WR,1,2,2,20,0,17,0.0036
2025,00-0038752,Jake Bobo,SEA,WR,5,2,2,20,0,14,0.0044
2025,00-0037654,Tucker Fisk,LAC,TE,4,4,2,19,0,22,0.0074
2025,00-0039407,Dylan Laube,LV,RB,17,4,3,18,0,-6,0.0081
2025,00-0039686,Colson Yankoff,WAS,TE,10,3,2,18,0,18,0.0069
2025,00-0039737,Tip Reiman,ARI,TE,3,5,3,18,0,26,0.0081
2025,00-0037340,Zaire Mitchell-Paden,NO,TE,3,3,2,17,0,13,0.0074
2025,00-0039794,Braelon Allen,NYJ,RB,4,3,2,17,0,8,0.0064
2025,00-0037563,Malik Davis,DAL,RB,10,5,2,16,0,18,0.0082
2025,00-0038394,Will Mallory,IND,TE,1,1,1,16,0,16,0.0019
2025,00-0036497,Tim Jones,JAX,WR,2,1,1,15,0,4,0.0018
2025,00-0037539,Lucas Krull,DEN,TE,2,4,2,15,0,20,0.0068
2025,00-0039299,George Holani,SEA,RB,10,2,2,15,0,-1,0.0044
2025,00-0040388,Jakobie Keeney-James,GB,WR,1,2,2,15,0,15,0.0043
2025,00-0040556,Corey Kiner,ARI,RB,4,3,2,15,0,11,0.0049
2025,00-0040509,Ben Yurosek,MIN,TE,6,3,2,14,0,11,0.0064
2025,00-0037617,Hassan Haskins,LAC,RB,11,4,4,13,0,-3,0.0074
2025,00-0040644,Trevor Etienne,CAR,RB,17,3,3,13,0,2,0.0063
2025,00-0035602,Alex Bachman,LV,WR,11,3,2,12,0,14,0.0061
2025,00-0038614,Scott Matlock,LAC,DT,4,4,4,12,1,0,0.0074
2025,00-0032918,C.J. Ham,MIN,FB,8,2,2,11,0,2,0.0043
2025,00-0037015,Sal Cannella,CLE,TE,2,5,2,11,0,55,0.0096
2025,00-0037276,Ty Chandler,MIN,RB,3,4,3,11,0,-20,0.0085
2025,00-0039050,Payne Durham,TB,TE,8,4,1,11,0,16,0.0074
2025,00-0040021,Phil Mafah,DAL,RB,1,2,2,11,0,-11,0.0033
2025,00-0038573,Derius Davis,LAC,WR,11,3,2,10,0,33,0.0055
2025,00-0040244,Moliki Matavao,NO,TE,1,2,2,10,0,5,0.0035
2025,00-0040406,Quentin Skinner,NYJ,WR,1,1,1,10,0,4,0.0021
2025,00-0036360,Clyde Edwards-Helaire,KC,RB,2,2,2,9,0,-4,0.0036
2025,00-0039164,Anthony Richardson,IND,QB,2,1,1,9,0,2,0.0019
2025,00-0039757,Terrell Jennings,NE,RB,6,1,1,9,0,2,0.0021
2025,00-0040142,Kaleb Johnson,PIT,RB,10,2,1,9,0,-8,0.0038
2025,00-0040208,Tahj Brooks,CIN,RB,12,2,1,9,0,-5,0.0033
2025,00-0033376,Patrick Ricard,BAL,RB,5,2,1,8,0,6,0.0049
2025,00-0035876,Andre Baccellia,ARI,WR,4,4,2,8,0,7,0.0065
2025,00-0036755,Jaret Patterson,LAC,RB,6,4,3,8,0,-1,0.0074
2025,00-0037120,Tyler Goodson,IND,RB,10,3,2,8,0,-3,0.0057
2025,00-0039650,Bryce Oliver,TEN,WR,2,1,1,8,0,6,0.0019
2025,00-0031484,Chris Manhertz,NYG,TE,4,2,1,7,0,11,0.004
2025,00-0034073,Ross Dwelley,DET,TE,4,5,2,7,0,1,0.0091
2025,00-0036232,Harrison Bryant,HOU,TE,5,6,2,7,0,58,0.0108
2025,00-0039631,Cam Grandy,CIN,TE,2,2,2,7,0,-6,0.0033
2025,00-0036328,Antonio Gibson,NE,RB,5,3,2,6,0,-6,0.0062
2025,00-0038397,Evan Hull,NO,RB,6,1,1,6,0,-4,0.0018
2025,00-0038496,Xavier Gipson,PHI,WR,6,2,2,6,0,-9,0.0042
2025,00-0039754,Devin Culp,TB,TE,4,1,1,6,1,6,0.0018
2025,00-0039816,Anthony Gould,IND,WR,11,2,2,6,0,-2,0.0038
2025,00-0033589,David Moore,CAR,WR,3,1,1,5,0,5,0.0021
2025,00-0040534,Ke'Shawn Williams,CIN,WR,11,1,1,5,0,5,0.0019
2025,00-0040586,Jaydon Blue,DAL,RB,5,1,1,5,0,-5,0.0016
2025,00-0036906,Khalil Herbert,NYJ,RB,5,4,1,4,0,-13,0.0085
2025,00-0037755,Jelani Woods,NYJ,TE,2,3,1,4,0,6,0.0064
2025,00-0038645,Spencer Anderson,PIT,G,4,1,1,4,0,0,0.0019
2025,00-0038710,Blake Whiteheart,CLE,TE,9,6,2,4,0,43,0.0115
2025,00-0039824,Jared Wiley,KC,TE,2,1,1,4,0,-4,0.0018
2025,00-0040646,Jalen Royals,KC,WR,2,3,2,4,0,22,0.0055
2025,00-0037098,Samori Toure,NO,WR,1,3,1,3,0,30,0.0053
2025,00-0040165,Malachi Moore,NYJ,SAF,17,1,1,3,0,3,0.0021
2025,00-0040488,Carter Runyon,LV,TE,3,1,1,3,0,-3,0.002
2025,00-0040628,Drake Dabney,GB,TE,1,2,1,3,0,10,0.0043
2025,00-0036406,Tristan Wirfs,TB,OT,4,1,1,2,1,1,0.0018
2025,00-0039851,Drake Maye,NE,QB,17,1,1,2,0,-8,0.0021
2025,00-0033439,Pharaoh Brown,ARI,TE,5,2,2,1,0,1,0.0032
2025,00-0033757,Robert Tonyan,KC,TE,2,1,1,1,0,1,0.0018
2025,00-0035643,Jeffery Simmons,TEN,DT,15,1,1,1,1,1,0.0019
2025,00-0031279,Jake Matthews,ATL,OT,6,1,0,0,0,1,0.0019
2025,00-0033538,Garett Bolles,DEN,OT,5,1,0,0,0,2,0.0017
2025,00-0034678,Alex Cappa,LV,G,4,1,0,0,0,2,0.002
2025,00-0034867,Malik Turner,SF,WR,2,1,0,0,0,-5,0.0018
2025,00-0034928,Steven Sims,ARI,WR,3,1,0,0,0,2,0.0016
2025,00-0035140,Mecole Hardman,BUF,WR,2,1,0,0,0,46,0.0021
2025,00-0035956,Giovanni Ricci,DET,TE,2,1,0,0,0,3,0.0018
2025,00-0036414,Cam Akers,SEA,RB,4,1,0,0,0,-6,0.0021
2025,00-0036425,DeeJay Dallas,JAX,RB,5,1,0,0,0,-1,0.0021
2025,00-0036567,Elijah Mitchell,KC,RB,1,1,0,0,0,16,0.0018
2025,00-0036842,Kene Nwangwu,NYJ,RB,10,1,0,0,0,-6,0.0021
2025,00-0036945,Justin Fields,NYJ,QB,9,1,0,0,0,6,0.0021
2025,00-0037241,Trevor Penning,LAC,OT,5,1,0,0,0,5,0.0018
2025,00-0037258,Dameon Pierce,KC,RB,5,1,0,0,0,-4,0.0018
2025,00-0037329,Brittain Brown,CHI,RB,2,1,0,0,0,4,0.0019
2025,00-0037594,Julius Chestnut,TEN,RB,16,2,0,0,0,22,0.0038
2025,00-0037757,Bernhard Raimann,IND,OT,7,1,0,0,0,2,0.0019
2025,00-0038488,Brady Russell,SEA,RB,10,1,0,0,0,0,0.0022
2025,00-0038492,Jason Brownlee,KC,WR,3,1,0,0,0,9,0.0018
2025,00-0038576,Charlie Jones,CIN,WR,14,1,0,0,0,42,0.0016
2025,00-0038609,Luke Wypler,CLE,C,5,1,0,0,0,1,0.0019
2025,00-0038643,Brayden Willis,SF,TE,6,1,0,0,0,2,0.0018
2025,00-0039305,Jack Westover,NE,TE,4,2,1,0,0,2,0.0041
2025,00-0039376,Spencer Rattler,NO,QB,9,2,1,0,0,4,0.0035
2025,00-0039732,Bo Nix,DEN,QB,17,1,0,0,0,2,0.0017
2025,00-0040039,Amar Johnson,LAC,RB,1,1,0,0,0,-2,0.0018
2025,00-0040058,Nick Kallerup,SEA,TE,4,1,0,0,0,8,0.0022
2025,00-0040179,DJ Giddens,IND,RB,5,2,0,0,0,-6,0.0038
2025,00-0040352,Coleman Owen,IND,WR,2,1,0,0,0,2,0.0019
2025,00-0040245,Connor Colby,SF,G,4,1,1,-1,0,-6,0.0018
2025,00-0040234,Quinn Ewers,MIA,QB,4,1,1,-6,0,-6,0.0022
2025,00-0023459,Aaron Rodgers,PIT,QB,16,1,1,-9,0,-9,0.0019
2025,00-0033873,Patrick Mahomes,KC,QB,14,1,1,-10,0,-8,0.0018
